pfam_id,model,I,alpha,rates,alisim_model
PF00004,LG+I+R4,0.0000,,"(0.0703,0.0977) (0.3175,0.4526) (0.3792,0.9957) (0.2331,2.0244)","LG+I{0.0000}+R4{0.0703,0.0977,0.3175,0.4526,0.3792,0.9957,0.2331,2.0244}"
PF00005,LG+I+R4,0.0119,,"(0.0568,0.0760) (0.1945,0.3324) (0.3266,0.7964) (0.4102,1.6357)","LG+I{0.0119}+R4{0.0568,0.0760,0.1945,0.3324,0.3266,0.7964,0.4102,1.6357}"
PF00006,LG+I+G4,0.0083,1.0956,,LG+I{0.0083}+G4{1.0956}
PF00009,LG+I+R4,0.0129,,"(0.0933,0.0898) (0.2267,0.3423) (0.3319,0.8373) (0.3353,1.8972)","LG+I{0.0129}+R4{0.0933,0.0898,0.2267,0.3423,0.3319,0.8373,0.3353,1.8972}"
PF00011,LG+I+G4,0.0139,2.3468,,LG+I{0.0139}+G4{2.3468}
PF00013,LG+I+G4,0.0000,2.8148,,LG+I{0.0000}+G4{2.8148}
PF00027,LG+I+R4,0.0000,,"(0.0277,0.1766) (0.2516,0.5470) (0.3586,0.8942) (0.3621,1.4826)","LG+I{0.0000}+R4{0.0277,0.1766,0.2516,0.5470,0.3586,0.8942,0.3621,1.4826}"
PF00034,LG+I+G4,0.0224,2.8247,,LG+I{0.0224}+G4{2.8247}
PF00035,LG+I+G4,0.0000,1.0545,,LG+I{0.0000}+G4{1.0545}
PF00037,LG+I+G4,0.1250,1.7448,,LG+I{0.1250}+G4{1.7448}
PF00042,LG+F+I+G4,0.0147,4.0245,,LG+F+I{0.0147}+G4{4.0245}
PF00043,LG+I+R3,0.0000,,"(0.0306,0.1502) (0.4029,0.6028) (0.5664,1.3285)","LG+I{0.0000}+R3{0.0306,0.1502,0.4029,0.6028,0.5664,1.3285}"
PF00044,LG+I+R4,0.0049,,"(0.1162,0.0734) (0.2553,0.3938) (0.3066,0.9160) (0.3170,1.9243)","LG+I{0.0049}+R4{0.1162,0.0734,0.2553,0.3938,0.3066,0.9160,0.3170,1.9243}"
PF00056,LG+I+G4,0.0247,1.7642,,LG+I{0.0247}+G4{1.7642}
PF00069,LG+F+I+R4,0.0221,,"(0.0778,0.1239) (0.3040,0.4581) (0.3899,1.1330) (0.2062,1.9856)","LG+F+I{0.0221}+R4{0.0778,0.1239,0.3040,0.4581,0.3899,1.1330,0.2062,1.9856}"
PF00072,LG+I+G4,0.0154,2.0987,,LG+I{0.0154}+G4{2.0987}
PF00075,LG+I+G4,0.0337,1.5734,,LG+I{0.0337}+G4{1.5734}
PF00080,LG+I+R4,0.0000,,"(0.0634,0.0644) (0.1476,0.2676) (0.2938,0.6450) (0.4952,1.5487)","LG+I{0.0000}+R4{0.0634,0.0644,0.1476,0.2676,0.2938,0.6450,0.4952,1.5487}"
PF00081,LG+I+G4,0.0648,1.5996,,LG+I{0.0648}+G4{1.5996}
PF00085,LG+I+G4,0.0233,1.7895,,LG+I{0.0233}+G4{1.7895}
PF00089,LG+I+R4,0.0001,,"(0.0654,0.0638) (0.1973,0.3523) (0.3286,0.7593) (0.4086,1.6564)","LG+I{0.0001}+R4{0.0654,0.0638,0.1973,0.3523,0.3286,0.7593,0.4086,1.6564}"
PF00091,LG+I+R4,0.0062,,"(0.0497,0.0958) (0.2173,0.4197) (0.3994,0.8604) (0.3274,1.7115)","LG+I{0.0062}+R4{0.0497,0.0958,0.2173,0.4197,0.3994,0.8604,0.3274,1.7115}"
PF00092,LG+I+R4,0.0000,,"(0.0325,0.1290) (0.2391,0.4350) (0.3477,0.8919) (0.3808,1.5276)","LG+I{0.0000}+R4{0.0325,0.1290,0.2391,0.4350,0.3477,0.8919,0.3808,1.5276}"
PF00106,LG+I+R4,0.0087,,"(0.1202,0.1493) (0.2603,0.4964) (0.3715,1.0041) (0.2394,2.0045)","LG+I{0.0087}+R4{0.1202,0.1493,0.2603,0.4964,0.3715,1.0041,0.2394,2.0045}"
PF00107,LG+I+R4,0.0000,,"(0.0936,0.2029) (0.1929,0.4609) (0.3346,0.8825) (0.3789,1.5751)","LG+I{0.0000}+R4{0.0936,0.2029,0.1929,0.4609,0.3346,0.8825,0.3789,1.5751}"
PF00108,LG+I+G4,0.0123,1.5123,,LG+I{0.0123}+G4{1.5123}
PF00109,LG+I+G4,0.0000,1.6651,,LG+I{0.0000}+G4{1.6651}
PF00111,LG+I+R4,0.0202,,"(0.0754,0.3042) (0.2128,0.5427) (0.3786,0.9640) (0.3129,1.5868)","LG+I{0.0202}+R4{0.0754,0.3042,0.2128,0.5427,0.3786,0.9640,0.3129,1.5868}"
PF00113,LG+I+G4,0.1450,1.3554,,LG+I{0.1450}+G4{1.3554}
PF00116,LG+I+G4,0.0574,1.1249,,LG+I{0.0574}+G4{1.1249}
PF00117,LG+I+R4,0.0071,,"(0.0706,0.0858) (0.2016,0.3935) (0.3929,0.8798) (0.3278,1.7358)","LG+I{0.0071}+R4{0.0706,0.0858,0.2016,0.3935,0.3929,0.8798,0.3278,1.7358}"
PF00119,LG+F+I+R4,0.0026,,"(0.0944,0.1442) (0.2427,0.4227) (0.3186,0.8648) (0.3417,1.7804)","LG+F+I{0.0026}+R4{0.0944,0.1442,0.2427,0.4227,0.3186,0.8648,0.3417,1.7804}"
PF00120,LG+I+R4,0.0137,,"(0.0966,0.0804) (0.2853,0.4410) (0.3667,1.0352) (0.2377,2.0479)","LG+I{0.0137}+R4{0.0966,0.0804,0.2853,0.4410,0.3667,1.0352,0.2377,2.0479}"
PF00121,LG+I+R4,0.0295,,"(0.1186,0.0783) (0.1768,0.3645) (0.3259,0.8402) (0.3492,1.8685)","LG+I{0.0295}+R4{0.1186,0.0783,0.1768,0.3645,0.3259,0.8402,0.3492,1.8685}"
PF00126,LG+I+R4,0.0000,,"(0.2396,0.1860) (0.3061,0.6390) (0.3408,1.4180) (0.1136,2.4361)","LG+I{0.0000}+R4{0.2396,0.1860,0.3061,0.6390,0.3408,1.4180,0.1136,2.4361}"
PF00128,LG+I+G4,0.0412,2.0307,,LG+I{0.0412}+G4{2.0307}
PF00133,LG+I+G4,0.0329,2.0208,,LG+I{0.0329}+G4{2.0208}
PF00137,LG+F+I+G4,0.0000,3.1386,,LG+F+I{0.0000}+G4{3.1386}
PF00141,LG+I+R4,0.0020,,"(0.0826,0.1148) (0.2087,0.3812) (0.2554,0.8209) (0.4512,1.5543)","LG+I{0.0020}+R4{0.0826,0.1148,0.2087,0.3812,0.2554,0.8209,0.4512,1.5543}"
PF00144,LG+F+I+R4,0.0000,,"(0.0514,0.1569) (0.2123,0.4421) (0.3071,0.8580) (0.4293,1.4784)","LG+F+I{0.0000}+R4{0.0514,0.1569,0.2123,0.4421,0.3071,0.8580,0.4293,1.4784}"
PF00145,LG+I+R4,0.0124,,"(0.0422,0.0820) (0.1886,0.2926) (0.3566,0.7586) (0.4002,1.6761)","LG+I{0.0124}+R4{0.0422,0.0820,0.1886,0.2926,0.3566,0.7586,0.4002,1.6761}"
PF00149,LG+I+R4,0.0000,,"(0.0251,0.0431) (0.1018,0.3626) (0.3383,0.7824) (0.5348,1.3040)","LG+I{0.0000}+R4{0.0251,0.0431,0.1018,0.3626,0.3383,0.7824,0.5348,1.3040}"
PF00152,LG+I+R4,0.0094,,"(0.1115,0.0791) (0.2029,0.2971) (0.2823,0.7505) (0.3940,1.8252)","LG+I{0.0094}+R4{0.1115,0.0791,0.2029,0.2971,0.2823,0.7505,0.3940,1.8252}"
PF00155,LG+I+R4,0.0000,,"(0.0375,0.1046) (0.2550,0.4536) (0.4222,0.8718) (0.2854,1.7955)","LG+I{0.0000}+R4{0.0375,0.1046,0.2550,0.4536,0.4222,0.8718,0.2854,1.7955}"
PF00156,LG+I+G4,0.0000,1.9745,,LG+I{0.0000}+G4{1.9745}
PF00158,LG+I+G4,0.0440,0.9035,,LG+I{0.0440}+G4{0.9035}
PF00160,LG+I+R4,0.0000,,"(0.0953,0.1349) (0.1758,0.3617) (0.3689,0.8293) (0.3599,1.7158)","LG+I{0.0000}+R4{0.0953,0.1349,0.1758,0.3617,0.3689,0.8293,0.3599,1.7158}"
PF00162,LG+I+R4,0.0093,,"(0.0953,0.0675) (0.1742,0.3098) (0.2628,0.6989) (0.4584,1.6489)","LG+I{0.0093}+R4{0.0953,0.0675,0.1742,0.3098,0.2628,0.6989,0.4584,1.6489}"
PF00164,LG+I+G4,0.0551,2.6007,,LG+I{0.0551}+G4{2.6007}
PF00166,LG+I+G4,0.0000,2.1665,,LG+I{0.0000}+G4{2.1665}
PF00174,LG+I+R4,0.0000,,"(0.1058,0.1388) (0.2838,0.4345) (0.3294,0.9886) (0.2809,1.9090)","LG+I{0.0000}+R4{0.1058,0.1388,0.2838,0.4345,0.3294,0.9886,0.2809,1.9090}"
PF00175,LG+I+G4,0.0135,1.8259,,LG+I{0.0135}+G4{1.8259}
PF00176,LG+I+G4,0.0032,1.2438,,LG+I{0.0032}+G4{1.2438}
PF00177,LG+I+G4,0.0040,1.3866,,LG+I{0.0040}+G4{1.3866}
PF00180,LG+I+G4,0.0251,1.1910,,LG+I{0.0251}+G4{1.1910}
PF00181,LG+I+G4,0.0098,1.1696,,LG+I{0.0098}+G4{1.1696}
PF00185,LG+I+G4,0.0000,1.3614,,LG+I{0.0000}+G4{1.3614}
PF00186,LG+I+R4,0.0000,,"(0.1037,0.0397) (0.2296,0.3733) (0.3377,0.8724) (0.3291,1.8707)","LG+I{0.0000}+R4{0.1037,0.0397,0.2296,0.3733,0.3377,0.8724,0.3291,1.8707}"
PF00189,LG+I+G4,0.0366,1.4724,,LG+I{0.0366}+G4{1.4724}
PF00196,LG+I+G4,0.0000,1.2889,,LG+I{0.0000}+G4{1.2889}
PF00198,LG+I+R4,0.0027,,"(0.0530,0.0811) (0.2686,0.3743) (0.3891,0.8829) (0.2867,1.9242)","LG+I{0.0027}+R4{0.0530,0.0811,0.2686,0.3743,0.3891,0.8829,0.2867,1.9242}"
PF00199,LG+I+R4,0.0185,,"(0.1989,0.1364) (0.2898,0.5481) (0.3048,1.1968) (0.1881,2.3887)","LG+I{0.0185}+R4{0.1989,0.1364,0.2898,0.5481,0.3048,1.1968,0.1881,2.3887}"
PF00202,LG+I+G4,0.0253,2.2104,,LG+I{0.0253}+G4{2.2104}
PF00203,LG+I+G4,0.0000,1.1515,,LG+I{0.0000}+G4{1.1515}
PF00204,LG+I+R4,0.0137,,"(0.0793,0.1537) (0.3203,0.5394) (0.3866,1.1009) (0.2001,1.9467)","LG+I{0.0137}+R4{0.0793,0.1537,0.3203,0.5394,0.3866,1.1009,0.2001,1.9467}"
PF00205,LG+I+R4,0.0000,,"(0.0910,0.2696) (0.3527,0.5958) (0.3192,1.0152) (0.2370,1.8616)","LG+I{0.0000}+R4{0.0910,0.2696,0.3527,0.5958,0.3192,1.0152,0.2370,1.8616}"
PF00206,LG+I+G4,0.0269,1.8161,,LG+I{0.0269}+G4{1.8161}
PF00208,LG+I+R4,0.0172,,"(0.1111,0.0875) (0.1980,0.3289) (0.3108,0.7800) (0.3629,1.8811)","LG+I{0.0172}+R4{0.1111,0.0875,0.1980,0.3289,0.3108,0.7800,0.3629,1.8811}"
PF00210,LG+I+R4,0.0000,,"(0.1179,0.3158) (0.3376,0.6082) (0.3007,1.0510) (0.2437,1.8109)","LG+I{0.0000}+R4{0.1179,0.3158,0.3376,0.6082,0.3007,1.0510,0.2437,1.8109}"
PF00215,LG+I+R4,0.0087,,"(0.0962,0.1602) (0.2654,0.4581) (0.2947,0.9182) (0.3351,1.7679)","LG+I{0.0087}+R4{0.0962,0.1602,0.2654,0.4581,0.2947,0.9182,0.3351,1.7679}"
PF00216,LG+I+G4,0.0000,2.3383,,LG+I{0.0000}+G4{2.3383}
PF00218,LG+I+G4,0.0615,1.5251,,LG+I{0.0615}+G4{1.5251}
PF00224,LG+I+G4,0.0849,0.9703,,LG+I{0.0849}+G4{0.9703}
PF00226,LG+I+R4,0.0088,,"(0.1094,0.0672) (0.2549,0.4400) (0.2907,0.8893) (0.3363,1.8496)","LG+I{0.0088}+R4{0.1094,0.0672,0.2549,0.4400,0.2907,0.8893,0.3363,1.8496}"
PF00227,LG+I+R4,0.0000,,"(0.0363,0.1433) (0.3276,0.5747) (0.3546,1.0141) (0.2816,1.5872)","LG+I{0.0000}+R4{0.0363,0.1433,0.3276,0.5747,0.3546,1.0141,0.2816,1.5872}"
PF00231,LG+I+R4,0.0017,,"(0.0575,0.0508) (0.1199,0.2324) (0.2681,0.5982) (0.5528,1.4632)","LG+I{0.0017}+R4{0.0575,0.0508,0.1199,0.2324,0.2681,0.5982,0.5528,1.4632}"
PF00232,LG+I+G4,0.0411,1.5432,,LG+I{0.0411}+G4{1.5432}
PF00237,LG+I+G4,0.0000,1.6585,,LG+I{0.0000}+G4{1.6585}
PF00238,LG+I+R4,0.0188,,"(0.1616,0.1591) (0.2660,0.4679) (0.2814,1.0493) (0.2721,2.0378)","LG+I{0.0188}+R4{0.1616,0.1591,0.2660,0.4679,0.2814,1.0493,0.2721,2.0378}"
PF00239,LG+I+R4,0.0056,,"(0.0408,0.0568) (0.1697,0.3507) (0.4112,0.8434) (0.3726,1.5870)","LG+I{0.0056}+R4{0.0408,0.0568,0.1697,0.3507,0.4112,0.8434,0.3726,1.5870}"
PF00245,LG+I+G4,0.0675,2.3983,,LG+I{0.0675}+G4{2.3983}
PF00246,LG+I+R4,0.0039,,"(0.0612,0.1323) (0.3085,0.4704) (0.3536,0.9336) (0.2729,1.8937)","LG+I{0.0039}+R4{0.0612,0.1323,0.3085,0.4704,0.3536,0.9336,0.2729,1.8937}"
PF00248,LG+I+R4,0.0006,,"(0.0307,0.0839) (0.2483,0.3775) (0.4727,0.9205) (0.2477,1.8917)","LG+I{0.0006}+R4{0.0307,0.0839,0.2483,0.3775,0.4727,0.9205,0.2477,1.8917}"
PF00252,LG+I+R4,0.0058,,"(0.1434,0.1655) (0.2356,0.5463) (0.3648,1.0248) (0.2504,1.8920)","LG+I{0.0058}+R4{0.1434,0.1655,0.2356,0.5463,0.3648,1.0248,0.2504,1.8920}"
PF00254,LG+I+G4,0.0000,2.0451,,LG+I{0.0000}+G4{2.0451}
PF00258,LG+I+R4,0.0000,,"(0.0384,0.1263) (0.1854,0.3843) (0.3567,0.8510) (0.4195,1.4788)","LG+I{0.0000}+R4{0.0384,0.1263,0.1854,0.3843,0.3567,0.8510,0.4195,1.4788}"
PF00266,LG+I+G4,0.0123,1.5996,,LG+I{0.0123}+G4{1.5996}
PF00267,LG+F+I+G4,0.0007,0.8922,,LG+F+I{0.0007}+G4{0.8922}
PF00268,LG+I+R4,0.0058,,"(0.2573,0.2556) (0.3470,0.6115) (0.2047,1.3230) (0.1852,2.4367)","LG+I{0.0058}+R4{0.2573,0.2556,0.3470,0.6115,0.2047,1.3230,0.1852,2.4367}"
PF00270,LG+I+R4,0.0061,,"(0.0535,0.0482) (0.1219,0.3052) (0.3089,0.6667) (0.5096,1.4801)","LG+I{0.0061}+R4{0.0535,0.0482,0.1219,0.3052,0.3089,0.6667,0.5096,1.4801}"
PF00271,LG+I+G4,0.0000,1.4044,,LG+I{0.0000}+G4{1.4044}
PF00278,LG+I+R4,0.0035,,"(0.1237,0.1157) (0.3059,0.4251) (0.1948,0.9431) (0.3722,1.8055)","LG+I{0.0035}+R4{0.1237,0.1157,0.3059,0.4251,0.1948,0.9431,0.3722,1.8055}"
PF00281,LG+I+G4,0.0000,1.3412,,LG+I{0.0000}+G4{1.3412}
PF00282,LG+I+G4,0.0111,2.2232,,LG+I{0.0111}+G4{2.2232}
PF00285,LG+I+R4,0.0000,,"(0.1263,0.1312) (0.2373,0.4287) (0.2883,0.8641) (0.3481,1.8171)","LG+I{0.0000}+R4{0.1263,0.1312,0.2373,0.4287,0.2883,0.8641,0.3481,1.8171}"
PF00288,LG+I+R4,0.0000,,"(0.0780,0.0913) (0.2698,0.3933) (0.2931,0.8718) (0.3592,1.7577)","LG+I{0.0000}+R4{0.0780,0.0913,0.2698,0.3933,0.2931,0.8718,0.3592,1.7577}"
PF00289,LG+I+G4,0.0106,1.1389,,LG+I{0.0106}+G4{1.1389}
PF00290,LG+I+G4,0.0204,1.5900,,LG+I{0.0204}+G4{1.5900}
PF00293,LG+F+I+R4,0.0000,,"(0.0269,0.0573) (0.1127,0.3063) (0.3787,0.7600) (0.4818,1.4034)","LG+F+I{0.0000}+R4{0.0269,0.0573,0.1127,0.3063,0.3787,0.7600,0.4818,1.4034}"
PF00294,LG+I+R4,0.0053,,"(0.0513,0.1442) (0.2099,0.4174) (0.3967,0.9064) (0.3368,1.6192)","LG+I{0.0053}+R4{0.0513,0.1442,0.2099,0.4174,0.3967,0.9064,0.3368,1.6192}"
PF00296,LG+F+I+R3,0.0000,,"(0.0850,0.2203) (0.2646,0.5804) (0.6503,1.2727)","LG+F+I{0.0000}+R3{0.0850,0.2203,0.2646,0.5804,0.6503,1.2727}"
PF00298,LG+I+R4,0.0079,,"(0.1228,0.2305) (0.2019,0.5279) (0.2496,0.9032) (0.4178,1.5313)","LG+I{0.0079}+R4{0.1228,0.2305,0.2019,0.5279,0.2496,0.9032,0.4178,1.5313}"
PF00300,LG+F+I+R4,0.0000,,"(0.0888,0.0708) (0.1608,0.3452) (0.3038,0.7876) (0.4466,1.5651)","LG+F+I{0.0000}+R4{0.0888,0.0708,0.1608,0.3452,0.3038,0.7876,0.4466,1.5651}"
PF00301,LG+I+G4,0.2014,2.4352,,LG+I{0.2014}+G4{2.4352}
PF00303,LG+I+R4,0.0145,,"(0.1561,0.0818) (0.2640,0.3954) (0.2335,0.9660) (0.3320,1.9801)","LG+I{0.0145}+R4{0.1561,0.0818,0.2640,0.3954,0.2335,0.9660,0.3320,1.9801}"
PF00306,LG+I+G4,0.0236,1.2634,,LG+I{0.0236}+G4{1.2634}
PF00308,LG+I+G4,0.0628,1.5880,,LG+I{0.0628}+G4{1.5880}
PF00310,LG+I+G4,0.0978,0.9927,,LG+I{0.0978}+G4{0.9927}
PF00312,LG+I+R4,0.0000,,"(0.2035,0.1546) (0.3332,0.5427) (0.3150,1.3617) (0.1482,2.4202)","LG+I{0.0000}+R4{0.2035,0.1546,0.3332,0.5427,0.3150,1.3617,0.1482,2.4202}"
PF00313,LG+I+G4,0.0398,1.0858,,LG+I{0.0398}+G4{1.0858}
PF00316,LG+I+G4,0.1051,2.2745,,LG+I{0.1051}+G4{2.2745}
PF00317,LG+I+R4,0.0000,,"(0.1316,0.1715) (0.2283,0.4023) (0.3054,0.8857) (0.3347,1.8379)","LG+I{0.0000}+R4{0.1316,0.1715,0.2283,0.4023,0.3054,0.8857,0.3347,1.8379}"
PF00324,LG+F+I+G4,0.0000,3.1480,,LG+F+I{0.0000}+G4{3.1480}
PF00326,LG+F+I+R4,0.0111,,"(0.0977,0.2318) (0.4634,0.6663) (0.3208,1.1526) (0.1070,2.7938)","LG+F+I{0.0111}+R4{0.0977,0.2318,0.4634,0.6663,0.3208,1.1526,0.1070,2.7938}"
PF00327,LG+I+R4,0.0000,,"(0.1941,0.3205) (0.3314,0.6890) (0.3606,1.2749) (0.1139,2.1923)","LG+I{0.0000}+R4{0.1941,0.3205,0.3314,0.6890,0.3606,1.2749,0.1139,2.1923}"
PF00329,LG+I+R4,0.0000,,"(0.0533,0.0914) (0.1628,0.3453) (0.4183,0.7388) (0.3656,1.7227)","LG+I{0.0000}+R4{0.0533,0.0914,0.1628,0.3453,0.4183,0.7388,0.3656,1.7227}"
PF00333,LG+I+G4,0.0000,1.0980,,LG+I{0.0000}+G4{1.0980}
PF00334,LG+I+R4,0.0061,,"(0.0647,0.0463) (0.2655,0.3445) (0.4100,0.8564) (0.2537,2.1852)","LG+I{0.0061}+R4{0.0647,0.0463,0.2655,0.3445,0.4100,0.8564,0.2537,2.1852}"
PF00338,LG+I+R4,0.0000,,"(0.1892,0.4315) (0.4073,0.7591) (0.3122,1.2709) (0.0913,2.3266)","LG+I{0.0000}+R4{0.1892,0.4315,0.4073,0.7591,0.3122,1.2709,0.0913,2.3266}"
PF00342,LG+I+G4,0.0785,1.0918,,LG+I{0.0785}+G4{1.0918}
PF00345,LG+F+I+G4,0.0201,1.7645,,LG+F+I{0.0201}+G4{1.7645}
PF00347,LG+I+G4,0.0000,1.8482,,LG+I{0.0000}+G4{1.8482}
PF00348,LG+I+R4,0.0174,,"(0.0959,0.1153) (0.2689,0.4469) (0.2759,0.9835) (0.3419,1.7476)","LG+I{0.0174}+R4{0.0959,0.1153,0.2689,0.4469,0.2759,0.9835,0.3419,1.7476}"
PF00350,LG+I+R4,0.0113,,"(0.0287,0.0408) (0.2466,0.2499) (0.2930,0.6019) (0.4204,1.8097)","LG+I{0.0113}+R4{0.0287,0.0408,0.2466,0.2499,0.2930,0.6019,0.4204,1.8097}"
PF00355,LG+I+G4,0.0293,4.0384,,LG+I{0.0293}+G4{4.0384}
PF00356,LG+I+G4,0.0292,1.0410,,LG+I{0.0292}+G4{1.0410}
PF00358,LG+I+R4,0.0061,,"(0.0904,0.0567) (0.2310,0.3810) (0.2662,0.8622) (0.4063,1.6671)","LG+I{0.0061}+R4{0.0904,0.0567,0.2310,0.3810,0.2662,0.8622,0.4063,1.6671}"
PF00359,LG+F+I+R4,0.0056,,"(0.1004,0.2363) (0.2313,0.5085) (0.3616,1.0220) (0.3011,1.6245)","LG+F+I{0.0056}+R4{0.1004,0.2363,0.2313,0.5085,0.3616,1.0220,0.3011,1.6245}"
PF00361,LG+F+I+G4,0.0039,1.7309,,LG+F+I{0.0039}+G4{1.7309}
PF00364,LG+I+G4,0.0239,2.1384,,LG+I{0.0239}+G4{2.1384}
PF00365,LG+I+R4,0.0040,,"(0.1277,0.1088) (0.2259,0.4073) (0.2264,0.8358) (0.4160,1.6946)","LG+I{0.0040}+R4{0.1277,0.1088,0.2259,0.4073,0.2264,0.8358,0.4160,1.6946}"
PF00366,LG+I+R4,0.0000,,"(0.2356,0.1644) (0.3041,0.5528) (0.2134,1.2264) (0.2469,2.1528)","LG+I{0.0000}+R4{0.2356,0.1644,0.3041,0.5528,0.2134,1.2264,0.2469,2.1528}"
PF00367,LG+I+R4,0.0155,,"(0.1458,0.0427) (0.2866,0.3988) (0.2566,1.0341) (0.2954,2.0787)","LG+I{0.0155}+R4{0.1458,0.0427,0.2866,0.3988,0.2566,1.0341,0.2954,2.0787}"
PF00370,LG+I+G4,0.0008,2.3729,,LG+I{0.0008}+G4{2.3729}
PF00378,LG+I+G4,0.0128,2.0171,,LG+I{0.0128}+G4{2.0171}
PF00381,LG+I+R4,0.0000,,"(0.1233,0.1648) (0.3132,0.4869) (0.1899,0.9475) (0.3737,1.7321)","LG+I{0.0000}+R4{0.1233,0.1648,0.3132,0.4869,0.1899,0.9475,0.3737,1.7321}"
PF00383,LG+I+R4,0.0117,,"(0.0509,0.0730) (0.2496,0.4026) (0.4958,0.9131) (0.1920,2.3081)","LG+I{0.0117}+R4{0.0509,0.0730,0.2496,0.4026,0.4958,0.9131,0.1920,2.3081}"
PF00384,LG+I+G4,0.0077,3.2774,,LG+I{0.0077}+G4{3.2774}
PF00389,LG+I+R4,0.0027,,"(0.1292,0.2707) (0.3974,0.6639) (0.3173,1.2061) (0.1533,2.0773)","LG+I{0.0027}+R4{0.1292,0.2707,0.3974,0.6639,0.3173,1.2061,0.1533,2.0773}"
PF00390,LG+I+G4,0.0412,1.3111,,LG+I{0.0412}+G4{1.3111}
PF00391,LG+I+G4,0.0000,1.0608,,LG+I{0.0000}+G4{1.0608}
PF00392,LG+I+G4,0.0000,1.9225,,LG+I{0.0000}+G4{1.9225}
PF00393,LG+I+R4,0.0120,,"(0.2446,0.1061) (0.2721,0.5148) (0.2581,1.1600) (0.2133,2.5069)","LG+I{0.0120}+R4{0.2446,0.1061,0.2721,0.5148,0.2581,1.1600,0.2133,2.5069}"
PF00394,LG+I+G4,0.0000,1.9204,,LG+I{0.0000}+G4{1.9204}
PF00398,LG+I+G4,0.0002,2.3075,,LG+I{0.0002}+G4{2.3075}
PF00401,LG+I+R4,0.0000,,"(0.1571,0.1209) (0.2050,0.5043) (0.3273,1.0317) (0.3106,1.7383)","LG+I{0.0000}+R4{0.1571,0.1209,0.2050,0.5043,0.3273,1.0317,0.3106,1.7383}"
PF00403,LG+I+G4,0.0000,2.6232,,LG+I{0.0000}+G4{2.6232}
PF00406,LG+I+G4,0.0784,1.8829,,LG+I{0.0784}+G4{1.8829}
PF00408,LG+I+G4,0.0102,1.3449,,LG+I{0.0102}+G4{1.3449}
PF00410,LG+I+G4,0.0206,1.0090,,LG+I{0.0206}+G4{1.0090}
PF00419,LG+F+I+R4,0.0083,,"(0.0320,0.0732) (0.2687,0.4322) (0.4959,0.9175) (0.1951,2.1866)","LG+F+I{0.0083}+R4{0.0320,0.0732,0.2687,0.4322,0.4959,0.9175,0.1951,2.1866}"
PF00425,LG+I+R4,0.0157,,"(0.1332,0.1092) (0.2327,0.4459) (0.2518,0.9257) (0.3666,1.7691)","LG+I{0.0157}+R4{0.1332,0.1092,0.2327,0.4459,0.2518,0.9257,0.3666,1.7691}"
PF00436,LG+F+I+R3,0.0000,,"(0.0431,0.1127) (0.4142,0.6569) (0.5427,1.3324)","LG+F+I{0.0000}+R3{0.0431,0.1127,0.4142,0.6569,0.5427,1.3324}"
PF00437,LG+I+G4,0.0321,1.1461,,LG+I{0.0321}+G4{1.1461}
PF00438,LG+I+R4,0.0206,,"(0.1909,0.0729) (0.3057,0.5233) (0.2378,1.1578) (0.2450,2.2483)","LG+I{0.0206}+R4{0.1909,0.0729,0.3057,0.5233,0.2378,1.1578,0.2450,2.2483}"
PF00440,LG+I+R4,0.0000,,"(0.2433,0.2850) (0.2569,0.6138) (0.3337,1.2204) (0.1661,2.2020)","LG+I{0.0000}+R4{0.2433,0.2850,0.2569,0.6138,0.3337,1.2204,0.1661,2.2020}"
PF00441,LG+F+I+R4,0.0105,,"(0.0328,0.1031) (0.3367,0.5207) (0.4309,1.0167) (0.1890,2.0270)","LG+F+I{0.0105}+R4{0.0328,0.1031,0.3367,0.5207,0.4309,1.0167,0.1890,2.0270}"
PF00444,LG+I+G4,0.0000,1.2013,,LG+I{0.0000}+G4{1.2013}
PF00445,LG+I+R4,0.0085,,"(0.0679,0.1129) (0.1671,0.3823) (0.3133,0.8436) (0.4432,1.4984)","LG+I{0.0085}+R4{0.0679,0.1129,0.1671,0.3823,0.3133,0.8436,0.4432,1.4984}"
PF00448,LG+I+R4,0.0133,,"(0.1157,0.0758) (0.3171,0.4973) (0.4244,1.2427) (0.1296,2.3626)","LG+I{0.0133}+R4{0.1157,0.0758,0.3171,0.4973,0.4244,1.2427,0.1296,2.3626}"
PF00455,LG+I+G4,0.0000,1.4534,,LG+I{0.0000}+G4{1.4534}
PF00456,LG+I+G4,0.0830,1.9060,,LG+I{0.0830}+G4{1.9060}
PF00462,LG+I+R4,0.0123,,"(0.1579,0.2613) (0.2247,0.5197) (0.3023,0.9951) (0.3028,1.7872)","LG+I{0.0123}+R4{0.1579,0.2613,0.2247,0.5197,0.3023,0.9951,0.3028,1.7872}"
PF00463,LG+I+G4,0.1367,1.0708,,LG+I{0.1367}+G4{1.0708}
PF00464,LG+I+G4,0.0794,1.2058,,LG+I{0.0794}+G4{1.2058}
PF00465,LG+I+R4,0.0043,,"(0.0813,0.1116) (0.2333,0.4279) (0.2928,0.9214) (0.3882,1.6003)","LG+I{0.0043}+R4{0.0813,0.1116,0.2333,0.4279,0.2928,0.9214,0.3882,1.6003}"
PF00472,LG+I+R4,0.0059,,"(0.1745,0.1425) (0.2814,0.4982) (0.2734,1.0384) (0.2648,2.0811)","LG+I{0.0059}+R4{0.1745,0.1425,0.2814,0.4982,0.2734,1.0384,0.2648,2.0811}"
PF00476,LG+I+R4,0.0134,,"(0.1338,0.0617) (0.2128,0.3225) (0.2780,0.8109) (0.3620,1.9271)","LG+I{0.0134}+R4{0.1338,0.0617,0.2128,0.3225,0.2780,0.8109,0.3620,1.9271}"
PF00478,LG+I+R4,0.0237,,"(0.1676,0.0682) (0.2847,0.3868) (0.2534,1.0652) (0.2706,2.2486)","LG+I{0.0237}+R4{0.1676,0.0682,0.2847,0.3868,0.2534,1.0652,0.2706,2.2486}"
PF00479,LG+I+R4,0.0324,,"(0.1238,0.0747) (0.1726,0.2885) (0.2259,0.7734) (0.4453,1.7207)","LG+I{0.0324}+R4{0.1238,0.0747,0.1726,0.2885,0.2259,0.7734,0.4453,1.7207}"
PF00482,LG+F+I+R4,0.0000,,"(0.1480,0.4150) (0.3088,0.6470) (0.3169,1.0722) (0.2263,1.7631)","LG+F+I{0.0000}+R4{0.1480,0.4150,0.3088,0.6470,0.3169,1.0722,0.2263,1.7631}"
PF00484,LG+I+R4,0.0259,,"(0.1568,0.1657) (0.2868,0.4749) (0.2749,1.0593) (0.2557,2.1381)","LG+I{0.0259}+R4{0.1568,0.1657,0.2868,0.4749,0.2749,1.0593,0.2557,2.1381}"
PF00485,LG+I+G4,0.0292,3.2801,,LG+I{0.0292}+G4{3.2801}
PF00486,LG+I+G4,0.0000,1.1035,,LG+I{0.0000}+G4{1.1035}
PF00488,LG+I+G4,0.0788,0.9158,,LG+I{0.0788}+G4{0.9158}
PF00490,LG+I+R4,0.0306,,"(0.1764,0.0743) (0.1777,0.3374) (0.3134,0.8588) (0.3019,2.1789)","LG+I{0.0306}+R4{0.1764,0.0743,0.1777,0.3374,0.3134,0.8588,0.3019,2.1789}"
PF00491,LG+I+R4,0.0069,,"(0.0897,0.0998) (0.2737,0.4473) (0.3252,0.9475) (0.3045,1.8407)","LG+I{0.0069}+R4{0.0897,0.0998,0.2737,0.4473,0.3252,0.9475,0.3045,1.8407}"
PF00496,LG+F+I+R4,0.0000,,"(0.0639,0.1751) (0.1569,0.4655) (0.4183,0.9094) (0.3608,1.4837)","LG+F+I{0.0000}+R4{0.0639,0.1751,0.1569,0.4655,0.4183,0.9094,0.3608,1.4837}"
PF00497,LG+F+I+R4,0.0022,,"(0.0594,0.2564) (0.2360,0.5098) (0.3393,0.8883) (0.3631,1.5507)","LG+F+I{0.0022}+R4{0.0594,0.2564,0.2360,0.5098,0.3393,0.8883,0.3631,1.5507}"
PF00510,LG+F+I+G4,0.1309,1.3957,,LG+F+I{0.1309}+G4{1.3957}
PF00512,LG+F+I+G4,0.0000,1.2587,,LG+F+I{0.0000}+G4{1.2587}
PF00521,LG+I+R4,0.0267,,"(0.1271,0.1503) (0.2188,0.4414) (0.3198,0.9012) (0.3075,1.9383)","LG+I{0.0267}+R4{0.1271,0.1503,0.2188,0.4414,0.3198,0.9012,0.3075,1.9383}"
PF00529,,,,,
PF00532,LG+I+G4,0.0000,2.3552,,LG+I{0.0000}+G4{2.3552}
PF00533,LG+I+G4,0.0000,3.3166,,LG+I{0.0000}+G4{3.3166}
PF00535,LG+I+R4,0.0000,,"(0.0423,0.1058) (0.2221,0.3593) (0.3803,0.8705) (0.3552,1.6459)","LG+I{0.0000}+R4{0.0423,0.1058,0.2221,0.3593,0.3803,0.8705,0.3552,1.6459}"
PF00542,LG+F+I+R4,0.0076,,"(0.1210,0.0796) (0.2913,0.3590) (0.2825,1.1063) (0.2976,1.9262)","LG+F+I{0.0076}+R4{0.1210,0.0796,0.2913,0.3590,0.2825,1.1063,0.2976,1.9262}"
PF00543,LG+I+R4,0.0154,,"(0.0750,0.1555) (0.3586,0.5071) (0.3320,1.0994) (0.2191,2.0158)","LG+I{0.0154}+R4{0.0750,0.1555,0.3586,0.5071,0.3320,1.0994,0.2191,2.0158}"
PF00549,LG+I+G4,0.0136,1.9319,,LG+I{0.0136}+G4{1.9319}
PF00550,LG+I+R4,0.0000,,"(0.0555,0.1658) (0.2631,0.6141) (0.3329,0.9625) (0.3485,1.4600)","LG+I{0.0000}+R4{0.0555,0.1658,0.2631,0.6141,0.3329,0.9625,0.3485,1.4600}"
PF00551,LG+I+G4,0.0144,2.4268,,LG+I{0.0144}+G4{2.4268}
PF00557,LG+I+R4,0.0000,,"(0.0725,0.1813) (0.1945,0.4521) (0.2893,0.8443) (0.4437,1.4754)","LG+I{0.0000}+R4{0.0725,0.1813,0.1945,0.4521,0.2893,0.8443,0.4437,1.4754}"
PF00561,LG+I+R4,0.0000,,"(0.0269,0.0847) (0.1063,0.3260) (0.3584,0.6423) (0.5085,1.4414)","LG+I{0.0000}+R4{0.0269,0.0847,0.1063,0.3260,0.3584,0.6423,0.5085,1.4414}"
PF00562,LG+I+R4,0.0145,,"(0.1712,0.0889) (0.2749,0.3325) (0.3022,0.7913) (0.2372,2.7581)","LG+I{0.0145}+R4{0.1712,0.0889,0.2749,0.3325,0.3022,0.7913,0.2372,2.7581}"
PF00563,LG+F+I+G4,0.0036,2.1021,,LG+F+I{0.0036}+G4{2.1021}
PF00570,LG+I+G4,0.0000,1.5969,,LG+I{0.0000}+G4{1.5969}
PF00571,LG+I+R4,0.0000,,"(0.1129,0.3539) (0.1216,0.6125) (0.3585,0.9104) (0.4071,1.3738)","LG+I{0.0000}+R4{0.1129,0.3539,0.1216,0.6125,0.3585,0.9104,0.4071,1.3738}"
PF00574,LG+I+G4,0.0104,1.0601,,LG+I{0.0104}+G4{1.0601}
PF00575,LG+I+G4,0.0000,3.0469,,LG+I{0.0000}+G4{3.0469}
PF00576,LG+I+R4,0.0098,,"(0.1195,0.0571) (0.1629,0.2386) (0.3171,0.8569) (0.3906,1.7474)","LG+I{0.0098}+R4{0.1195,0.0571,0.1629,0.2386,0.3171,0.8569,0.3906,1.7474}"
PF00578,LG+I+R4,0.0000,,"(0.0297,0.1141) (0.2104,0.3936) (0.2914,0.7156) (0.4685,1.5053)","LG+I{0.0000}+R4{0.0297,0.1141,0.2104,0.3936,0.2914,0.7156,0.4685,1.5053}"
PF00580,LG+F+I+R4,0.0078,,"(0.0592,0.0370) (0.1430,0.1990) (0.3033,0.6359) (0.4867,1.5954)","LG+F+I{0.0078}+R4{0.0592,0.0370,0.1430,0.1990,0.3033,0.6359,0.4867,1.5954}"
PF00581,LG+I+R4,0.0000,,"(0.0375,0.1030) (0.1887,0.3598) (0.3493,0.8189) (0.4244,1.5132)","LG+I{0.0000}+R4{0.0375,0.1030,0.1887,0.3598,0.3493,0.8189,0.4244,1.5132}"
PF00582,LG+I+G4,0.0000,1.4513,,LG+I{0.0000}+G4{1.4513}
PF00585,LG+I+G4,0.0016,1.7308,,LG+I{0.0016}+G4{1.7308}
PF00586,LG+I+R4,0.0000,,"(0.1036,0.1642) (0.3657,0.4800) (0.2050,0.9003) (0.3257,1.9122)","LG+I{0.0000}+R4{0.1036,0.1642,0.3657,0.4800,0.2050,0.9003,0.3257,1.9122}"
PF00587,LG+I+G4,0.0212,3.9774,,LG+I{0.0212}+G4{3.9774}
PF00590,LG+I+R4,0.0037,,"(0.1341,0.2625) (0.2731,0.5805) (0.3203,1.0949) (0.2690,1.6942)","LG+I{0.0037}+R4{0.1341,0.2625,0.2731,0.5805,0.3203,1.0949,0.2690,1.6942}"
PF00591,LG+I+G4,0.0213,1.6359,,LG+I{0.0213}+G4{1.6359}
PF00593,LG+F+I+R4,0.0000,,"(0.0494,0.1780) (0.2052,0.4734) (0.3880,0.8643) (0.3574,1.5634)","LG+F+I{0.0000}+R4{0.0494,0.1780,0.2052,0.4734,0.3880,0.8643,0.3574,1.5634}"
PF00595,LG+I+G4,0.0000,2.0864,,LG+I{0.0000}+G4{2.0864}
PF00596,LG+I+R4,0.0000,,"(0.0436,0.0786) (0.2278,0.4316) (0.3154,0.8186) (0.4131,1.5494)","LG+I{0.0000}+R4{0.0436,0.0786,0.2278,0.4316,0.3154,0.8186,0.4131,1.5494}"
PF00623,LG+I+G4,0.0038,0.6930,,LG+I{0.0038}+G4{0.6930}
PF00625,LG+I+G4,0.0170,3.5351,,LG+I{0.0170}+G4{3.5351}
PF00639,LG+I+R3,0.0086,,"(0.0613,0.1238) (0.2623,0.4915) (0.6679,1.2929)","LG+I{0.0086}+R3{0.0613,0.1238,0.2623,0.4915,0.6679,1.2929}"
PF00662,LG+I+R4,0.0000,,"(0.1232,0.1125) (0.2744,0.3780) (0.4769,1.2254) (0.1256,2.3738)","LG+I{0.0000}+R4{0.1232,0.1125,0.2744,0.3780,0.4769,1.2254,0.1256,2.3738}"
PF00665,LG+I+R4,0.0000,,"(0.0298,0.0730) (0.2704,0.4460) (0.4982,0.9297) (0.2016,2.0544)","LG+I{0.0000}+R4{0.0298,0.0730,0.2704,0.4460,0.4982,0.9297,0.2016,2.0544}"
PF00667,LG+I+G4,0.0113,2.1806,,LG+I{0.0113}+G4{2.1806}
PF00672,LG+F+I+R4,0.0000,,"(0.0274,0.1149) (0.2289,0.4512) (0.3209,0.8372) (0.4228,1.4781)","LG+F+I{0.0000}+R4{0.0274,0.1149,0.2289,0.4512,0.3209,0.8372,0.4228,1.4781}"
PF00673,LG+I+G4,0.0034,1.3382,,LG+I{0.0034}+G4{1.3382}
PF00676,LG+I+G4,0.0202,2.0193,,LG+I{0.0202}+G4{2.0193}
PF00677,LG+I+R4,0.0155,,"(0.0964,0.0415) (0.2294,0.2639) (0.2525,0.8200) (0.4062,1.7933)","LG+I{0.0155}+R4{0.0964,0.0415,0.2294,0.2639,0.2525,0.8200,0.4062,1.7933}"
PF00679,LG+I+G4,0.0109,2.4270,,LG+I{0.0109}+G4{2.4270}
PF00682,LG+I+G4,0.0145,1.7357,,LG+I{0.0145}+G4{1.7357}
PF00684,LG+I+R4,0.0544,,"(0.0970,0.0404) (0.0729,0.4116) (0.3713,0.8300) (0.4044,1.6269)","LG+I{0.0544}+R4{0.0970,0.0404,0.0729,0.4116,0.3713,0.8300,0.4044,1.6269}"
PF00687,LG+F+I+R4,0.0000,,"(0.0728,0.2430) (0.2674,0.5298) (0.4096,0.9510) (0.2502,1.8028)","LG+F+I{0.0000}+R4{0.0728,0.2430,0.2674,0.5298,0.4096,0.9510,0.2502,1.8028}"
PF00690,LG+I+R4,0.0265,,"(0.0561,0.1315) (0.1407,0.3953) (0.3370,0.7494) (0.4398,1.5565)","LG+I{0.0265}+R4{0.0561,0.1315,0.1407,0.3953,0.3370,0.7494,0.4398,1.5565}"
PF00692,LG+I+G4,0.0000,1.2439,,LG+I{0.0000}+G4{1.2439}
PF00694,LG+I+G4,0.0537,1.4177,,LG+I{0.0537}+G4{1.4177}
PF00697,LG+I+G4,0.0300,1.5789,,LG+I{0.0300}+G4{1.5789}
PF00698,LG+I+G4,0.0257,3.1024,,LG+I{0.0257}+G4{3.1024}
PF00700,LG+F+I+R2,0.0223,,"(0.8250,0.7142) (0.1527,2.6896)","LG+F+I{0.0223}+R2{0.8250,0.7142,0.1527,2.6896}"
PF00701,LG+I+G4,0.0010,1.8286,,LG+I{0.0010}+G4{1.8286}
PF00702,LG+I+R4,0.0000,,"(0.0198,0.0479) (0.1412,0.2916) (0.2760,0.6898) (0.5630,1.3632)","LG+I{0.0000}+R4{0.0198,0.0479,0.1412,0.2916,0.2760,0.6898,0.5630,1.3632}"
PF00703,LG+F+I+R4,0.0065,,"(0.0337,0.0556) (0.1818,0.3539) (0.2782,0.7849) (0.4998,1.4315)","LG+F+I{0.0065}+R4{0.0337,0.0556,0.1818,0.3539,0.2782,0.7849,0.4998,1.4315}"
PF00707,LG+I+G4,0.0108,1.2247,,LG+I{0.0108}+G4{1.2247}
PF00708,LG+I+R4,0.0000,,"(0.1266,0.0625) (0.1732,0.3551) (0.3345,0.9764) (0.3657,1.6515)","LG+I{0.0000}+R4{0.1266,0.0625,0.1732,0.3551,0.3345,0.9764,0.3657,1.6515}"
PF00709,LG+I+R4,0.0081,,"(0.1383,0.0504) (0.2110,0.3574) (0.2617,0.8437) (0.3809,1.8295)","LG+I{0.0081}+R4{0.1383,0.0504,0.2110,0.3574,0.2617,0.8437,0.3809,1.8295}"
PF00710,LG+I+R4,0.0008,,"(0.0933,0.0876) (0.2525,0.3923) (0.2891,0.8663) (0.3643,1.7631)","LG+I{0.0008}+R4{0.0933,0.0876,0.2525,0.3923,0.2891,0.8663,0.3643,1.7631}"
PF00712,LG+I+G4,0.0000,2.3942,,LG+I{0.0000}+G4{2.3942}
PF00717,LG+I+R4,0.0000,,"(0.1578,0.1937) (0.3061,0.6033) (0.2848,1.1368) (0.2514,1.8340)","LG+I{0.0000}+R4{0.1578,0.1937,0.3061,0.6033,0.2848,1.1368,0.2514,1.8340}"
PF00719,LG+I+R4,0.0047,,"(0.1430,0.0999) (0.2898,0.4786) (0.3160,1.0105) (0.2465,2.1407)","LG+I{0.0047}+R4{0.1430,0.0999,0.2898,0.4786,0.3160,1.0105,0.2465,2.1407}"
PF00724,LG+I+G4,0.0057,1.6455,,LG+I{0.0057}+G4{1.6455}
PF00725,LG+I+G4,0.0087,1.7917,,LG+I{0.0087}+G4{1.7917}
PF00730,LG+I+G4,0.0000,2.2922,,LG+I{0.0000}+G4{2.2922}
PF00731,LG+I+R4,0.0118,,"(0.2697,0.0958) (0.2797,0.4765) (0.2004,1.2507) (0.2384,2.4757)","LG+I{0.0118}+R4{0.2697,0.0958,0.2797,0.4765,0.2004,1.2507,0.2384,2.4757}"
PF00732,LG+I+G4,0.0153,1.8554,,LG+I{0.0153}+G4{1.8554}
PF00733,LG+F+I+R4,0.0038,,"(0.0755,0.1093) (0.2073,0.3855) (0.2900,0.8065) (0.4234,1.6014)","LG+F+I{0.0038}+R4{0.0755,0.1093,0.2073,0.3855,0.2900,0.8065,0.4234,1.6014}"
PF00742,LG+I+R4,0.0058,,"(0.1017,0.0801) (0.2309,0.3741) (0.2217,0.8044) (0.4399,1.6530)","LG+I{0.0058}+R4{0.1017,0.0801,0.2309,0.3741,0.2217,0.8044,0.4399,1.6530}"
PF00745,LG+F+I+G4,0.0000,2.2979,,LG+F+I{0.0000}+G4{2.2979}
PF00749,LG+I+G4,0.0279,1.7638,,LG+I{0.0279}+G4{1.7638}
PF00750,LG+I+G4,0.0526,2.1719,,LG+I{0.0526}+G4{2.1719}
PF00753,LG+I+R4,0.0000,,"(0.0328,0.0315) (0.1591,0.3258) (0.3991,0.7791) (0.4091,1.5553)","LG+I{0.0000}+R4{0.0328,0.0315,0.1591,0.3258,0.3991,0.7791,0.4091,1.5553}"
PF00756,LG+I+R3,0.0049,,"(0.0940,0.1720) (0.4533,0.6649) (0.4479,1.5238)","LG+I{0.0049}+R3{0.0940,0.1720,0.4533,0.6649,0.4479,1.5238}"
PF00762,LG+I+R4,0.0068,,"(0.1284,0.1268) (0.2105,0.4196) (0.2944,0.8992) (0.3599,1.7523)","LG+I{0.0068}+R4{0.1284,0.1268,0.2105,0.4196,0.2944,0.8992,0.3599,1.7523}"
PF00763,LG+I+R4,0.0047,,"(0.1615,0.1234) (0.2270,0.4296) (0.2452,0.9481) (0.3617,1.7973)","LG+I{0.0047}+R4{0.1615,0.1234,0.2270,0.4296,0.2452,0.9481,0.3617,1.7973}"
PF00764,LG+I+G4,0.0940,2.1188,,LG+I{0.0940}+G4{2.1188}
PF00766,LG+I+R4,0.0000,,"(0.2006,0.1271) (0.2302,0.4450) (0.3276,1.0723) (0.2415,2.1562)","LG+I{0.0000}+R4{0.2006,0.1271,0.2302,0.4450,0.3276,1.0723,0.2415,2.1562}"
PF00768,LG+I+G4,0.0496,1.6702,,LG+I{0.0496}+G4{1.6702}
PF00772,LG+I+R4,0.0000,,"(0.0989,0.1963) (0.2850,0.4986) (0.1964,0.9387) (0.4198,1.5583)","LG+I{0.0000}+R4{0.0989,0.1963,0.2850,0.4986,0.1964,0.9387,0.4198,1.5583}"
PF00773,LG+I+R4,0.0028,,"(0.0932,0.1252) (0.1536,0.3499) (0.2754,0.7878) (0.4749,1.5109)","LG+I{0.0028}+R4{0.0932,0.1252,0.1536,0.3499,0.2754,0.7878,0.4749,1.5109}"
PF00782,LG+I+G4,0.0061,1.2582,,LG+I{0.0061}+G4{1.2582}
PF00793,LG+I+G4,0.0171,1.4234,,LG+I{0.0171}+G4{1.4234}
PF00809,LG+I+G4,0.0243,1.5263,,LG+I{0.0243}+G4{1.5263}
PF00816,LG+I+G4,0.0000,1.2756,,LG+I{0.0000}+G4{1.2756}
PF00828,LG+F+I+R4,0.0000,,"(0.1027,0.1489) (0.2054,0.5335) (0.3877,1.0288) (0.3042,1.5655)","LG+F+I{0.0000}+R4{0.1027,0.1489,0.2054,0.5335,0.3877,1.0288,0.3042,1.5655}"
PF00834,LG+I+G4,0.0690,1.7166,,LG+I{0.0690}+G4{1.7166}
PF00842,LG+I+R4,0.0049,,"(0.1257,0.1256) (0.2945,0.4722) (0.2756,0.9866) (0.2992,1.9156)","LG+I{0.0049}+R4{0.1257,0.1256,0.2945,0.4722,0.2756,0.9866,0.2992,1.9156}"
PF00848,LG+F+I+R3,0.0235,,"(0.0479,0.1319) (0.3082,0.6167) (0.6204,1.2953)","LG+F+I{0.0235}+R3{0.0479,0.1319,0.3082,0.6167,0.6204,1.2953}"
PF00857,LG+I+R4,0.0043,,"(0.0574,0.1543) (0.2066,0.3993) (0.3484,0.7828) (0.3832,1.6594)","LG+I{0.0043}+R4{0.0574,0.1543,0.2066,0.3993,0.3484,0.7828,0.3832,1.6594}"
PF00866,LG+F+I+G4,0.0001,2.1592,,LG+F+I{0.0001}+G4{2.1592}
PF00874,LG+F+I+R4,0.0000,,"(0.0409,0.1059) (0.2902,0.5055) (0.3565,0.9301) (0.3125,1.6559)","LG+F+I{0.0000}+R4{0.0409,0.1059,0.2902,0.5055,0.3565,0.9301,0.3125,1.6559}"
PF00875,LG+F+I+R4,0.0054,,"(0.0846,0.1836) (0.2287,0.5180) (0.4396,0.9617) (0.2417,1.8336)","LG+F+I{0.0054}+R4{0.0846,0.1836,0.2287,0.5180,0.4396,0.9617,0.2417,1.8336}"
PF00877,LG+I+R4,0.0000,,"(0.0527,0.0416) (0.2542,0.3903) (0.3792,0.9858) (0.3139,1.6715)","LG+I{0.0000}+R4{0.0527,0.0416,0.2542,0.3903,0.3792,0.9858,0.3139,1.6715}"
PF00881,LG+I+R4,0.0000,,"(0.0595,0.1408) (0.2138,0.3747) (0.3706,0.7366) (0.3561,1.7930)","LG+I{0.0000}+R4{0.0595,0.1408,0.2138,0.3747,0.3706,0.7366,0.3561,1.7930}"
PF00883,LG+I+R4,0.0087,,"(0.1024,0.0689) (0.1841,0.3337) (0.3347,0.7709) (0.3701,1.8197)","LG+I{0.0087}+R4{0.1024,0.0689,0.1841,0.3337,0.3347,0.7709,0.3701,1.8197}"
PF00885,LG+I+R4,0.0000,,"(0.1347,0.1420) (0.3160,0.4926) (0.2743,1.0249) (0.2750,1.9782)","LG+I{0.0000}+R4{0.1347,0.1420,0.3160,0.4926,0.2743,1.0249,0.2750,1.9782}"
PF00892,LG+F+I+G4,0.0000,3.2403,,LG+F+I{0.0000}+G4{3.2403}
PF00899,LG+I+R4,0.0056,,"(0.0647,0.0621) (0.2880,0.1728) (0.3778,0.4920) (0.2638,2.8817)","LG+I{0.0056}+R4{0.0647,0.0621,0.2880,0.1728,0.3778,0.4920,0.2638,2.8817}"
PF00903,LG+F+I+R4,0.0000,,"(0.0602,0.2193) (0.1954,0.4941) (0.3620,0.8637) (0.3824,1.5104)","LG+F+I{0.0000}+R4{0.0602,0.2193,0.1954,0.4941,0.3620,0.8637,0.3824,1.5104}"
PF00905,LG+F+I+R4,0.0093,,"(0.0414,0.1608) (0.4139,0.5580) (0.4381,1.1787) (0.0973,2.5285)","LG+F+I{0.0093}+R4{0.0414,0.1608,0.4139,0.5580,0.4381,1.1787,0.0973,2.5285}"
PF00912,LG+I+R4,0.0152,,"(0.0758,0.0766) (0.1369,0.2859) (0.3117,0.7046) (0.4604,1.5973)","LG+I{0.0152}+R4{0.0758,0.0766,0.1369,0.2859,0.3117,0.7046,0.4604,1.5973}"
PF00920,LG+I+R4,0.0245,,"(0.1193,0.0923) (0.2918,0.4260) (0.2730,0.8989) (0.2914,2.1252)","LG+I{0.0245}+R4{0.1193,0.0923,0.2918,0.4260,0.2730,0.8989,0.2914,2.1252}"
PF00923,LG+I+R4,0.0106,,"(0.0906,0.0925) (0.2143,0.3401) (0.2189,0.7729) (0.4656,1.6098)","LG+I{0.0106}+R4{0.0906,0.0925,0.2143,0.3401,0.2189,0.7729,0.4656,1.6098}"
PF00924,LG+I+G4,0.0135,2.0690,,LG+I{0.0135}+G4{2.0690}
PF00929,LG+I+G4,0.0213,2.4861,,LG+I{0.0213}+G4{2.4861}
PF00933,LG+I+G4,0.0094,1.7658,,LG+I{0.0094}+G4{1.7658}
PF00936,LG+I+R4,0.0000,,"(0.0911,0.1406) (0.2166,0.4736) (0.4382,0.9463) (0.2542,1.8491)","LG+I{0.0000}+R4{0.0911,0.1406,0.2166,0.4736,0.4382,0.9463,0.2542,1.8491}"
PF00941,LG+I+R4,0.0078,,"(0.0749,0.1456) (0.3346,0.4583) (0.2860,0.9885) (0.2967,1.8637)","LG+I{0.0078}+R4{0.0749,0.1456,0.3346,0.4583,0.2860,0.9885,0.2967,1.8637}"
PF00958,LG+I+G4,0.0634,0.9087,,LG+I{0.0634}+G4{0.9087}
PF00959,LG+I+R4,0.0037,,"(0.0627,0.0546) (0.1426,0.2999) (0.3685,0.7339) (0.4225,1.6174)","LG+I{0.0037}+R4{0.0627,0.0546,0.1426,0.2999,0.3685,0.7339,0.4225,1.6174}"
PF00962,LG+I+G4,0.0349,3.2590,,LG+I{0.0349}+G4{3.2590}
PF00970,LG+I+G4,0.0000,1.3772,,LG+I{0.0000}+G4{1.3772}
PF00975,LG+F+I+R3,0.0000,,"(0.0331,0.0931) (0.4366,0.5561) (0.5303,1.4221)","LG+F+I{0.0000}+R3{0.0331,0.0931,0.4366,0.5561,0.5303,1.4221}"
PF00984,LG+I+G4,0.0000,0.9767,,LG+I{0.0000}+G4{0.9767}
PF00988,LG+I+R4,0.0061,,"(0.1441,0.0492) (0.2128,0.3204) (0.2808,0.7263) (0.3562,2.0237)","LG+I{0.0061}+R4{0.1441,0.0492,0.2128,0.3204,0.2808,0.7263,0.3562,2.0237}"
PF00989,LG+I+G4,0.0000,3.0907,,LG+I{0.0000}+G4{3.0907}
PF00990,LG+I+R4,0.0078,,"(0.1154,0.1028) (0.1787,0.3501) (0.3694,0.9138) (0.3286,1.7893)","LG+I{0.0078}+R4{0.1154,0.1028,0.1787,0.3501,0.3694,0.9138,0.3286,1.7893}"
PF00994,LG+I+R4,0.0000,,"(0.0628,0.1100) (0.1806,0.4022) (0.3664,0.8062) (0.3902,1.6018)","LG+I{0.0000}+R4{0.0628,0.1100,0.1806,0.4022,0.3664,0.8062,0.3902,1.6018}"
PF00999,LG+F+I+R4,0.0000,,"(0.0776,0.1954) (0.2347,0.4493) (0.3649,0.9156) (0.3228,1.6892)","LG+F+I{0.0000}+R4{0.0776,0.1954,0.2347,0.4493,0.3649,0.9156,0.3228,1.6892}"
PF01000,LG+I+G4,0.0047,2.1116,,LG+I{0.0047}+G4{2.1116}
PF01012,LG+I+R4,0.0000,,"(0.0754,0.3072) (0.2863,0.5832) (0.3050,0.9615) (0.3332,1.5502)","LG+I{0.0000}+R4{0.0754,0.3072,0.2863,0.5832,0.3050,0.9615,0.3332,1.5502}"
PF01018,LG+I+R4,0.0515,,"(0.1724,0.1011) (0.1910,0.5051) (0.3255,1.1231) (0.2596,2.0050)","LG+I{0.0515}+R4{0.1724,0.1011,0.1910,0.5051,0.3255,1.1231,0.2596,2.0050}"
PF01019,LG+I+R4,0.0025,,"(0.1141,0.1270) (0.2506,0.4203) (0.3848,0.9474) (0.2480,2.0791)","LG+I{0.0025}+R4{0.1141,0.1270,0.2506,0.4203,0.3848,0.9474,0.2480,2.0791}"
PF01022,LG+I+G4,0.0000,1.7965,,LG+I{0.0000}+G4{1.7965}
PF01026,LG+I+R4,0.0086,,"(0.0551,0.0808) (0.2112,0.4331) (0.3110,0.8469) (0.4140,1.5474)","LG+I{0.0086}+R4{0.0551,0.0808,0.2112,0.4331,0.3110,0.8469,0.4140,1.5474}"
PF01029,LG+I+R4,0.0000,,"(0.0281,0.0461) (0.1568,0.3064) (0.3787,0.7428) (0.4363,1.5340)","LG+I{0.0000}+R4{0.0281,0.0461,0.1568,0.3064,0.3787,0.7428,0.4363,1.5340}"
PF01035,LG+I+R4,0.0000,,"(0.1675,0.1098) (0.2252,0.4665) (0.2829,1.0599) (0.3244,1.7777)","LG+I{0.0000}+R4{0.1675,0.1098,0.2252,0.4665,0.2829,1.0599,0.3244,1.7777}"
PF01037,LG+I+R4,0.0000,,"(0.0576,0.2209) (0.2582,0.4860) (0.2738,0.7955) (0.4103,1.5693)","LG+I{0.0000}+R4{0.0576,0.2209,0.2582,0.4860,0.2738,0.7955,0.4103,1.5693}"
PF01041,LG+I+G4,0.0089,1.7487,,LG+I{0.0089}+G4{1.7487}
PF01042,LG+I+G4,0.0102,1.9404,,LG+I{0.0102}+G4{1.9404}
PF01043,LG+I+G4,0.0139,0.9035,,LG+I{0.0139}+G4{0.9035}
PF01047,LG+I+G4,0.0000,2.3804,,LG+I{0.0000}+G4{2.3804}
PF01048,LG+I+R4,0.0000,,"(0.0457,0.1622) (0.2514,0.4417) (0.2721,0.8489) (0.4309,1.5099)","LG+I{0.0000}+R4{0.0457,0.1622,0.2514,0.4417,0.2721,0.8489,0.4309,1.5099}"
PF01053,LG+I+R4,0.0095,,"(0.1117,0.0912) (0.2846,0.5008) (0.4247,1.1329) (0.1694,2.1613)","LG+I{0.0095}+R4{0.1117,0.0912,0.2846,0.5008,0.4247,1.1329,0.1694,2.1613}"
PF01055,LG+I+R4,0.0000,,"(0.0721,0.1021) (0.2027,0.3635) (0.2500,0.7647) (0.4752,1.5315)","LG+I{0.0000}+R4{0.0721,0.1021,0.2027,0.3635,0.2500,0.7647,0.4752,1.5315}"
PF01058,LG+I+R4,0.0132,,"(0.0760,0.1894) (0.2383,0.5480) (0.3373,0.9406) (0.3351,1.6046)","LG+I{0.0132}+R4{0.0760,0.1894,0.2383,0.5480,0.3373,0.9406,0.3351,1.6046}"
PF01061,LG+F+I+R4,0.0000,,"(0.1046,0.3922) (0.3822,0.7223) (0.2938,1.0498) (0.2194,1.7065)","LG+F+I{0.0000}+R4{0.1046,0.3922,0.3822,0.7223,0.2938,1.0498,0.2194,1.7065}"
PF01063,LG+I+R4,0.0000,,"(0.0916,0.1661) (0.2854,0.5268) (0.2748,0.9413) (0.3482,1.6535)","LG+I{0.0000}+R4{0.0916,0.1661,0.2854,0.5268,0.2748,0.9413,0.3482,1.6535}"
PF01070,LG+F+I+R4,0.0066,,"(0.0978,0.1119) (0.2198,0.4560) (0.3372,0.9131) (0.3386,1.7156)","LG+F+I{0.0066}+R4{0.0978,0.1119,0.2198,0.4560,0.3372,0.9131,0.3386,1.7156}"
PF01071,LG+I+G4,0.0417,1.1490,,LG+I{0.0417}+G4{1.1490}
PF01074,LG+I+G4,0.0193,2.6001,,LG+I{0.0193}+G4{2.6001}
PF01078,LG+I+G4,0.0494,0.9186,,LG+I{0.0494}+G4{0.9186}
PF01081,LG+I,0.0672,,,LG+I{0.0672}
PF01087,LG+I+G4,0.0257,1.2706,,LG+I{0.0257}+G4{1.2706}
PF01103,LG+F+I+R4,0.0000,,"(0.0785,0.0951) (0.2927,0.3299) (0.4147,0.6873) (0.2141,2.8536)","LG+F+I{0.0000}+R4{0.0785,0.0951,0.2927,0.3299,0.4147,0.6873,0.2141,2.8536}"
PF01112,LG+I+G4,0.0272,1.0729,,LG+I{0.0272}+G4{1.0729}
PF01113,LG+I+R4,0.0160,,"(0.0715,0.0624) (0.1688,0.3507) (0.3520,0.7606) (0.3917,1.7069)","LG+I{0.0160}+R4{0.0715,0.0624,0.1688,0.3507,0.3520,0.7606,0.3917,1.7069}"
PF01116,LG+F+I+R4,0.0096,,"(0.0866,0.0890) (0.2266,0.3954) (0.3190,0.8536) (0.3582,1.7600)","LG+F+I{0.0096}+R4{0.0866,0.0890,0.2266,0.3954,0.3190,0.8536,0.3582,1.7600}"
PF01118,LG+I+R4,0.0059,,"(0.0968,0.1311) (0.2458,0.3617) (0.2797,0.9209) (0.3719,1.7233)","LG+I{0.0059}+R4{0.0968,0.1311,0.2458,0.3617,0.2797,0.9209,0.3719,1.7233}"
PF01121,LG+I+G4,0.0784,1.8972,,LG+I{0.0784}+G4{1.8972}
PF01132,LG+I+R4,0.0000,,"(0.0993,0.1354) (0.2538,0.5717) (0.4024,0.9902) (0.2445,1.8121)","LG+I{0.0000}+R4{0.0993,0.1354,0.2538,0.5717,0.4024,0.9902,0.2445,1.8121}"
PF01137,LG+I+R4,0.0047,,"(0.0952,0.1266) (0.2952,0.4907) (0.2907,0.9798) (0.3143,1.7767)","LG+I{0.0047}+R4{0.0952,0.1266,0.2952,0.4907,0.2907,0.9798,0.3143,1.7767}"
PF01138,LG+I+R4,0.0000,,"(0.0462,0.1889) (0.2515,0.5397) (0.4380,0.9324) (0.2643,1.6917)","LG+I{0.0000}+R4{0.0462,0.1889,0.2515,0.5397,0.4380,0.9324,0.2643,1.6917}"
PF01144,LG+I+G4,0.0000,3.5610,,LG+I{0.0000}+G4{3.5610}
PF01145,LG+F+I+G4,0.0000,3.4268,,LG+F+I{0.0000}+G4{3.4268}
PF01149,LG+I+R4,0.0029,,"(0.0487,0.0317) (0.0588,0.1846) (0.2614,0.5024) (0.6282,1.3631)","LG+I{0.0029}+R4{0.0487,0.0317,0.0588,0.1846,0.2614,0.5024,0.6282,1.3631}"
PF01155,LG+I+G4,0.0245,1.1826,,LG+I{0.0245}+G4{1.1826}
PF01156,LG+I+R4,0.0000,,"(0.0443,0.0751) (0.1470,0.3566) (0.2473,0.7221) (0.5615,1.3638)","LG+I{0.0000}+R4{0.0443,0.0751,0.1470,0.3566,0.2473,0.7221,0.5615,1.3638}"
PF01161,LG+I+R4,0.0000,,"(0.0204,0.0322) (0.2088,0.3475) (0.3459,0.7629) (0.4249,1.5600)","LG+I{0.0000}+R4{0.0204,0.0322,0.2088,0.3475,0.3459,0.7629,0.4249,1.5600}"
PF01168,LG+F+I+R4,0.0089,,"(0.0614,0.0976) (0.2210,0.3605) (0.2949,0.8264) (0.4138,1.6205)","LG+F+I{0.0089}+R4{0.0614,0.0976,0.2210,0.3605,0.2949,0.8264,0.4138,1.6205}"
PF01170,LG+I+G4,0.0009,1.4739,,LG+I{0.0009}+G4{1.4739}
PF01176,LG+I+G4,0.0000,1.9551,,LG+I{0.0000}+G4{1.9551}
PF01179,LG+I+R4,0.0128,,"(0.1280,0.1462) (0.2862,0.5120) (0.2716,0.9930) (0.3014,1.8748)","LG+I{0.0128}+R4{0.1280,0.1462,0.2862,0.5120,0.2716,0.9930,0.3014,1.8748}"
PF01180,LG+I+G4,0.0226,1.4382,,LG+I{0.0226}+G4{1.4382}
PF01182,LG+F+I+R4,0.0120,,"(0.0799,0.0858) (0.2368,0.4449) (0.2502,0.8807) (0.4211,1.5850)","LG+F+I{0.0120}+R4{0.0799,0.0858,0.2368,0.4449,0.2502,0.8807,0.4211,1.5850}"
PF01183,LG+F+I+G4,0.0297,1.5712,,LG+F+I{0.0297}+G4{1.5712}
PF01189,LG+I+G4,0.0208,1.2640,,LG+I{0.0208}+G4{1.2640}
PF01193,LG+F+I+R4,0.0000,,"(0.1572,0.1664) (0.1990,0.4270) (0.3846,1.0064) (0.2592,1.9362)","LG+F+I{0.0000}+R4{0.1572,0.1664,0.1990,0.4270,0.3846,1.0064,0.2592,1.9362}"
PF01195,LG+I+R4,0.0035,,"(0.0863,0.0398) (0.1557,0.2803) (0.2429,0.6806) (0.5115,1.5397)","LG+I{0.0035}+R4{0.0863,0.0398,0.1557,0.2803,0.2429,0.6806,0.5115,1.5397}"
PF01202,LG+I+R4,0.0053,,"(0.1424,0.1352) (0.1954,0.4603) (0.3536,1.0087) (0.3034,1.7604)","LG+I{0.0053}+R4{0.1424,0.1352,0.1954,0.4603,0.3536,1.0087,0.3034,1.7604}"
PF01206,LG+I+R4,0.0000,,"(0.0675,0.1440) (0.2768,0.4964) (0.2982,0.8751) (0.3575,1.6556)","LG+I{0.0000}+R4{0.0675,0.1440,0.2768,0.4964,0.2982,0.8751,0.3575,1.6556}"
PF01207,LG+I+G4,0.0254,1.6148,,LG+I{0.0254}+G4{1.6148}
PF01208,LG+I+R4,0.0023,,"(0.1163,0.1979) (0.2613,0.5139) (0.3341,0.9576) (0.2860,1.8279)","LG+I{0.0023}+R4{0.1163,0.1979,0.2613,0.5139,0.3341,0.9576,0.2860,1.8279}"
PF01212,LG+F+I+R4,0.0009,,"(0.1075,0.0971) (0.2959,0.4760) (0.3945,1.0635) (0.2012,2.1330)","LG+F+I{0.0009}+R4{0.1075,0.0971,0.2959,0.4760,0.3945,1.0635,0.2012,2.1330}"
PF01225,LG+I+G4,0.0083,1.7552,,LG+I{0.0083}+G4{1.7552}
PF01227,LG+I+G4,0.0449,1.2899,,LG+I{0.0449}+G4{1.2899}
PF01228,LG+I+R4,0.0118,,"(0.1356,0.1245) (0.2606,0.5559) (0.4501,1.0948) (0.1418,2.4359)","LG+I{0.0118}+R4{0.1356,0.1245,0.2606,0.5559,0.4501,1.0948,0.1418,2.4359}"
PF01230,LG+I+G4,0.0174,2.5394,,LG+I{0.0174}+G4{2.5394}
PF01232,LG+I+G4,0.0172,1.7311,,LG+I{0.0172}+G4{1.7311}
PF01242,LG+I+R4,0.0046,,"(0.0474,0.0530) (0.1535,0.2665) (0.3213,0.6905) (0.4731,1.5529)","LG+I{0.0046}+R4{0.0474,0.0530,0.1535,0.2665,0.3213,0.6905,0.4731,1.5529}"
PF01243,LG+I+G4,0.0000,3.2897,,LG+I{0.0000}+G4{3.2897}
PF01250,LG+I+R4,0.0000,,"(0.0997,0.1927) (0.3085,0.6754) (0.4132,1.1123) (0.1785,1.7519)","LG+I{0.0000}+R4{0.0997,0.1927,0.3085,0.6754,0.4132,1.1123,0.1785,1.7519}"
PF01253,LG+I+R4,0.0000,,"(0.0895,0.1651) (0.2590,0.4948) (0.2865,0.9175) (0.3650,1.6280)","LG+I{0.0000}+R4{0.0895,0.1651,0.2590,0.4948,0.2865,0.9175,0.3650,1.6280}"
PF01256,LG+I+G4,0.0317,2.1636,,LG+I{0.0317}+G4{2.1636}
PF01258,LG+I+R4,0.0278,,"(0.1516,0.0920) (0.1655,0.4837) (0.3983,1.0077) (0.2568,1.9648)","LG+I{0.0278}+R4{0.1516,0.0920,0.1655,0.4837,0.3983,1.0077,0.2568,1.9648}"
PF01259,LG+I+R4,0.0305,,"(0.1281,0.0667) (0.2850,0.4372) (0.2584,1.0221) (0.2980,2.0229)","LG+I{0.0305}+R4{0.1281,0.0667,0.2850,0.4372,0.2584,1.0221,0.2980,2.0229}"
PF01261,LG+F+I+R4,0.0000,,"(0.0206,0.1167) (0.1830,0.4492) (0.3509,0.8177) (0.4456,1.4106)","LG+F+I{0.0000}+R4{0.0206,0.1167,0.1830,0.4492,0.3509,0.8177,0.4456,1.4106}"
PF01262,LG+I+G4,0.0091,1.2561,,LG+I{0.0091}+G4{1.2561}
PF01266,LG+F+I+R4,0.0010,,"(0.0564,0.2349) (0.1743,0.4846) (0.2930,0.8462) (0.4753,1.3767)","LG+F+I{0.0010}+R4{0.0564,0.2349,0.1743,0.4846,0.2930,0.8462,0.4753,1.3767}"
PF01272,LG+I+G4,0.0000,1.7321,,LG+I{0.0000}+G4{1.7321}
PF01274,LG+I+G4,0.0186,1.3609,,LG+I{0.0186}+G4{1.3609}
PF01276,LG+I+G4,0.0382,2.6567,,LG+I{0.0382}+G4{2.6567}
PF01281,LG+I+R4,0.0000,,"(0.2066,0.1338) (0.2857,0.4646) (0.3316,1.2905) (0.1760,2.3385)","LG+I{0.0000}+R4{0.2066,0.1338,0.2857,0.4646,0.3316,1.2905,0.1760,2.3385}"
PF01288,LG+F+I+R4,0.0148,,"(0.0303,0.0229) (0.1552,0.2637) (0.2481,0.7011) (0.5516,1.4221)","LG+F+I{0.0148}+R4{0.0303,0.0229,0.1552,0.2637,0.2481,0.7011,0.5516,1.4221}"
PF01292,LG+F+I+R4,0.0033,,"(0.0184,0.0315) (0.1489,0.3486) (0.3521,0.6824) (0.4773,1.4817)","LG+F+I{0.0033}+R4{0.0184,0.0315,0.1489,0.3486,0.3521,0.6824,0.4773,1.4817}"
PF01300,LG+I+R4,0.0000,,"(0.0717,0.0767) (0.2777,0.4127) (0.3312,0.8844) (0.3194,1.8377)","LG+I{0.0000}+R4{0.0717,0.0767,0.2777,0.4127,0.3312,0.8844,0.3194,1.8377}"
PF01314,LG+F+I+R4,0.0038,,"(0.1151,0.1874) (0.2078,0.5076) (0.3374,0.9911) (0.3360,1.6031)","LG+F+I{0.0038}+R4{0.1151,0.1874,0.2078,0.5076,0.3374,0.9911,0.3360,1.6031}"
PF01315,LG+I+G4,0.0238,1.6554,,LG+I{0.0238}+G4{1.6554}
PF01316,LG+I+G4,0.0095,1.0137,,LG+I{0.0095}+G4{1.0137}
PF01321,LG+I+R4,0.0000,,"(0.0642,0.1730) (0.1875,0.4763) (0.3373,0.8027) (0.4111,1.5299)","LG+I{0.0000}+R4{0.0642,0.1730,0.1875,0.4763,0.3373,0.8027,0.4111,1.5299}"
PF01323,LG+I+R3,0.0000,,"(0.0338,0.0833) (0.4299,0.5800) (0.5363,1.3943)","LG+I{0.0000}+R3{0.0338,0.0833,0.4299,0.5800,0.5363,1.3943}"
PF01325,LG+I+G4,0.0000,2.1701,,LG+I{0.0000}+G4{2.1701}
PF01327,LG+I+R4,0.0039,,"(0.0888,0.0587) (0.1450,0.3006) (0.2735,0.6800) (0.4888,1.5656)","LG+I{0.0039}+R4{0.0888,0.0587,0.1450,0.3006,0.2735,0.6800,0.4888,1.5656}"
PF01330,LG+I+G4,0.0172,1.9299,,LG+I{0.0172}+G4{1.9299}
PF01336,LG+I+G4,0.0000,3.0924,,LG+I{0.0000}+G4{3.0924}
PF01337,LG+F+I+R4,0.0000,,"(0.0824,0.1325) (0.2259,0.5092) (0.3312,0.9222) (0.3605,1.5771)","LG+F+I{0.0000}+R4{0.0824,0.1325,0.2259,0.5092,0.3312,0.9222,0.3605,1.5771}"
PF01339,LG+I+R4,0.0000,,"(0.1045,0.1200) (0.2846,0.4368) (0.2684,0.8805) (0.3426,1.8299)","LG+I{0.0000}+R4{0.1045,0.1200,0.2846,0.4368,0.2684,0.8805,0.3426,1.8299}"
PF01340,LG+I,0.5338,,,LG+I{0.5338}
PF01346,LG+F+I+R4,0.0000,,"(0.0594,0.1033) (0.0920,0.4019) (0.3044,0.8014) (0.5442,1.3101)","LG+F+I{0.0000}+R4{0.0594,0.1033,0.0920,0.4019,0.3044,0.8014,0.5442,1.3101}"
PF01351,LG+I+G4,0.0436,1.3010,,LG+I{0.0436}+G4{1.3010}
PF01361,LG+I+G4,0.0070,4.6406,,LG+I{0.0070}+G4{4.6406}
PF01367,LG+I+R4,0.0068,,"(0.1684,0.1497) (0.1836,0.5157) (0.3090,0.9084) (0.3323,1.8040)","LG+I{0.0068}+R4{0.1684,0.1497,0.1836,0.5157,0.3090,0.9084,0.3323,1.8040}"
PF01368,LG+I+R4,0.0018,,"(0.0507,0.1014) (0.1390,0.3271) (0.3152,0.7223) (0.4932,1.4633)","LG+I{0.0018}+R4{0.0507,0.1014,0.1390,0.3271,0.3152,0.7223,0.4932,1.4633}"
PF01371,LG+I+G4,0.0164,1.4565,,LG+I{0.0164}+G4{1.4565}
PF01379,LG+I+R4,0.0026,,"(0.0964,0.0388) (0.2176,0.3289) (0.2516,0.7686) (0.4318,1.6937)","LG+I{0.0026}+R4{0.0964,0.0388,0.2176,0.3289,0.2516,0.7686,0.4318,1.6937}"
PF01380,LG+I+G4,0.0000,4.9892,,LG+I{0.0000}+G4{4.9892}
PF01381,LG+I+G4,0.0000,1.9179,,LG+I{0.0000}+G4{1.9179}
PF01386,LG+I+R4,0.0000,,"(0.0539,0.0698) (0.1312,0.3818) (0.4234,0.8131) (0.3915,1.5374)","LG+I{0.0000}+R4{0.0539,0.0698,0.1312,0.3818,0.4234,0.8131,0.3915,1.5374}"
PF01389,LG+F+I+R3,0.0000,,"(0.2580,0.1191) (0.5893,0.4923) (0.1527,4.4477)","LG+F+I{0.0000}+R3{0.2580,0.1191,0.5893,0.4923,0.1527,4.4477}"
PF01396,LG+I+G4,0.1171,2.9001,,LG+I{0.1171}+G4{2.9001}
PF01402,LG+I+G4,0.0000,3.4338,,LG+I{0.0000}+G4{3.4338}
PF01406,LG+I+G4,0.1006,1.3250,,LG+I{0.1006}+G4{1.3250}
PF01408,LG+I+R3,0.0064,,"(0.0464,0.1146) (0.4446,0.6145) (0.5026,1.4356)","LG+I{0.0064}+R3{0.0464,0.1146,0.4446,0.6145,0.5026,1.4356}"
PF01409,LG+I+G4,0.0136,1.2685,,LG+I{0.0136}+G4{1.2685}
PF01416,LG+I+R4,0.0056,,"(0.0984,0.1113) (0.2351,0.3580) (0.2869,0.8008) (0.3740,1.8052)","LG+I{0.0056}+R4{0.0984,0.1113,0.2351,0.3580,0.2869,0.8008,0.3740,1.8052}"
PF01418,LG+I+G4,0.0000,2.5909,,LG+I{0.0000}+G4{2.5909}
PF01420,LG+F+I+R3,0.0000,,"(0.0277,0.1500) (0.4875,0.6368) (0.4848,1.4138)","LG+F+I{0.0000}+R3{0.0277,0.1500,0.4875,0.6368,0.4848,1.4138}"
PF01433,LG+I+G4,0.0383,1.7143,,LG+I{0.0383}+G4{1.7143}
PF01434,LG+I+G4,0.0669,1.4253,,LG+I{0.0669}+G4{1.4253}
PF01435,LG+I+R3,0.0203,,"(0.0621,0.0869) (0.2431,0.5124) (0.6744,1.2900)","LG+I{0.0203}+R3{0.0621,0.0869,0.2431,0.5124,0.6744,1.2900}"
PF01450,LG+I+G4,0.0250,0.9140,,LG+I{0.0250}+G4{0.9140}
PF01451,LG+I+G4,0.0300,2.2056,,LG+I{0.0300}+G4{2.2056}
PF01458,LG+F+I+R4,0.0039,,"(0.1620,0.2093) (0.2054,0.4850) (0.3570,0.9788) (0.2717,1.9028)","LG+F+I{0.0039}+R4{0.1620,0.2093,0.2054,0.4850,0.3570,0.9788,0.2717,1.9028}"
PF01464,LG+I+R3,0.0188,,"(0.1410,0.1336) (0.3486,0.6176) (0.4917,1.5577)","LG+I{0.0188}+R3{0.1410,0.1336,0.3486,0.6176,0.4917,1.5577}"
PF01467,LG+I+R4,0.0000,,"(0.0425,0.0580) (0.1035,0.2960) (0.2303,0.6445) (0.6237,1.3123)","LG+I{0.0000}+R4{0.0425,0.0580,0.1035,0.2960,0.2303,0.6445,0.6237,1.3123}"
PF01471,LG+I+G4,0.0000,1.5817,,LG+I{0.0000}+G4{1.5817}
PF01476,LG+I+R4,0.0000,,"(0.0542,0.1195) (0.2102,0.3305) (0.2075,0.8351) (0.5282,1.4215)","LG+I{0.0000}+R4{0.0542,0.1195,0.2102,0.3305,0.2075,0.8351,0.5282,1.4215}"
PF01479,LG+I+G4,0.0000,2.1232,,LG+I{0.0000}+G4{2.1232}
PF01487,LG+I+R4,0.0000,,"(0.1473,0.1521) (0.2933,0.5236) (0.2738,1.0505) (0.2856,1.8781)","LG+I{0.0000}+R4{0.1473,0.1521,0.2933,0.5236,0.2738,1.0505,0.2856,1.8781}"
PF01491,LG+I+R4,0.0000,,"(0.1015,0.0980) (0.2487,0.3266) (0.3872,0.9594) (0.2626,2.0464)","LG+I{0.0000}+R4{0.1015,0.0980,0.2487,0.3266,0.3872,0.9594,0.2626,2.0464}"
PF01497,LG+I+G4,0.0033,2.6664,,LG+I{0.0033}+G4{2.6664}
PF01507,LG+I+G4,0.0129,1.7543,,LG+I{0.0129}+G4{1.7543}
PF01509,LG+I+R4,0.0204,,"(0.1376,0.0844) (0.1897,0.3776) (0.3287,0.9622) (0.3235,1.8557)","LG+I{0.0204}+R4{0.1376,0.0844,0.1897,0.3776,0.3287,0.9622,0.3235,1.8557}"
PF01510,LG+I+R4,0.0000,,"(0.0720,0.1296) (0.1894,0.3828) (0.2590,0.7992) (0.4796,1.4828)","LG+I{0.0000}+R4{0.0720,0.1296,0.1894,0.3828,0.2590,0.7992,0.4796,1.4828}"
PF01512,LG+I+R4,0.0064,,"(0.1021,0.1238) (0.3188,0.4963) (0.2778,1.0045) (0.2948,1.8655)","LG+I{0.0064}+R4{0.1021,0.1238,0.3188,0.4963,0.2778,1.0045,0.2948,1.8655}"
PF01513,LG+I+G4,0.0110,1.7568,,LG+I{0.0110}+G4{1.7568}
PF01520,LG+I+R4,0.0022,,"(0.0261,0.0345) (0.2060,0.2811) (0.2592,0.6845) (0.5065,1.5079)","LG+I{0.0022}+R4{0.0261,0.0345,0.2060,0.2811,0.2592,0.6845,0.5065,1.5079}"
PF01521,LG+I+R4,0.0000,,"(0.0669,0.1749) (0.3657,0.5071) (0.2645,1.0230) (0.3030,1.7570)","LG+I{0.0000}+R4{0.0669,0.1749,0.3657,0.5071,0.2645,1.0230,0.3030,1.7570}"
PF01523,LG+I+R4,0.0000,,"(0.1239,0.3981) (0.3313,0.7103) (0.3560,1.0963) (0.1888,1.7221)","LG+I{0.0000}+R4{0.1239,0.3981,0.3313,0.7103,0.3560,1.0963,0.1888,1.7221}"
PF01541,LG+I+R2,0.0192,,"(0.1389,0.2341) (0.8420,1.1491)","LG+I{0.0192}+R2{0.1389,0.2341,0.8420,1.1491}"
PF01548,LG+I+G4,0.0171,1.4591,,LG+I{0.0171}+G4{1.4591}
PF01551,LG+I+R4,0.0000,,"(0.1553,0.1878) (0.1378,0.4449) (0.2605,0.8165) (0.4463,1.5613)","LG+I{0.0000}+R4{0.1553,0.1878,0.1378,0.4449,0.2605,0.8165,0.4463,1.5613}"
PF01555,LG+F+I+R4,0.0021,,"(0.0434,0.0993) (0.0899,0.2738) (0.2751,0.5971) (0.5895,1.3687)","LG+F+I{0.0021}+R4{0.0434,0.0993,0.0899,0.2738,0.2751,0.5971,0.5895,1.3687}"
PF01556,LG+I+R4,0.0038,,"(0.0698,0.1619) (0.2759,0.5273) (0.3581,0.9992) (0.2925,1.6596)","LG+I{0.0038}+R4{0.0698,0.1619,0.2759,0.5273,0.3581,0.9992,0.2925,1.6596}"
PF01557,LG+F+I+R4,0.0010,,"(0.0785,0.1348) (0.2204,0.3870) (0.3333,0.8300) (0.3669,1.7103)","LG+F+I{0.0010}+R4{0.0785,0.1348,0.2204,0.3870,0.3333,0.8300,0.3669,1.7103}"
PF01558,LG+I+G4,0.0000,2.0973,,LG+I{0.0000}+G4{2.0973}
PF01564,LG+I+G4,0.0036,1.5369,,LG+I{0.0036}+G4{1.5369}
PF01565,LG+I+R4,0.0000,,"(0.0988,0.2537) (0.3669,0.6136) (0.2782,1.1158) (0.2560,1.7160)","LG+I{0.0000}+R4{0.0988,0.2537,0.3669,0.6136,0.2782,1.1158,0.2560,1.7160}"
PF01568,LG+I+G4,0.0000,2.1564,,LG+I{0.0000}+G4{2.1564}
PF01571,LG+F+I+R4,0.0092,,"(0.1055,0.1621) (0.3608,0.5448) (0.2468,1.0571) (0.2777,1.8920)","LG+F+I{0.0092}+R4{0.1055,0.1621,0.3608,0.5448,0.2468,1.0571,0.2777,1.8920}"
PF01575,LG+I+G4,0.0142,1.6756,,LG+I{0.0142}+G4{1.6756}
PF01580,LG+I+G4,0.0049,1.5937,,LG+I{0.0049}+G4{1.5937}
PF01583,LG+I+G4,0.0225,1.1758,,LG+I{0.0225}+G4{1.1758}
PF01584,LG+I+G4,0.0000,2.5035,,LG+I{0.0000}+G4{2.5035}
PF01588,LG+I+G4,0.0098,1.6792,,LG+I{0.0098}+G4{1.6792}
PF01590,LG+F+I+R4,0.0000,,"(0.0994,0.3078) (0.1588,0.5083) (0.3674,0.8690) (0.3744,1.5208)","LG+F+I{0.0000}+R4{0.0994,0.3078,0.1588,0.5083,0.3674,0.8690,0.3744,1.5208}"
PF01595,LG+F+I+R4,0.0000,,"(0.0763,0.2013) (0.2266,0.4548) (0.3310,0.8638) (0.3660,1.6272)","LG+F+I{0.0000}+R4{0.0763,0.2013,0.2266,0.4548,0.3310,0.8638,0.3660,1.6272}"
PF01597,LG+I+G4,0.0455,4.0338,,LG+I{0.0455}+G4{4.0338}
PF01609,LG+F+I+R4,0.0021,,"(0.0100,0.0175) (0.0706,0.2518) (0.4135,0.6262) (0.5039,1.4351)","LG+F+I{0.0021}+R4{0.0100,0.0175,0.0706,0.2518,0.4135,0.6262,0.5039,1.4351}"
PF01612,LG+I+G4,0.0184,2.2876,,LG+I{0.0184}+G4{2.2876}
PF01613,LG+F+I+R4,0.0000,,"(0.0474,0.1956) (0.2349,0.4149) (0.2539,0.7859) (0.4639,1.4956)","LG+F+I{0.0000}+R4{0.0474,0.1956,0.2349,0.4149,0.2539,0.7859,0.4639,1.4956}"
PF01614,LG+I+G4,0.0111,2.2762,,LG+I{0.0111}+G4{2.2762}
PF01624,LG+I+G4,0.0000,1.5477,,LG+I{0.0000}+G4{1.5477}
PF01625,LG+I+R4,0.0161,,"(0.2233,0.1464) (0.2298,0.5179) (0.2771,1.0960) (0.2538,2.1464)","LG+I{0.0161}+R4{0.2233,0.1464,0.2298,0.5179,0.2771,1.0960,0.2538,2.1464}"
PF01638,LG+I+G4,0.0457,1.9184,,LG+I{0.0457}+G4{1.9184}
PF01641,LG+I+R4,0.0161,,"(0.2178,0.0590) (0.2409,0.3625) (0.2944,1.1605) (0.2307,2.4188)","LG+I{0.0161}+R4{0.2178,0.0590,0.2409,0.3625,0.2944,1.1605,0.2307,2.4188}"
PF01645,LG+I+G4,0.0479,1.5381,,LG+I{0.0479}+G4{1.5381}
PF01648,LG+F+I+R4,0.0048,,"(0.0450,0.0645) (0.0853,0.3354) (0.2256,0.6893) (0.6393,1.2716)","LG+F+I{0.0048}+R4{0.0450,0.0645,0.0853,0.3354,0.2256,0.6893,0.6393,1.2716}"
PF01653,LG+I+G4,0.1152,1.5068,,LG+I{0.1152}+G4{1.5068}
PF01656,LG+I+R4,0.0031,,"(0.0382,0.1133) (0.2329,0.4053) (0.3909,0.8638) (0.3349,1.6831)","LG+I{0.0031}+R4{0.0382,0.1133,0.2329,0.4053,0.3909,0.8638,0.3349,1.6831}"
PF01661,LG+I+G4,0.0000,1.3105,,LG+I{0.0000}+G4{1.3105}
PF01678,LG+I+G4,0.0000,1.2147,,LG+I{0.0000}+G4{1.2147}
PF01687,LG+I+R4,0.0000,,"(0.1068,0.0767) (0.2052,0.3459) (0.2251,0.8360) (0.4629,1.5828)","LG+I{0.0000}+R4{0.1068,0.0767,0.2052,0.3459,0.2251,0.8360,0.4629,1.5828}"
PF01694,LG+F+I+R4,0.0000,,"(0.0582,0.0592) (0.1971,0.3337) (0.3400,0.7900) (0.4047,1.6361)","LG+F+I{0.0000}+R4{0.0582,0.0592,0.1971,0.3337,0.3400,0.7900,0.4047,1.6361}"
PF01695,LG+I,0.0717,,,LG+I{0.0717}
PF01702,LG+I+R4,0.0032,,"(0.1939,0.1499) (0.2633,0.4809) (0.2045,1.0096) (0.3351,1.9033)","LG+I{0.0032}+R4{0.1939,0.1499,0.2633,0.4809,0.2045,1.0096,0.3351,1.9033}"
PF01706,LG+I+R4,0.0000,,"(0.2188,0.2769) (0.2728,0.6166) (0.2690,1.1602) (0.2395,1.9174)","LG+I{0.0000}+R4{0.2188,0.2769,0.2728,0.6166,0.2690,1.1602,0.2395,1.9174}"
PF01709,LG+I+R4,0.0000,,"(0.1268,0.1939) (0.1981,0.5266) (0.3360,0.9258) (0.3391,1.6514)","LG+I{0.0000}+R4{0.1268,0.1939,0.1981,0.5266,0.3360,0.9258,0.3391,1.6514}"
PF01713,LG+I+R4,0.0080,,"(0.1122,0.1405) (0.1527,0.3779) (0.2896,0.8225) (0.4375,1.5732)","LG+I{0.0080}+R4{0.1122,0.1405,0.1527,0.3779,0.2896,0.8225,0.4375,1.5732}"
PF01715,LG+F+I+R4,0.0019,,"(0.1031,0.1138) (0.1734,0.3774) (0.2016,0.8153) (0.5201,1.4585)","LG+F+I{0.0019}+R4{0.1031,0.1138,0.1734,0.3774,0.2016,0.8153,0.5201,1.4585}"
PF01717,LG+I+G4,0.0015,0.7251,,LG+I{0.0015}+G4{0.7251}
PF01725,LG+I+R4,0.0022,,"(0.1069,0.0887) (0.1797,0.3997) (0.2187,0.8474) (0.4925,1.4890)","LG+I{0.0022}+R4{0.1069,0.0887,0.1797,0.3997,0.2187,0.8474,0.4925,1.4890}"
PF01726,LG+I+G4,0.0593,1.5303,,LG+I{0.0593}+G4{1.5303}
PF01729,LG+I+G4,0.0264,1.4826,,LG+I{0.0264}+G4{1.4826}
PF01734,LG+I+R4,0.0000,,"(0.0471,0.0892) (0.1432,0.2801) (0.2940,0.6828) (0.5158,1.4637)","LG+I{0.0000}+R4{0.0471,0.0892,0.1432,0.2801,0.2940,0.6828,0.5158,1.4637}"
PF01738,LG+I+G4,0.0250,2.2877,,LG+I{0.0250}+G4{2.2877}
PF01739,LG+I+G4,0.0053,1.1540,,LG+I{0.0053}+G4{1.1540}
PF01740,LG+I+G4,0.0000,2.5326,,LG+I{0.0000}+G4{2.5326}
PF01741,LG+I+R4,0.0000,,"(0.0779,0.0548) (0.1882,0.3033) (0.2465,0.7837) (0.4874,1.5294)","LG+I{0.0000}+R4{0.0779,0.0548,0.1882,0.3033,0.2465,0.7837,0.4874,1.5294}"
PF01743,LG+I+G4,0.0671,1.4384,,LG+I{0.0671}+G4{1.4384}
PF01750,LG+I+G4,0.0263,2.7273,,LG+I{0.0263}+G4{2.7273}
PF01757,LG+F+I+R4,0.0000,,"(0.0311,0.0773) (0.1165,0.2879) (0.3492,0.6955) (0.5032,1.4332)","LG+F+I{0.0000}+R4{0.0311,0.0773,0.1165,0.2879,0.3492,0.6955,0.5032,1.4332}"
PF01761,LG+I+G4,0.1164,1.1148,,LG+I{0.1164}+G4{1.1148}
PF01765,LG+I+R4,0.0000,,"(0.2522,0.3018) (0.3249,0.7357) (0.2826,1.3483) (0.1403,2.1659)","LG+I{0.0000}+R4{0.2522,0.3018,0.3249,0.7357,0.2826,1.3483,0.1403,2.1659}"
PF01782,LG+I+G4,0.0104,1.9276,,LG+I{0.0104}+G4{1.9276}
PF01791,LG+I+G4,0.0147,2.5620,,LG+I{0.0147}+G4{2.5620}
PF01794,LG+F+I+R4,0.0056,,"(0.0385,0.0724) (0.3006,0.4894) (0.3458,0.8729) (0.3094,1.7720)","LG+F+I{0.0056}+R4{0.0385,0.0724,0.3006,0.4894,0.3458,0.8729,0.3094,1.7720}"
PF01799,LG+I+R4,0.0000,,"(0.1865,0.0928) (0.2903,0.4346) (0.1785,1.0269) (0.3447,1.9533)","LG+I{0.0000}+R4{0.1865,0.0928,0.2903,0.4346,0.1785,1.0269,0.3447,1.9533}"
PF01807,LG+I+G4,0.0969,1.5547,,LG+I{0.0969}+G4{1.5547}
PF01814,LG+I+R4,0.0000,,"(0.0415,0.0702) (0.1010,0.3475) (0.2340,0.6805) (0.6235,1.2875)","LG+I{0.0000}+R4{0.0415,0.0702,0.1010,0.3475,0.2340,0.6805,0.6235,1.2875}"
PF01815,LG+I,0.1079,,,LG+I{0.1079}
PF01817,LG+F+I+R4,0.0000,,"(0.0457,0.0678) (0.1107,0.2865) (0.2016,0.6244) (0.6419,1.3075)","LG+F+I{0.0000}+R4{0.0457,0.0678,0.1107,0.2865,0.2016,0.6244,0.6419,1.3075}"
PF01832,LG+F+I+R4,0.0000,,"(0.0847,0.1279) (0.2415,0.4365) (0.2412,0.8576) (0.4326,1.5648)","LG+F+I{0.0000}+R4{0.0847,0.1279,0.2415,0.4365,0.2412,0.8576,0.4326,1.5648}"
PF01835,LG+F+I+G4,0.0081,2.0229,,LG+F+I{0.0081}+G4{2.0229}
PF01842,LG+I+G4,0.0000,2.3460,,LG+I{0.0000}+G4{2.3460}
PF01850,LG+F+I+R4,0.0000,,"(0.0533,0.0931) (0.1661,0.3772) (0.3496,0.8199) (0.4310,1.4982)","LG+F+I{0.0000}+R4{0.0533,0.0931,0.1661,0.3772,0.3496,0.8199,0.4310,1.4982}"
PF01872,LG+I+G4,0.0079,2.5569,,LG+I{0.0079}+G4{2.5569}
PF01883,LG+I+G4,0.0000,2.8036,,LG+I{0.0000}+G4{2.8036}
PF01895,LG+I+R4,0.0000,,"(0.1462,0.2949) (0.2673,0.6056) (0.3220,1.0967) (0.2645,1.6707)","LG+I{0.0000}+R4{0.1462,0.2949,0.2673,0.6056,0.3220,1.0967,0.2645,1.6707}"
PF01909,LG+I+R4,0.0128,,"(0.0251,0.0293) (0.0991,0.2442) (0.2943,0.7177) (0.5686,1.3433)","LG+I{0.0128}+R4{0.0251,0.0293,0.0991,0.2442,0.2943,0.7177,0.5686,1.3433}"
PF01915,LG+F+I+R4,0.0013,,"(0.0504,0.0717) (0.1436,0.2347) (0.3227,0.5792) (0.4821,1.6092)","LG+F+I{0.0013}+R4{0.0504,0.0717,0.1436,0.2347,0.3227,0.5792,0.4821,1.6092}"
PF01923,LG+I+R4,0.0064,,"(0.0916,0.0478) (0.2490,0.3136) (0.2233,0.7809) (0.4296,1.7299)","LG+I{0.0064}+R4{0.0916,0.0478,0.2490,0.3136,0.2233,0.7809,0.4296,1.7299}"
PF01928,LG+I+R4,0.0047,,"(0.0707,0.1064) (0.0970,0.3354) (0.3307,0.7077) (0.4968,1.4611)","LG+I{0.0047}+R4{0.0707,0.1064,0.0970,0.3354,0.3307,0.7077,0.4968,1.4611}"
PF01931,LG+I+R4,0.0328,,"(0.0938,0.1300) (0.2164,0.3824) (0.2700,0.8829) (0.3870,1.7226)","LG+I{0.0328}+R4{0.0938,0.1300,0.2164,0.3824,0.2700,0.8829,0.3870,1.7226}"
PF01935,LG+I+R4,0.0111,,"(0.0310,0.0655) (0.2183,0.3675) (0.4583,0.9297) (0.2812,1.7482)","LG+I{0.0111}+R4{0.0310,0.0655,0.2183,0.3675,0.4583,0.9297,0.2812,1.7482}"
PF01938,LG+I+G4,0.0000,3.3703,,LG+I{0.0000}+G4{3.3703}
PF01948,LG+I+G4,0.0511,1.1914,,LG+I{0.0511}+G4{1.1914}
PF01957,LG+I+R4,0.0000,,"(0.2123,0.2497) (0.1935,0.6072) (0.2444,1.0851) (0.3498,1.6130)","LG+I{0.0000}+R4{0.2123,0.2497,0.1935,0.6072,0.2444,1.0851,0.3498,1.6130}"
PF01964,LG+I+R4,0.0563,,"(0.1917,0.1232) (0.2336,0.4703) (0.2279,1.0900) (0.2906,2.1269)","LG+I{0.0563}+R4{0.1917,0.1232,0.2336,0.4703,0.2279,1.0900,0.2906,2.1269}"
PF01965,LG+I+G4,0.0034,2.4089,,LG+I{0.0034}+G4{2.4089}
PF01967,LG+I+R4,0.0256,,"(0.1273,0.0315) (0.2369,0.2569) (0.1814,0.7577) (0.4288,1.8601)","LG+I{0.0256}+R4{0.1273,0.0315,0.2369,0.2569,0.1814,0.7577,0.4288,1.8601}"
PF01975,LG+I+R4,0.0134,,"(0.0766,0.0617) (0.1555,0.2748) (0.2953,0.6971) (0.4592,1.6262)","LG+I{0.0134}+R4{0.0766,0.0617,0.1555,0.2748,0.2953,0.6971,0.4592,1.6262}"
PF01977,LG+I+G4,0.0000,1.6582,,LG+I{0.0000}+G4{1.6582}
PF01979,LG+I+R4,0.0000,,"(0.0342,0.1065) (0.2113,0.5022) (0.4607,0.8684) (0.2938,1.6687)","LG+I{0.0000}+R4{0.0342,0.1065,0.2113,0.5022,0.4607,0.8684,0.2938,1.6687}"
PF01980,LG+I+R4,0.0257,,"(0.1725,0.1489) (0.2809,0.4764) (0.2388,1.0726) (0.2822,2.0709)","LG+I{0.0257}+R4{0.1725,0.1489,0.2809,0.4764,0.2388,1.0726,0.2822,2.0709}"
PF01985,LG+I+G4,0.0000,2.5010,,LG+I{0.0000}+G4{2.5010}
PF02016,LG+I+R4,0.0099,,"(0.0329,0.0379) (0.1890,0.3658) (0.3193,0.6873) (0.4488,1.5821)","LG+I{0.0099}+R4{0.0329,0.0379,0.1890,0.3658,0.3193,0.6873,0.4488,1.5821}"
PF02036,LG+I+G4,0.0000,3.0163,,LG+I{0.0000}+G4{3.0163}
PF02075,LG+I+G4,0.0206,1.3776,,LG+I{0.0206}+G4{1.3776}
PF02080,LG+I+G4,0.0000,3.1402,,LG+I{0.0000}+G4{3.1402}
PF02082,LG+I+G4,0.0066,1.6034,,LG+I{0.0066}+G4{1.6034}
PF02091,LG+I+G4,0.0723,0.7582,,LG+I{0.0723}+G4{0.7582}
PF02110,LG+I+G4,0.0885,1.8261,,LG+I{0.0885}+G4{1.8261}
PF02120,LG+F+I+R4,0.0000,,"(0.0582,0.1662) (0.1879,0.4594) (0.4274,0.9380) (0.3264,1.5412)","LG+F+I{0.0000}+R4{0.0582,0.1662,0.1879,0.4594,0.4274,0.9380,0.3264,1.5412}"
PF02126,LG+I,0.0255,,,LG+I{0.0255}
PF02129,LG+F+I+G4,0.0157,1.5678,,LG+F+I{0.0157}+G4{1.5678}
PF02132,LG+I+R3,0.0529,,"(0.2581,0.3627) (0.2790,1.0127) (0.4100,1.5216)","LG+I{0.0529}+R3{0.2581,0.3627,0.2790,1.0127,0.4100,1.5216}"
PF02142,LG+I+G4,0.0081,1.3407,,LG+I{0.0081}+G4{1.3407}
PF02152,LG+I+R4,0.0057,,"(0.0456,0.0824) (0.2553,0.3869) (0.2776,0.8575) (0.4158,1.5859)","LG+I{0.0057}+R4{0.0456,0.0824,0.2553,0.3869,0.2776,0.8575,0.4158,1.5859}"
PF02153,LG+I+G4,0.0186,2.5097,,LG+I{0.0186}+G4{2.5097}
PF02195,LG+I+G4,0.0000,0.8127,,LG+I{0.0000}+G4{0.8127}
PF02203,LG+F+I+G4,0.0000,3.3257,,LG+F+I{0.0000}+G4{3.3257}
PF02219,LG+I+G4,0.0217,1.6557,,LG+I{0.0217}+G4{1.6557}
PF02222,LG+I+G4,0.0497,1.2771,,LG+I{0.0497}+G4{1.2771}
PF02223,LG+I+G4,0.0121,1.9386,,LG+I{0.0121}+G4{1.9386}
PF02224,LG+I+G4,0.0569,1.4408,,LG+I{0.0569}+G4{1.4408}
PF02230,LG+I+G4,0.0128,1.6443,,LG+I{0.0128}+G4{1.6443}
PF02237,LG+I+G4,0.0000,1.6995,,LG+I{0.0000}+G4{1.6995}
PF02253,LG+I+R4,0.0207,,"(0.1559,0.1365) (0.2168,0.5193) (0.3741,1.0486) (0.2324,2.0390)","LG+I{0.0207}+R4{0.1559,0.1365,0.2168,0.5193,0.3741,1.0486,0.2324,2.0390}"
PF02254,LG+I+R4,0.0000,,"(0.1705,0.3509) (0.3174,0.6413) (0.1938,0.9751) (0.3183,1.7206)","LG+I{0.0000}+R4{0.1705,0.3509,0.3174,0.6413,0.1938,0.9751,0.3183,1.7206}"
PF02255,LG+I+G4,0.0088,1.0575,,LG+I{0.0088}+G4{1.0575}
PF02261,LG+I+G4,0.0671,0.8139,,LG+I{0.0671}+G4{0.8139}
PF02264,LG+F+I+R4,0.0176,,"(0.0378,0.0726) (0.1701,0.3932) (0.4928,0.8850) (0.2817,1.7544)","LG+F+I{0.0176}+R4{0.0378,0.0726,0.1701,0.3932,0.4928,0.8850,0.2817,1.7544}"
PF02272,LG+I+G4,0.0069,2.4352,,LG+I{0.0069}+G4{2.4352}
PF02277,LG+F+I+R4,0.0023,,"(0.1531,0.1170) (0.2524,0.4211) (0.2952,0.9434) (0.2970,2.0111)","LG+F+I{0.0023}+R4{0.1531,0.1170,0.2524,0.4211,0.2952,0.9434,0.2970,2.0111}"
PF02283,LG+F+I+R4,0.0321,,"(0.1576,0.0949) (0.2134,0.3914) (0.2339,0.8836) (0.3630,1.9142)","LG+F+I{0.0321}+R4{0.1576,0.0949,0.2134,0.3914,0.2339,0.8836,0.3630,1.9142}"
PF02300,LG+F+I+G4,0.0091,1.7335,,LG+F+I{0.0091}+G4{1.7335}
PF02302,LG+I+R4,0.0000,,"(0.0497,0.1037) (0.2119,0.4281) (0.3718,0.8551) (0.3667,1.5988)","LG+I{0.0000}+R4{0.0497,0.1037,0.2119,0.4281,0.3718,0.8551,0.3667,1.5988}"
PF02310,LG+I+R4,0.0000,,"(0.0417,0.1657) (0.3118,0.5402) (0.3662,0.9549) (0.2803,1.6945)","LG+I{0.0000}+R4{0.0417,0.1657,0.3118,0.5402,0.3662,0.9549,0.2803,1.6945}"
PF02311,LG+F+I+R4,0.0059,,"(0.0369,0.1987) (0.2134,0.4883) (0.3780,0.8451) (0.3658,1.5556)","LG+F+I{0.0059}+R4{0.0369,0.1987,0.2134,0.4883,0.3780,0.8451,0.3658,1.5556}"
PF02313,LG+F+I+G4,0.0498,2.0852,,LG+F+I{0.0498}+G4{2.0852}
PF02347,LG+I+G4,0.0653,1.2953,,LG+I{0.0653}+G4{1.2953}
PF02355,LG+F+I+G4,0.0057,1.5017,,LG+F+I{0.0057}+G4{1.5017}
PF02357,LG+I+R4,0.0000,,"(0.0445,0.1493) (0.2237,0.4925) (0.3736,0.8850) (0.3582,1.5426)","LG+I{0.0000}+R4{0.0445,0.1493,0.2237,0.4925,0.3736,0.8850,0.3582,1.5426}"
PF02367,LG+F+I+R4,0.0237,,"(0.0515,0.0543) (0.1527,0.3251) (0.2348,0.6427) (0.5373,1.4827)","LG+F+I{0.0237}+R4{0.0515,0.0543,0.1527,0.3251,0.2348,0.6427,0.5373,1.4827}"
PF02368,LG+I+G4,0.0000,2.2652,,LG+I{0.0000}+G4{2.2652}
PF02369,LG+I+R4,0.0073,,"(0.1467,0.2971) (0.3909,0.8071) (0.3935,1.2773) (0.0617,2.2424)","LG+I{0.0073}+R4{0.1467,0.2971,0.3909,0.8071,0.3935,1.2773,0.0617,2.2424}"
PF02397,LG+F+I+R4,0.0000,,"(0.1307,0.0624) (0.1809,0.3987) (0.2658,0.9142) (0.4226,1.6014)","LG+F+I{0.0000}+R4{0.1307,0.0624,0.1809,0.3987,0.2658,0.9142,0.4226,1.6014}"
PF02403,LG+F+I+R4,0.0000,,"(0.0406,0.0603) (0.2012,0.3398) (0.3313,0.8263) (0.4268,1.5356)","LG+F+I{0.0000}+R4{0.0406,0.0603,0.2012,0.3398,0.3313,0.8263,0.4268,1.5356}"
PF02421,LG+I+G4,0.0308,1.0686,,LG+I{0.0308}+G4{1.0686}
PF02441,LG+I+G4,0.0000,1.6066,,LG+I{0.0000}+G4{1.6066}
PF02446,LG+F+I+R4,0.0097,,"(0.0820,0.0854) (0.2106,0.3552) (0.2712,0.8122) (0.4265,1.6364)","LG+F+I{0.0097}+R4{0.0820,0.0854,0.2106,0.3552,0.2712,0.8122,0.4265,1.6364}"
PF02452,LG+I+G4,0.0000,1.9649,,LG+I{0.0000}+G4{1.9649}
PF02463,LG+F+I+R4,0.0081,,"(0.0468,0.0346) (0.1505,0.1294) (0.2569,0.3726) (0.5376,1.6427)","LG+F+I{0.0081}+R4{0.0468,0.0346,0.1505,0.1294,0.2569,0.3726,0.5376,1.6427}"
PF02470,LG+I+R4,0.0072,,"(0.0236,0.1079) (0.3357,0.4308) (0.2900,0.9846) (0.3435,1.6516)","LG+I{0.0072}+R4{0.0236,0.1079,0.3357,0.4308,0.2900,0.9846,0.3435,1.6516}"
PF02481,LG+I+G4,0.0485,1.4998,,LG+I{0.0485}+G4{1.4998}
PF02491,LG+I+G4,0.0000,1.7371,,LG+I{0.0000}+G4{1.7371}
PF02492,LG+I+R4,0.0113,,"(0.0749,0.0562) (0.1464,0.3005) (0.3359,0.6189) (0.4314,1.7244)","LG+I{0.0113}+R4{0.0749,0.0562,0.1464,0.3005,0.3359,0.6189,0.4314,1.7244}"
PF02501,LG+F+I+R4,0.0000,,"(0.0394,0.0643) (0.0660,0.3061) (0.4212,0.6988) (0.4734,1.4427)","LG+F+I{0.0000}+R4{0.0394,0.0643,0.0660,0.3061,0.4212,0.6988,0.4734,1.4427}"
PF02503,LG+I+R4,0.0000,,"(0.1666,0.1868) (0.3511,0.5079) (0.1739,1.0320) (0.3083,1.9817)","LG+I{0.0000}+R4{0.1666,0.1868,0.3511,0.5079,0.1739,1.0320,0.3083,1.9817}"
PF02518,LG+I+R4,0.0000,,"(0.0867,0.2004) (0.2084,0.4736) (0.3091,0.8378) (0.3958,1.5790)","LG+I{0.0000}+R4{0.0867,0.2004,0.2084,0.4736,0.3091,0.8378,0.3958,1.5790}"
PF02525,LG+F+I+R4,0.0000,,"(0.0940,0.2597) (0.2122,0.5335) (0.3457,0.8881) (0.3481,1.5953)","LG+F+I{0.0000}+R4{0.0940,0.2597,0.2122,0.5335,0.3457,0.8881,0.3481,1.5953}"
PF02540,LG+I+G4,0.0621,1.5999,,LG+I{0.0621}+G4{1.5999}
PF02545,LG+I+R4,0.0107,,"(0.0840,0.0821) (0.1734,0.3227) (0.2536,0.7673) (0.4783,1.5525)","LG+I{0.0107}+R4{0.0840,0.0821,0.1734,0.3227,0.2536,0.7673,0.4783,1.5525}"
PF02550,LG+I+G4,0.0001,3.0521,,LG+I{0.0001}+G4{3.0521}
PF02551,LG+I+G4,0.0329,2.5880,,LG+I{0.0329}+G4{2.5880}
PF02554,LG+F+I+R4,0.0115,,"(0.1786,0.1071) (0.3462,0.4604) (0.3253,1.1350) (0.1384,3.2677)","LG+F+I{0.0115}+R4{0.1786,0.1071,0.3462,0.4604,0.3253,1.1350,0.1384,3.2677}"
PF02558,LG+I+R4,0.0021,,"(0.0397,0.0576) (0.2794,0.3846) (0.3013,0.8271) (0.3776,1.6979)","LG+I{0.0021}+R4{0.0397,0.0576,0.2794,0.3846,0.3013,0.8271,0.3776,1.6979}"
PF02559,LG+I+R4,0.0118,,"(0.2047,0.2782) (0.1804,0.5714) (0.3752,1.1175) (0.2279,1.8463)","LG+I{0.0118}+R4{0.2047,0.2782,0.1804,0.5714,0.3752,1.1175,0.2279,1.8463}"
PF02560,LG+I+G4,0.1325,1.0761,,LG+I{0.1325}+G4{1.0761}
PF02562,LG+I+G4,0.0428,0.9591,,LG+I{0.0428}+G4{0.9591}
PF02572,LG+I+R4,0.0119,,"(0.1427,0.1017) (0.2214,0.4425) (0.3217,0.9817) (0.3023,1.8911)","LG+I{0.0119}+R4{0.1427,0.1017,0.2214,0.4425,0.3217,0.9817,0.3023,1.8911}"
PF02576,LG+I+G4,0.0162,1.6568,,LG+I{0.0162}+G4{1.6568}
PF02581,LG+I+R4,0.0000,,"(0.1130,0.1301) (0.2907,0.4234) (0.2466,0.9905) (0.3498,1.7669)","LG+I{0.0000}+R4{0.1130,0.1301,0.2907,0.4234,0.2466,0.9905,0.3498,1.7669}"
PF02589,LG+I+G4,0.0018,2.3157,,LG+I{0.0018}+G4{2.3157}
PF02594,LG+I+R4,0.0143,,"(0.0435,0.0366) (0.2457,0.4316) (0.3429,0.8449) (0.3536,1.7040)","LG+I{0.0143}+R4{0.0435,0.0366,0.2457,0.4316,0.3429,0.8449,0.3536,1.7040}"
PF02597,LG+I+R4,0.0105,,"(0.0974,0.1674) (0.2179,0.4203) (0.2716,0.9465) (0.4025,1.5775)","LG+I{0.0105}+R4{0.0974,0.1674,0.2179,0.4203,0.2716,0.9465,0.4025,1.5775}"
PF02604,LG+I+G4,0.0000,2.9738,,LG+I{0.0000}+G4{2.9738}
PF02607,LG+I+R4,0.0000,,"(0.1998,0.2781) (0.3004,0.5859) (0.3675,1.3240) (0.1322,2.1311)","LG+I{0.0000}+R4{0.1998,0.2781,0.3004,0.5859,0.3675,1.3240,0.1322,2.1311}"
PF02610,LG+I+G4,0.1331,0.8734,,LG+I{0.1331}+G4{0.8734}
PF02614,LG+I+G4,0.0696,1.1678,,LG+I{0.0696}+G4{1.1678}
PF02625,LG+I+R4,0.0000,,"(0.1257,0.1763) (0.2604,0.3971) (0.2173,0.9277) (0.3966,1.6966)","LG+I{0.0000}+R4{0.1257,0.1763,0.2604,0.3971,0.2173,0.9277,0.3966,1.6966}"
PF02629,LG+I+G4,0.0093,2.4997,,LG+I{0.0093}+G4{2.4997}
PF02631,LG+I+R4,0.0000,,"(0.2259,0.1919) (0.3626,0.6500) (0.2548,1.3386) (0.1568,2.4235)","LG+I{0.0000}+R4{0.2259,0.1919,0.3626,0.6500,0.2548,1.3386,0.1568,2.4235}"
PF02635,LG+I+G4,0.0000,3.9029,,LG+I{0.0000}+G4{3.9029}
PF02638,LG+I+G4,0.0346,3.3215,,LG+I{0.0346}+G4{3.3215}
PF02668,LG+F+I+R4,0.0000,,"(0.0385,0.0879) (0.1858,0.3995) (0.3809,0.8407) (0.3948,1.5251)","LG+F+I{0.0000}+R4{0.0385,0.0879,0.1858,0.3995,0.3809,0.8407,0.3948,1.5251}"
PF02683,LG+F+I+R4,0.0133,,"(0.2704,0.1124) (0.3433,0.5280) (0.2364,1.4025) (0.1367,3.3426)","LG+F+I{0.0133}+R4{0.2704,0.1124,0.3433,0.5280,0.2364,1.4025,0.1367,3.3426}"
PF02687,LG+F+I+G4,0.0068,4.3054,,LG+F+I{0.0068}+G4{4.3054}
PF02698,LG+F+I+R4,0.0000,,"(0.0579,0.1038) (0.1520,0.3456) (0.3924,0.8205) (0.3978,1.5575)","LG+F+I{0.0000}+R4{0.0579,0.1038,0.1520,0.3456,0.3924,0.8205,0.3978,1.5575}"
PF02702,LG+F+I+R4,0.0199,,"(0.2092,0.1117) (0.3036,0.4832) (0.3064,1.2885) (0.1608,2.7057)","LG+F+I{0.0199}+R4{0.2092,0.1117,0.3036,0.4832,0.3064,1.2885,0.1608,2.7057}"
PF02705,LG+F+I+G4,0.0106,0.8732,,LG+F+I{0.0106}+G4{0.8732}
PF02727,LG+I+G4,0.0003,2.2553,,LG+I{0.0003}+G4{2.2553}
PF02728,LG+I+R2,0.0167,,"(0.7500,0.6644) (0.2334,2.1498)","LG+I{0.0167}+R2{0.7500,0.6644,0.2334,2.1498}"
PF02729,LG+I+R4,0.0000,,"(0.1077,0.0434) (0.1579,0.3093) (0.4199,0.7487) (0.3145,2.0096)","LG+I{0.0000}+R4{0.1077,0.0434,0.1579,0.3093,0.4199,0.7487,0.3145,2.0096}"
PF02730,LG+I+R4,0.0000,,"(0.1176,0.1507) (0.2693,0.5287) (0.3048,0.9772) (0.3083,1.7583)","LG+I{0.0000}+R4{0.1176,0.1507,0.2693,0.5287,0.3048,0.9772,0.3083,1.7583}"
PF02737,LG+I+R4,0.0263,,"(0.0667,0.0785) (0.1459,0.3160) (0.3807,0.8283) (0.3805,1.6647)","LG+I{0.0263}+R4{0.0667,0.0785,0.1459,0.3160,0.3807,0.8283,0.3805,1.6647}"
PF02738,LG+F+I+R4,0.0079,,"(0.1014,0.1376) (0.2664,0.5526) (0.3913,1.0401) (0.2330,1.8534)","LG+F+I{0.0079}+R4{0.1014,0.1376,0.2664,0.5526,0.3913,1.0401,0.2330,1.8534}"
PF02739,LG+I+R4,0.0200,,"(0.0337,0.0285) (0.2073,0.3412) (0.2893,0.7918) (0.4497,1.5550)","LG+I{0.0200}+R4{0.0337,0.0285,0.2073,0.3412,0.2893,0.7918,0.4497,1.5550}"
PF02742,LG+I+R4,0.0000,,"(0.1519,0.1477) (0.3473,0.4555) (0.2753,1.1367) (0.2255,2.2456)","LG+I{0.0000}+R4{0.1519,0.1477,0.3473,0.4555,0.2753,1.1367,0.2255,2.2456}"
PF02744,LG+I+G4,0.0070,1.4847,,LG+I{0.0070}+G4{1.4847}
PF02746,LG+I+G4,0.0473,4.2936,,LG+I{0.0473}+G4{4.2936}
PF02748,LG+I+G4,0.0909,1.4455,,LG+I{0.0909}+G4{1.4455}
PF02749,LG+I+R4,0.0000,,"(0.1118,0.0950) (0.3216,0.4904) (0.2407,1.0346) (0.3259,1.7876)","LG+I{0.0000}+R4{0.1118,0.0950,0.3216,0.4904,0.2407,1.0346,0.3259,1.7876}"
PF02753,LG+I+G4,0.0405,1.8131,,LG+I{0.0405}+G4{1.8131}
PF02754,LG+I+R4,0.0268,,"(0.0218,0.0455) (0.2541,0.4968) (0.4454,1.0159) (0.2520,1.6682)","LG+I{0.0268}+R4{0.0218,0.0455,0.2541,0.4968,0.4454,1.0159,0.2520,1.6682}"
PF02767,LG+I+G4,0.0270,1.9282,,LG+I{0.0270}+G4{1.9282}
PF02768,LG+I+G4,0.0002,2.8583,,LG+I{0.0002}+G4{2.8583}
PF02769,LG+I+R4,0.0000,,"(0.0457,0.1209) (0.2049,0.3900) (0.3452,0.7741) (0.4042,1.6016)","LG+I{0.0000}+R4{0.0457,0.1209,0.2049,0.3900,0.3452,0.7741,0.4042,1.6016}"
PF02770,LG+I+G4,0.0082,2.0455,,LG+I{0.0082}+G4{2.0455}
PF02771,LG+F+I+G4,0.0000,2.4653,,LG+F+I{0.0000}+G4{2.4653}
PF02772,LG+I+R4,0.0208,,"(0.1461,0.0700) (0.1623,0.3665) (0.1904,0.7678) (0.4804,1.6322)","LG+I{0.0208}+R4{0.1461,0.0700,0.1623,0.3665,0.1904,0.7678,0.4804,1.6322}"
PF02773,LG+I+G4,0.0176,0.5751,,LG+I{0.0176}+G4{0.5751}
PF02774,LG+I+G4,0.0074,1.9701,,LG+I{0.0074}+G4{1.9701}
PF02775,LG+I+G4,0.0000,1.6057,,LG+I{0.0000}+G4{1.6057}
PF02776,LG+F+I+G4,0.0000,1.8693,,LG+F+I{0.0000}+G4{1.8693}
PF02777,LG+I+R4,0.0000,,"(0.2078,0.1226) (0.3025,0.5076) (0.2436,1.2243) (0.2462,2.1235)","LG+I{0.0000}+R4{0.2078,0.1226,0.3025,0.5076,0.2436,1.2243,0.2462,2.1235}"
PF02779,LG+F+I+R4,0.0031,,"(0.1219,0.1828) (0.4895,0.5561) (0.3090,1.3741) (0.0764,3.6766)","LG+F+I{0.0031}+R4{0.1219,0.1828,0.4895,0.5561,0.3090,1.3741,0.0764,3.6766}"
PF02780,LG+I+G4,0.0000,2.3113,,LG+I{0.0000}+G4{2.3113}
PF02781,LG+I+R4,0.0113,,"(0.1698,0.1169) (0.2958,0.4582) (0.2589,1.0339) (0.2642,2.1837)","LG+I{0.0113}+R4{0.1698,0.1169,0.2958,0.4582,0.2589,1.0339,0.2642,2.1837}"
PF02782,LG+I+R4,0.0079,,"(0.0588,0.1486) (0.4831,0.4743) (0.3571,1.0668) (0.0931,4.0953)","LG+I{0.0079}+R4{0.0588,0.1486,0.4831,0.4743,0.3571,1.0668,0.0931,4.0953}"
PF02784,LG+I+G4,0.0415,2.2662,,LG+I{0.0415}+G4{2.2662}
PF02785,LG+I+G4,0.0342,1.2548,,LG+I{0.0342}+G4{1.2548}
PF02786,LG+I+G4,0.0220,1.3508,,LG+I{0.0220}+G4{1.3508}
PF02787,LG+I+R4,0.0000,,"(0.1456,0.1463) (0.2856,0.4764) (0.3106,1.0398) (0.2582,2.0129)","LG+I{0.0000}+R4{0.1456,0.1463,0.2856,0.4764,0.3106,1.0398,0.2582,2.0129}"
PF02789,LG+I+G4,0.0000,3.9374,,LG+I{0.0000}+G4{3.9374}
PF02796,LG+I+G4,0.0002,1.6942,,LG+I{0.0002}+G4{1.6942}
PF02798,LG+I+R3,0.0000,,"(0.0776,0.0759) (0.4679,0.6623) (0.4545,1.5054)","LG+I{0.0000}+R3{0.0776,0.0759,0.4679,0.6623,0.4545,1.5054}"
PF02800,LG+I+G4,0.0014,1.2430,,LG+I{0.0014}+G4{1.2430}
PF02801,LG+I+R4,0.0068,,"(0.0843,0.1047) (0.4112,0.5157) (0.2850,1.0699) (0.2128,2.2287)","LG+I{0.0068}+R4{0.0843,0.1047,0.4112,0.5157,0.2850,1.0699,0.2128,2.2287}"
PF02803,LG+I+G4,0.0775,1.8048,,LG+I{0.0775}+G4{1.8048}
PF02806,LG+I+R4,0.0000,,"(0.0145,0.0460) (0.2472,0.4240) (0.3956,0.8303) (0.3427,1.6517)","LG+I{0.0000}+R4{0.0145,0.0460,0.2472,0.4240,0.3956,0.8303,0.3427,1.6517}"
PF02810,LG+I+G4,0.1577,0.9817,,LG+I{0.1577}+G4{0.9817}
PF02812,LG+I+G4,0.0070,1.1608,,LG+I{0.0070}+G4{1.1608}
PF02823,LG+I+G4,0.0110,2.2856,,LG+I{0.0110}+G4{2.2856}
PF02824,LG+I+G4,0.0000,2.8135,,LG+I{0.0000}+G4{2.8135}
PF02826,LG+I+R4,0.0042,,"(0.0421,0.0554) (0.2139,0.3400) (0.3587,0.7965) (0.3811,1.6774)","LG+I{0.0042}+R4{0.0421,0.0554,0.2139,0.3400,0.3587,0.7965,0.3811,1.6774}"
PF02836,LG+I+G4,0.0536,2.1105,,LG+I{0.0536}+G4{2.1105}
PF02837,LG+I,0.0943,,,LG+I{0.0943}
PF02843,LG+I+R4,0.0070,,"(0.1308,0.0729) (0.1782,0.3170) (0.1830,0.7291) (0.5010,1.5980)","LG+I{0.0070}+R4{0.1308,0.0729,0.1782,0.3170,0.1830,0.7291,0.5010,1.5980}"
PF02844,LG+I+R4,0.0000,,"(0.1570,0.0942) (0.2481,0.4050) (0.2827,0.9839) (0.3122,1.9428)","LG+I{0.0000}+R4{0.1570,0.0942,0.2481,0.4050,0.2827,0.9839,0.3122,1.9428}"
PF02852,LG+I+G4,0.0080,2.0725,,LG+I{0.0080}+G4{2.0725}
PF02863,LG+I+G4,0.0000,1.2085,,LG+I{0.0000}+G4{1.2085}
PF02866,LG+I+G4,0.0346,2.0279,,LG+I{0.0346}+G4{2.0279}
PF02870,LG+I+G4,0.0000,2.4873,,LG+I{0.0000}+G4{2.4873}
PF02872,LG+I+G4,0.0040,2.6645,,LG+I{0.0040}+G4{2.6645}
PF02873,LG+I+G4,0.0000,0.8457,,LG+I{0.0000}+G4{0.8457}
PF02874,LG+I+G4,0.0000,2.1952,,LG+I{0.0000}+G4{2.1952}
PF02875,LG+I+R4,0.0042,,"(0.1172,0.1443) (0.2152,0.4336) (0.2014,0.7994) (0.4620,1.5776)","LG+I{0.0042}+R4{0.1172,0.1443,0.2152,0.4336,0.2014,0.7994,0.4620,1.5776}"
PF02878,LG+I+R4,0.0060,,"(0.0912,0.0957) (0.2634,0.3856) (0.2770,0.8518) (0.3625,1.8035)","LG+I{0.0060}+R4{0.0912,0.0957,0.2634,0.3856,0.2770,0.8518,0.3625,1.8035}"
PF02879,LG+I+R4,0.0000,,"(0.0395,0.0617) (0.1595,0.3382) (0.3930,0.7474) (0.4080,1.5929)","LG+I{0.0000}+R4{0.0395,0.0617,0.1595,0.3382,0.3930,0.7474,0.4080,1.5929}"
PF02880,LG+I+R4,0.0157,,"(0.1703,0.1325) (0.3033,0.5585) (0.2996,1.0809) (0.2112,2.2929)","LG+I{0.0157}+R4{0.1703,0.1325,0.3033,0.5585,0.2996,1.0809,0.2112,2.2929}"
PF02881,LG+I+R4,0.0000,,"(0.0228,0.0242) (0.2597,0.4361) (0.4847,0.9979) (0.2328,1.7291)","LG+I{0.0000}+R4{0.0228,0.0242,0.2597,0.4361,0.4847,0.9979,0.2328,1.7291}"
PF02882,LG+I+G4,0.0405,1.1279,,LG+I{0.0405}+G4{1.1279}
PF02885,LG+I+R4,0.0000,,"(0.2032,0.2994) (0.3249,0.5885) (0.1795,1.0921) (0.2924,1.8877)","LG+I{0.0000}+R4{0.2032,0.2994,0.3249,0.5885,0.1795,1.0921,0.2924,1.8877}"
PF02887,LG+I+R4,0.0048,,"(0.2096,0.2828) (0.2893,0.6278) (0.2246,1.0843) (0.2718,1.8973)","LG+I{0.0048}+R4{0.2096,0.2828,0.2893,0.6278,0.2246,1.0843,0.2718,1.8973}"
PF02894,LG+I+R3,0.0054,,"(0.0548,0.1767) (0.3509,0.6039) (0.5888,1.3219)","LG+I{0.0054}+R3{0.0548,0.1767,0.3509,0.6039,0.5888,1.3219}"
PF02895,LG+I+G4,0.0000,1.1678,,LG+I{0.0000}+G4{1.1678}
PF02896,LG+I+G4,0.0587,2.0357,,LG+I{0.0587}+G4{2.0357}
PF02899,LG+I+G4,0.0000,2.1201,,LG+I{0.0000}+G4{2.1201}
PF02900,LG+I+G4,0.0120,2.4400,,LG+I{0.0120}+G4{2.4400}
PF02902,LG+I+R3,0.0000,,"(0.0810,0.1817) (0.4528,0.6476) (0.4662,1.4844)","LG+I{0.0000}+R3{0.0810,0.1817,0.4528,0.6476,0.4662,1.4844}"
PF02903,LG+I+G4,0.0235,1.6741,,LG+I{0.0235}+G4{1.6741}
PF02910,LG+I+R4,0.0057,,"(0.1095,0.0581) (0.2546,0.3961) (0.3201,0.9211) (0.3100,1.9288)","LG+I{0.0057}+R4{0.1095,0.0581,0.2546,0.3961,0.3201,0.9211,0.3100,1.9288}"
PF02911,LG+I+G4,0.0000,2.0134,,LG+I{0.0000}+G4{2.0134}
PF02912,LG+F+I+R4,0.0000,,"(0.1451,0.1636) (0.2720,0.5189) (0.2977,0.9920) (0.2852,1.8926)","LG+F+I{0.0000}+R4{0.1451,0.1636,0.2720,0.5189,0.2977,0.9920,0.2852,1.8926}"
PF02913,LG+F+I+R4,0.0027,,"(0.0507,0.0855) (0.1299,0.3355) (0.3439,0.7298) (0.4728,1.4828)","LG+F+I{0.0027}+R4{0.0507,0.0855,0.1299,0.3355,0.3439,0.7298,0.4728,1.4828}"
PF02914,,,,,
PF02922,LG+I+G4,0.0000,1.7985,,LG+I{0.0000}+G4{1.7985}
PF02924,LG+F+I+G4,0.0000,2.2623,,LG+F+I{0.0000}+G4{2.2623}
PF02926,LG+I+G4,0.0000,2.1913,,LG+I{0.0000}+G4{2.1913}
PF02929,LG+I+R4,0.0014,,"(0.0543,0.0993) (0.1399,0.3860) (0.2690,0.7311) (0.5354,1.3894)","LG+I{0.0014}+R4{0.0543,0.0993,0.1399,0.3860,0.2690,0.7311,0.5354,1.3894}"
PF02938,LG+I+G4,0.0000,3.0440,,LG+I{0.0000}+G4{3.0440}
PF02951,LG+I+R4,0.0256,,"(0.0870,0.1107) (0.3218,0.3645) (0.2178,0.8498) (0.3478,1.9781)","LG+I{0.0256}+R4{0.0870,0.1107,0.3218,0.3645,0.2178,0.8498,0.3478,1.9781}"
PF02952,LG+I+G4,0.0230,2.3455,,LG+I{0.0230}+G4{2.3455}
PF02954,LG+I+G4,0.0000,1.8653,,LG+I{0.0000}+G4{1.8653}
PF02955,LG+I+G4,0.0943,1.5486,,LG+I{0.0943}+G4{1.5486}
PF02962,LG+I+G4,0.0277,1.3159,,LG+I{0.0277}+G4{1.3159}
PF02965,LG+I+R4,0.0022,,"(0.1431,0.0498) (0.2093,0.3085) (0.2215,0.7785) (0.4239,1.7831)","LG+I{0.0022}+R4{0.1431,0.0498,0.2093,0.3085,0.2215,0.7785,0.4239,1.7831}"
PF02976,LG+I+G4,0.0321,1.3531,,LG+I{0.0321}+G4{1.3531}
PF02978,LG+F+I+R4,0.0040,,"(0.0764,0.1012) (0.1192,0.3946) (0.2138,0.7759) (0.5866,1.3286)","LG+F+I{0.0040}+R4{0.0764,0.1012,0.1192,0.3946,0.2138,0.7759,0.5866,1.3286}"
PF03054,LG+I+G4,0.0967,1.4115,,LG+I{0.0967}+G4{1.4115}
PF03061,LG+I+G4,0.0000,2.0569,,LG+I{0.0000}+G4{2.0569}
PF03091,LG+I+R4,0.0097,,"(0.1778,0.1360) (0.2915,0.5760) (0.3159,1.2047) (0.2051,2.0835)","LG+I{0.0097}+R4{0.1778,0.1360,0.2915,0.5760,0.3159,1.2047,0.2051,2.0835}"
PF03099,LG+I+G4,0.0122,1.9534,,LG+I{0.0122}+G4{1.9534}
PF03100,LG+I+R4,0.0137,,"(0.2016,0.1299) (0.2397,0.4804) (0.2499,1.1217) (0.2952,1.9594)","LG+I{0.0137}+R4{0.2016,0.1299,0.2397,0.4804,0.2499,1.1217,0.2952,1.9594}"
PF03109,LG+I+R4,0.0000,,"(0.0647,0.0206) (0.1891,0.2972) (0.3718,0.7962) (0.3745,1.7265)","LG+I{0.0000}+R4{0.0647,0.0206,0.1891,0.2972,0.3718,0.7962,0.3745,1.7265}"
PF03118,LG+I+G4,0.0000,1.1473,,LG+I{0.0000}+G4{1.1473}
PF03119,LG+I+G4,0.1587,2.1283,,LG+I{0.1587}+G4{2.1283}
PF03120,LG+I+G4,0.0107,0.8796,,LG+I{0.0107}+G4{0.8796}
PF03123,LG+I+G4,0.0091,1.0115,,LG+I{0.0091}+G4{1.0115}
PF03129,LG+I+G4,0.0000,3.2668,,LG+I{0.0000}+G4{3.2668}
PF03143,LG+I+G4,0.0294,1.8611,,LG+I{0.0294}+G4{1.8611}
PF03144,LG+I+G4,0.0101,2.2932,,LG+I{0.0101}+G4{2.2932}
PF03147,LG+I+R4,0.0000,,"(0.1187,0.1331) (0.2427,0.5114) (0.3317,0.9850) (0.3069,1.7379)","LG+I{0.0000}+R4{0.1187,0.1331,0.2427,0.5114,0.3317,0.9850,0.3069,1.7379}"
PF03167,LG+I+R4,0.0000,,"(0.0778,0.1738) (0.1636,0.4194) (0.3336,0.8020) (0.4251,1.5300)","LG+I{0.0000}+R4{0.0778,0.1738,0.1636,0.4194,0.3336,0.8020,0.4251,1.5300}"
PF03193,LG+I+R4,0.0366,,"(0.1015,0.0614) (0.2474,0.3710) (0.3165,0.9210) (0.2981,2.0482)","LG+I{0.0366}+R4{0.1015,0.0614,0.2474,0.3710,0.3165,0.9210,0.2981,2.0482}"
PF03205,LG+I+G4,0.0553,1.0908,,LG+I{0.0553}+G4{1.0908}
PF03235,LG+F+I+R4,0.0000,,"(0.0324,0.0286) (0.0976,0.2281) (0.2663,0.6050) (0.6037,1.3512)","LG+F+I{0.0000}+R4{0.0324,0.0286,0.0976,0.2281,0.2663,0.6050,0.6037,1.3512}"
PF03237,LG+I+R3,0.0000,,"(0.0337,0.0895) (0.4801,0.5868) (0.4862,1.4711)","LG+I{0.0000}+R3{0.0337,0.0895,0.4801,0.5868,0.4862,1.4711}"
PF03245,LG+I+G4,0.0165,2.4120,,LG+I{0.0165}+G4{2.4120}
PF03308,LG+I+G4,0.0855,1.3768,,LG+I{0.0855}+G4{1.3768}
PF03313,LG+I+R4,0.0069,,"(0.1359,0.1169) (0.2083,0.3633) (0.2108,0.8303) (0.4382,1.6738)","LG+I{0.0069}+R4{0.1359,0.1169,0.2083,0.3633,0.2108,0.8303,0.4382,1.6738}"
PF03315,LG+I+R4,0.0144,,"(0.1199,0.0180) (0.1705,0.2643) (0.2429,0.7150) (0.4523,1.7224)","LG+I{0.0144}+R4{0.1199,0.0180,0.1705,0.2643,0.2429,0.7150,0.4523,1.7224}"
PF03319,LG+I+R4,0.0132,,"(0.0735,0.0902) (0.2391,0.3071) (0.2068,0.7056) (0.4674,1.6559)","LG+I{0.0132}+R4{0.0735,0.0902,0.2391,0.3071,0.2068,0.7056,0.4674,1.6559}"
PF03328,LG+I+G4,0.0279,3.4678,,LG+I{0.0279}+G4{3.4678}
PF03330,LG+I+G4,0.0000,2.1270,,LG+I{0.0000}+G4{2.1270}
PF03358,LG+F+I+G4,0.0000,2.1083,,LG+F+I{0.0000}+G4{2.1083}
PF03372,LG+F+I+R4,0.0000,,"(0.0109,0.0164) (0.1118,0.2739) (0.2669,0.6978) (0.6104,1.2827)","LG+F+I{0.0000}+R4{0.0109,0.0164,0.1118,0.2739,0.2669,0.6978,0.6104,1.2827}"
PF03432,LG+I+R4,0.0000,,"(0.0225,0.0238) (0.1423,0.2971) (0.2890,0.6664) (0.5462,1.3999)","LG+I{0.0000}+R4{0.0225,0.0238,0.1423,0.2971,0.2890,0.6664,0.5462,1.3999}"
PF03441,LG+I+R4,0.0065,,"(0.1696,0.1097) (0.2647,0.4260) (0.2227,0.9960) (0.3364,1.9224)","LG+I{0.0065}+R4{0.1696,0.1097,0.2647,0.4260,0.2227,0.9960,0.3364,1.9224}"
PF03446,LG+I+R4,0.0145,,"(0.0918,0.1152) (0.2750,0.4427) (0.3322,0.9490) (0.2865,1.9281)","LG+I{0.0145}+R4{0.0918,0.1152,0.2750,0.4427,0.3322,0.9490,0.2865,1.9281}"
PF03447,LG+I+G4,0.0063,2.0720,,LG+I{0.0063}+G4{2.0720}
PF03449,LG+F+I+G4,0.0000,1.2841,,LG+F+I{0.0000}+G4{1.2841}
PF03450,LG+I+G4,0.0000,2.3759,,LG+I{0.0000}+G4{2.3759}
PF03454,LG+I+G4,0.0000,1.6501,,LG+I{0.0000}+G4{1.6501}
PF03458,LG+F+I+R4,0.0120,,"(0.0915,0.1455) (0.3096,0.5032) (0.3947,1.0041) (0.1923,2.2600)","LG+F+I{0.0120}+R4{0.0915,0.1455,0.3096,0.5032,0.3947,1.0041,0.1923,2.2600}"
PF03459,LG+I+G4,0.0000,1.9804,,LG+I{0.0000}+G4{1.9804}
PF03461,LG+I+R4,0.0101,,"(0.1050,0.1232) (0.2379,0.4337) (0.3313,0.9846) (0.3157,1.7667)","LG+I{0.0101}+R4{0.1050,0.1232,0.2379,0.4337,0.3313,0.9846,0.3157,1.7667}"
PF03462,LG+I+R4,0.0221,,"(0.1837,0.1263) (0.2948,0.5589) (0.2673,1.1806) (0.2321,2.1388)","LG+I{0.0221}+R4{0.1837,0.1263,0.2948,0.5589,0.2673,1.1806,0.2321,2.1388}"
PF03471,LG+F+I+R4,0.0000,,"(0.0578,0.1818) (0.1963,0.5215) (0.4173,0.9308) (0.3286,1.5176)","LG+F+I{0.0000}+R4{0.0578,0.1818,0.1963,0.5215,0.4173,0.9308,0.3286,1.5176}"
PF03472,LG+F+I+R4,0.0000,,"(0.0672,0.2160) (0.2551,0.5411) (0.2900,0.9345) (0.3877,1.4868)","LG+F+I{0.0000}+R4{0.0672,0.2160,0.2551,0.5411,0.2900,0.9345,0.3877,1.4868}"
PF03473,LG+F+I+R4,0.0000,,"(0.0514,0.0802) (0.1574,0.3709) (0.3210,0.7103) (0.4702,1.5090)","LG+F+I{0.0000}+R4{0.0514,0.0802,0.1574,0.3709,0.3210,0.7103,0.4702,1.5090}"
PF03475,LG+F+I+G4,0.0000,3.0225,,LG+F+I{0.0000}+G4{3.0225}
PF03476,LG+I+G4,0.0531,2.3678,,LG+I{0.0531}+G4{2.3678}
PF03477,LG+I+G4,0.0000,1.5768,,LG+I{0.0000}+G4{1.5768}
PF03479,LG+I+R4,0.0054,,"(0.0711,0.2304) (0.3543,0.5859) (0.2510,1.0047) (0.3183,1.6462)","LG+I{0.0054}+R4{0.0711,0.2304,0.3543,0.5859,0.2510,1.0047,0.3183,1.6462}"
PF03483,LG+I+R4,0.0000,,"(0.1842,0.2117) (0.3325,0.5557) (0.2932,1.1998) (0.1901,2.2325)","LG+I{0.0000}+R4{0.1842,0.2117,0.3325,0.5557,0.2932,1.1998,0.1901,2.2325}"
PF03484,LG+I+R4,0.0000,,"(0.0941,0.0591) (0.2858,0.4005) (0.2163,0.7959) (0.4037,1.7530)","LG+I{0.0000}+R4{0.0941,0.0591,0.2858,0.4005,0.2163,0.7959,0.4037,1.7530}"
PF03485,LG+I+G4,0.0000,1.2715,,LG+I{0.0000}+G4{1.2715}
PF03486,LG+I+G4,0.0215,1.2270,,LG+I{0.0215}+G4{1.2270}
PF03544,LG+I+G4,0.0000,1.8335,,LG+I{0.0000}+G4{1.8335}
PF03548,LG+F+I+G4,0.0169,2.9425,,LG+F+I{0.0169}+G4{2.9425}
PF03550,LG+F+I+R4,0.0043,,"(0.0812,0.1739) (0.1988,0.4591) (0.2330,0.8119) (0.4827,1.4613)","LG+F+I{0.0043}+R4{0.0812,0.1739,0.1988,0.4591,0.2330,0.8119,0.4827,1.4613}"
PF03551,LG+I+R3,0.0009,,"(0.1204,0.0938) (0.4760,0.6526) (0.4027,1.6838)","LG+I{0.0009}+R3{0.1204,0.0938,0.4760,0.6526,0.4027,1.6838}"
PF03562,LG+F+I+R4,0.0104,,"(0.0652,0.0736) (0.2068,0.3655) (0.3722,0.9145) (0.3453,1.6772)","LG+F+I{0.0104}+R4{0.0652,0.0736,0.2068,0.3655,0.3722,0.9145,0.3453,1.6772}"
PF03575,LG+I+G4,0.0296,2.1451,,LG+I{0.0296}+G4{2.1451}
PF03589,LG+I+G4,0.0000,1.9893,,LG+I{0.0000}+G4{1.9893}
PF03590,LG+I+G4,0.0988,1.0269,,LG+I{0.0988}+G4{1.0269}
PF03594,LG+F+I+G4,0.0016,2.3632,,LG+F+I{0.0016}+G4{2.3632}
PF03621,LG+I+G4,0.0118,1.1944,,LG+I{0.0118}+G4{1.1944}
PF03629,LG+I+R4,0.0243,,"(0.0815,0.0828) (0.3296,0.3878) (0.2710,1.0805) (0.2935,1.9506)","LG+I{0.0243}+R4{0.0815,0.0828,0.3296,0.3878,0.2710,1.0805,0.2935,1.9506}"
PF03633,LG+I+G4,0.0000,2.3438,,LG+I{0.0000}+G4{2.3438}
PF03658,LG+I+G4,0.0226,1.1766,,LG+I{0.0226}+G4{1.1766}
PF03668,LG+I,0.1428,,,LG+I{0.1428}
PF03693,LG+I,0.3040,,,LG+I{0.3040}
PF03695,LG+F+I+R4,0.0037,,"(0.0295,0.1277) (0.1887,0.4237) (0.3719,0.8334) (0.4062,1.4929)","LG+F+I{0.0037}+R4{0.0295,0.1277,0.1887,0.4237,0.3719,0.8334,0.4062,1.4929}"
PF03705,LG+I+R4,0.0000,,"(0.1510,0.2355) (0.3115,0.5269) (0.3489,1.1525) (0.1887,2.1108)","LG+I{0.0000}+R4{0.1510,0.2355,0.3115,0.5269,0.3489,1.1525,0.1887,2.1108}"
PF03709,LG+I+G4,0.0079,2.6549,,LG+I{0.0079}+G4{2.6549}
PF03710,LG+F+I+G4,0.0306,1.6491,,LG+F+I{0.0306}+G4{1.6491}
PF03711,LG+I+G4,0.0429,1.2379,,LG+I{0.0429}+G4{1.2379}
PF03717,LG+F+I+R4,0.0083,,"(0.0533,0.0798) (0.1812,0.3411) (0.4847,0.7542) (0.2725,2.0860)","LG+F+I{0.0083}+R4{0.0533,0.0798,0.1812,0.3411,0.4847,0.7542,0.2725,2.0860}"
PF03719,LG+I+G4,0.0000,1.7590,,LG+I{0.0000}+G4{1.7590}
PF03720,LG+I+R4,0.0000,,"(0.0974,0.0987) (0.2774,0.4554) (0.2268,0.9354) (0.3985,1.6360)","LG+I{0.0000}+R4{0.0974,0.0987,0.2774,0.4554,0.2268,0.9354,0.3985,1.6360}"
PF03721,LG+I+G4,0.0468,1.8568,,LG+I{0.0468}+G4{1.8568}
PF03724,LG+F+I+R4,0.0078,,"(0.0400,0.0738) (0.1038,0.3154) (0.3570,0.7513) (0.4914,1.4166)","LG+F+I{0.0078}+R4{0.0400,0.0738,0.1038,0.3154,0.3570,0.7513,0.4914,1.4166}"
PF03725,LG+I+G4,0.0000,3.4204,,LG+I{0.0000}+G4{3.4204}
PF03726,LG+I+G4,0.0678,2.3173,,LG+I{0.0678}+G4{2.3173}
PF03733,LG+F+I+R4,0.0058,,"(0.0871,0.0586) (0.4050,0.6053) (0.3630,1.2005) (0.1391,2.2576)","LG+F+I{0.0058}+R4{0.0871,0.0586,0.4050,0.6053,0.3630,1.2005,0.1391,2.2576}"
PF03734,LG+F+I+R4,0.0000,,"(0.0233,0.0465) (0.1489,0.3513) (0.3310,0.7944) (0.4969,1.3760)","LG+F+I{0.0000}+R4{0.0233,0.0465,0.1489,0.3513,0.3310,0.7944,0.4969,1.3760}"
PF03738,LG+F+I+R4,0.0167,,"(0.0807,0.0571) (0.2581,0.3462) (0.3525,0.8789) (0.2920,2.0421)","LG+F+I{0.0167}+R4{0.0807,0.0571,0.2581,0.3462,0.3525,0.8789,0.2920,2.0421}"
PF03740,LG+I+R4,0.0130,,"(0.2337,0.0872) (0.2907,0.4814) (0.2349,1.1644) (0.2277,2.4867)","LG+I{0.0130}+R4{0.2337,0.0872,0.2907,0.4814,0.2349,1.1644,0.2277,2.4867}"
PF03749,LG+I+R4,0.0266,,"(0.0950,0.0829) (0.1349,0.3010) (0.3501,0.7980) (0.3933,1.7089)","LG+I{0.0266}+R4{0.0950,0.0829,0.1349,0.3010,0.3501,0.7980,0.3933,1.7089}"
PF03755,LG+I+R4,0.0129,,"(0.0498,0.0472) (0.1381,0.3001) (0.3084,0.7390) (0.4907,1.4840)","LG+I{0.0129}+R4{0.0498,0.0472,0.1381,0.3001,0.3084,0.7390,0.4907,1.4840}"
PF03764,LG+I+G4,0.0066,1.9686,,LG+I{0.0066}+G4{1.9686}
PF03795,LG+I+G4,0.0000,3.3240,,LG+I{0.0000}+G4{3.3240}
PF03796,LG+I+R4,0.0121,,"(0.0832,0.0588) (0.1443,0.2719) (0.2320,0.6275) (0.5284,1.5334)","LG+I{0.0121}+R4{0.0832,0.0588,0.1443,0.2719,0.2320,0.6275,0.5284,1.5334}"
PF03797,LG+F+I+R4,0.0000,,"(0.0247,0.1246) (0.2110,0.5352) (0.4553,0.9613) (0.3090,1.4445)","LG+F+I{0.0000}+R4{0.0247,0.1246,0.2110,0.5352,0.4553,0.9613,0.3090,1.4445}"
PF03799,LG+F+I+R4,0.0000,,"(0.0355,0.1098) (0.1462,0.4000) (0.3238,0.8087) (0.4944,1.3667)","LG+F+I{0.0000}+R4{0.0355,0.1098,0.1462,0.4000,0.3238,0.8087,0.4944,1.3667}"
PF03811,JTT+G4,,3.7054,,JTT+G4{3.7054}
PF03819,LG+I+G4,0.0589,1.9539,,LG+I{0.0589}+G4{1.9539}
PF03831,LG+I+G4,0.0361,1.0526,,LG+I{0.0361}+G4{1.0526}
PF03841,LG+I+G4,0.0996,1.2211,,LG+I{0.0996}+G4{1.2211}
PF03853,LG+I+G4,0.0000,1.1116,,LG+I{0.0000}+G4{1.1116}
PF03869,LG+I,0.1159,,,LG+I{0.1159}
PF03872,LG+I+G4,0.0283,1.5646,,LG+I{0.0283}+G4{1.5646}
PF03873,LG+F+I+G4,0.0000,1.1966,,LG+F+I{0.0000}+G4{1.1966}
PF03880,LG+I+R4,0.0000,,"(0.2092,0.3114) (0.3971,0.6941) (0.2693,1.3661) (0.1244,2.3417)","LG+I{0.0000}+R4{0.2092,0.3114,0.3971,0.6941,0.2693,1.3661,0.1244,2.3417}"
PF03882,LG+I+G4,0.0918,2.0610,,LG+I{0.0918}+G4{2.0610}
PF03883,LG+I+R4,0.0086,,"(0.1254,0.1013) (0.2822,0.4545) (0.2799,0.9957) (0.3038,1.9102)","LG+I{0.0086}+R4{0.1254,0.1013,0.2822,0.4545,0.2799,0.9957,0.3038,1.9102}"
PF03884,LG+I+G4,0.1598,1.3855,,LG+I{0.1598}+G4{1.3855}
PF03887,LG+I+G4,0.0395,1.5851,,LG+I{0.0395}+G4{1.5851}
PF03888,LG+F+I+R4,0.0043,,"(0.0964,0.1544) (0.1631,0.4221) (0.3213,0.8340) (0.4149,1.5624)","LG+F+I{0.0043}+R4{0.0964,0.1544,0.1631,0.4221,0.3213,0.8340,0.4149,1.5624}"
PF03889,LG+I+G4,0.1241,1.0144,,LG+I{0.1241}+G4{1.0144}
PF03891,LG+I+G4,0.0409,1.6678,,LG+I{0.0409}+G4{1.6678}
PF03895,LG+F+I+R3,0.0000,,"(0.0510,0.1156) (0.3700,0.6024) (0.5790,1.3319)","LG+F+I{0.0000}+R3{0.0510,0.1156,0.3700,0.6024,0.5790,1.3319}"
PF03900,LG+I+G4,0.0229,2.4615,,LG+I{0.0229}+G4{2.4615}
PF03925,LG+I+G4,0.0439,1.3775,,LG+I{0.0439}+G4{1.3775}
PF03927,LG+I+G4,0.0000,1.9582,,LG+I{0.0000}+G4{1.9582}
PF03932,LG+I+G4,0.0775,1.4454,,LG+I{0.0775}+G4{1.4454}
PF03934,LG+F+I+R4,0.0000,,"(0.1157,0.1341) (0.2359,0.4824) (0.2976,1.0728) (0.3507,1.5721)","LG+F+I{0.0000}+R4{0.1157,0.1341,0.2359,0.4824,0.2976,1.0728,0.3507,1.5721}"
PF03937,LG+I+G4,0.0117,1.6480,,LG+I{0.0117}+G4{1.6480}
PF03938,LG+F+I+R4,0.0000,,"(0.0187,0.1801) (0.1267,0.5017) (0.5603,0.9205) (0.2943,1.4180)","LG+F+I{0.0000}+R4{0.0187,0.1801,0.1267,0.5017,0.5603,0.9205,0.2943,1.4180}"
PF03942,LG+I+G4,0.0108,1.0062,,LG+I{0.0108}+G4{1.0062}
PF03946,LG+I+G4,0.0000,1.3614,,LG+I{0.0000}+G4{1.3614}
PF03947,LG+I+R4,0.0123,,"(0.1995,0.1093) (0.2840,0.5486) (0.2712,1.1537) (0.2330,2.1870)","LG+I{0.0123}+R4{0.1995,0.1093,0.2840,0.5486,0.2712,1.1537,0.2330,2.1870}"
PF03948,LG+F+I+R4,0.0000,,"(0.2126,0.2669) (0.2612,0.6457) (0.2625,1.1541) (0.2637,1.7884)","LG+F+I{0.0000}+R4{0.2126,0.2669,0.2612,0.6457,0.2625,1.1541,0.2637,1.7884}"
PF03949,LG+I+G4,0.0530,1.3892,,LG+I{0.0530}+G4{1.3892}
PF03950,LG+I+R4,0.0074,,"(0.0401,0.0763) (0.1729,0.3377) (0.4006,0.8427) (0.3790,1.5856)","LG+I{0.0074}+R4{0.0401,0.0763,0.1729,0.3377,0.4006,0.8427,0.3790,1.5856}"
PF03951,LG+I+R4,0.0062,,"(0.0565,0.0487) (0.1847,0.2958) (0.2359,0.6297) (0.5168,1.5366)","LG+I{0.0062}+R4{0.0565,0.0487,0.1847,0.2958,0.2359,0.6297,0.5168,1.5366}"
PF03952,LG+I+G4,0.0055,0.7776,,LG+I{0.0055}+G4{0.7776}
PF03958,LG+F+I+R4,0.0009,,"(0.0534,0.1492) (0.2577,0.3578) (0.2547,0.7075) (0.4333,1.6607)","LG+F+I{0.0009}+R4{0.0534,0.1492,0.2577,0.3578,0.2547,0.7075,0.4333,1.6607}"
PF03966,LG+I+G4,0.0000,1.5244,,LG+I{0.0000}+G4{1.5244}
PF03968,LG+I+G4,0.0066,2.4444,,LG+I{0.0066}+G4{2.4444}
PF03972,LG+I+R4,0.0000,,"(0.2208,0.2754) (0.4048,0.6485) (0.2086,1.3155) (0.1658,2.4263)","LG+I{0.0000}+R4{0.2208,0.2754,0.4048,0.6485,0.2086,1.3155,0.1658,2.4263}"
PF03992,LG+F+I+G4,0.0000,2.0943,,LG+F+I{0.0000}+G4{2.0943}
PF04014,LG+I+G4,0.0163,1.8639,,LG+I{0.0163}+G4{1.8639}
PF04023,LG+I+G4,0.0000,1.7528,,LG+I{0.0000}+G4{1.7528}
PF04024,LG+F+I+R4,0.0079,,"(0.0354,0.0314) (0.1071,0.3578) (0.3375,0.7273) (0.5121,1.3965)","LG+F+I{0.0079}+R4{0.0354,0.0314,0.1071,0.3578,0.3375,0.7273,0.5121,1.3965}"
PF04052,LG+F+I+G4,0.0000,1.5370,,LG+F+I{0.0000}+G4{1.5370}
PF04055,LG+I+R4,0.0000,,"(0.0177,0.0586) (0.2179,0.4524) (0.3197,0.8153) (0.4447,1.4386)","LG+I{0.0000}+R4{0.0177,0.0586,0.2179,0.4524,0.3197,0.8153,0.4447,1.4386}"
PF04060,LG+I+G4,0.0882,1.0530,,LG+I{0.0882}+G4{1.0530}
PF04074,LG+I+R4,0.0046,,"(0.0667,0.0641) (0.2282,0.4426) (0.3192,0.8920) (0.3814,1.5995)","LG+I{0.0046}+R4{0.0667,0.0641,0.2282,0.4426,0.3192,0.8920,0.3814,1.5995}"
PF04076,LG+I+G4,0.0366,2.1878,,LG+I{0.0366}+G4{2.1878}
PF04077,LG+I+G4,0.0210,1.2815,,LG+I{0.0210}+G4{1.2815}
PF04085,LG+I+R4,0.0028,,"(0.0317,0.1216) (0.1763,0.3462) (0.3455,0.7628) (0.4438,1.5134)","LG+I{0.0028}+R4{0.0317,0.1216,0.1763,0.3462,0.3455,0.7628,0.4438,1.5134}"
PF04101,LG+I+R3,0.0001,,"(0.1480,0.1503) (0.3741,0.6102) (0.4778,1.5686)","LG+I{0.0001}+R3{0.1480,0.1503,0.3741,0.6102,0.4778,1.5686}"
PF04115,LG+I+G4,0.0291,1.1573,,LG+I{0.0291}+G4{1.1573}
PF04127,LG+I+R4,0.0451,,"(0.1176,0.0609) (0.2308,0.3821) (0.2820,0.8993) (0.3245,2.0063)","LG+I{0.0451}+R4{0.1176,0.0609,0.2308,0.3821,0.2820,0.8993,0.3245,2.0063}"
PF04131,LG+I+G4,0.0720,1.5361,,LG+I{0.0720}+G4{1.5361}
PF04151,LG+F+I+G4,0.0000,4.3281,,LG+F+I{0.0000}+G4{4.3281}
PF04170,LG+I+G4,0.0171,1.7717,,LG+I{0.0171}+G4{1.7717}
PF04198,LG+I+R3,0.0000,,"(0.0744,0.1573) (0.3727,0.5843) (0.5528,1.3937)","LG+I{0.0000}+R3{0.0744,0.1573,0.3727,0.5843,0.5528,1.3937}"
PF04205,LG+F+I+R4,0.0000,,"(0.0482,0.1102) (0.2197,0.4159) (0.3811,0.9348) (0.3510,1.5588)","LG+F+I{0.0000}+R4{0.0482,0.1102,0.2197,0.4159,0.3811,0.9348,0.3510,1.5588}"
PF04216,LG+F+I+R3,0.0165,,"(0.1278,0.2245) (0.3834,0.6894) (0.4723,1.4969)","LG+F+I{0.0165}+R3{0.1278,0.2245,0.3834,0.6894,0.4723,1.4969}"
PF04221,LG+I,0.0419,,,LG+I{0.0419}
PF04224,LG+I+G4,0.0128,2.2541,,LG+I{0.0128}+G4{2.2541}
PF04225,LG+I+G4,0.0515,4.7224,,LG+I{0.0515}+G4{4.7224}
PF04234,LG+F+I+R4,0.0063,,"(0.0526,0.0914) (0.2221,0.3916) (0.3387,0.8849) (0.3803,1.6003)","LG+F+I{0.0063}+R4{0.0526,0.0914,0.2221,0.3916,0.3387,0.8849,0.3803,1.6003}"
PF04239,LG+I+G4,0.0072,2.0637,,LG+I{0.0072}+G4{2.0637}
PF04261,LG+I+G4,0.0063,2.1578,,LG+I{0.0063}+G4{2.1578}
PF04264,LG+F+I+R4,0.0000,,"(0.1052,0.2694) (0.2168,0.5552) (0.3087,0.9597) (0.3694,1.5029)","LG+F+I{0.0000}+R4{0.1052,0.2694,0.2168,0.5552,0.3087,0.9597,0.3694,1.5029}"
PF04266,LG+I+R4,0.0000,,"(0.0139,0.0444) (0.2332,0.3438) (0.4003,0.8525) (0.3526,1.6389)","LG+I{0.0000}+R4{0.0139,0.0444,0.2332,0.3438,0.4003,0.8525,0.3526,1.6389}"
PF04290,LG+F+I+R4,0.0000,,"(0.0344,0.2207) (0.3902,0.5968) (0.3633,1.0877) (0.2120,1.7183)","LG+F+I{0.0000}+R4{0.0344,0.2207,0.3902,0.5968,0.3633,1.0877,0.2120,1.7183}"
PF04293,LG+I+G4,0.0684,0.9482,,LG+I{0.0684}+G4{0.9482}
PF04295,LG+I+R4,0.0095,,"(0.0988,0.1152) (0.2327,0.3874) (0.2418,0.7625) (0.4172,1.7115)","LG+I{0.0095}+R4{0.0988,0.1152,0.2327,0.3874,0.2418,0.7625,0.4172,1.7115}"
PF04307,LG+F+I+R4,0.0102,,"(0.0448,0.0523) (0.2087,0.3561) (0.4760,0.8956) (0.2603,1.9093)","LG+F+I{0.0102}+R4{0.0448,0.0523,0.2087,0.3561,0.4760,0.8956,0.2603,1.9093}"
PF04309,LG+I+G4,0.0163,1.4281,,LG+I{0.0163}+G4{1.4281}
PF04310,LG+I+G4,0.0813,2.2877,,LG+I{0.0813}+G4{2.2877}
PF04324,LG+I+G4,0.0625,4.3278,,LG+I{0.0625}+G4{4.3278}
PF04336,LG+I+R4,0.0115,,"(0.1378,0.1031) (0.3026,0.4358) (0.3232,1.1247) (0.2248,2.1811)","LG+I{0.0115}+R4{0.1378,0.1031,0.3026,0.4358,0.3232,1.1247,0.2248,2.1811}"
PF04345,JTT+G4,,2.5138,,JTT+G4{2.5138}
PF04352,LG+F+I+G4,0.0256,2.2713,,LG+F+I{0.0256}+G4{2.2713}
PF04354,LG+I+G4,0.0049,1.9639,,LG+I{0.0049}+G4{1.9639}
PF04355,LG+I+R4,0.0085,,"(0.1073,0.1480) (0.3009,0.5835) (0.4829,1.1499) (0.1004,2.5219)","LG+I{0.0085}+R4{0.1073,0.1480,0.3009,0.5835,0.4829,1.1499,0.1004,2.5219}"
PF04359,LG+I+G4,0.0111,1.9849,,LG+I{0.0111}+G4{1.9849}
PF04378,LG+I+G4,0.0778,3.8805,,LG+I{0.0778}+G4{3.8805}
PF04389,LG+I+R4,0.0170,,"(0.0497,0.0833) (0.1523,0.3682) (0.3363,0.7896) (0.4447,1.5161)","LG+I{0.0170}+R4{0.0497,0.0833,0.1523,0.3682,0.3363,0.7896,0.4447,1.5161}"
PF04397,LG+I+R4,0.0000,,"(0.1378,0.2093) (0.2841,0.6101) (0.2679,1.0718) (0.3102,1.6465)","LG+I{0.0000}+R4{0.1378,0.2093,0.2841,0.6101,0.2679,1.0718,0.3102,1.6465}"
PF04399,LG+I+G4,0.0105,1.8112,,LG+I{0.0105}+G4{1.8112}
PF04408,LG+I+R4,0.0182,,"(0.0622,0.0646) (0.1965,0.2627) (0.2944,0.8133) (0.4287,1.6443)","LG+I{0.0182}+R4{0.0622,0.0646,0.1965,0.2627,0.2944,0.8133,0.4287,1.6443}"
PF04413,LG+F+I+R4,0.0000,,"(0.1360,0.0884) (0.2955,0.4332) (0.2404,0.9931) (0.3282,1.8930)","LG+F+I{0.0000}+R4{0.1360,0.0884,0.2955,0.4332,0.2404,0.9931,0.3282,1.8930}"
PF04434,LG+I+G4,0.0738,1.4957,,LG+I{0.0738}+G4{1.4957}
PF04452,LG+I+R4,0.0136,,"(0.0644,0.0667) (0.2110,0.3749) (0.3549,0.7626) (0.3560,1.8141)","LG+I{0.0136}+R4{0.0644,0.0667,0.2110,0.3749,0.3549,0.7626,0.3560,1.8141}"
PF04493,LG+I+R4,0.0434,,"(0.0719,0.0865) (0.2731,0.3784) (0.2841,0.9272) (0.3274,1.9150)","LG+I{0.0434}+R4{0.0719,0.0865,0.2731,0.3784,0.2841,0.9272,0.3274,1.9150}"
PF04536,LG+F+I+R4,0.0000,,"(0.1597,0.3283) (0.3201,0.6233) (0.2472,1.1200) (0.2731,1.7256)","LG+F+I{0.0000}+R4{0.1597,0.3283,0.3201,0.6233,0.2472,1.1200,0.2731,1.7256}"
PF04542,LG+F+I+G4,0.0000,2.8829,,LG+F+I{0.0000}+G4{2.8829}
PF04545,LG+I+G4,0.0000,1.6993,,LG+I{0.0000}+G4{1.6993}
PF04546,LG+F+I+G4,0.0034,2.1125,,LG+F+I{0.0034}+G4{2.1125}
PF04552,LG+I+G4,0.0757,1.8523,,LG+I{0.0757}+G4{1.8523}
PF04560,LG+I+G4,0.0945,1.2311,,LG+I{0.0945}+G4{1.2311}
PF04561,LG+I+G4,0.0000,2.3802,,LG+I{0.0000}+G4{2.3802}
PF04565,LG+I+G4,0.0226,1.1630,,LG+I{0.0226}+G4{1.1630}
PF04613,LG+I+G4,0.0000,1.5159,,LG+I{0.0000}+G4{1.5159}
PF04715,LG+I+R4,0.0012,,"(0.0314,0.0691) (0.1636,0.3501) (0.3316,0.7465) (0.4722,1.4677)","LG+I{0.0012}+R4{0.0314,0.0691,0.1636,0.3501,0.3316,0.7465,0.4722,1.4677}"
PF04717,LG+I+G4,0.0011,1.6211,,LG+I{0.0011}+G4{1.6211}
PF04760,LG+I+G4,0.0000,3.7122,,LG+I{0.0000}+G4{3.7122}
PF04879,LG+I+R3,0.0593,,"(0.0544,0.2568) (0.4030,0.7610) (0.4834,1.4056)","LG+I{0.0593}+R3{0.0544,0.2568,0.4030,0.7610,0.4834,1.4056}"
PF04893,LG+F+I+R4,0.0000,,"(0.0409,0.3107) (0.1931,0.5416) (0.4378,0.9082) (0.3282,1.4780)","LG+F+I{0.0000}+R4{0.0409,0.3107,0.1931,0.5416,0.4378,0.9082,0.3282,1.4780}"
PF04898,LG+I+R4,0.0140,,"(0.0962,0.0622) (0.2201,0.3178) (0.2581,0.7507) (0.4116,1.7742)","LG+I{0.0140}+R4{0.0962,0.0622,0.2201,0.3178,0.2581,0.7507,0.4116,1.7742}"
PF04940,LG+I+R4,0.0279,,"(0.1398,0.0593) (0.0989,0.3351) (0.3017,0.8104) (0.4316,1.6544)","LG+I{0.0279}+R4{0.1398,0.0593,0.0989,0.3351,0.3017,0.8104,0.4316,1.6544}"
PF04952,LG+I+R4,0.0000,,"(0.0564,0.0579) (0.2946,0.3886) (0.3167,0.8541) (0.3323,1.8409)","LG+I{0.0000}+R4{0.0564,0.0579,0.2946,0.3886,0.3167,0.8541,0.3323,1.8409}"
PF04958,LG+I+R4,0.0157,,"(0.1580,0.1594) (0.2775,0.4192) (0.3210,1.0479) (0.2277,2.2926)","LG+I{0.0157}+R4{0.1580,0.1594,0.2775,0.4192,0.3210,1.0479,0.2277,2.2926}"
PF04960,LG+I+R4,0.0057,,"(0.1234,0.0750) (0.2355,0.3885) (0.3674,0.9080) (0.2680,2.1108)","LG+I{0.0057}+R4{0.1234,0.0750,0.2355,0.3885,0.3674,0.9080,0.2680,2.1108}"
PF04962,LG+I+G4,0.0178,1.2877,,LG+I{0.0178}+G4{1.2877}
PF04963,LG+I+R4,0.0034,,"(0.0725,0.0974) (0.1947,0.4020) (0.3079,0.8733) (0.4216,1.5319)","LG+I{0.0034}+R4{0.0725,0.0974,0.1947,0.4020,0.3079,0.8733,0.4216,1.5319}"
PF04965,LG+F+I+R4,0.0088,,"(0.1380,0.1971) (0.2020,0.4600) (0.3350,0.9602) (0.3163,1.7651)","LG+F+I{0.0088}+R4{0.1380,0.1971,0.2020,0.4600,0.3350,0.9602,0.3163,1.7651}"
PF04972,LG+I+R4,0.0114,,"(0.0838,0.2001) (0.1728,0.4278) (0.1237,0.7786) (0.6083,1.3365)","LG+I{0.0114}+R4{0.0838,0.2001,0.1728,0.4278,0.1237,0.7786,0.6083,1.3365}"
PF04983,LG+F+I+R4,0.0000,,"(0.0617,0.1268) (0.2434,0.3167) (0.3886,0.7406) (0.3062,2.0483)","LG+F+I{0.0000}+R4{0.0617,0.1268,0.2434,0.3167,0.3886,0.7406,0.3062,2.0483}"
PF04984,LG+I+G4,0.0000,4.5832,,LG+I{0.0000}+G4{4.5832}
PF04993,LG+I+R4,0.0000,,"(0.0427,0.1344) (0.3505,0.4797) (0.3570,1.0138) (0.2498,1.8580)","LG+I{0.0000}+R4{0.0427,0.1344,0.3505,0.4797,0.3570,1.0138,0.2498,1.8580}"
PF04994,LG+I+G4,0.0238,1.8398,,LG+I{0.0238}+G4{1.8398}
PF04997,LG+I+R4,0.0044,,"(0.0754,0.0679) (0.1751,0.3227) (0.4253,0.8205) (0.3198,1.8431)","LG+I{0.0044}+R4{0.0754,0.0679,0.1751,0.3227,0.4253,0.8205,0.3198,1.8431}"
PF04998,LG+F+I+R4,0.0128,,"(0.1334,0.0760) (0.2976,0.3431) (0.3940,1.0469) (0.1622,2.9297)","LG+F+I{0.0128}+R4{0.1334,0.0760,0.2976,0.3431,0.3940,1.0469,0.1622,2.9297}"
PF05000,LG+I+R4,0.0000,,"(0.1064,0.0550) (0.1654,0.3300) (0.4358,0.8459) (0.2924,1.9526)","LG+I{0.0000}+R4{0.1064,0.0550,0.1654,0.3300,0.4358,0.8459,0.2924,1.9526}"
PF05016,LG+F+I+R4,0.0000,,"(0.0721,0.2663) (0.2655,0.5009) (0.3671,0.9088) (0.2953,1.7414)","LG+F+I{0.0000}+R4{0.0721,0.2663,0.2655,0.5009,0.3671,0.9088,0.2953,1.7414}"
PF05036,LG+F+I+R4,0.0000,,"(0.0542,0.1773) (0.0926,0.4024) (0.3108,0.7507) (0.5424,1.3271)","LG+F+I{0.0000}+R4{0.0542,0.1773,0.0926,0.4024,0.3108,0.7507,0.5424,1.3271}"
PF05127,LG+I+R4,0.0127,,"(0.0944,0.0448) (0.1635,0.3071) (0.2391,0.6747) (0.4902,1.5999)","LG+I{0.0127}+R4{0.0944,0.0448,0.1635,0.3071,0.2391,0.6747,0.4902,1.5999}"
PF05128,LG+F+I+G4,0.0106,2.0095,,LG+F+I{0.0106}+G4{2.0095}
PF05138,LG+F+I+G4,0.0118,1.6179,,LG+F+I{0.0118}+G4{1.6179}
PF05157,LG+F+I+R4,0.0000,,"(0.0421,0.1989) (0.2370,0.5732) (0.3463,0.9277) (0.3746,1.4268)","LG+F+I{0.0000}+R4{0.0421,0.1989,0.2370,0.5732,0.3463,0.9277,0.3746,1.4268}"
PF05166,LG+I+G4,0.0000,1.0519,,LG+I{0.0000}+G4{1.0519}
PF05173,LG+I+R4,0.0106,,"(0.1261,0.0837) (0.2470,0.4184) (0.3064,0.9120) (0.3100,1.9571)","LG+I{0.0106}+R4{0.1261,0.0837,0.2470,0.4184,0.3064,0.9120,0.3100,1.9571}"
PF05175,LG+I+G4,0.0459,1.6553,,LG+I{0.0459}+G4{1.6553}
PF05188,LG+I+G4,0.0000,2.4383,,LG+I{0.0000}+G4{2.4383}
PF05189,LG+I+R4,0.0000,,"(0.2279,0.2847) (0.2329,0.5866) (0.3022,1.0325) (0.2369,2.0530)","LG+I{0.0000}+R4{0.2279,0.2847,0.2329,0.5866,0.3022,1.0325,0.2369,2.0530}"
PF05190,LG+I+G4,0.0000,3.5973,,LG+I{0.0000}+G4{3.5973}
PF05191,LG+I+G4,0.0355,0.8388,,LG+I{0.0355}+G4{0.8388}
PF05192,LG+F+I+R4,0.0000,,"(0.0492,0.1358) (0.2143,0.4448) (0.3907,0.8665) (0.3458,1.6177)","LG+F+I{0.0000}+R4{0.0492,0.1358,0.2143,0.4448,0.3907,0.8665,0.3458,1.6177}"
PF05193,LG+I+G4,0.0000,2.8182,,LG+I{0.0000}+G4{2.8182}
PF05195,LG+I+R4,0.0000,,"(0.1103,0.1779) (0.2375,0.4629) (0.2381,0.8904) (0.4141,1.5899)","LG+I{0.0000}+R4{0.1103,0.1779,0.2375,0.4629,0.2381,0.8904,0.4141,1.5899}"
PF05198,LG+I+R4,0.0000,,"(0.1019,0.0856) (0.2560,0.4696) (0.3515,0.8850) (0.2906,1.9270)","LG+I{0.0000}+R4{0.1019,0.0856,0.2560,0.4696,0.3515,0.8850,0.2906,1.9270}"
PF05199,LG+I+G4,0.0000,1.1707,,LG+I{0.0000}+G4{1.1707}
PF05201,LG+F+I+R4,0.0077,,"(0.0694,0.0479) (0.2100,0.2997) (0.2627,0.7434) (0.4501,1.6406)","LG+F+I{0.0077}+R4{0.0694,0.0479,0.2100,0.2997,0.2627,0.7434,0.4501,1.6406}"
PF05209,LG+I+R4,0.0000,,"(0.0303,0.1959) (0.2863,0.5229) (0.4100,0.9391) (0.2734,1.6801)","LG+I{0.0000}+R4{0.0303,0.1959,0.2863,0.5229,0.4100,0.9391,0.2734,1.6801}"
PF05222,LG+I+G4,0.0067,0.9033,,LG+I{0.0067}+G4{0.9033}
PF05230,LG+F+I+G4,0.0137,2.6262,,LG+F+I{0.0137}+G4{2.6262}
PF05231,LG+F+I+G4,0.0000,3.8396,,LG+F+I{0.0000}+G4{3.8396}
PF05235,LG+F+I+R4,0.0000,,"(0.0460,0.0938) (0.1416,0.3879) (0.2750,0.7675) (0.5375,1.3577)","LG+F+I{0.0000}+R4{0.0460,0.0938,0.1416,0.3879,0.2750,0.7675,0.5375,1.3577}"
PF05257,LG+I+R4,0.0030,,"(0.0369,0.1203) (0.1399,0.3641) (0.3149,0.8364) (0.5053,1.3483)","LG+I{0.0030}+R4{0.0369,0.1203,0.1399,0.3641,0.3149,0.8364,0.5053,1.3483}"
PF05336,LG+I+R4,0.0213,,"(0.1842,0.2618) (0.2914,0.6854) (0.3628,1.2662) (0.1403,2.0857)","LG+I{0.0213}+R4{0.1842,0.2618,0.2914,0.6854,0.3628,1.2662,0.1403,2.0857}"
PF05354,LG+F+I+R4,0.0000,,"(0.0474,0.3243) (0.1461,0.5237) (0.3429,0.8419) (0.4637,1.3359)","LG+F+I{0.0000}+R4{0.0474,0.3243,0.1461,0.5237,0.3429,0.8419,0.4637,1.3359}"
PF05360,LG+F+I+G4,0.0000,1.3221,,LG+F+I{0.0000}+G4{1.3221}
PF05362,LG+I+G4,0.1286,1.4256,,LG+I{0.1286}+G4{1.4256}
PF05406,LG+I+R4,0.0000,,"(0.2088,0.1848) (0.3552,0.6271) (0.3262,1.3755) (0.1097,2.6426)","LG+I{0.0000}+R4{0.2088,0.1848,0.3552,0.6271,0.3262,1.3755,0.1097,2.6426}"
PF05449,LG+F+I+G4,0.0210,5.3316,,LG+F+I{0.0210}+G4{5.3316}
PF05489,LG+I,0.0904,,,LG+I{0.0904}
PF05491,LG+I+G4,0.0364,1.5677,,LG+I{0.0364}+G4{1.5677}
PF05496,LG+I+G4,0.1952,1.0393,,LG+I{0.1952}+G4{1.0393}
PF05532,LG+I+R3,0.0000,,"(0.0628,0.0313) (0.1609,0.4851) (0.7762,1.1852)","LG+I{0.0000}+R3{0.0628,0.0313,0.1609,0.4851,0.7762,1.1852}"
PF05534,LG+I+G4,0.0581,3.2541,,LG+I{0.0581}+G4{3.2541}
PF05638,LG+I+G4,0.0084,2.7648,,LG+I{0.0084}+G4{2.7648}
PF05666,LG+I+G4,0.0653,1.8336,,LG+I{0.0653}+G4{1.8336}
PF05690,LG+I+G4,0.0653,1.2288,,LG+I{0.0653}+G4{1.2288}
PF05728,LG+I+G4,0.0439,2.4160,,LG+I{0.0439}+G4{2.4160}
PF05746,LG+I+G4,0.0000,1.4909,,LG+I{0.0000}+G4{1.4909}
PF05872,LG+F+I+G4,0.1256,1.5042,,LG+F+I{0.1256}+G4{1.5042}
PF05876,LG+F+I+G4,0.0163,2.3706,,LG+F+I{0.0163}+G4{2.3706}
PF05899,LG+I+R3,0.0000,,"(0.0704,0.1061) (0.3734,0.6293) (0.5562,1.3619)","LG+I{0.0000}+R3{0.0704,0.1061,0.3734,0.6293,0.5562,1.3619}"
PF05943,LG+I+R4,0.0094,,"(0.1062,0.1323) (0.3987,0.5465) (0.3084,1.1458) (0.1772,2.3398)","LG+I{0.0094}+R4{0.1062,0.1323,0.3987,0.5465,0.3084,1.1458,0.1772,2.3398}"
PF05957,LG+F+I+G4,0.0000,4.8908,,LG+F+I{0.0000}+G4{4.8908}
PF05973,LG+I+G4,0.0219,2.0404,,LG+I{0.0219}+G4{2.0404}
PF05974,LG+F+I+G4,0.0000,1.9791,,LG+F+I{0.0000}+G4{1.9791}
PF06029,LG+F+I+G4,0.0000,1.7905,,LG+F+I{0.0000}+G4{1.7905}
PF06071,LG+I+G4,0.0457,1.0422,,LG+I{0.0457}+G4{1.0422}
PF06134,LG+I+G4,0.1807,1.6385,,LG+I{0.1807}+G4{1.6385}
PF06141,LG+I+G4,0.0254,1.9490,,LG+I{0.0254}+G4{1.9490}
PF06144,LG+F+I+G4,0.0041,3.4856,,LG+F+I{0.0041}+G4{3.4856}
PF06150,LG+I+G4,0.0290,2.2448,,LG+I{0.0290}+G4{2.2448}
PF06249,LG+I,0.1241,,,LG+I{0.1241}
PF06250,LG+I+G4,0.0218,1.6130,,LG+I{0.0218}+G4{1.6130}
PF06251,LG+I,0.0192,,,LG+I{0.0192}
PF06303,LG+I+G4,0.0374,0.6147,,LG+I{0.0374}+G4{0.6147}
PF06315,LG+I+G4,0.0734,1.2018,,LG+I{0.0734}+G4{1.2018}
PF06406,LG+I+G4,0.1537,2.3999,,LG+I{0.1537}+G4{2.3999}
PF06411,LG+I+G4,0.0199,4.8018,,LG+I{0.0199}+G4{4.8018}
PF06414,LG+I+G4,0.0155,2.2727,,LG+I{0.0155}+G4{2.2727}
PF06415,LG+I+R4,0.0400,,"(0.0850,0.0511) (0.2592,0.4028) (0.2515,0.8802) (0.3643,1.8386)","LG+I{0.0400}+R4{0.0850,0.0511,0.2592,0.4028,0.2515,0.8802,0.3643,1.8386}"
PF06418,LG+I+R4,0.0377,,"(0.2579,0.1067) (0.2752,0.5239) (0.2352,1.2255) (0.1940,2.7845)","LG+I{0.0377}+R4{0.2579,0.1067,0.2752,0.5239,0.2352,1.2255,0.1940,2.7845}"
PF06426,LG+F+I+G4,0.0167,1.0500,,LG+F+I{0.0167}+G4{1.0500}
PF06429,LG+F+I+G4,0.0000,1.6271,,LG+F+I{0.0000}+G4{1.6271}
PF06440,LG+I+G4,0.0508,1.2846,,LG+I{0.0508}+G4{1.2846}
PF06445,LG+I+G4,0.0000,3.3973,,LG+I{0.0000}+G4{3.3973}
PF06463,LG+I+R4,0.0227,,"(0.0843,0.0829) (0.3051,0.4514) (0.2766,0.9476) (0.3113,1.9057)","LG+I{0.0227}+R4{0.0843,0.0829,0.3051,0.4514,0.2766,0.9476,0.3113,1.9057}"
PF06506,LG+I+R4,0.0000,,"(0.1026,0.1791) (0.2749,0.5240) (0.2682,0.9990) (0.3543,1.6079)","LG+I{0.0000}+R4{0.1026,0.1791,0.2749,0.5240,0.2682,0.9990,0.3543,1.6079}"
PF06508,LG+I+G4,0.0674,1.7133,,LG+I{0.0674}+G4{1.7133}
PF06564,LG+F+I+G4,0.0334,1.6513,,LG+F+I{0.0334}+G4{1.6513}
PF06568,LG+F+I+G4,0.0250,1.5386,,LG+F+I{0.0250}+G4{1.5386}
PF06580,LG+I+R4,0.0000,,"(0.1045,0.0831) (0.1667,0.3498) (0.3607,0.7617) (0.3682,1.7879)","LG+I{0.0000}+R4{0.1045,0.0831,0.1667,0.3498,0.3607,0.7617,0.3682,1.7879}"
PF06689,LG+I+R4,0.0558,,"(0.1002,0.0579) (0.2604,0.4338) (0.2857,1.0158) (0.2978,1.9842)","LG+I{0.0558}+R4{0.1002,0.0579,0.2604,0.4338,0.2857,1.0158,0.2978,1.9842}"
PF06725,LG+I+G4,0.0700,1.7745,,LG+I{0.0700}+G4{1.7745}
PF06738,LG+F+I+R4,0.0000,,"(0.1327,0.2413) (0.2854,0.4976) (0.2681,0.9093) (0.3138,1.8551)","LG+F+I{0.0000}+R4{0.1327,0.2413,0.2854,0.4976,0.2681,0.9093,0.3138,1.8551}"
PF06744,LG+F+I+R4,0.0000,,"(0.0771,0.1877) (0.2233,0.5282) (0.2258,0.8247) (0.4739,1.4379)","LG+F+I{0.0000}+R4{0.0771,0.1877,0.2233,0.5282,0.2258,0.8247,0.4739,1.4379}"
PF06750,LG+I+R4,0.0137,,"(0.1315,0.0496) (0.1691,0.3383) (0.2870,0.8010) (0.3988,1.7716)","LG+I{0.0137}+R4{0.1315,0.0496,0.1691,0.3383,0.2870,0.8010,0.3988,1.7716}"
PF06751,LG+I+G4,0.1064,1.0118,,LG+I{0.1064}+G4{1.0118}
PF06769,LG+I+G4,0.1038,1.1691,,LG+I{0.1038}+G4{1.1691}
PF06805,LG+I+G4,0.0000,1.3260,,LG+I{0.0000}+G4{1.3260}
PF06808,LG+F+I+G4,0.0075,2.7490,,LG+F+I{0.0075}+G4{2.7490}
PF06827,LG+I+R4,0.0000,,"(0.1532,0.0119) (0.1506,0.4792) (0.2919,0.8424) (0.4043,1.6822)","LG+I{0.0000}+R4{0.1532,0.0119,0.1506,0.4792,0.2919,0.8424,0.4043,1.6822}"
PF06831,LG+I+G4,0.0249,1.5176,,LG+I{0.0249}+G4{1.5176}
PF06853,LG+F+I+G4,0.0110,1.0885,,LG+F+I{0.0110}+G4{1.0885}
PF06865,LG+I+R4,0.0215,,"(0.1763,0.1026) (0.3342,0.5514) (0.3082,1.2772) (0.1598,2.5288)","LG+I{0.0215}+R4{0.1763,0.1026,0.3342,0.5514,0.3082,1.2772,0.1598,2.5288}"
PF06877,LG+I+G4,0.0000,2.6423,,LG+I{0.0000}+G4{2.6423}
PF06890,LG+F+I+G4,0.0280,2.6987,,LG+F+I{0.0280}+G4{2.6987}
PF06891,LG+F+I+R4,0.0000,,"(0.0873,0.1920) (0.2402,0.5728) (0.3569,0.9056) (0.3156,1.6555)","LG+F+I{0.0000}+R4{0.0873,0.1920,0.2402,0.5728,0.3569,0.9056,0.3156,1.6555}"
PF06894,LG+I+G4,0.0245,1.6396,,LG+I{0.0245}+G4{1.6396}
PF06902,LG+I+G4,0.1018,2.5840,,LG+I{0.1018}+G4{2.5840}
PF06924,LG+I+G4,0.0239,1.5159,,LG+I{0.0239}+G4{1.5159}
PF06940,LG+I+G4,0.0687,1.0897,,LG+I{0.0687}+G4{1.0897}
PF06968,LG+I+R4,0.0000,,"(0.0784,0.0764) (0.2645,0.3703) (0.2516,0.7954) (0.4056,1.7160)","LG+I{0.0000}+R4{0.0784,0.0764,0.2645,0.3703,0.2516,0.7954,0.4056,1.7160}"
PF06969,LG+I+G4,0.0000,2.2919,,LG+I{0.0000}+G4{2.2919}
PF07005,LG+F+I+R4,0.0182,,"(0.1242,0.1272) (0.2601,0.3985) (0.2781,0.9045) (0.3194,1.9692)","LG+F+I{0.0182}+R4{0.1242,0.1272,0.2601,0.3985,0.2781,0.9045,0.3194,1.9692}"
PF07007,LG+F+I+R4,0.0000,,"(0.1320,0.1753) (0.1103,0.4858) (0.3448,0.9169) (0.4130,1.4701)","LG+F+I{0.0000}+R4{0.1320,0.1753,0.1103,0.4858,0.3448,0.9169,0.4130,1.4701}"
PF07022,LG+I+G4,0.0079,4.1154,,LG+I{0.0079}+G4{4.1154}
PF07063,LG+F+I+R4,0.0233,,"(0.2146,0.0686) (0.2584,0.3787) (0.1713,1.0277) (0.3324,2.1402)","LG+F+I{0.0233}+R4{0.2146,0.0686,0.2584,0.3787,0.1713,1.0277,0.3324,2.1402}"
PF07085,LG+I+G4,0.0000,2.2198,,LG+I{0.0000}+G4{2.2198}
PF07126,LG+I+G4,0.0000,0.8858,,LG+I{0.0000}+G4{0.8858}
PF07179,LG+F+I+R4,0.0000,,"(0.0547,0.1730) (0.2006,0.4742) (0.4630,0.9066) (0.2817,1.6887)","LG+F+I{0.0000}+R4{0.0547,0.1730,0.2006,0.4742,0.4630,0.9066,0.2817,1.6887}"
PF07237,LG+I+G4,0.0150,1.4258,,LG+I{0.0150}+G4{1.4258}
PF07238,LG+I+R4,0.0000,,"(0.0252,0.0318) (0.0500,0.2229) (0.2539,0.5876) (0.6709,1.2503)","LG+I{0.0000}+R4{0.0252,0.0318,0.0500,0.2229,0.2539,0.5876,0.6709,1.2503}"
PF07244,LG+F+I+R4,0.0000,,"(0.1194,0.2909) (0.1598,0.5842) (0.2415,0.9260) (0.4794,1.3525)","LG+F+I{0.0000}+R4{0.1194,0.2909,0.1598,0.5842,0.2415,0.9260,0.4794,1.3525}"
PF07282,LG+I+R4,0.0000,,"(0.1197,0.0988) (0.1976,0.4143) (0.3313,1.0226) (0.3514,1.6151)","LG+I{0.0000}+R4{0.1197,0.0988,0.1976,0.4143,0.3313,1.0226,0.3514,1.6151}"
PF07290,LG+I+G4,0.0068,0.9738,,LG+I{0.0068}+G4{0.9738}
PF07308,LG+I+G4,0.0122,1.1178,,LG+I{0.0122}+G4{1.1178}
PF07317,LG+I+R3,0.0039,,"(0.0970,0.1891) (0.3041,0.6145) (0.5951,1.3357)","LG+I{0.0039}+R3{0.0970,0.1891,0.3041,0.6145,0.5951,1.3357}"
PF07332,LG+F+I+R4,0.0000,,"(0.0904,0.2398) (0.2558,0.5920) (0.3480,1.0029) (0.3058,1.5626)","LG+F+I{0.0000}+R4{0.0904,0.2398,0.2558,0.5920,0.3480,1.0029,0.3058,1.5626}"
PF07338,LG+I+R3,0.0000,,"(0.0654,0.0790) (0.3693,0.6420) (0.5653,1.3404)","LG+I{0.0000}+R3{0.0654,0.0790,0.3693,0.6420,0.5653,1.3404}"
PF07411,LG+I+G4,0.0000,1.3845,,LG+I{0.0000}+G4{1.3845}
PF07417,LG+I+G4,0.1400,1.6783,,LG+I{0.1400}+G4{1.6783}
PF07479,LG+I+R4,0.0000,,"(0.0977,0.0588) (0.2207,0.3546) (0.3522,0.8052) (0.3294,1.9201)","LG+I{0.0000}+R4{0.0977,0.0588,0.2207,0.3546,0.3522,0.8052,0.3294,1.9201}"
PF07484,LG+I+R4,0.0067,,"(0.2167,0.3246) (0.4078,0.8769) (0.3321,1.4155) (0.0366,2.7825)","LG+I{0.0067}+R4{0.2167,0.3246,0.4078,0.8769,0.3321,1.4155,0.0366,2.7825}"
PF07497,LG+I+G4,0.0098,1.3180,,LG+I{0.0098}+G4{1.3180}
PF07498,LG+I+G4,0.0000,1.5413,,LG+I{0.0000}+G4{1.5413}
PF07499,LG+F+I+G4,0.0587,1.6247,,LG+F+I{0.0587}+G4{1.6247}
PF07503,LG+I+G4,0.0564,0.9561,,LG+I{0.0564}+G4{0.9561}
PF07517,LG+I+R4,0.0246,,"(0.0945,0.0718) (0.1686,0.2740) (0.2736,0.7105) (0.4386,1.7158)","LG+I{0.0246}+R4{0.0945,0.0718,0.1686,0.2740,0.2736,0.7105,0.4386,1.7158}"
PF07559,LG+F+I+R4,0.0122,,"(0.0809,0.2177) (0.1663,0.4923) (0.3880,0.9213) (0.3526,1.5404)","LG+F+I{0.0122}+R4{0.0809,0.2177,0.1663,0.4923,0.3880,0.9213,0.3526,1.5404}"
PF07650,LG+I+G4,0.0093,2.8473,,LG+I{0.0093}+G4{2.8473}
PF07655,LG+F+I+G4,0.0088,2.0696,,LG+F+I{0.0088}+G4{2.0696}
PF07670,LG+F+I+R4,0.0000,,"(0.1539,0.2975) (0.3063,0.5089) (0.2574,0.9246) (0.2825,1.9838)","LG+F+I{0.0000}+R4{0.1539,0.2975,0.3063,0.5089,0.2574,0.9246,0.2825,1.9838}"
PF07683,LG+F+I+R4,0.0000,,"(0.0430,0.0564) (0.1995,0.4336) (0.3210,0.8671) (0.4366,1.4494)","LG+F+I{0.0000}+R4{0.0430,0.0564,0.1995,0.4336,0.3210,0.8671,0.4366,1.4494}"
PF07687,LG+I+R4,0.0000,,"(0.0747,0.1431) (0.1705,0.3843) (0.3890,0.8707) (0.3658,1.5995)","LG+I{0.0000}+R4{0.0747,0.1431,0.1705,0.3843,0.3890,0.8707,0.3658,1.5995}"
PF07693,LG+I+R3,0.0062,,"(0.0745,0.1328) (0.3366,0.4727) (0.5828,1.4259)","LG+I{0.0062}+R3{0.0745,0.1328,0.3366,0.4727,0.5828,1.4259}"
PF07694,LG+F+I+G4,0.0000,1.4898,,LG+F+I{0.0000}+G4{1.4898}
PF07702,LG+F+I+R4,0.0000,,"(0.0548,0.1997) (0.3339,0.5039) (0.3272,1.0283) (0.2842,1.7047)","LG+F+I{0.0000}+R4{0.0548,0.1997,0.3339,0.5039,0.3272,1.0283,0.2842,1.7047}"
PF07703,LG+F+I+R4,0.0000,,"(0.0719,0.2389) (0.2122,0.4813) (0.3766,0.9048) (0.3393,1.5913)","LG+F+I{0.0000}+R4{0.0719,0.2389,0.2122,0.4813,0.3766,0.9048,0.3393,1.5913}"
PF07715,LG+F+I+R4,0.0000,,"(0.0451,0.1426) (0.1250,0.4292) (0.2692,0.7497) (0.5607,1.3164)","LG+F+I{0.0000}+R4{0.0451,0.1426,0.1250,0.4292,0.2692,0.7497,0.5607,1.3164}"
PF07717,LG+I+G4,0.0000,3.0752,,LG+I{0.0000}+G4{3.0752}
PF07722,LG+I+G4,0.0341,1.1522,,LG+I{0.0341}+G4{1.1522}
PF07724,LG+I+R4,0.0069,,"(0.1010,0.0806) (0.3049,0.3474) (0.3717,0.8253) (0.2156,2.6868)","LG+I{0.0069}+R4{0.1010,0.0806,0.3049,0.3474,0.3717,0.8253,0.2156,2.6868}"
PF07728,LG+I+G4,0.0104,2.8005,,LG+I{0.0104}+G4{2.8005}
PF07729,LG+F+I+R4,0.0000,,"(0.0564,0.1049) (0.1385,0.3622) (0.2564,0.7665) (0.5488,1.3619)","LG+F+I{0.0000}+R4{0.0564,0.1049,0.1385,0.3622,0.2564,0.7665,0.5488,1.3619}"
PF07730,LG+F+I+R4,0.0085,,"(0.0582,0.0532) (0.2747,0.3426) (0.3167,0.8380) (0.3418,1.8649)","LG+F+I{0.0085}+R4{0.0582,0.0532,0.2747,0.3426,0.3167,0.8380,0.3418,1.8649}"
PF07731,LG+I+R4,0.0050,,"(0.0751,0.1092) (0.1629,0.3902) (0.2895,0.7734) (0.4675,1.5066)","LG+I{0.0050}+R4{0.0751,0.1092,0.1629,0.3902,0.2895,0.7734,0.4675,1.5066}"
PF07732,LG+I+G4,0.0194,1.4852,,LG+I{0.0194}+G4{1.4852}
PF07733,LG+I+R4,0.0287,,"(0.1395,0.1426) (0.2353,0.4046) (0.2454,0.9198) (0.3509,1.8782)","LG+I{0.0287}+R4{0.1395,0.1426,0.2353,0.4046,0.2454,0.9198,0.3509,1.8782}"
PF07743,LG+I+R4,0.0000,,"(0.1228,0.1732) (0.2847,0.4702) (0.2842,0.9979) (0.3083,1.8206)","LG+I{0.0000}+R4{0.1228,0.1732,0.2847,0.4702,0.2842,0.9979,0.3083,1.8206}"
PF07748,LG+I+G4,0.0000,2.2355,,LG+I{0.0000}+G4{2.2355}
PF07804,LG+F+I+R4,0.0136,,"(0.0691,0.1124) (0.2309,0.4358) (0.3403,0.9230) (0.3460,1.6688)","LG+F+I{0.0136}+R4{0.0691,0.1124,0.2309,0.4358,0.3403,0.9230,0.3460,1.6688}"
PF07831,LG+I+G4,0.0357,1.9612,,LG+I{0.0357}+G4{1.9612}
PF07833,LG+I+G4,0.0000,1.6667,,LG+I{0.0000}+G4{1.6667}
PF07836,LG+I+G4,0.0522,1.2540,,LG+I{0.0522}+G4{1.2540}
PF07859,LG+F+I+R4,0.0000,,"(0.0322,0.0294) (0.2149,0.3689) (0.3666,0.8208) (0.3863,1.6020)","LG+F+I{0.0000}+R4{0.0322,0.0294,0.2149,0.3689,0.3666,0.8208,0.3863,1.6020}"
PF07881,LG+I+G4,0.0280,1.3160,,LG+I{0.0280}+G4{1.3160}
PF07882,LG+I+G4,0.1098,0.9222,,LG+I{0.1098}+G4{0.9222}
PF07883,LG+I+R4,0.0000,,"(0.0324,0.0477) (0.1004,0.3206) (0.4182,0.7948) (0.4490,1.4118)","LG+I{0.0000}+R4{0.0324,0.0477,0.1004,0.3206,0.4182,0.7948,0.4490,1.4118}"
PF07943,LG+F+I+G4,0.0000,3.8153,,LG+F+I{0.0000}+G4{3.8153}
PF07969,LG+F+I+R4,0.0033,,"(0.0289,0.1431) (0.1170,0.3892) (0.5427,0.8433) (0.3080,1.5993)","LG+F+I{0.0033}+R4{0.0289,0.1431,0.1170,0.3892,0.5427,0.8433,0.3080,1.5993}"
PF07972,LG+I+G4,0.0068,1.0159,,LG+I{0.0068}+G4{1.0159}
PF07973,LG+I+G4,0.0000,0.8255,,LG+I{0.0000}+G4{0.8255}
PF07977,LG+I+G4,0.0072,1.8266,,LG+I{0.0072}+G4{1.8266}
PF07992,LG+I+R4,0.0046,,"(0.0611,0.1372) (0.2185,0.4156) (0.3428,0.8861) (0.3730,1.6007)","LG+I{0.0046}+R4{0.0611,0.1372,0.2185,0.4156,0.3428,0.8861,0.3730,1.6007}"
PF08007,LG+I+G4,0.0706,2.3184,,LG+I{0.0706}+G4{2.3184}
PF08013,LG+F+I+G4,0.0966,0.9251,,LG+F+I{0.0966}+G4{0.9251}
PF08019,LG+F+I+R4,0.0000,,"(0.0466,0.0555) (0.2280,0.3988) (0.4400,0.9024) (0.2854,1.7848)","LG+F+I{0.0000}+R4{0.0466,0.0555,0.2280,0.3988,0.4400,0.9024,0.2854,1.7848}"
PF08021,LG+F+I+G4,0.0078,1.4771,,LG+F+I{0.0078}+G4{1.4771}
PF08029,LG+I+G4,0.0105,0.9231,,LG+I{0.0105}+G4{0.9231}
PF08032,LG+I+R4,0.0068,,"(0.1126,0.2442) (0.2664,0.6002) (0.5308,1.2071) (0.0834,2.0606)","LG+I{0.0068}+R4{0.1126,0.2442,0.2664,0.6002,0.5308,1.2071,0.0834,2.0606}"
PF08125,LG+I+G4,0.0210,2.2462,,LG+I{0.0210}+G4{2.2462}
PF08206,LG+I+G4,0.0157,2.1706,,LG+I{0.0157}+G4{2.1706}
PF08207,LG+I+G4,0.0000,2.7173,,LG+I{0.0000}+G4{2.7173}
PF08212,LG+I+G4,0.0073,1.8475,,LG+I{0.0073}+G4{1.8475}
PF08218,LG+I+G4,0.1102,1.2259,,LG+I{0.1102}+G4{1.2259}
PF08220,LG+I+G4,0.0680,3.1392,,LG+I{0.0680}+G4{3.1392}
PF08239,LG+I+G4,0.0000,2.4589,,LG+I{0.0000}+G4{2.4589}
PF08240,LG+I+R4,0.0000,,"(0.0743,0.0720) (0.1792,0.3900) (0.2852,0.8272) (0.4612,1.4934)","LG+I{0.0000}+R4{0.0743,0.0720,0.1792,0.3900,0.2852,0.8272,0.4612,1.4934}"
PF08241,LG+I+R4,0.0000,,"(0.1052,0.1870) (0.2438,0.4728) (0.2811,0.9316) (0.3698,1.6309)","LG+I{0.0000}+R4{0.1052,0.1870,0.2438,0.4728,0.2811,0.9316,0.3698,1.6309}"
PF08244,LG+F+I+R4,0.0096,,"(0.0423,0.1614) (0.2066,0.4000) (0.3709,0.8035) (0.3706,1.6527)","LG+F+I{0.0096}+R4{0.0423,0.1614,0.2066,0.4000,0.3709,0.8035,0.3706,1.6527}"
PF08245,LG+I+R4,0.0102,,"(0.0343,0.0359) (0.1870,0.2455) (0.3034,0.6768) (0.4651,1.6073)","LG+I{0.0102}+R4{0.0343,0.0359,0.1870,0.2455,0.3034,0.6768,0.4651,1.6073}"
PF08264,LG+I+G4,0.0000,2.8159,,LG+I{0.0000}+G4{2.8159}
PF08267,LG+F+I+R4,0.0215,,"(0.1206,0.0780) (0.2326,0.3981) (0.3322,0.9415) (0.2931,1.9966)","LG+F+I{0.0215}+R4{0.1206,0.0780,0.2326,0.3981,0.3322,0.9415,0.2931,1.9966}"
PF08272,LG+I+G4,0.0000,2.1073,,LG+I{0.0000}+G4{2.1073}
PF08274,LG+I+G4,0.0892,1.7256,,LG+I{0.0892}+G4{1.7256}
PF08275,LG+I+R4,0.0385,,"(0.1477,0.1609) (0.2031,0.4859) (0.2067,0.9324) (0.4040,1.6949)","LG+I{0.0385}+R4{0.1477,0.1609,0.2031,0.4859,0.2067,0.9324,0.4040,1.6949}"
PF08278,LG+F+I+G4,0.0000,3.5089,,LG+F+I{0.0000}+G4{3.5089}
PF08279,LG+I+R3,0.0000,,"(0.3531,0.3224) (0.2105,0.7794) (0.4364,1.6546)","LG+I{0.0000}+R3{0.3531,0.3224,0.2105,0.7794,0.4364,1.6546}"
PF08281,LG+I+G4,0.0000,2.1161,,LG+I{0.0000}+G4{2.1161}
PF08282,LG+F+I+R4,0.0114,,"(0.0571,0.0625) (0.1803,0.3136) (0.3991,0.7893) (0.3521,1.7746)","LG+F+I{0.0114}+R4{0.0571,0.0625,0.1803,0.3136,0.3991,0.7893,0.3521,1.7746}"
PF08298,LG+I+R2,0.0935,,"(0.7628,0.6696) (0.1438,3.4029)","LG+I{0.0935}+R2{0.7628,0.6696,0.1438,3.4029}"
PF08299,LG+I+R4,0.0000,,"(0.3530,0.2694) (0.2228,0.7653) (0.2175,1.2991) (0.2066,2.1865)","LG+I{0.0000}+R4{0.3530,0.2694,0.2228,0.7653,0.2175,1.2991,0.2066,2.1865}"
PF08323,LG+F+I+R4,0.0000,,"(0.0804,0.0973) (0.2023,0.3628) (0.3046,0.8134) (0.4127,1.6259)","LG+F+I{0.0000}+R4{0.0804,0.0973,0.2023,0.3628,0.3046,0.8134,0.4127,1.6259}"
PF08340,LG+I+R4,0.0739,,"(0.0922,0.0708) (0.2599,0.4269) (0.2057,0.8393) (0.3683,1.9276)","LG+I{0.0739}+R4{0.0922,0.0708,0.2599,0.4269,0.2057,0.8393,0.3683,1.9276}"
PF08345,LG+F+I+R4,0.0000,,"(0.1097,0.1664) (0.2634,0.5007) (0.2486,0.8895) (0.3783,1.6621)","LG+F+I{0.0000}+R4{0.1097,0.1664,0.2634,0.5007,0.2486,0.8895,0.3783,1.6621}"
PF08348,LG+I+G4,0.0217,1.5100,,LG+I{0.0217}+G4{1.5100}
PF08351,LG+I+R4,0.0124,,"(0.0473,0.0989) (0.3577,0.4437) (0.3928,0.9762) (0.1899,2.3868)","LG+I{0.0124}+R4{0.0473,0.0989,0.3577,0.4437,0.3928,0.9762,0.1899,2.3868}"
PF08361,LG+I+G4,0.0489,1.8889,,LG+I{0.0489}+G4{1.8889}
PF08362,LG+I+G4,0.0290,1.3888,,LG+I{0.0290}+G4{1.3888}
PF08436,LG+I+R4,0.0561,,"(0.2173,0.0722) (0.2117,0.3560) (0.1649,1.0481) (0.3500,2.1030)","LG+I{0.0561}+R4{0.2173,0.0722,0.2117,0.3560,0.1649,1.0481,0.3500,2.1030}"
PF08442,LG+I+G4,0.0901,1.7378,,LG+I{0.0901}+G4{1.7378}
PF08443,LG+I,0.0907,,,LG+I{0.0907}
PF08447,LG+I+R4,0.0000,,"(0.0684,0.1834) (0.2354,0.6016) (0.3662,0.9526) (0.3300,1.5061)","LG+I{0.0000}+R4{0.0684,0.1834,0.2354,0.6016,0.3662,0.9526,0.3300,1.5061}"
PF08448,LG+F+I+R3,0.0000,,"(0.0624,0.2096) (0.3636,0.6430) (0.5740,1.3120)","LG+F+I{0.0000}+R3{0.0624,0.2096,0.3636,0.6430,0.5740,1.3120}"
PF08459,LG+I+R4,0.0068,,"(0.0752,0.0613) (0.2000,0.2693) (0.3013,0.7248) (0.4167,1.7355)","LG+I{0.0068}+R4{0.0752,0.0613,0.2000,0.2693,0.3013,0.7248,0.4167,1.7355}"
PF08461,LG+I+G4,0.0011,2.0617,,LG+I{0.0011}+G4{2.0617}
PF08478,LG+I+G4,0.0000,2.5786,,LG+I{0.0000}+G4{2.5786}
PF08501,LG+I+R3,0.0285,,"(0.1223,0.0778) (0.2838,0.4273) (0.5653,1.5375)","LG+I{0.0285}+R3{0.1223,0.0778,0.2838,0.4273,0.5653,1.5375}"
PF08502,LG+I+G4,0.0111,1.5302,,LG+I{0.0111}+G4{1.5302}
PF08529,LG+I+R4,0.0000,,"(0.1353,0.2410) (0.2098,0.5028) (0.2690,0.9477) (0.3859,1.5730)","LG+I{0.0000}+R4{0.1353,0.2410,0.2098,0.5028,0.2690,0.9477,0.3859,1.5730}"
PF08534,LG+I+R4,0.0000,,"(0.0176,0.1068) (0.2841,0.4827) (0.3960,0.9145) (0.3023,1.6503)","LG+I{0.0000}+R4{0.0176,0.1068,0.2841,0.4827,0.3960,0.9145,0.3023,1.6503}"
PF08541,LG+I+G4,0.0000,1.4508,,LG+I{0.0000}+G4{1.4508}
PF08544,LG+I+R4,0.0000,,"(0.0570,0.1635) (0.2461,0.4982) (0.3250,0.8682) (0.3719,1.5755)","LG+I{0.0000}+R4{0.0570,0.1635,0.2461,0.4982,0.3250,0.8682,0.3719,1.5755}"
PF08545,LG+I+R4,0.0000,,"(0.1344,0.1601) (0.3960,0.5639) (0.2954,1.2550) (0.1742,2.2066)","LG+I{0.0000}+R4{0.1344,0.1601,0.3960,0.5639,0.2954,1.2550,0.1742,2.2066}"
PF08546,LG+I+R4,0.0000,,"(0.0475,0.0887) (0.2041,0.3977) (0.3025,0.7748) (0.4459,1.5256)","LG+I{0.0000}+R4{0.0475,0.0887,0.2041,0.3977,0.3025,0.7748,0.4459,1.5256}"
PF08666,LG+I+G4,0.0000,2.4780,,LG+I{0.0000}+G4{2.4780}
PF08669,LG+F+I+G4,0.0000,1.9376,,LG+F+I{0.0000}+G4{1.9376}
PF08676,LG+I+G4,0.0000,1.4135,,LG+I{0.0000}+G4{1.4135}
PF08719,LG+I+R4,0.0142,,"(0.0989,0.0699) (0.1863,0.3371) (0.2318,0.8510) (0.4688,1.5637)","LG+I{0.0142}+R4{0.0989,0.0699,0.1863,0.3371,0.2318,0.8510,0.4688,1.5637}"
PF08753,LG+I+R4,0.0000,,"(0.1609,0.2433) (0.3612,0.6690) (0.3210,1.1855) (0.1569,2.1582)","LG+I{0.0000}+R4{0.1609,0.2433,0.3612,0.6690,0.3210,1.1855,0.1569,2.1582}"
PF08755,LG+I+G4,0.0159,1.7151,,LG+I{0.0159}+G4{1.7151}
PF08765,LG+I+G4,0.0001,2.1364,,LG+I{0.0001}+G4{2.1364}
PF08786,LG+I+G4,0.0034,2.2576,,LG+I{0.0034}+G4{2.2576}
PF08798,LG+F+I+R4,0.0134,,"(0.0482,0.0991) (0.1730,0.3385) (0.3117,0.7413) (0.4537,1.5552)","LG+F+I{0.0134}+R4{0.0482,0.0991,0.1730,0.3385,0.3117,0.7413,0.4537,1.5552}"
PF08803,LG+I+G4,0.0120,1.5157,,LG+I{0.0120}+G4{1.5157}
PF08805,LG+F+I,0.0421,,,LG+F+I{0.0421}
PF08843,LG+F+I+R4,0.0062,,"(0.0284,0.0327) (0.1281,0.2814) (0.2392,0.6957) (0.5981,1.3319)","LG+F+I{0.0062}+R4{0.0284,0.0327,0.1281,0.2814,0.2392,0.6957,0.5981,1.3319}"
PF08873,LG+I+G4,0.0103,4.9073,,LG+I{0.0103}+G4{4.9073}
PF08891,LG+I+G4,0.0555,1.2025,,LG+I{0.0555}+G4{1.2025}
PF08918,LG+I+G4,0.0519,1.1059,,LG+I{0.0519}+G4{1.1059}
PF08943,LG+I+G4,0.1741,2.4597,,LG+I{0.1741}+G4{2.4597}
PF08956,JTT+G4,,1.0675,,JTT+G4{1.0675}
PF08965,LG+I,0.0574,,,LG+I{0.0574}
PF08971,LG+I,0.3629,,,LG+I{0.3629}
PF08974,LG+F+I+R4,0.0000,,"(0.0206,0.0421) (0.1979,0.3963) (0.4167,0.8141) (0.3648,1.5939)","LG+F+I{0.0000}+R4{0.0206,0.0421,0.1979,0.3963,0.4167,0.8141,0.3648,1.5939}"
PF08986,LG+I+G4,0.0000,2.8147,,LG+I{0.0000}+G4{2.8147}
PF09008,JTT+G4,,1.0673,,JTT+G4{1.0673}
PF09012,LG+I+G4,0.0432,3.1076,,LG+I{0.0432}+G4{3.1076}
PF09039,LG+I+G4,0.0066,2.7342,,LG+I{0.0066}+G4{2.7342}
PF09077,LG+I+G4,0.0520,2.8174,,LG+I{0.0520}+G4{2.8174}
PF09078,LG+I+R2,0.0167,,"(0.4585,0.3040) (0.5248,1.6398)","LG+I{0.0167}+R2{0.4585,0.3040,0.5248,1.6398}"
PF09106,LG+I+R4,0.0000,,"(0.0474,0.0411) (0.2239,0.4029) (0.2996,0.8052) (0.4290,1.5537)","LG+I{0.0000}+R4{0.0474,0.0411,0.2239,0.4029,0.2996,0.8052,0.4290,1.5537}"
PF09107,LG+I+G4,0.0216,1.4911,,LG+I{0.0216}+G4{1.4911}
PF09115,LG+I+G4,0.0000,1.5726,,LG+I{0.0000}+G4{1.5726}
PF09134,LG+I+G4,0.0051,2.7568,,LG+I{0.0051}+G4{2.7568}
PF09140,LG+I+G4,0.1236,1.0113,,LG+I{0.1236}+G4{1.0113}
PF09157,LG+I+G4,0.0278,1.6299,,LG+I{0.0278}+G4{1.6299}
PF09160,LG+F+I+G4,0.0188,2.0319,,LG+F+I{0.0188}+G4{2.0319}
PF09163,LG+F+I+G4,0.0000,1.7292,,LG+F+I{0.0000}+G4{1.7292}
PF09179,LG+F+I+G4,0.0000,3.0781,,LG+F+I{0.0000}+G4{3.0781}
PF09186,LG+I+G4,0.0000,2.6873,,LG+I{0.0000}+G4{2.6873}
PF09190,LG+I+G4,0.0146,1.1407,,LG+I{0.0146}+G4{1.1407}
PF09209,LG+F+I+G4,0.0000,4.0472,,LG+F+I{0.0000}+G4{4.0472}
PF09223,LG+F+I+G4,0.1145,1.2542,,LG+F+I{0.1145}+G4{1.2542}
PF09261,LG+I+G4,0.0085,1.0097,,LG+I{0.0085}+G4{1.0097}
PF09278,LG+F+I+R4,0.0000,,"(0.1110,0.1959) (0.2882,0.4705) (0.2975,1.0524) (0.3033,1.7459)","LG+F+I{0.0000}+R4{0.1110,0.1959,0.2882,0.4705,0.2975,1.0524,0.3033,1.7459}"
PF09285,LG+F+I+G4,0.0000,1.5376,,LG+F+I{0.0000}+G4{1.5376}
PF09290,LG+F+I+G4,0.0272,0.7467,,LG+F+I{0.0272}+G4{0.7467}
PF09297,LG+I+R3,0.0000,,"(0.1407,0.0822) (0.2766,0.5389) (0.5826,1.4406)","LG+I{0.0000}+R3{0.1407,0.0822,0.2766,0.5389,0.5826,1.4406}"
PF09299,LG+I+R4,0.0000,,"(0.0518,0.1591) (0.2189,0.4190) (0.3193,0.8977) (0.4099,1.4963)","LG+I{0.0000}+R4{0.0518,0.1591,0.2189,0.4190,0.3193,0.8977,0.4099,1.4963}"
PF09306,LG+I,0.3739,,,LG+I{0.3739}
PF09312,LG+I+G4,0.0427,2.2814,,LG+I{0.0427}+G4{2.2814}
PF09313,LG+I+G4,0.0078,1.5512,,LG+I{0.0078}+G4{1.5512}
PF09317,LG+F+I+R4,0.0032,,"(0.1614,0.1477) (0.2709,0.5443) (0.3355,1.0880) (0.2289,2.0257)","LG+F+I{0.0032}+R4{0.1614,0.1477,0.2709,0.5443,0.3355,1.0880,0.2289,2.0257}"
PF09330,LG+I+G4,0.0655,0.9733,,LG+I{0.0655}+G4{0.9733}
PF09335,LG+F+I+G4,0.0000,4.3982,,LG+F+I{0.0000}+G4{4.3982}
PF09339,LG+F+I+R3,0.0000,,"(0.3539,0.3969) (0.3238,0.8619) (0.3223,1.8011)","LG+F+I{0.0000}+R3{0.3539,0.3969,0.3238,0.8619,0.3223,1.8011}"
PF09350,LG+I+R4,0.0000,,"(0.1755,0.2170) (0.3600,0.6625) (0.2905,1.2163) (0.1740,2.1273)","LG+I{0.0000}+R4{0.1755,0.2170,0.3600,0.6625,0.2905,1.2163,0.1740,2.1273}"
PF09371,LG+I+G4,0.0409,0.8344,,LG+I{0.0409}+G4{0.8344}
PF09378,LG+F+I+G4,0.0000,3.2342,,LG+F+I{0.0000}+G4{3.2342}
PF09381,LG+I+G4,0.0672,3.2631,,LG+I{0.0672}+G4{3.2631}
PF09382,LG+I+G4,0.0000,2.0554,,LG+I{0.0000}+G4{2.0554}
PF09383,LG+I+R4,0.0000,,"(0.0400,0.1430) (0.3037,0.4725) (0.3973,0.9356) (0.2589,1.8503)","LG+I{0.0000}+R4{0.0400,0.1430,0.3037,0.4725,0.3973,0.9356,0.2589,1.8503}"
PF09397,LG+I+R4,0.0101,,"(0.0858,0.0352) (0.2908,0.3380) (0.2647,0.8567) (0.3485,1.9279)","LG+I{0.0101}+R4{0.0858,0.0352,0.2908,0.3380,0.2647,0.8567,0.3485,1.9279}"
PF09400,JTT+G4,,0.7318,,JTT+G4{0.7318}
PF09456,JTT+G4,,1.9484,,JTT+G4{1.9484}
PF09500,LG+I+G4,0.0561,2.0451,,LG+I{0.0561}+G4{2.0451}
PF09718,LG+F+I+G4,0.0000,3.9945,,LG+F+I{0.0000}+G4{3.9945}
PF09864,LG+I+R4,0.0000,,"(0.0443,0.0527) (0.1276,0.2738) (0.2435,0.6743) (0.5846,1.3660)","LG+I{0.0000}+R4{0.0443,0.0527,0.1276,0.2738,0.2435,0.6743,0.5846,1.3660}"
PF09984,LG+F+I+G4,0.0000,1.0569,,LG+F+I{0.0000}+G4{1.0569}
PF09992,LG+I+R4,0.0028,,"(0.0234,0.0580) (0.1692,0.3097) (0.2477,0.6503) (0.5569,1.4099)","LG+I{0.0028}+R4{0.0234,0.0580,0.1692,0.3097,0.2477,0.6503,0.5569,1.4099}"
PF10263,LG+I+G4,0.0189,1.0152,,LG+I{0.0189}+G4{1.0152}
PF10369,LG+I+G4,0.0000,1.6805,,LG+I{0.0000}+G4{1.6805}
PF10371,LG+I+G4,0.0452,0.9720,,LG+I{0.0452}+G4{0.9720}
PF10385,LG+I+R4,0.0000,,"(0.1230,0.0973) (0.1735,0.3294) (0.2879,0.7806) (0.4156,1.6991)","LG+I{0.0000}+R4{0.1230,0.0973,0.1735,0.3294,0.2879,0.7806,0.4156,1.6991}"
PF10410,LG+F+I+G4,0.0000,5.4674,,LG+F+I{0.0000}+G4{5.4674}
PF10411,LG+F+I+R4,0.0000,,"(0.1089,0.2548) (0.3534,0.6422) (0.3369,1.1121) (0.2008,1.8455)","LG+F+I{0.0000}+R4{0.1089,0.2548,0.3534,0.6422,0.3369,1.1121,0.2008,1.8455}"
PF10414,LG+F+I+G4,0.0171,2.1064,,LG+F+I{0.0171}+G4{2.1064}
PF10415,LG+I+R4,0.0186,,"(0.1733,0.1567) (0.3190,0.5270) (0.3128,1.3152) (0.1762,2.2317)","LG+I{0.0186}+R4{0.1733,0.1567,0.3190,0.5270,0.3128,1.3152,0.1762,2.2317}"
PF10417,LG+I+G4,0.0372,2.7200,,LG+I{0.0372}+G4{2.7200}
PF10423,LG+F+I+G4,0.0377,1.2205,,LG+F+I{0.0377}+G4{1.2205}
PF10431,LG+I+G4,0.0218,1.2851,,LG+I{0.0218}+G4{1.2851}
PF10437,LG+I+G4,0.0000,1.6722,,LG+I{0.0000}+G4{1.6722}
PF10458,LG+F+I+R2,0.0005,,"(0.3441,0.2741) (0.6555,1.3818)","LG+F+I{0.0005}+R2{0.3441,0.2741,0.6555,1.3818}"
PF10502,LG+I+G4,0.0098,1.2551,,LG+I{0.0098}+G4{1.2551}
PF10509,LG+I+G4,0.0000,0.8457,,LG+I{0.0000}+G4{0.8457}
PF10531,LG+I+G4,0.0161,2.3960,,LG+I{0.0161}+G4{2.3960}
PF10576,LG+I+R3,0.1495,,"(0.1484,0.0233) (0.3200,0.8355) (0.3821,1.9085)","LG+I{0.1495}+R3{0.1484,0.0233,0.3200,0.8355,0.3821,1.9085}"
PF10588,LG+I+R4,0.0154,,"(0.0923,0.0665) (0.3526,0.5937) (0.3085,0.9680) (0.2312,2.1015)","LG+I{0.0154}+R4{0.0923,0.0665,0.3526,0.5937,0.3085,0.9680,0.2312,2.1015}"
PF10589,LG+I+R4,0.0167,,"(0.0908,0.0879) (0.2778,0.4348) (0.2786,0.8727) (0.3361,1.8687)","LG+I{0.0167}+R4{0.0908,0.0879,0.2778,0.4348,0.2786,0.8727,0.3361,1.8687}"
PF10590,LG+I+G4,0.0000,0.6645,,LG+I{0.0000}+G4{0.6645}
PF10623,JTT+R2,,,"(0.2386,0.2483) (0.7614,1.2356)","JTT+R2{0.2386,0.2483,0.7614,1.2356}"
PF10662,LG+I+G4,0.0613,1.4822,,LG+I{0.0613}+G4{1.4822}
PF10721,JTT+F+G4,,2.5425,,JTT+F+G4{2.5425}
PF10722,LG+F+I+R4,0.0000,,"(0.0073,0.0101) (0.0494,0.3457) (0.4638,0.7706) (0.4794,1.3045)","LG+F+I{0.0000}+R4{0.0073,0.0101,0.0494,0.3457,0.4638,0.7706,0.4794,1.3045}"
PF10729,JTT+G4,,0.5108,,JTT+G4{0.5108}
PF10777,LG+I+G4,0.1027,2.2673,,LG+I{0.1027}+G4{2.2673}
PF10807,LG+I+G4,0.0069,2.0585,,LG+I{0.0069}+G4{2.0585}
PF11127,LG+F+I+R4,0.0110,,"(0.0514,0.0846) (0.1871,0.3581) (0.4660,0.8283) (0.2846,1.9072)","LG+F+I{0.0110}+R4{0.0514,0.0846,0.1871,0.3581,0.4660,0.8283,0.2846,1.9072}"
PF11412,LG+I+R3,0.0224,,"(0.1142,0.2630) (0.2751,0.6193) (0.5883,1.3593)","LG+I{0.0224}+R3{0.1142,0.2630,0.2751,0.6193,0.5883,1.3593}"
PF11471,LG+F+I,0.0921,,,LG+F+I{0.0921}
PF11563,LG+I+G4,0.0000,2.3125,,LG+I{0.0000}+G4{2.3125}
PF11575,LG+I+G4,0.2000,3.9212,,LG+I{0.2000}+G4{3.9212}
PF11604,LG+I+G4,0.0000,1.3282,,LG+I{0.0000}+G4{1.3282}
PF11622,JTT+G4,,8.9558,,JTT+G4{8.9558}
PF11638,LG+I+G4,0.0000,1.8378,,LG+I{0.0000}+G4{1.8378}
PF11663,LG+I+G4,0.0545,1.5625,,LG+I{0.0545}+G4{1.5625}
PF11726,LG+I+G4,0.0029,1.5288,,LG+I{0.0029}+G4{1.5288}
PF11734,LG+I+G4,0.0116,1.6746,,LG+I{0.0116}+G4{1.6746}
PF11762,LG+I+G4,0.0625,0.9763,,LG+I{0.0625}+G4{0.9763}
PF11799,LG+I+R4,0.0000,,"(0.0719,0.2373) (0.2398,0.4799) (0.3134,0.9547) (0.3748,1.5170)","LG+I{0.0000}+R4{0.0719,0.2373,0.2398,0.4799,0.3134,0.9547,0.3748,1.5170}"
PF11806,LG+F+I+G4,0.0495,1.6381,,LG+F+I{0.0495}+G4{1.6381}
PF11870,LG+I+G4,0.0109,2.0146,,LG+I{0.0109}+G4{2.0146}
PF11924,LG+F+I+G4,0.0560,2.9169,,LG+F+I{0.0560}+G4{2.9169}
PF11940,LG+I+R4,0.0174,,"(0.1265,0.1010) (0.2586,0.5218) (0.4004,1.2009) (0.1972,1.8839)","LG+I{0.0174}+R4{0.1265,0.1010,0.2586,0.5218,0.4004,1.2009,0.1972,1.8839}"
PF11941,LG+F+I+R4,0.0000,,"(0.0112,0.0396) (0.2398,0.4754) (0.3403,0.8694) (0.4087,1.4429)","LG+F+I{0.0000}+R4{0.0112,0.0396,0.2398,0.4754,0.3403,0.8694,0.4087,1.4429}"
PF11967,LG+I+R4,0.0000,,"(0.0892,0.2036) (0.1821,0.5215) (0.4110,0.9301) (0.3177,1.5883)","LG+I{0.0000}+R4{0.0892,0.2036,0.1821,0.5215,0.4110,0.9301,0.3177,1.5883}"
PF11974,LG+I+G4,0.0065,2.3447,,LG+I{0.0065}+G4{2.3447}
PF11975,LG+I+R4,0.0100,,"(0.1329,0.2120) (0.2825,0.5302) (0.2525,1.0082) (0.3221,1.7620)","LG+I{0.0100}+R4{0.1329,0.2120,0.2825,0.5302,0.2525,1.0082,0.3221,1.7620}"
PF11987,LG+I+R4,0.0000,,"(0.0882,0.0902) (0.2704,0.4558) (0.3107,0.9085) (0.3307,1.7735)","LG+I{0.0000}+R4{0.0882,0.0902,0.2704,0.4558,0.3107,0.9085,0.3307,1.7735}"
PF12002,LG+I+G4,0.0213,1.1129,,LG+I{0.0213}+G4{1.1129}
PF12019,LG+F+I+R4,0.0000,,"(0.0180,0.0774) (0.1050,0.3657) (0.3296,0.6956) (0.5474,1.3353)","LG+F+I{0.0000}+R4{0.0180,0.0774,0.1050,0.3657,0.3296,0.6956,0.5474,1.3353}"
PF12111,JTT+I+G4,0.1607,3.2417,,JTT+I{0.1607}+G4{3.2417}
PF12122,LG+I+G4,0.0230,1.3129,,LG+I{0.0230}+G4{1.3129}
PF12137,LG+F+I+G4,0.0119,1.3593,,LG+F+I{0.0119}+G4{1.3593}
PF12146,LG+I+R4,0.0078,,"(0.0440,0.0828) (0.1822,0.3827) (0.4241,0.8716) (0.3419,1.6292)","LG+I{0.0078}+R4{0.0440,0.0828,0.1822,0.3827,0.4241,0.8716,0.3419,1.6292}"
PF12161,LG+I+G4,0.0000,1.9065,,LG+I{0.0000}+G4{1.9065}
PF12167,LG+I+G4,0.0002,1.2920,,LG+I{0.0002}+G4{1.2920}
PF12320,LG+F+I+G4,0.0000,2.3652,,LG+F+I{0.0000}+G4{2.3652}
PF12327,LG+I+R2,0.0463,,"(0.5867,0.4667) (0.3670,1.9790)","LG+I{0.0463}+R2{0.5867,0.4667,0.3670,1.9790}"
PF12399,LG+I+R4,0.0134,,"(0.0950,0.0190) (0.2021,0.3028) (0.3274,0.9829) (0.3621,1.6990)","LG+I{0.0134}+R4{0.0950,0.0190,0.2021,0.3028,0.3274,0.9829,0.3621,1.6990}"
PF12421,,,,,
PF12528,JTT+G4,,2.2853,,JTT+G4{2.2853}
PF12568,LG+I+G4,0.0920,1.1387,,LG+I{0.0920}+G4{1.1387}
PF12571,LG+I+R3,0.0009,,"(0.0880,0.0980) (0.5953,0.6976) (0.3158,1.8244)","LG+I{0.0009}+R3{0.0880,0.0980,0.5953,0.6976,0.3158,1.8244}"
PF12592,LG+I+G4,0.0196,2.3788,,LG+I{0.0196}+G4{2.3788}
PF12626,LG+I+G4,0.0118,1.2006,,LG+I{0.0118}+G4{1.2006}
PF12627,LG+I+R4,0.0040,,"(0.2277,0.2787) (0.2629,0.6444) (0.2336,1.1291) (0.2718,1.8521)","LG+I{0.0040}+R4{0.2277,0.2787,0.2629,0.6444,0.2336,1.1291,0.2718,1.8521}"
PF12633,LG+I+G4,0.0482,1.3266,,LG+I{0.0482}+G4{1.3266}
PF12684,LG+I+G4,0.0178,1.8641,,LG+I{0.0178}+G4{1.8641}
PF12693,LG+F+I+G4,0.0028,7.0389,,LG+F+I{0.0028}+G4{7.0389}
PF12697,LG+F+I+R4,0.0000,,"(0.0171,0.0981) (0.1312,0.3634) (0.3686,0.7879) (0.4831,1.3666)","LG+F+I{0.0000}+R4{0.0171,0.0981,0.1312,0.3634,0.3686,0.7879,0.4831,1.3666}"
PF12704,LG+F+I+R4,0.0000,,"(0.0336,0.2003) (0.1370,0.4540) (0.3261,0.8310) (0.5033,1.3115)","LG+F+I{0.0000}+R4{0.0336,0.2003,0.1370,0.4540,0.3261,0.8310,0.5033,1.3115}"
PF12705,LG+F+I+R4,0.0097,,"(0.0190,0.0253) (0.0666,0.2578) (0.2965,0.6349) (0.6083,1.3056)","LG+F+I{0.0097}+R4{0.0190,0.0253,0.0666,0.2578,0.2965,0.6349,0.6083,1.3056}"
PF12706,LG+F+I+R4,0.0044,,"(0.0386,0.0806) (0.1267,0.3368) (0.3529,0.7097) (0.4774,1.4742)","LG+F+I{0.0044}+R4{0.0386,0.0806,0.1267,0.3368,0.3529,0.7097,0.4774,1.4742}"
PF12724,LG+I+G4,0.0042,1.7590,,LG+I{0.0042}+G4{1.7590}
PF12759,LG+I,0.1644,,,LG+I{0.1644}
PF12792,LG+F+I+R4,0.0089,,"(0.0202,0.1595) (0.0990,0.3915) (0.4034,0.6933) (0.4685,1.4479)","LG+F+I{0.0089}+R4{0.0202,0.1595,0.0990,0.3915,0.4034,0.6933,0.4685,1.4479}"
PF12794,LG+F+I+R4,0.0005,,"(0.0587,0.1276) (0.2142,0.4261) (0.3861,0.8441) (0.3405,1.6899)","LG+F+I{0.0005}+R4{0.0587,0.1276,0.2142,0.4261,0.3861,0.8441,0.3405,1.6899}"
PF12797,LG+I+R3,0.0646,,"(0.0739,0.0195) (0.3807,0.7743) (0.4808,1.4638)","LG+I{0.0646}+R3{0.0739,0.0195,0.3807,0.7743,0.4808,1.4638}"
PF12800,LG+I+R3,0.0000,,"(0.1171,0.0211) (0.3968,0.7665) (0.4861,1.4264)","LG+I{0.0000}+R3{0.1171,0.0211,0.3968,0.7665,0.4861,1.4264}"
PF12801,LG+F+I+R3,0.0345,,"(0.1243,0.3296) (0.1989,0.6111) (0.6422,1.3040)","LG+F+I{0.0345}+R3{0.1243,0.3296,0.1989,0.6111,0.6422,1.3040}"
PF12804,LG+F+I+R4,0.0024,,"(0.0464,0.1317) (0.1416,0.4072) (0.2545,0.7701) (0.5551,1.3336)","LG+F+I{0.0024}+R4{0.0464,0.1317,0.1416,0.4072,0.2545,0.7701,0.5551,1.3336}"
PF12805,LG+F+I+G4,0.0066,2.2019,,LG+F+I{0.0066}+G4{2.2019}
PF12821,LG+F+I+G4,0.0095,1.9791,,LG+F+I{0.0095}+G4{1.9791}
PF12833,LG+F+I+G4,0.0000,2.4259,,LG+F+I{0.0000}+G4{2.4259}
PF12836,LG+I+R4,0.0000,,"(0.2036,0.1903) (0.4578,0.6183) (0.2149,1.5132) (0.1237,2.8542)","LG+I{0.0000}+R4{0.2036,0.1903,0.4578,0.6183,0.2149,1.5132,0.1237,2.8542}"
PF12838,LG+I+R4,0.0096,,"(0.0366,0.0220) (0.2169,0.4122) (0.2822,0.7594) (0.4547,1.5296)","LG+I{0.0096}+R4{0.0366,0.0220,0.2169,0.4122,0.2822,0.7594,0.4547,1.5296}"
PF12840,LG+I+G4,0.0000,3.0896,,LG+I{0.0000}+G4{3.0896}
PF12848,LG+I+G4,0.0000,2.2924,,LG+I{0.0000}+G4{2.2924}
PF12850,LG+I+R4,0.0134,,"(0.0603,0.0431) (0.0851,0.2862) (0.3816,0.6698) (0.4596,1.5610)","LG+I{0.0134}+R4{0.0603,0.0431,0.0851,0.2862,0.3816,0.6698,0.4596,1.5610}"
PF12852,LG+F+I+R4,0.0000,,"(0.0597,0.1603) (0.2430,0.4501) (0.3613,0.8205) (0.3360,1.7401)","LG+F+I{0.0000}+R4{0.0597,0.1603,0.2430,0.4501,0.3613,0.8205,0.3360,1.7401}"
PF12883,LG+I+R2,0.0000,,"(0.0997,0.1166) (0.9003,1.0978)","LG+I{0.0000}+R2{0.0997,0.1166,0.9003,1.0978}"
PF12911,LG+F+I+R4,0.0000,,"(0.0952,0.2695) (0.1872,0.5959) (0.4001,0.9144) (0.3175,1.5651)","LG+F+I{0.0000}+R4{0.0952,0.2695,0.1872,0.5959,0.4001,0.9144,0.3175,1.5651}"
PF12961,LG+I+G4,0.0199,1.4097,,LG+I{0.0199}+G4{1.4097}
PF13005,LG+I+R4,0.0210,,"(0.0428,0.0404) (0.4197,0.4958) (0.2852,1.0653) (0.2314,2.1025)","LG+I{0.0210}+R4{0.0428,0.0404,0.4197,0.4958,0.2852,1.0653,0.2314,2.1025}"
PF13085,LG+I+G4,0.0313,1.8004,,LG+I{0.0313}+G4{1.8004}
PF13089,LG+I+R4,0.0000,,"(0.1851,0.0740) (0.2719,0.3650) (0.2816,1.0427) (0.2614,2.2703)","LG+I{0.0000}+R4{0.1851,0.0740,0.2719,0.3650,0.2816,1.0427,0.2614,2.2703}"
PF13090,LG+I+G4,0.0505,1.1425,,LG+I{0.0505}+G4{1.1425}
PF13091,LG+I+R4,0.0000,,"(0.0638,0.0964) (0.1931,0.4416) (0.4016,0.8739) (0.3415,1.6326)","LG+I{0.0000}+R4{0.0638,0.0964,0.1931,0.4416,0.4016,0.8739,0.3415,1.6326}"
PF13098,LG+I+R4,0.0081,,"(0.0868,0.2248) (0.3555,0.6612) (0.3825,1.1277) (0.1671,1.8796)","LG+I{0.0081}+R4{0.0868,0.2248,0.3555,0.6612,0.3825,1.1277,0.1671,1.8796}"
PF13099,LG+I,0.2008,,,LG+I{0.2008}
PF13145,LG+F+I+G4,0.0000,4.5303,,LG+F+I{0.0000}+G4{4.5303}
PF13175,LG+F+I+R4,0.0036,,"(0.0318,0.0293) (0.0904,0.1831) (0.4220,0.5390) (0.4521,1.6699)","LG+F+I{0.0036}+R4{0.0318,0.0293,0.0904,0.1831,0.4220,0.5390,0.4521,1.6699}"
PF13177,LG+I+G4,0.0429,1.6223,,LG+I{0.0429}+G4{1.6223}
PF13180,LG+I+G4,0.0098,2.2272,,LG+I{0.0098}+G4{2.2272}
PF13183,LG+I+R4,0.0284,,"(0.0414,0.0441) (0.2059,0.4875) (0.4734,0.9329) (0.2510,1.8179)","LG+I{0.0284}+R4{0.0414,0.0441,0.2059,0.4875,0.4734,0.9329,0.2510,1.8179}"
PF13184,LG+I+G4,0.0134,1.3178,,LG+I{0.0134}+G4{1.3178}
PF13185,LG+F+I+G4,0.0000,2.9455,,LG+F+I{0.0000}+G4{2.9455}
PF13186,LG+I+R4,0.0061,,"(0.0381,0.0076) (0.0566,0.2006) (0.2801,0.6192) (0.6191,1.3163)","LG+I{0.0061}+R4{0.0381,0.0076,0.0566,0.2006,0.2801,0.6192,0.6191,1.3163}"
PF13188,LG+I+R4,0.0000,,"(0.0095,0.0270) (0.0793,0.3262) (0.3921,0.6157) (0.5191,1.4110)","LG+I{0.0000}+R4{0.0095,0.0270,0.0793,0.3262,0.3921,0.6157,0.5191,1.4110}"
PF13192,LG+I+G4,0.0324,3.1600,,LG+I{0.0324}+G4{3.1600}
PF13193,LG+I+R4,0.0000,,"(0.0638,0.1258) (0.3212,0.3770) (0.3578,0.9701) (0.2571,2.0369)","LG+I{0.0000}+R4{0.0638,0.1258,0.3212,0.3770,0.3578,0.9701,0.2571,2.0369}"
PF13230,LG+I+G4,0.0070,0.8943,,LG+I{0.0070}+G4{0.8943}
PF13237,LG+I+R3,0.0854,,"(0.0351,0.0861) (0.2591,0.6081) (0.6204,1.3530)","LG+I{0.0854}+R3{0.0351,0.0861,0.2591,0.6081,0.6204,1.3530}"
PF13238,LG+I+R4,0.0000,,"(0.0280,0.0393) (0.1393,0.3174) (0.3905,0.7492) (0.4423,1.4972)","LG+I{0.0000}+R4{0.0280,0.0393,0.1393,0.3174,0.3905,0.7492,0.4423,1.4972}"
PF13241,LG+I+R4,0.0000,,"(0.1443,0.1713) (0.2168,0.3988) (0.2673,0.8702) (0.3716,1.7658)","LG+I{0.0000}+R4{0.1443,0.1713,0.2168,0.3988,0.2673,0.8702,0.3716,1.7658}"
PF13242,LG+I+R4,0.0159,,"(0.1812,0.2017) (0.2075,0.5546) (0.2594,1.0514) (0.3361,1.7129)","LG+I{0.0159}+R4{0.1812,0.2017,0.2075,0.5546,0.2594,1.0514,0.3361,1.7129}"
PF13245,LG+I+R3,0.0241,,"(0.0967,0.0921) (0.3196,0.4737) (0.5597,1.5004)","LG+I{0.0241}+R3{0.0967,0.0921,0.3196,0.4737,0.5597,1.5004}"
PF13247,LG+I+G4,0.0174,1.0121,,LG+I{0.0174}+G4{1.0121}
PF13258,,,,,
PF13275,LG+I+G4,0.0093,1.1422,,LG+I{0.0093}+G4{1.1422}
PF13276,LG+I+R4,0.0000,,"(0.0560,0.1608) (0.1599,0.4083) (0.3309,0.7857) (0.4532,1.4689)","LG+I{0.0000}+R4{0.0560,0.1608,0.1599,0.4083,0.3309,0.7857,0.4532,1.4689}"
PF13279,LG+I+G4,0.0000,2.6641,,LG+I{0.0000}+G4{2.6641}
PF13288,LG+I+R4,0.0000,,"(0.1073,0.0668) (0.2245,0.3324) (0.1995,0.8178) (0.4687,1.6111)","LG+I{0.0000}+R4{0.1073,0.0668,0.2245,0.3324,0.1995,0.8178,0.4687,1.6111}"
PF13291,LG+I+G4,0.0120,2.3121,,LG+I{0.0120}+G4{2.3121}
PF13302,LG+F+I+R4,0.0000,,"(0.0237,0.0643) (0.1028,0.2977) (0.2892,0.6772) (0.5843,1.3213)","LG+F+I{0.0000}+R4{0.0237,0.0643,0.1028,0.2977,0.2892,0.6772,0.5843,1.3213}"
PF13304,LG+F+I+R4,0.0045,,"(0.0332,0.0455) (0.0799,0.1647) (0.1795,0.4086) (0.7030,1.2973)","LG+F+I{0.0045}+R4{0.0332,0.0455,0.0799,0.1647,0.1795,0.4086,0.7030,1.2973}"
PF13307,LG+I+R4,0.0147,,"(0.0421,0.0609) (0.1640,0.2758) (0.3119,0.6777) (0.4673,1.5853)","LG+I{0.0147}+R4{0.0421,0.0609,0.1640,0.2758,0.3119,0.6777,0.4673,1.5853}"
PF13309,LG+I+G4,0.0000,1.4375,,LG+I{0.0000}+G4{1.4375}
PF13336,LG+I+G4,0.0158,1.3466,,LG+I{0.0158}+G4{1.3466}
PF13344,LG+I+R4,0.0059,,"(0.0488,0.1201) (0.2182,0.4203) (0.3538,0.8188) (0.3733,1.6412)","LG+I{0.0059}+R4{0.0488,0.1201,0.2182,0.4203,0.3538,0.8188,0.3733,1.6412}"
PF13353,LG+I+G4,0.0369,1.0032,,LG+I{0.0369}+G4{1.0032}
PF13356,LG+I+G4,0.0000,1.6374,,LG+I{0.0000}+G4{1.6374}
PF13361,LG+F+I+G4,0.0308,1.3957,,LG+F+I{0.0308}+G4{1.3957}
PF13365,LG+F+I+R4,0.0000,,"(0.0436,0.1085) (0.1135,0.3423) (0.2025,0.6626) (0.6405,1.2838)","LG+F+I{0.0000}+R4{0.0436,0.1085,0.1135,0.3423,0.2025,0.6626,0.6405,1.2838}"
PF13375,LG+I+G4,0.0088,1.0747,,LG+I{0.0088}+G4{1.0747}
PF13377,LG+F+I+G4,0.0041,1.8333,,LG+F+I{0.0041}+G4{1.8333}
PF13378,LG+F+I+R4,0.0036,,"(0.0748,0.1099) (0.1830,0.4457) (0.3536,0.8155) (0.3851,1.6151)","LG+F+I{0.0036}+R4{0.0748,0.1099,0.1830,0.4457,0.3536,0.8155,0.3851,1.6151}"
PF13380,LG+I+R4,0.0000,,"(0.1048,0.2278) (0.3001,0.5106) (0.2418,0.9638) (0.3533,1.6697)","LG+I{0.0000}+R4{0.1048,0.2278,0.3001,0.5106,0.2418,0.9638,0.3533,1.6697}"
PF13391,LG+I+R4,0.0000,,"(0.0305,0.0293) (0.0650,0.1813) (0.3088,0.4776) (0.5958,1.4097)","LG+I{0.0000}+R4{0.0305,0.0293,0.0650,0.1813,0.3088,0.4776,0.5958,1.4097}"
PF13393,LG+F+I+R4,0.0062,,"(0.0994,0.0873) (0.2488,0.3665) (0.4066,0.8577) (0.2390,2.3067)","LG+F+I{0.0062}+R4{0.0994,0.0873,0.2488,0.3665,0.4066,0.8577,0.2390,2.3067}"
PF13396,LG+F+I+R4,0.0000,,"(0.0689,0.0930) (0.0810,0.4026) (0.5121,0.9257) (0.3380,1.4405)","LG+F+I{0.0000}+R4{0.0689,0.0930,0.0810,0.4026,0.5121,0.9257,0.3380,1.4405}"
PF13401,LG+I+R4,0.0000,,"(0.0446,0.0852) (0.1528,0.3805) (0.3136,0.7431) (0.4890,1.4418)","LG+I{0.0000}+R4{0.0446,0.0852,0.1528,0.3805,0.3136,0.7431,0.4890,1.4418}"
PF13402,LG+I+G4,0.0152,2.3491,,LG+I{0.0152}+G4{2.3491}
PF13406,LG+F+I+R4,0.0068,,"(0.0593,0.0632) (0.2096,0.3234) (0.3104,0.8068) (0.4139,1.6380)","LG+F+I{0.0068}+R4{0.0593,0.0632,0.2096,0.3234,0.3104,0.8068,0.4139,1.6380}"
PF13409,LG+F+I+R4,0.0070,,"(0.0208,0.1021) (0.1250,0.3251) (0.3291,0.7151) (0.5181,1.3933)","LG+F+I{0.0070}+R4{0.0208,0.1021,0.1250,0.3251,0.3291,0.7151,0.5181,1.3933}"
PF13410,LG+F+I+R4,0.0000,,"(0.0327,0.2351) (0.2061,0.4909) (0.3362,0.9091) (0.4250,1.3777)","LG+F+I{0.0000}+R4{0.0327,0.2351,0.2061,0.4909,0.3362,0.9091,0.4250,1.3777}"
PF13412,LG+I+G4,0.0000,2.1195,,LG+I{0.0000}+G4{2.1195}
PF13413,LG+I+G4,0.0159,1.8349,,LG+I{0.0159}+G4{1.8349}
PF13417,LG+I+R4,0.0000,,"(0.0585,0.0654) (0.1458,0.3633) (0.5000,0.8641) (0.2957,1.7288)","LG+I{0.0000}+R4{0.0585,0.0654,0.1458,0.3633,0.5000,0.8641,0.2957,1.7288}"
PF13426,LG+I+R4,0.0000,,"(0.0231,0.1048) (0.2153,0.4952) (0.4589,0.8817) (0.3028,1.6063)","LG+I{0.0000}+R4{0.0231,0.1048,0.2153,0.4952,0.4589,0.8817,0.3028,1.6063}"
PF13438,LG+I+R4,0.0000,,"(0.1043,0.0760) (0.2054,0.4238) (0.2916,0.8921) (0.3987,1.6177)","LG+I{0.0000}+R4{0.1043,0.0760,0.2054,0.4238,0.2916,0.8921,0.3987,1.6177}"
PF13439,LG+F+I+R4,0.0030,,"(0.0804,0.1843) (0.1295,0.4119) (0.2324,0.7563) (0.5548,1.3629)","LG+F+I{0.0030}+R4{0.0804,0.1843,0.1295,0.4119,0.2324,0.7563,0.5548,1.3629}"
PF13441,LG+F+I+R3,0.0623,,"(0.1065,0.0940) (0.3885,0.6030) (0.4427,1.7072)","LG+F+I{0.0623}+R3{0.1065,0.0940,0.3885,0.6030,0.4427,1.7072}"
PF13454,LG+F+I+G4,0.0102,1.3409,,LG+F+I{0.0102}+G4{1.3409}
PF13460,LG+F+I+R4,0.0000,,"(0.1070,0.2013) (0.2150,0.4814) (0.3572,0.9964) (0.3207,1.6182)","LG+F+I{0.0000}+R4{0.1070,0.2013,0.2150,0.4814,0.3572,0.9964,0.3207,1.6182}"
PF13464,LG+F+I+G4,0.0000,3.7756,,LG+F+I{0.0000}+G4{3.7756}
PF13466,LG+F+I+R2,0.0000,,"(0.2902,0.3831) (0.7098,1.2522)","LG+F+I{0.0000}+R2{0.2902,0.3831,0.7098,1.2522}"
PF13472,LG+F+I+R4,0.0021,,"(0.0161,0.0279) (0.0986,0.3006) (0.2358,0.6754) (0.6474,1.2521)","LG+F+I{0.0021}+R4{0.0161,0.0279,0.0986,0.3006,0.2358,0.6754,0.6474,1.2521}"
PF13473,LG+I+G4,0.0000,1.8309,,LG+I{0.0000}+G4{1.8309}
PF13476,LG+F+I+R4,0.0000,,"(0.0555,0.1076) (0.1354,0.4018) (0.4178,0.7391) (0.3913,1.6123)","LG+F+I{0.0000}+R4{0.0555,0.1076,0.1354,0.4018,0.4178,0.7391,0.3913,1.6123}"
PF13478,LG+F+I+R4,0.0042,,"(0.0698,0.1284) (0.1785,0.3482) (0.2411,0.7078) (0.5063,1.4974)","LG+F+I{0.0042}+R4{0.0698,0.1284,0.1785,0.3482,0.2411,0.7078,0.5063,1.4974}"
PF13481,LG+F+I+R3,0.0042,,"(0.0559,0.1280) (0.4388,0.5950) (0.5011,1.4603)","LG+F+I{0.0042}+R3{0.0559,0.1280,0.4388,0.5950,0.5011,1.4603}"
PF13484,LG+I+R4,0.0592,,"(0.0714,0.0702) (0.1318,0.3475) (0.3071,0.8508) (0.4306,1.5976)","LG+I{0.0592}+R4{0.0714,0.0702,0.1318,0.3475,0.3071,0.8508,0.4306,1.5976}"
PF13488,LG+F+I+G4,0.0588,1.4607,,LG+F+I{0.0588}+G4{1.4607}
PF13489,LG+I+G4,0.0000,2.1025,,LG+I{0.0000}+G4{2.1025}
PF13491,LG+F+I+R3,0.0216,,"(0.0823,0.1863) (0.4654,0.6563) (0.4307,1.5768)","LG+F+I{0.0216}+R3{0.0823,0.1863,0.4654,0.6563,0.4307,1.5768}"
PF13492,LG+I+R2,0.0000,,"(0.3203,0.4703) (0.6797,1.2496)","LG+I{0.0000}+R2{0.3203,0.4703,0.6797,1.2496}"
PF13493,LG+F+I+G4,0.0000,2.1562,,LG+F+I{0.0000}+G4{2.1562}
PF13500,LG+I+G4,0.0024,2.2701,,LG+I{0.0024}+G4{2.2701}
PF13505,LG+F+I+G4,0.0038,4.1154,,LG+F+I{0.0038}+G4{4.1154}
PF13507,LG+I+R4,0.0043,,"(0.1041,0.0680) (0.3162,0.3458) (0.2557,0.8472) (0.3197,2.0860)","LG+I{0.0043}+R4{0.1041,0.0680,0.3162,0.3458,0.2557,0.8472,0.3197,2.0860}"
PF13508,LG+F+I+R4,0.0000,,"(0.0676,0.1870) (0.0965,0.4706) (0.4056,0.8492) (0.4303,1.3887)","LG+F+I{0.0000}+R4{0.0676,0.1870,0.0965,0.4706,0.4056,0.8492,0.4303,1.3887}"
PF13510,LG+I+G4,0.0000,1.6293,,LG+I{0.0000}+G4{1.6293}
PF13518,LG+F+I+G4,0.0000,3.4256,,LG+F+I{0.0000}+G4{3.4256}
PF13521,LG+F+I+R4,0.0028,,"(0.0762,0.1149) (0.2294,0.4419) (0.3497,0.9029) (0.3419,1.6792)","LG+F+I{0.0028}+R4{0.0762,0.1149,0.2294,0.4419,0.3497,0.9029,0.3419,1.6792}"
PF13522,LG+I+G4,0.0056,1.3389,,LG+I{0.0056}+G4{1.3389}
PF13532,LG+I+R4,0.0101,,"(0.0351,0.0613) (0.1097,0.2703) (0.3588,0.7292) (0.4863,1.4528)","LG+I{0.0101}+R4{0.0351,0.0613,0.1097,0.2703,0.3588,0.7292,0.4863,1.4528}"
PF13533,,,,,
PF13534,LG+I+R4,0.0300,,"(0.0318,0.0444) (0.5593,0.4776) (0.2724,1.1595) (0.1066,3.9007)","LG+I{0.0300}+R4{0.0318,0.0444,0.5593,0.4776,0.2724,1.1595,0.1066,3.9007}"
PF13537,LG+I+R4,0.0047,,"(0.1144,0.0605) (0.2886,0.3386) (0.2804,0.9282) (0.3120,2.0358)","LG+I{0.0047}+R4{0.1144,0.0605,0.2886,0.3386,0.2804,0.9282,0.3120,2.0358}"
PF13538,LG+I+G4,0.0000,1.0598,,LG+I{0.0000}+G4{1.0598}
PF13541,LG+I+G4,0.0048,0.9590,,LG+I{0.0048}+G4{0.9590}
PF13545,LG+I+R4,0.0000,,"(0.0935,0.2067) (0.1840,0.3955) (0.2379,0.7418) (0.4846,1.5093)","LG+I{0.0000}+R4{0.0935,0.2067,0.1840,0.3955,0.2379,0.7418,0.4846,1.5093}"
PF13549,LG+I+R4,0.0033,,"(0.1141,0.1584) (0.3005,0.4637) (0.3115,0.9457) (0.2706,2.0252)","LG+I{0.0033}+R4{0.1141,0.1584,0.3005,0.4637,0.3115,0.9457,0.2706,2.0252}"
PF13550,LG+F+I+G4,0.0000,4.4260,,LG+F+I{0.0000}+G4{4.4260}
PF13551,LG+I+G4,0.0000,5.6617,,LG+I{0.0000}+G4{5.6617}
PF13556,LG+F+I+R4,0.0000,,"(0.1154,0.1668) (0.2667,0.4949) (0.3490,1.0436) (0.2689,1.8023)","LG+F+I{0.0000}+R4{0.1154,0.1668,0.2667,0.4949,0.3490,1.0436,0.2689,1.8023}"
PF13558,LG+I+G4,0.0187,1.3099,,LG+I{0.0187}+G4{1.3099}
PF13561,LG+F+I+R4,0.0069,,"(0.1415,0.1535) (0.2486,0.4998) (0.2984,0.9886) (0.3045,1.8357)","LG+F+I{0.0069}+R4{0.1415,0.1535,0.2486,0.4998,0.2984,0.9886,0.3045,1.8357}"
PF13565,LG+F+I+R4,0.0000,,"(0.0807,0.2785) (0.1739,0.5285) (0.2846,0.9000) (0.4608,1.3660)","LG+F+I{0.0000}+R4{0.0807,0.2785,0.1739,0.5285,0.2846,0.9000,0.4608,1.3660}"
PF13569,LG+F+I+G4,0.0179,2.1352,,LG+F+I{0.0179}+G4{2.1352}
PF13579,LG+F+I+R4,0.0000,,"(0.0521,0.2250) (0.1718,0.4271) (0.3277,0.8040) (0.4484,1.4528)","LG+F+I{0.0000}+R4{0.0521,0.2250,0.1718,0.4271,0.3277,0.8040,0.4484,1.4528}"
PF13580,LG+I+G4,0.0000,1.5739,,LG+I{0.0000}+G4{1.5739}
PF13589,LG+I+R3,0.0158,,"(0.0886,0.0862) (0.4750,0.5134) (0.4206,1.7796)","LG+I{0.0158}+R3{0.0886,0.0862,0.4750,0.5134,0.4206,1.7796}"
PF13591,LG+I+G4,0.0000,2.0105,,LG+I{0.0000}+G4{2.0105}
PF13593,LG+F+I+G4,0.0098,1.6556,,LG+F+I{0.0098}+G4{1.6556}
PF13603,LG+I+G4,0.0128,0.9826,,LG+I{0.0128}+G4{0.9826}
PF13607,LG+F+I+R4,0.0000,,"(0.1153,0.1743) (0.2214,0.5001) (0.3776,0.9519) (0.2857,1.7842)","LG+F+I{0.0000}+R4{0.1153,0.1743,0.2214,0.5001,0.3776,0.9519,0.2857,1.7842}"
PF13614,LG+I+G4,0.0624,1.4207,,LG+I{0.0624}+G4{1.4207}
PF13616,LG+I+G4,0.0086,2.4073,,LG+I{0.0086}+G4{2.4073}
PF13622,LG+F+I+G4,0.0000,2.4171,,LG+F+I{0.0000}+G4{2.4171}
PF13624,LG+F+I+R4,0.0000,,"(0.0629,0.1492) (0.1744,0.4459) (0.3346,0.8578) (0.4281,1.4618)","LG+F+I{0.0000}+R4{0.0629,0.1492,0.1744,0.4459,0.3346,0.8578,0.4281,1.4618}"
PF13632,LG+F+I+R4,0.0000,,"(0.0549,0.1014) (0.2542,0.3215) (0.3809,0.7560) (0.3100,2.0153)","LG+F+I{0.0000}+R4{0.0549,0.1014,0.2542,0.3215,0.3809,0.7560,0.3100,2.0153}"
PF13640,LG+I+R4,0.0000,,"(0.0355,0.0197) (0.1248,0.1976) (0.4162,0.7113) (0.4235,1.6022)","LG+I{0.0000}+R4{0.0355,0.0197,0.1248,0.1976,0.4162,0.7113,0.4235,1.6022}"
PF13643,LG+I+R3,0.0000,,"(0.0411,0.0501) (0.3299,0.4684) (0.6290,1.3409)","LG+I{0.0000}+R3{0.0411,0.0501,0.3299,0.4684,0.6290,1.3409}"
PF13649,LG+I+R4,0.0115,,"(0.1460,0.2353) (0.3276,0.6149) (0.1923,1.0508) (0.3226,1.7423)","LG+I{0.0115}+R4{0.1460,0.2353,0.3276,0.6149,0.1923,1.0508,0.3226,1.7423}"
PF13654,LG+I+G4,0.0293,1.4228,,LG+I{0.0293}+G4{1.4228}
PF13657,LG+F+I+G4,0.0088,1.5502,,LG+F+I{0.0088}+G4{1.5502}
PF13662,LG+I+G4,0.0093,1.7205,,LG+I{0.0093}+G4{1.7205}
PF13667,LG+I+G4,0.0319,0.9080,,LG+I{0.0319}+G4{0.9080}
PF13671,LG+F+I+G4,0.0109,2.1077,,LG+F+I{0.0109}+G4{2.1077}
PF13673,LG+I+R3,0.0000,,"(0.0970,0.1449) (0.4054,0.6324) (0.4976,1.4661)","LG+I{0.0000}+R3{0.0970,0.1449,0.4054,0.6324,0.4976,1.4661}"
PF13675,LG+F+I+R3,0.0000,,"(0.1225,0.2025) (0.3775,0.6619) (0.5001,1.4505)","LG+F+I{0.0000}+R3{0.1225,0.2025,0.3775,0.6619,0.5001,1.4505}"
PF13677,LG+I+G4,0.0000,0.8296,,LG+I{0.0000}+G4{0.8296}
PF13682,LG+I+R4,0.0000,,"(0.0322,0.0096) (0.1408,0.3206) (0.2553,0.7522) (0.5717,1.3338)","LG+I{0.0000}+R4{0.0322,0.0096,0.1408,0.3206,0.2553,0.7522,0.5717,1.3338}"
PF13687,LG+F+I+R4,0.0020,,"(0.0988,0.1741) (0.2294,0.4537) (0.3713,0.9277) (0.2985,1.7902)","LG+F+I{0.0020}+R4{0.0988,0.1741,0.2294,0.4537,0.3713,0.9277,0.2985,1.7902}"
PF13692,LG+I+R4,0.0000,,"(0.1464,0.2671) (0.2655,0.5479) (0.2520,1.0049) (0.3361,1.6728)","LG+I{0.0000}+R4{0.1464,0.2671,0.2655,0.5479,0.2520,1.0049,0.3361,1.6728}"
PF13693,LG+I+G4,0.0509,1.6638,,LG+I{0.0509}+G4{1.6638}
PF13708,LG+I+G4,0.0201,2.4049,,LG+I{0.0201}+G4{2.4049}
PF13710,LG+I+G4,0.0000,1.6453,,LG+I{0.0000}+G4{1.6453}
PF13714,LG+F+I+R4,0.0149,,"(0.1199,0.1296) (0.2040,0.4278) (0.2703,0.8389) (0.3909,1.7151)","LG+F+I{0.0149}+R4{0.1199,0.1296,0.2040,0.4278,0.2703,0.8389,0.3909,1.7151}"
PF13720,LG+I+R4,0.0077,,"(0.0562,0.0913) (0.2207,0.4147) (0.2395,0.7615) (0.4760,1.5147)","LG+I{0.0077}+R4{0.0562,0.0913,0.2207,0.4147,0.2395,0.7615,0.4760,1.5147}"
PF13727,LG+F+I+G4,0.0000,2.8227,,LG+F+I{0.0000}+G4{2.8227}
PF13729,LG+F+I+R3,0.0125,,"(0.0514,0.1977) (0.3618,0.6413) (0.5742,1.3197)","LG+F+I{0.0125}+R3{0.0514,0.1977,0.3618,0.6413,0.5742,1.3197}"
PF13740,LG+I+G4,0.0081,2.7685,,LG+I{0.0081}+G4{2.7685}
PF13742,LG+F+I+R4,0.0000,,"(0.1477,0.1868) (0.3248,0.5348) (0.2601,1.0839) (0.2674,1.9326)","LG+F+I{0.0000}+R4{0.1477,0.1868,0.3248,0.5348,0.2601,1.0839,0.2674,1.9326}"
PF13744,LG+I+G4,0.0000,4.4000,,LG+I{0.0000}+G4{4.4000}
PF13793,LG+I+G4,0.0065,1.1579,,LG+I{0.0065}+G4{1.1579}
PF13802,LG+F+I+R4,0.0000,,"(0.0355,0.0858) (0.1961,0.3175) (0.3008,0.6974) (0.4676,1.5504)","LG+F+I{0.0000}+R4{0.0355,0.0858,0.1961,0.3175,0.3008,0.6974,0.4676,1.5504}"
PF13806,LG+I+G4,0.0228,1.5016,,LG+I{0.0228}+G4{1.5016}
PF13808,LG+I+R4,0.0000,,"(0.0413,0.0713) (0.2622,0.4396) (0.3692,0.8736) (0.3274,1.7084)","LG+I{0.0000}+R4{0.0413,0.0713,0.2622,0.4396,0.3692,0.8736,0.3274,1.7084}"
PF13847,LG+I+G4,0.0000,1.8263,,LG+I{0.0000}+G4{1.8263}
PF13860,LG+I+R3,0.0000,,"(0.2022,0.2914) (0.3332,0.8844) (0.4646,1.3913)","LG+I{0.0000}+R3{0.2022,0.2914,0.3332,0.8844,0.4646,1.3913}"
PF13861,LG+F+I+R4,0.0000,,"(0.0979,0.1644) (0.1919,0.4739) (0.2930,0.9504) (0.4172,1.4729)","LG+F+I{0.0000}+R4{0.0979,0.1644,0.1919,0.4739,0.2930,0.9504,0.4172,1.4729}"
PF13932,LG+I+G4,0.0000,0.7658,,LG+I{0.0000}+G4{0.7658}
PF13953,LG+I+G4,0.0127,2.3664,,LG+I{0.0127}+G4{2.3664}
PF13954,LG+F+I+R4,0.0072,,"(0.0498,0.0578) (0.1469,0.3339) (0.2919,0.6886) (0.5041,1.4819)","LG+F+I{0.0072}+R4{0.0498,0.0578,0.1469,0.3339,0.2919,0.6886,0.5041,1.4819}"
PF13974,LG+I+G4,0.0231,0.8305,,LG+I{0.0231}+G4{0.8305}
PF13977,LG+F+I+G4,0.0073,3.5085,,LG+F+I{0.0073}+G4{3.5085}
PF13981,JTT+R3,,,"(0.1673,0.1995) (0.5416,0.8378) (0.2910,1.7622)","JTT+R3{0.1673,0.1995,0.5416,0.8378,0.2910,1.7622}"
PF13995,LG+I,0.1166,,,LG+I{0.1166}
PF14001,LG+I,0.1420,,,LG+I{0.1420}
PF14450,LG+I+R4,0.0031,,"(0.1152,0.2541) (0.1848,0.5089) (0.2564,0.8323) (0.4405,1.5056)","LG+I{0.0031}+R4{0.1152,0.2541,0.1848,0.5089,0.2564,0.8323,0.4405,1.5056}"
PF14488,LG+I+G4,0.0154,3.8424,,LG+I{0.0154}+G4{3.8424}
PF14489,LG+I+G4,0.0357,1.3966,,LG+I{0.0357}+G4{1.3966}
PF14492,LG+I+G4,0.0000,1.8100,,LG+I{0.0000}+G4{1.8100}
PF14520,LG+I+G4,0.0000,2.0960,,LG+I{0.0000}+G4{2.0960}
PF14525,LG+F+I+G4,0.0000,4.5974,,LG+F+I{0.0000}+G4{4.5974}
PF14535,LG+I+R4,0.0000,,"(0.1486,0.0884) (0.3079,0.4735) (0.3174,1.1045) (0.2261,2.1692)","LG+I{0.0000}+R4{0.1486,0.0884,0.3079,0.4735,0.3174,1.1045,0.2261,2.1692}"
PF14542,LG+F+I+R4,0.0000,,"(0.1271,0.1632) (0.2751,0.4906) (0.3767,1.0378) (0.2210,2.0509)","LG+F+I{0.0000}+R4{0.1271,0.1632,0.2751,0.4906,0.3767,1.0378,0.2210,2.0509}"
PF14549,LG+I+G4,0.0202,1.4433,,LG+I{0.0202}+G4{1.4433}
PF14572,LG+I+G4,0.1241,0.8536,,LG+I{0.1241}+G4{0.8536}
PF14579,LG+I+R4,0.0000,,"(0.0793,0.1490) (0.2364,0.3783) (0.2676,0.7474) (0.4167,1.6768)","LG+I{0.0000}+R4{0.0793,0.1490,0.2364,0.3783,0.2676,0.7474,0.4167,1.6768}"
PF14581,LG+I+G4,0.0000,3.4617,,LG+I{0.0000}+G4{3.4617}
PF14681,LG+I+G4,0.0123,1.6881,,LG+I{0.0123}+G4{1.6881}
PF14689,LG+I+R3,0.0000,,"(0.0638,0.0299) (0.4170,0.5588) (0.5192,1.4736)","LG+I{0.0000}+R3{0.0638,0.0299,0.4170,0.5588,0.5192,1.4736}"
PF14691,LG+I+G4,0.0554,1.1684,,LG+I{0.0554}+G4{1.1684}
PF14697,LG+I+G4,0.1333,1.2320,,LG+I{0.1333}+G4{1.2320}
PF14698,LG+I+R4,0.0000,,"(0.1375,0.0732) (0.1933,0.3809) (0.2957,0.8651) (0.3735,1.7684)","LG+I{0.0000}+R4{0.1375,0.0732,0.1933,0.3809,0.2957,0.8651,0.3735,1.7684}"
PF14710,LG+I+G4,0.1593,2.5983,,LG+I{0.1593}+G4{2.5983}
PF14711,LG+I+R4,0.0320,,"(0.1158,0.0380) (0.2956,0.4190) (0.3253,1.1009) (0.2313,2.2202)","LG+I{0.0320}+R4{0.1158,0.0380,0.2956,0.4190,0.3253,1.1009,0.2313,2.2202}"
PF14714,LG+I+G4,0.0000,1.7667,,LG+I{0.0000}+G4{1.7667}
PF14748,LG+I+G4,0.0000,1.0604,,LG+I{0.0000}+G4{1.0604}
PF14759,LG+F+I+G4,0.0175,1.6305,,LG+F+I{0.0175}+G4{1.6305}
PF14760,LG+I+G4,0.0408,1.0376,,LG+I{0.0408}+G4{1.0376}
PF14793,LG+I+G4,0.1175,1.3505,,LG+I{0.1175}+G4{1.3505}
PF14805,LG+I+R4,0.0101,,"(0.2326,0.1378) (0.1973,0.4541) (0.1849,1.0099) (0.3751,1.8438)","LG+I{0.0101}+R4{0.2326,0.1378,0.1973,0.4541,0.1849,1.0099,0.3751,1.8438}"
PF14814,LG+F+I+R4,0.0000,,"(0.0752,0.0940) (0.2063,0.4193) (0.2819,0.8631) (0.4366,1.5188)","LG+F+I{0.0000}+R4{0.0752,0.0940,0.2063,0.4193,0.2819,0.8631,0.4366,1.5188}"
PF14815,LG+F+I+R4,0.0000,,"(0.1396,0.1977) (0.2244,0.4899) (0.2779,0.9284) (0.3581,1.6879)","LG+F+I{0.0000}+R4{0.1396,0.1977,0.2244,0.4899,0.2779,0.9284,0.3581,1.6879}"
PF14819,LG+I+G4,0.1203,0.7739,,LG+I{0.1203}+G4{0.7739}
PF14821,LG+I+R4,0.0205,,"(0.2161,0.1378) (0.2216,0.5509) (0.2838,1.1276) (0.2580,2.0472)","LG+I{0.0205}+R4{0.2161,0.1378,0.2216,0.5509,0.2838,1.1276,0.2580,2.0472}"
PF14824,LG+I+G4,0.0013,0.9993,,LG+I{0.0013}+G4{0.9993}
PF14833,LG+F+I+R4,0.0051,,"(0.0996,0.1132) (0.4670,0.6204) (0.3990,1.4698) (0.0294,3.8337)","LG+F+I{0.0051}+R4{0.0996,0.1132,0.4670,0.6204,0.3990,1.4698,0.0294,3.8337}"
PF14834,,,,,
PF14849,LG+F+I+R4,0.0000,,"(0.1030,0.1726) (0.2165,0.4390) (0.3303,0.9157) (0.3503,1.6695)","LG+F+I{0.0000}+R4{0.1030,0.1726,0.2165,0.4390,0.3303,0.9157,0.3503,1.6695}"
PF14850,LG+F+I+G4,0.0350,0.9396,,LG+F+I{0.0350}+G4{0.9396}
PF14864,LG+F+I+R4,0.0000,,"(0.0806,0.1766) (0.2209,0.4814) (0.3757,0.9024) (0.3229,1.6738)","LG+F+I{0.0000}+R4{0.0806,0.1766,0.2209,0.4814,0.3757,0.9024,0.3229,1.6738}"
PF15738,LG+I+G4,0.0410,1.6203,,LG+I{0.0410}+G4{1.6203}
PF15919,LG+I+G4,0.0694,3.0855,,LG+I{0.0694}+G4{3.0855}
PF16124,LG+I+R4,0.0048,,"(0.0424,0.0346) (0.1342,0.2967) (0.3492,0.7918) (0.4693,1.4537)","LG+I{0.0048}+R4{0.0424,0.0346,0.1342,0.2967,0.3492,0.7918,0.4693,1.4537}"
PF16320,LG+F+I+R4,0.0000,,"(0.0862,0.1206) (0.4024,0.4929) (0.3245,1.2189) (0.1869,2.1173)","LG+F+I{0.0000}+R4{0.0862,0.1206,0.4024,0.4929,0.3245,1.2189,0.1869,2.1173}"
PF16325,LG+I+R4,0.0000,,"(0.1017,0.1528) (0.3580,0.4965) (0.2887,1.1129) (0.2516,1.9295)","LG+I{0.0000}+R4{0.1017,0.1528,0.3580,0.4965,0.2887,1.1129,0.2516,1.9295}"
PF16330,LG+I+G4,0.0023,1.4780,,LG+I{0.0023}+G4{1.4780}
PF16331,LG+F+I+G4,0.0000,2.0488,,LG+F+I{0.0000}+G4{2.0488}
PF16353,LG+F+I+R4,0.0000,,"(0.0211,0.0672) (0.2239,0.4024) (0.2072,0.6989) (0.5478,1.3941)","LG+F+I{0.0000}+R4{0.0211,0.0672,0.2239,0.4024,0.2072,0.6989,0.5478,1.3941}"
PF16359,LG+I,0.0786,,,LG+I{0.0786}
PF16362,,,,,
PF16363,LG+I+R4,0.0147,,"(0.2122,0.1436) (0.2913,0.5078) (0.2871,1.1911) (0.1946,2.4644)","LG+I{0.0147}+R4{0.2122,0.1436,0.2913,0.5078,0.2871,1.1911,0.1946,2.4644}"
PF16365,LG+I+G4,0.0188,1.5403,,LG+I{0.0188}+G4{1.5403}
PF16449,,,,,
PF16452,LG+I,0.0958,,,LG+I{0.0958}
PF16456,,,,,
PF16461,LG+I+R2,0.0133,,"(0.8919,0.7417) (0.0947,3.5718)","LG+I{0.0133}+R2{0.8919,0.7417,0.0947,3.5718}"
PF16473,LG+I+G4,0.0188,1.5777,,LG+I{0.0188}+G4{1.5777}
PF16527,LG+I,0.0855,,,LG+I{0.0855}
PF16532,LG+F+I+G4,0.0353,1.8853,,LG+F+I{0.0353}+G4{1.8853}
PF16549,LG+I+G4,0.0770,5.3703,,LG+I{0.0770}+G4{5.3703}
PF16576,,,,,
PF16582,LG+F+I+G4,0.0456,2.0054,,LG+F+I{0.0456}+G4{2.0054}
PF16658,LG+I+R4,0.0329,,"(0.1164,0.0702) (0.2120,0.3497) (0.2996,0.9383) (0.3391,1.8775)","LG+I{0.0329}+R4{0.1164,0.0702,0.2120,0.3497,0.2996,0.9383,0.3391,1.8775}"
PF16677,LG+I+G4,0.0224,3.0390,,LG+I{0.0224}+G4{3.0390}
PF16816,LG+I,0.0200,,,LG+I{0.0200}
PF16916,LG+I+R4,0.0000,,"(0.1231,0.1792) (0.3661,0.5228) (0.2989,1.1374) (0.2120,2.1071)","LG+I{0.0000}+R4{0.1231,0.1792,0.3661,0.5228,0.2989,1.1374,0.2120,2.1071}"
PF16921,LG+I+G4,0.0732,0.8603,,LG+I{0.0732}+G4{0.8603}
PF16925,LG+F+I+G4,0.0088,2.5095,,LG+F+I{0.0088}+G4{2.5095}
PF16967,LG+I+G4,0.0003,2.6121,,LG+I{0.0003}+G4{2.6121}
PF16973,JTT+G4,,1.4694,,JTT+G4{1.4694}
PF17042,LG+F+I+R4,0.0262,,"(0.0773,0.0783) (0.2509,0.3567) (0.3615,0.9524) (0.2841,1.9717)","LG+F+I{0.0262}+R4{0.0773,0.0783,0.2509,0.3567,0.3615,0.9524,0.2841,1.9717}"
PF17125,LG+I+R4,0.0180,,"(0.1116,0.0826) (0.2141,0.3314) (0.1910,0.7699) (0.4653,1.6607)","LG+I{0.0180}+R4{0.1116,0.0826,0.2141,0.3314,0.1910,0.7699,0.4653,1.6607}"
PF17147,LG+I+G4,0.0273,1.8803,,LG+I{0.0273}+G4{1.8803}
PF17151,JTT+G4,,1.4618,,JTT+G4{1.4618}
PF17176,LG+F+I+R2,0.0544,,"(0.5951,0.4780) (0.3505,2.0413)","LG+F+I{0.0544}+R2{0.5951,0.4780,0.3505,2.0413}"
PF17185,JTT+G4,,1.7378,,JTT+G4{1.7378}
PF17188,LG+F+I+R4,0.0147,,"(0.1350,0.1465) (0.2311,0.4375) (0.3076,1.0756) (0.3116,1.7599)","LG+F+I{0.0147}+R4{0.1350,0.1465,0.2311,0.4375,0.3076,1.0756,0.3116,1.7599}"
PF17191,LG+I+G4,0.0798,1.5049,,LG+I{0.0798}+G4{1.5049}
PF17192,LG+I+G4,0.1477,0.7740,,LG+I{0.1477}+G4{0.7740}
PF17193,LG+I+G4,0.2186,1.9521,,LG+I{0.2186}+G4{1.9521}
PF17203,LG+I+G4,0.0085,2.8605,,LG+I{0.0085}+G4{2.8605}
PF17206,LG+I,0.2527,,,LG+I{0.2527}
PF17209,LG+I+G4,0.0622,1.0752,,LG+I{0.0622}+G4{1.0752}
PF17243,LG+F+I+R4,0.0109,,"(0.0562,0.1191) (0.1626,0.3859) (0.2670,0.7984) (0.5033,1.4253)","LG+F+I{0.0109}+R4{0.0562,0.1191,0.1626,0.3859,0.2670,0.7984,0.5033,1.4253}"
PF17271,,,,,
PF17283,LG+I+G4,0.0623,1.8098,,LG+I{0.0623}+G4{1.8098}
PF17284,LG+I+G4,0.0000,1.8641,,LG+I{0.0000}+G4{1.8641}
PF17289,LG+I+G4,0.0054,3.4074,,LG+I{0.0054}+G4{3.4074}
PF17291,LG+I+G4,0.0058,2.9625,,LG+I{0.0058}+G4{2.9625}
PF17384,LG+I+R2,0.0000,,"(0.1583,0.3460) (0.8417,1.1230)","LG+I{0.0000}+R2{0.1583,0.3460,0.8417,1.1230}"
PF17399,LG+I+G4,0.0049,2.2977,,LG+I{0.0049}+G4{2.2977}
PF17414,LG+I,0.2009,,,LG+I{0.2009}
PF17481,LG+F+I+G4,0.0237,3.2985,,LG+F+I{0.0237}+G4{3.2985}
PF17482,LG+I+G4,0.0000,5.4042,,LG+I{0.0000}+G4{5.4042}
PF17516,LG+I+G4,0.0000,1.2538,,LG+I{0.0000}+G4{1.2538}
PF17657,LG+I+R4,0.0022,,"(0.1116,0.0949) (0.3333,0.3955) (0.3822,1.1854) (0.1706,2.3703)","LG+I{0.0022}+R4{0.1116,0.0949,0.3333,0.3955,0.3822,1.1854,0.1706,2.3703}"
PF17674,LG+I+R4,0.0561,,"(0.1119,0.0689) (0.0826,0.2467) (0.1971,0.6723) (0.5524,1.5195)","LG+I{0.0561}+R4{0.1119,0.0689,0.0826,0.2467,0.1971,0.6723,0.5524,1.5195}"
PF17676,LG+I+R4,0.0000,,"(0.1129,0.1353) (0.3003,0.5392) (0.3209,1.0087) (0.2660,1.8766)","LG+I{0.0000}+R4{0.1129,0.1353,0.3003,0.5392,0.3209,1.0087,0.2660,1.8766}"
PF17677,LG+I+R4,0.0000,,"(0.1185,0.1479) (0.2926,0.5192) (0.2777,0.9885) (0.3112,1.7867)","LG+I{0.0000}+R4{0.1185,0.1479,0.2926,0.5192,0.2777,0.9885,0.3112,1.7867}"
PF17746,LG+I+G4,0.0312,1.4984,,LG+I{0.0312}+G4{1.4984}
PF17755,LG+F+I+R4,0.0080,,"(0.1364,0.2512) (0.1817,0.5564) (0.3266,0.9790) (0.3473,1.5689)","LG+F+I{0.0080}+R4{0.1364,0.2512,0.1817,0.5564,0.3266,0.9790,0.3473,1.5689}"
PF17757,LG+I+G4,0.0000,1.3946,,LG+I{0.0000}+G4{1.3946}
PF17759,LG+I+R4,0.0000,,"(0.0516,0.0961) (0.1277,0.3172) (0.3289,0.6555) (0.4918,1.5025)","LG+I{0.0000}+R4{0.0516,0.0961,0.1277,0.3172,0.3289,0.6555,0.4918,1.5025}"
PF17760,LG+I+G4,0.0088,1.6472,,LG+I{0.0088}+G4{1.6472}
PF17762,LG+I+G4,0.0000,0.9248,,LG+I{0.0000}+G4{0.9248}
PF17763,LG+I+G4,0.0000,1.5631,,LG+I{0.0000}+G4{1.5631}
PF17764,LG+I+G4,0.0000,1.0189,,LG+I{0.0000}+G4{1.0189}
PF17767,LG+I+R4,0.0000,,"(0.0528,0.0771) (0.2173,0.4349) (0.3595,0.8751) (0.3705,1.5839)","LG+I{0.0000}+R4{0.0528,0.0771,0.2173,0.4349,0.3595,0.8751,0.3705,1.5839}"
PF17768,LG+I+R4,0.0059,,"(0.0554,0.1033) (0.2003,0.4444) (0.3897,0.8968) (0.3486,1.5943)","LG+I{0.0059}+R4{0.0554,0.1033,0.2003,0.4444,0.3897,0.8968,0.3486,1.5943}"
PF17769,LG+I+R4,0.0734,,"(0.0870,0.0854) (0.1042,0.3381) (0.2456,0.8021) (0.4898,1.5522)","LG+I{0.0734}+R4{0.0870,0.0854,0.1042,0.3381,0.2456,0.8021,0.4898,1.5522}"
PF17773,LG+I+R4,0.0236,,"(0.1317,0.1335) (0.2698,0.4541) (0.2753,1.1114) (0.2997,1.8486)","LG+I{0.0236}+R4{0.1317,0.1335,0.2698,0.4541,0.2753,1.1114,0.2997,1.8486}"
PF17775,LG+I+R4,0.0137,,"(0.0842,0.0599) (0.1102,0.2640) (0.2679,0.7192) (0.5240,1.4757)","LG+I{0.0137}+R4{0.0842,0.0599,0.1102,0.2640,0.2679,0.7192,0.5240,1.4757}"
PF17782,LG+F+I+G4,0.0000,1.1759,,LG+F+I{0.0000}+G4{1.1759}
PF17785,LG+I+G4,0.0000,1.5228,,LG+I{0.0000}+G4{1.5228}
PF17788,LG+I+R4,0.0199,,"(0.0794,0.0781) (0.1970,0.3462) (0.2536,0.7690) (0.4501,1.6233)","LG+I{0.0199}+R4{0.0794,0.0781,0.1970,0.3462,0.2536,0.7690,0.4501,1.6233}"
PF17804,LG+I+R4,0.0085,,"(0.0433,0.1517) (0.1730,0.4487) (0.3533,0.8425) (0.4219,1.4652)","LG+I{0.0085}+R4{0.0433,0.1517,0.1730,0.4487,0.3533,0.8425,0.4219,1.4652}"
PF17810,LG+I+G4,0.0000,2.2247,,LG+I{0.0000}+G4{2.2247}
PF17820,LG+I+G4,0.0000,1.9804,,LG+I{0.0000}+G4{1.9804}
PF17827,LG+F+I+R4,0.0094,,"(0.0834,0.2123) (0.2706,0.6079) (0.2864,0.9253) (0.3502,1.5784)","LG+F+I{0.0094}+R4{0.0834,0.2123,0.2706,0.6079,0.2864,0.9253,0.3502,1.5784}"
PF17831,,,,,
PF17837,LG+I+G4,0.0281,1.6481,,LG+I{0.0281}+G4{1.6481}
PF17848,LG+I+G4,0.1535,2.3749,,LG+I{0.1535}+G4{2.3749}
PF17853,LG+F+I+R4,0.0000,,"(0.0316,0.1459) (0.0955,0.3818) (0.3118,0.7094) (0.5611,1.3147)","LG+F+I{0.0000}+R4{0.0316,0.1459,0.0955,0.3818,0.3118,0.7094,0.5611,1.3147}"
PF17854,LG+I+G4,0.0020,0.8482,,LG+I{0.0020}+G4{0.8482}
PF17862,LG+I+G4,0.0000,1.7578,,LG+I{0.0000}+G4{1.7578}
PF17864,LG+I+G4,0.1166,0.9677,,LG+I{0.1166}+G4{0.9677}
PF17868,LG+I+R2,0.0642,,"(0.3742,0.4394) (0.5616,1.4879)","LG+I{0.0642}+R2{0.3742,0.4394,0.5616,1.4879}"
PF17871,LG+I+R4,0.0146,,"(0.0767,0.0898) (0.1516,0.2510) (0.2119,0.6643) (0.5452,1.4936)","LG+I{0.0146}+R4{0.0767,0.0898,0.1516,0.2510,0.2119,0.6643,0.5452,1.4936}"
PF17876,LG+I+G4,0.0000,1.7408,,LG+I{0.0000}+G4{1.7408}
PF17891,LG+I+G4,0.0441,1.9063,,LG+I{0.0441}+G4{1.9063}
PF17900,LG+I+G4,0.0022,1.2043,,LG+I{0.0022}+G4{1.2043}
PF17910,LG+I+R4,0.0000,,"(0.0851,0.1547) (0.1827,0.4257) (0.2810,0.8526) (0.4511,1.4841)","LG+I{0.0000}+R4{0.0851,0.1547,0.1827,0.4257,0.2810,0.8526,0.4511,1.4841}"
PF17912,LG+I+R4,0.0627,,"(0.0797,0.0427) (0.1508,0.4360) (0.1760,0.8553) (0.5308,1.4701)","LG+I{0.0627}+R4{0.0797,0.0427,0.1508,0.4360,0.1760,0.8553,0.5308,1.4701}"
PF17940,LG+F+I+R4,0.0000,,"(0.0829,0.2088) (0.2722,0.5060) (0.3162,0.8895) (0.3287,1.7149)","LG+F+I{0.0000}+R4{0.0829,0.2088,0.2722,0.5060,0.3162,0.8895,0.3287,1.7149}"
PF17941,LG+I+R4,0.0128,,"(0.1987,0.0789) (0.2845,0.4734) (0.2767,1.1220) (0.2273,2.3726)","LG+I{0.0128}+R4{0.1987,0.0789,0.2845,0.4734,0.2767,1.1220,0.2273,2.3726}"
PF17944,LG+F+I+G4,0.0182,2.2697,,LG+F+I{0.0182}+G4{2.2697}
PF17946,LG+F+I+R4,0.0025,,"(0.0644,0.1970) (0.1429,0.4563) (0.2859,0.7492) (0.5043,1.4037)","LG+F+I{0.0025}+R4{0.0644,0.1970,0.1429,0.4563,0.2859,0.7492,0.5043,1.4037}"
PF17948,LG+I+G4,0.0000,1.2611,,LG+I{0.0000}+G4{1.2611}
PF17954,LG+I+G4,0.0104,1.5749,,LG+I{0.0104}+G4{1.5749}
PF17962,LG+F+I+G4,0.0080,2.9495,,LG+F+I{0.0080}+G4{2.9495}
PF17969,LG+I+G4,0.0829,1.1407,,LG+I{0.0829}+G4{1.1407}
PF17970,LG+I+G4,0.1248,1.5415,,LG+I{0.1248}+G4{1.5415}
PF17972,LG+F+I+R4,0.0209,,"(0.1253,0.0795) (0.1621,0.3533) (0.3787,0.9623) (0.3130,1.8157)","LG+F+I{0.0209}+R4{0.1253,0.0795,0.1621,0.3533,0.3787,0.9623,0.3130,1.8157}"
PF17973,LG+I+G4,0.0126,2.0126,,LG+I{0.0126}+G4{2.0126}
PF18011,LG+F+I+G4,0.0275,2.1539,,LG+F+I{0.0275}+G4{2.1539}
PF18019,LG+F+I+R4,0.0262,,"(0.0511,0.0920) (0.1266,0.2870) (0.2219,0.6802) (0.5743,1.4070)","LG+F+I{0.0262}+R4{0.0511,0.0920,0.1266,0.2870,0.2219,0.6802,0.5743,1.4070}"
PF18024,LG+I+G4,0.0015,1.5767,,LG+I{0.0015}+G4{1.5767}
PF18030,LG+I+G4,0.0000,1.1781,,LG+I{0.0000}+G4{1.1781}
PF18053,LG+F+I+R4,0.0063,,"(0.1443,0.1777) (0.2916,0.5616) (0.2431,1.0602) (0.3146,1.7572)","LG+F+I{0.0063}+R4{0.1443,0.1777,0.2916,0.5616,0.2431,1.0602,0.3146,1.7572}"
PF18072,LG+I+R4,0.0389,,"(0.1145,0.0676) (0.2926,0.2639) (0.1982,1.0594) (0.3557,1.9821)","LG+I{0.0389}+R4{0.1145,0.0676,0.2926,0.2639,0.1982,1.0594,0.3557,1.9821}"
PF18073,LG+I+G4,0.1427,2.5796,,LG+I{0.1427}+G4{2.5796}
PF18074,LG+I+R4,0.0167,,"(0.0436,0.1263) (0.3027,0.4309) (0.2232,0.8871) (0.4138,1.6095)","LG+I{0.0167}+R4{0.0436,0.1263,0.3027,0.4309,0.2232,0.8871,0.4138,1.6095}"
PF18075,LG+F+I+R4,0.0063,,"(0.0444,0.2028) (0.1878,0.4742) (0.3638,0.8672) (0.3978,1.4745)","LG+F+I{0.0063}+R4{0.0444,0.2028,0.1878,0.4742,0.3638,0.8672,0.3978,1.4745}"
PF18076,LG+F+I+R4,0.0226,,"(0.1188,0.0445) (0.1566,0.2487) (0.2314,0.7645) (0.4706,1.6550)","LG+F+I{0.0226}+R4{0.1188,0.0445,0.1566,0.2487,0.2314,0.7645,0.4706,1.6550}"
PF18113,LG+I+G4,0.0124,1.7504,,LG+I{0.0124}+G4{1.7504}
PF18125,LG+I+R2,0.0763,,"(0.2590,0.2617) (0.6647,1.4024)","LG+I{0.0763}+R2{0.2590,0.2617,0.6647,1.4024}"
PF18158,LG+F+I+G4,0.0238,1.2337,,LG+F+I{0.0238}+G4{1.2337}
PF18267,LG+I+G4,0.0653,2.5029,,LG+I{0.0653}+G4{2.5029}
PF18269,LG+F+I+R4,0.0000,,"(0.0919,0.0429) (0.2535,0.3643) (0.2299,0.7516) (0.4246,1.7211)","LG+F+I{0.0000}+R4{0.0919,0.0429,0.2535,0.3643,0.2299,0.7516,0.4246,1.7211}"
PF18284,LG+I+G4,0.0937,2.1203,,LG+I{0.0937}+G4{2.1203}
PF18317,LG+I+G4,0.0588,1.8211,,LG+I{0.0588}+G4{1.8211}
PF18319,LG+I+G4,0.1481,1.4288,,LG+I{0.1481}+G4{1.4288}
PF18321,LG+F+I+G4,0.0525,2.8741,,LG+F+I{0.0525}+G4{2.8741}
PF18327,LG+F+I+G4,0.0416,1.4402,,LG+F+I{0.0416}+G4{1.4402}
PF18331,LG+F+I+G4,0.1352,1.1917,,LG+F+I{0.1352}+G4{1.1917}
PF18337,LG+I+G4,0.0303,1.4996,,LG+I{0.0303}+G4{1.4996}
PF18339,LG+I+G4,0.1076,1.0793,,LG+I{0.1076}+G4{1.0793}
PF18364,LG+I+G4,0.0207,1.4920,,LG+I{0.0207}+G4{1.4920}
PF18389,LG+I+R3,0.0296,,"(0.1223,0.1604) (0.3375,0.5903) (0.5106,1.5300)","LG+I{0.0296}+R3{0.1223,0.1604,0.3375,0.5903,0.5106,1.5300}"
PF18390,JTT+G4,,1.1783,,JTT+G4{1.1783}
PF18406,LG+I+G4,0.0171,3.3497,,LG+I{0.0171}+G4{3.3497}
PF18412,LG+I+G4,0.0672,2.8864,,LG+I{0.0672}+G4{2.8864}
PF18415,LG+F+I+G4,0.0255,1.2669,,LG+F+I{0.0255}+G4{1.2669}
PF18429,LG+I+R2,0.0104,,"(0.7649,0.3995) (0.2247,3.0899)","LG+I{0.0104}+R2{0.7649,0.3995,0.2247,3.0899}"
PF18500,LG+I+G4,0.0091,1.0629,,LG+I{0.0091}+G4{1.0629}
PF18649,LG+I,0.1097,,,LG+I{0.1097}
PF18693,LG+I+R2,0.0478,,"(0.3221,0.3294) (0.6300,1.4189)","LG+I{0.0478}+R2{0.3221,0.3294,0.6300,1.4189}"
PF18821,LG+F+I+R4,0.0000,,"(0.0591,0.1548) (0.1569,0.4146) (0.3121,0.7544) (0.4720,1.4627)","LG+F+I{0.0000}+R4{0.0591,0.1548,0.1569,0.4146,0.3121,0.7544,0.4720,1.4627}"
PF18913,LG+I+G4,0.0047,1.4366,,LG+I{0.0047}+G4{1.4366}
PF18945,LG+I+G4,0.0511,1.3410,,LG+I{0.0511}+G4{1.3410}
PF18974,LG+I+G4,0.0000,1.2691,,LG+I{0.0000}+G4{1.2691}
PF19191,LG+I+G4,0.0141,1.2618,,LG+I{0.0141}+G4{1.2618}
PF19192,LG+F+I+R4,0.0049,,"(0.1247,0.1251) (0.2076,0.3462) (0.4646,0.9274) (0.1983,2.4293)","LG+F+I{0.0049}+R4{0.1247,0.1251,0.2076,0.3462,0.4646,0.9274,0.1983,2.4293}"
PF19269,LG+F+I+R4,0.0000,,"(0.0542,0.1496) (0.2274,0.4762) (0.2989,0.8321) (0.4195,1.5134)","LG+F+I{0.0000}+R4{0.0542,0.1496,0.2274,0.4762,0.2989,0.8321,0.4195,1.5134}"
PF19275,LG+I+G4,0.0344,1.5000,,LG+I{0.0344}+G4{1.5000}
PF19279,LG+F+I+G4,0.0551,1.4685,,LG+F+I{0.0551}+G4{1.4685}
PF19289,LG+I+R4,0.0033,,"(0.1155,0.2302) (0.3082,0.6101) (0.3186,1.0083) (0.2544,1.8246)","LG+I{0.0033}+R4{0.1155,0.2302,0.3082,0.6101,0.3186,1.0083,0.2544,1.8246}"
PF19290,LG+I+R4,0.0000,,"(0.0803,0.2962) (0.2320,0.5875) (0.3677,0.9702) (0.3201,1.5098)","LG+I{0.0000}+R4{0.0803,0.2962,0.2320,0.5875,0.3677,0.9702,0.3201,1.5098}"
PF19296,LG+I+R4,0.0111,,"(0.1043,0.3494) (0.3427,0.6599) (0.3901,1.1495) (0.1518,1.9038)","LG+I{0.0111}+R4{0.1043,0.3494,0.3427,0.6599,0.3901,1.1495,0.1518,1.9038}"
PF19303,LG+F+I+G4,0.0836,0.9466,,LG+F+I{0.0836}+G4{0.9466}
PF19305,LG+F+I+R4,0.0052,,"(0.0453,0.1088) (0.2756,0.3720) (0.3113,0.8111) (0.3627,1.7649)","LG+F+I{0.0052}+R4{0.0453,0.1088,0.2756,0.3720,0.3113,0.8111,0.3627,1.7649}"
PF19306,LG+I+R4,0.0280,,"(0.0683,0.0913) (0.3820,0.4910) (0.3709,1.1946) (0.1508,2.4084)","LG+I{0.0280}+R4{0.0683,0.0913,0.3820,0.4910,0.3709,1.1946,0.1508,2.4084}"
PF19310,LG+I+G4,0.0924,1.4739,,LG+I{0.0924}+G4{1.4739}
PF19335,LG+I+R2,0.0000,,"(0.2766,0.2456) (0.7234,1.2885)","LG+I{0.0000}+R2{0.2766,0.2456,0.7234,1.2885}"
PF19413,LG+F+I+G4,0.0051,2.0276,,LG+F+I{0.0051}+G4{2.0276}
PF19425,LG+I+G4,0.1703,1.6304,,LG+I{0.1703}+G4{1.6304}
PF19583,LG+I+R4,0.0311,,"(0.0887,0.0804) (0.2108,0.3425) (0.2965,0.8296) (0.3729,1.8093)","LG+I{0.0311}+R4{0.0887,0.0804,0.2108,0.3425,0.2965,0.8296,0.3729,1.8093}"
PF19833,LG+I,0.4537,,,LG+I{0.4537}
PF19890,LG+I+G4,0.0000,1.7313,,LG+I{0.0000}+G4{1.7313}
PF20030,LG+I+G4,0.0666,0.6784,,LG+I{0.0666}+G4{0.6784}
PF20142,LG+F+I+R4,0.0000,,"(0.0500,0.1217) (0.1883,0.5068) (0.3318,0.9107) (0.4298,1.3872)","LG+F+I{0.0000}+R4{0.0500,0.1217,0.1883,0.5068,0.3318,0.9107,0.4298,1.3872}"
PF20143,LG+I+G4,0.0000,1.4088,,LG+I{0.0000}+G4{1.4088}
PF20148,LG+F+I+R4,0.0080,,"(0.0523,0.0784) (0.1411,0.3276) (0.3177,0.7175) (0.4808,1.5010)","LG+F+I{0.0080}+R4{0.0523,0.0784,0.1411,0.3276,0.3177,0.7175,0.4808,1.5010}"
PF20154,LG+F+I+R4,0.0000,,"(0.0639,0.2171) (0.2952,0.5093) (0.4059,0.9025) (0.2350,1.9974)","LG+F+I{0.0000}+R4{0.0639,0.2171,0.2952,0.5093,0.4059,0.9025,0.2350,1.9974}"
PF20232,LG+F+I+R4,0.0119,,"(0.0860,0.1275) (0.2403,0.4604) (0.3384,0.9467) (0.3234,1.7254)","LG+F+I{0.0119}+R4{0.0860,0.1275,0.2403,0.4604,0.3384,0.9467,0.3234,1.7254}"
PF20256,LG+I+R4,0.0000,,"(0.0878,0.1319) (0.3106,0.5205) (0.2655,0.9609) (0.3361,1.7009)","LG+I{0.0000}+R4{0.0878,0.1319,0.3106,0.5205,0.2655,0.9609,0.3361,1.7009}"
PF20258,LG+I+R3,0.0000,,"(0.0761,0.0195) (0.4622,0.4665) (0.4617,1.6956)","LG+I{0.0000}+R3{0.0761,0.0195,0.4622,0.4665,0.4617,1.6956}"
PF20259,LG+I+G4,0.0490,1.3798,,LG+I{0.0490}+G4{1.3798}
PF20260,LG+I+G4,0.0000,1.3532,,LG+I{0.0000}+G4{1.3532}
PF20265,LG+I+G4,0.0077,2.7731,,LG+I{0.0077}+G4{2.7731}
PF20423,LG+F+I+G4,0.0155,1.2032,,LG+F+I{0.0155}+G4{1.2032}
PF20454,LG+F+I+G4,0.0152,2.1741,,LG+F+I{0.0152}+G4{2.1741}
PF20463,LG+I+G4,0.0367,2.3382,,LG+I{0.0367}+G4{2.3382}
PF20469,LG+I+R4,0.0250,,"(0.0705,0.1283) (0.2464,0.4448) (0.2591,0.8837) (0.3990,1.6350)","LG+I{0.0250}+R4{0.0705,0.1283,0.2464,0.4448,0.2591,0.8837,0.3990,1.6350}"
PF20511,LG+I+G4,0.0574,1.6698,,LG+I{0.0574}+G4{1.6698}
PF20512,LG+I,0.0877,,,LG+I{0.0877}
PF20514,LG+I+R2,0.0000,,"(0.1181,0.3118) (0.8819,1.0922)","LG+I{0.0000}+R2{0.1181,0.3118,0.8819,1.0922}"
PF20560,LG+F+I+R4,0.0031,,"(0.0565,0.0276) (0.2629,0.4153) (0.4350,0.9980) (0.2425,1.8770)","LG+F+I{0.0031}+R4{0.0565,0.0276,0.2629,0.4153,0.4350,0.9980,0.2425,1.8770}"
PF20582,LG+I+R4,0.0107,,"(0.1358,0.1040) (0.2600,0.3991) (0.1832,0.8866) (0.4103,1.7540)","LG+I{0.0107}+R4{0.1358,0.1040,0.2600,0.3991,0.1832,0.8866,0.4103,1.7540}"
PF20600,LG+I+G4,0.0609,2.0873,,LG+I{0.0609}+G4{2.0873}
PF20616,LG+I+G4,0.0012,1.7390,,LG+I{0.0012}+G4{1.7390}
PF20628,LG+I+G4,0.0513,2.9242,,LG+I{0.0513}+G4{2.9242}
PF20629,LG+I+G4,0.0539,1.0026,,LG+I{0.0539}+G4{1.0026}
PF20656,LG+I+R2,0.0000,,"(0.3115,0.2447) (0.6885,1.3417)","LG+I{0.0000}+R2{0.3115,0.2447,0.6885,1.3417}"
PF20658,LG+F+I+G4,0.0000,1.6731,,LG+F+I{0.0000}+G4{1.6731}
PF20659,LG+I+G4,0.0605,2.0818,,LG+I{0.0605}+G4{2.0818}
PF20691,LG+I+G4,0.0138,3.6641,,LG+I{0.0138}+G4{3.6641}
PF20695,LG+I+G4,0.0000,1.8027,,LG+I{0.0000}+G4{1.8027}
PF20696,LG+F+I+G4,0.0000,2.2589,,LG+F+I{0.0000}+G4{2.2589}
PF20714,,,,,
PF20772,LG+I+G4,0.0133,1.3695,,LG+I{0.0133}+G4{1.3695}
PF20803,LG+I+G4,0.0208,1.2687,,LG+I{0.0208}+G4{1.2687}
PF20833,LG+I+R4,0.0267,,"(0.0779,0.0569) (0.3242,0.4932) (0.2804,0.9969) (0.2908,1.9125)","LG+I{0.0267}+R4{0.0779,0.0569,0.3242,0.4932,0.2804,0.9969,0.2908,1.9125}"
PF20872,LG+F+I+G4,0.0309,1.0554,,LG+F+I{0.0309}+G4{1.0554}
PF20914,LG+I+G4,0.0544,2.6957,,LG+I{0.0544}+G4{2.6957}
PF20974,LG+I+G4,0.0204,1.6227,,LG+I{0.0204}+G4{1.6227}
PF20979,LG+I+G4,0.0880,2.0257,,LG+I{0.0880}+G4{2.0257}
PF21001,LG+F+I+G4,0.0105,1.8430,,LG+F+I{0.0105}+G4{1.8430}
PF21010,LG+I+R4,0.0000,,"(0.2055,0.2464) (0.2150,0.5475) (0.2923,1.0006) (0.2873,1.8772)","LG+I{0.0000}+R4{0.2055,0.2464,0.2150,0.5475,0.2923,1.0006,0.2873,1.8772}"
PF21016,LG+I+G4,0.0256,1.0161,,LG+I{0.0256}+G4{1.0161}
PF21018,LG+I+R4,0.0000,,"(0.2233,0.0743) (0.3261,0.6165) (0.3134,1.3428) (0.1372,2.6347)","LG+I{0.0000}+R4{0.2233,0.0743,0.3261,0.6165,0.3134,1.3428,0.1372,2.6347}"
PF21070,LG+I+G4,0.0815,2.1575,,LG+I{0.0815}+G4{2.1575}
PF21082,LG+I+G4,0.0000,4.3423,,LG+I{0.0000}+G4{4.3423}
PF21083,LG+I+G4,0.0221,1.4320,,LG+I{0.0221}+G4{1.4320}
PF21085,LG+I+G4,0.0268,1.4384,,LG+I{0.0268}+G4{1.4384}
PF21088,LG+F+I+G4,0.0000,1.9197,,LG+F+I{0.0000}+G4{1.9197}
PF21090,LG+I+R4,0.0524,,"(0.1593,0.0389) (0.0921,0.2519) (0.1798,0.6778) (0.5164,1.6436)","LG+I{0.0524}+R4{0.1593,0.0389,0.0921,0.2519,0.1798,0.6778,0.5164,1.6436}"
PF21096,LG+I+G4,0.0322,1.8114,,LG+I{0.0322}+G4{1.8114}
PF21118,JTT+G4,,1.3617,,JTT+G4{1.3617}
PF21130,LG+I+G4,0.0174,1.1947,,LG+I{0.0174}+G4{1.1947}
PF21132,LG+I+G4,0.0000,1.2361,,LG+I{0.0000}+G4{1.2361}
PF21142,LG+I+G4,0.0260,1.3833,,LG+I{0.0260}+G4{1.3833}
PF21150,LG+I+G4,0.1746,1.6238,,LG+I{0.1746}+G4{1.6238}
PF21152,LG+I+G4,0.0500,1.7897,,LG+I{0.0500}+G4{1.7897}
PF21155,,,,,
PF21157,LG+I+R4,0.0215,,"(0.2024,0.0634) (0.3434,0.5449) (0.2491,1.2833) (0.1837,2.6156)","LG+I{0.0215}+R4{0.2024,0.0634,0.3434,0.5449,0.2491,1.2833,0.1837,2.6156}"
PF21158,LG+F+I+G4,0.0671,2.0571,,LG+F+I{0.0671}+G4{2.0571}
PF21162,LG+I+R4,0.0328,,"(0.2119,0.0730) (0.2999,0.5939) (0.2639,1.2355) (0.1915,2.5082)","LG+I{0.0328}+R4{0.2119,0.0730,0.2999,0.5939,0.2639,1.2355,0.1915,2.5082}"
PF21175,LG+I+R4,0.0128,,"(0.1513,0.0355) (0.1538,0.4058) (0.3752,1.0124) (0.3069,1.7997)","LG+I{0.0128}+R4{0.1513,0.0355,0.1538,0.4058,0.3752,1.0124,0.3069,1.7997}"
PF21185,LG+F+I+R4,0.0046,,"(0.0347,0.0498) (0.1569,0.2624) (0.2035,0.6630) (0.6002,1.3697)","LG+F+I{0.0046}+R4{0.0347,0.0498,0.1569,0.2624,0.2035,0.6630,0.6002,1.3697}"
PF21196,LG+I+G4,0.0891,0.9052,,LG+I{0.0891}+G4{0.9052}
PF21197,LG+F+I+R2,0.0648,,"(0.2968,0.3649) (0.6383,1.3969)","LG+F+I{0.0648}+R2{0.2968,0.3649,0.6383,1.3969}"
PF21213,LG+I,0.3534,,,LG+I{0.3534}
PF21214,LG+I+G4,0.1262,1.1020,,LG+I{0.1262}+G4{1.1020}
PF21216,LG+I+G4,0.0345,1.4524,,LG+I{0.0345}+G4{1.4524}
PF21226,LG+F+I+R4,0.0048,,"(0.0484,0.1309) (0.1935,0.4246) (0.3048,0.8285) (0.4485,1.4693)","LG+F+I{0.0048}+R4{0.0484,0.1309,0.1935,0.4246,0.3048,0.8285,0.4485,1.4693}"
PF21239,LG+I+G4,0.0309,1.0047,,LG+I{0.0309}+G4{1.0047}
PF21244,LG+I+G4,0.1205,0.9978,,LG+I{0.1205}+G4{0.9978}
PF21249,LG+I+G4,0.1941,0.8044,,LG+I{0.1941}+G4{0.8044}
PF21279,LG+I+G4,0.0947,0.8602,,LG+I{0.0947}+G4{0.8602}
PF21291,LG+F+I+G4,0.0756,1.1541,,LG+F+I{0.0756}+G4{1.1541}
PF21293,LG+I+G4,0.0639,0.8763,,LG+I{0.0639}+G4{0.8763}
PF21302,LG+I+G4,0.1672,0.7552,,LG+I{0.1672}+G4{0.7552}
PF21305,LG+I+G4,0.0000,1.9914,,LG+I{0.0000}+G4{1.9914}
PF21352,LG+I+G4,0.1083,0.8954,,LG+I{0.1083}+G4{0.8954}
PF21365,LG+I+R4,0.0000,,"(0.0948,0.2185) (0.2005,0.4490) (0.2983,0.8945) (0.4064,1.5314)","LG+I{0.0000}+R4{0.0948,0.2185,0.2005,0.4490,0.2983,0.8945,0.4064,1.5314}"
PF21372,LG+I+G4,0.2385,1.4052,,LG+I{0.2385}+G4{1.4052}
PF21378,LG+I+G4,0.1038,1.6072,,LG+I{0.1038}+G4{1.6072}
PF21447,LG+I+G4,0.0207,1.1128,,LG+I{0.0207}+G4{1.1128}
PF21458,LG+I,0.1511,,,LG+I{0.1511}
PF21474,LG+I+G4,0.1810,1.1657,,LG+I{0.1810}+G4{1.1657}
PF21478,LG+I+G4,0.1261,0.8101,,LG+I{0.1261}+G4{0.8101}
PF21500,LG+I+G4,0.0933,1.2350,,LG+I{0.0933}+G4{1.2350}
PF21508,LG+I+G4,0.0614,0.9001,,LG+I{0.0614}+G4{0.9001}
PF21523,LG+I+G4,0.0112,1.6898,,LG+I{0.0112}+G4{1.6898}
PF21621,LG+I+G4,0.0323,1.7508,,LG+I{0.0323}+G4{1.7508}
PF21661,,,,,
PF21680,LG+I+R4,0.0000,,"(0.0939,0.2092) (0.2240,0.5253) (0.2715,0.9527) (0.4105,1.4714)","LG+I{0.0000}+R4{0.0939,0.2092,0.2240,0.5253,0.2715,0.9527,0.4105,1.4714}"
PF21683,LG+I+G4,0.0612,1.9007,,LG+I{0.0612}+G4{1.9007}
PF21687,LG+F+I+R4,0.0000,,"(0.0513,0.1098) (0.2106,0.3659) (0.2775,0.7834) (0.4606,1.5196)","LG+F+I{0.0000}+R4{0.0513,0.1098,0.2106,0.3659,0.2775,0.7834,0.4606,1.5196}"
PF21689,LG+F+I+R4,0.0058,,"(0.4264,0.2096) (0.2593,0.6129) (0.2503,1.7592) (0.0581,5.3618)","LG+F+I{0.0058}+R4{0.4264,0.2096,0.2593,0.6129,0.2503,1.7592,0.0581,5.3618}"
PF21760,LG+I+G4,0.0144,1.2471,,LG+I{0.0144}+G4{1.2471}
PF21765,LG+F+I+G4,0.0686,1.9451,,LG+F+I{0.0686}+G4{1.9451}
PF21775,LG+I+G4,0.1870,1.8690,,LG+I{0.1870}+G4{1.8690}
PF21799,LG+I+G4,0.0422,1.3596,,LG+I{0.0422}+G4{1.3596}
PF21917,LG+I+G4,0.0208,1.2296,,LG+I{0.0208}+G4{1.2296}
PF21929,JTT+G4,,2.0332,,JTT+G4{2.0332}
PF21943,LG+F+I+G4,0.0010,1.7447,,LG+F+I{0.0010}+G4{1.7447}
PF21948,LG+I+R4,0.0032,,"(0.1186,0.1709) (0.2795,0.5113) (0.3011,1.0365) (0.2976,1.7633)","LG+I{0.0032}+R4{0.1186,0.1709,0.2795,0.5113,0.3011,1.0365,0.2976,1.7633}"
PF21981,LG+I+R4,0.0000,,"(0.3315,0.2983) (0.2469,0.7812) (0.2141,1.2938) (0.2076,2.0782)","LG+I{0.0000}+R4{0.3315,0.2983,0.2469,0.7812,0.2141,1.2938,0.2076,2.0782}"
PF21982,LG+I+R4,0.0000,,"(0.2816,0.2249) (0.3237,0.7277) (0.1900,1.3027) (0.2047,2.2157)","LG+I{0.0000}+R4{0.2816,0.2249,0.3237,0.7277,0.1900,1.3027,0.2047,2.2157}"
PF21987,LG+I+G4,0.1598,0.9487,,LG+I{0.1598}+G4{0.9487}
PF21999,LG+I+G4,0.0150,0.9240,,LG+I{0.0150}+G4{0.9240}
PF22019,LG+I+R3,0.0328,,"(0.1118,0.0911) (0.3437,0.5476) (0.5117,1.5664)","LG+I{0.0328}+R3{0.1118,0.0911,0.3437,0.5476,0.5117,1.5664}"
PF22020,LG+I+G4,0.0000,0.7846,,LG+I{0.0000}+G4{0.7846}
PF22022,LG+I+G4,0.0000,1.8243,,LG+I{0.0000}+G4{1.8243}
PF22025,LG+I+G4,0.0103,0.8900,,LG+I{0.0103}+G4{0.8900}
PF22042,LG+I+G4,0.0100,1.8717,,LG+I{0.0100}+G4{1.8717}
PF22117,LG+I+G4,0.1322,0.9948,,LG+I{0.1322}+G4{0.9948}
PF22177,LG+I+G4,0.1370,1.0110,,LG+I{0.1370}+G4{1.0110}
PF22255,LG+I+G4,0.0075,2.2753,,LG+I{0.0075}+G4{2.2753}
PF22267,LG+I+G4,0.0401,2.5147,,LG+I{0.0401}+G4{2.5147}
PF22270,LG+I+G4,0.0675,2.4284,,LG+I{0.0675}+G4{2.4284}
PF22276,LG+I,0.0736,,,LG+I{0.0736}
PF22290,LG+I+G4,0.0006,1.3892,,LG+I{0.0006}+G4{1.3892}
PF22341,LG+I+R4,0.0000,,"(0.1492,0.0759) (0.3847,0.5404) (0.2259,1.1093) (0.2403,2.2071)","LG+I{0.0000}+R4{0.1492,0.0759,0.3847,0.5404,0.2259,1.1093,0.2403,2.2071}"
PF22421,LG+I+G4,0.0190,1.1252,,LG+I{0.0190}+G4{1.1252}
PF22429,LG+I,0.0917,,,LG+I{0.0917}
PF22456,LG+F+I+R4,0.0186,,"(0.0933,0.0914) (0.3167,0.5533) (0.3438,1.0294) (0.2276,2.0312)","LG+F+I{0.0186}+R4{0.0933,0.0914,0.3167,0.5533,0.3438,1.0294,0.2276,2.0312}"
PF22458,LG+I+R4,0.0000,,"(0.0716,0.0385) (0.2505,0.3226) (0.3644,0.9201) (0.3135,1.8540)","LG+I{0.0000}+R4{0.0716,0.0385,0.2505,0.3226,0.3644,0.9201,0.3135,1.8540}"
PF22461,LG+I+R4,0.0169,,"(0.0552,0.1161) (0.3496,0.4741) (0.2873,0.9097) (0.2911,1.9464)","LG+I{0.0169}+R4{0.0552,0.1161,0.3496,0.4741,0.2873,0.9097,0.2911,1.9464}"
PF22468,LG+I+R4,0.0000,,"(0.4550,0.3315) (0.2760,0.8692) (0.1711,1.7186) (0.0979,3.2195)","LG+I{0.0000}+R4{0.4550,0.3315,0.2760,0.8692,0.1711,1.7186,0.0979,3.2195}"
PF22470,LG+F+I+G4,0.0000,1.9061,,LG+F+I{0.0000}+G4{1.9061}
PF22475,LG+I+G4,0.0104,1.1201,,LG+I{0.0104}+G4{1.1201}
PF22521,LG+F+I+R4,0.0300,,"(0.1167,0.1143) (0.2082,0.3650) (0.2455,0.8222) (0.3997,1.7736)","LG+F+I{0.0300}+R4{0.1167,0.1143,0.2082,0.3650,0.2455,0.8222,0.3997,1.7736}"
PF22587,LG+F+I+G4,0.0277,1.3236,,LG+F+I{0.0277}+G4{1.3236}
PF22590,LG+I+R4,0.0238,,"(0.1307,0.0739) (0.1988,0.2980) (0.1774,0.6525) (0.4692,1.7377)","LG+I{0.0238}+R4{0.1307,0.0739,0.1988,0.2980,0.1774,0.6525,0.4692,1.7377}"
PF22594,LG+I+R4,0.0000,,"(0.1716,0.2998) (0.2730,0.6231) (0.2822,1.0947) (0.2731,1.7190)","LG+I{0.0000}+R4{0.1716,0.2998,0.2730,0.6231,0.2822,1.0947,0.2731,1.7190}"
PF22599,LG+F+I+R4,0.0000,,"(0.1647,0.1334) (0.1895,0.4428) (0.2623,0.9771) (0.3836,1.6630)","LG+F+I{0.0000}+R4{0.1647,0.1334,0.1895,0.4428,0.2623,0.9771,0.3836,1.6630}"
PF22608,LG+I+G4,0.0810,0.7764,,LG+I{0.0810}+G4{0.7764}
PF22613,LG+I+R4,0.0202,,"(0.1137,0.1235) (0.2588,0.4220) (0.2997,0.9102) (0.3075,1.9639)","LG+I{0.0202}+R4{0.1137,0.1235,0.2588,0.4220,0.2997,0.9102,0.3075,1.9639}"
PF22617,LG+I+G4,0.0624,0.9066,,LG+I{0.0624}+G4{0.9066}
PF22629,LG+I+G4,0.0001,1.1178,,LG+I{0.0001}+G4{1.1178}
PF22638,LG+F+I+R4,0.0000,,"(0.0892,0.1643) (0.2504,0.5565) (0.3416,0.9308) (0.3188,1.6562)","LG+F+I{0.0000}+R4{0.0892,0.1643,0.2504,0.5565,0.3416,0.9308,0.3188,1.6562}"
PF22640,LG+I+G4,0.0000,2.0804,,LG+I{0.0000}+G4{2.0804}
PF22645,LG+I+G4,0.0618,1.2387,,LG+I{0.0618}+G4{1.2387}
PF22657,LG+F+I+R4,0.0096,,"(0.1347,0.1013) (0.2596,0.4387) (0.3626,1.0588) (0.2334,2.0929)","LG+F+I{0.0096}+R4{0.1347,0.1013,0.2596,0.4387,0.3626,1.0588,0.2334,2.0929}"
PF22660,LG+I+G4,0.0479,1.5089,,LG+I{0.0479}+G4{1.5089}
PF22667,LG+I+R4,0.0205,,"(0.0780,0.0475) (0.1707,0.3092) (0.2478,0.7288) (0.4831,1.5794)","LG+I{0.0205}+R4{0.0780,0.0475,0.1707,0.3092,0.2478,0.7288,0.4831,1.5794}"
PF22671,LG+I+G4,0.0000,3.0588,,LG+I{0.0000}+G4{3.0588}
PF22678,LG+I+G4,0.1273,1.5440,,LG+I{0.1273}+G4{1.5440}
PF22688,LG+I+G4,0.0001,0.8895,,LG+I{0.0001}+G4{0.8895}
PF22689,LG+I+G4,0.0993,0.8555,,LG+I{0.0993}+G4{0.8555}
PF22692,LG+F+I+R4,0.0115,,"(0.1753,0.1827) (0.1282,0.5414) (0.2865,0.8992) (0.3985,1.6084)","LG+F+I{0.0115}+R4{0.1753,0.1827,0.1282,0.5414,0.2865,0.8992,0.3985,1.6084}"
PF22698,LG+I+R4,0.0180,,"(0.1036,0.1070) (0.2205,0.4303) (0.2991,0.8365) (0.3588,1.7943)","LG+I{0.0180}+R4{0.1036,0.1070,0.2205,0.4303,0.2991,0.8365,0.3588,1.7943}"
PF22706,LG+F+I+R4,0.0042,,"(0.1587,0.0903) (0.2282,0.4495) (0.2028,0.9018) (0.4060,1.7244)","LG+F+I{0.0042}+R4{0.1587,0.0903,0.2282,0.4495,0.2028,0.9018,0.4060,1.7244}"
PF22725,LG+F+I+R4,0.0000,,"(0.0231,0.0962) (0.2344,0.4468) (0.3274,0.8090) (0.4151,1.5133)","LG+F+I{0.0000}+R4{0.0231,0.0962,0.2344,0.4468,0.3274,0.8090,0.4151,1.5133}"
PF22740,LG+I+R4,0.0325,,"(0.1052,0.0474) (0.2663,0.3892) (0.2238,0.8124) (0.3722,1.9062)","LG+I{0.0325}+R4{0.1052,0.0474,0.2663,0.3892,0.2238,0.8124,0.3722,1.9062}"
PF22745,LG+F+I+G4,0.1094,1.3874,,LG+F+I{0.1094}+G4{1.3874}
PF22752,LG+F+I+G4,0.0031,1.2375,,LG+F+I{0.0031}+G4{1.2375}
PF22769,LG+I+R4,0.0000,,"(0.0741,0.1282) (0.3974,0.4801) (0.2360,0.9376) (0.2925,1.9776)","LG+I{0.0000}+R4{0.0741,0.1282,0.3974,0.4801,0.2360,0.9376,0.2925,1.9776}"
PF22776,LG+I+G4,0.0047,3.0445,,LG+I{0.0047}+G4{3.0445}
PF22811,LG+I+R4,0.0340,,"(0.1738,0.0248) (0.1934,0.2299) (0.3951,1.1544) (0.2038,2.4299)","LG+I{0.0340}+R4{0.1738,0.0248,0.1934,0.2299,0.3951,1.1544,0.2038,2.4299}"
PF22863,LG+I+G4,0.0703,1.2136,,LG+I{0.0703}+G4{1.2136}
PF22895,LG+I+G4,0.0389,1.3658,,LG+I{0.0389}+G4{1.3658}
PF22919,LG+I+G4,0.0038,1.3337,,LG+I{0.0038}+G4{1.3337}
PF22920,LG+I+R4,0.0053,,"(0.0560,0.1128) (0.2340,0.3921) (0.2923,0.8479) (0.4124,1.5861)","LG+I{0.0053}+R4{0.0560,0.1128,0.2340,0.3921,0.2923,0.8479,0.4124,1.5861}"
PF23016,LG+F+I+R4,0.0000,,"(0.0459,0.0795) (0.3959,0.3905) (0.3901,1.1054) (0.1681,2.4425)","LG+F+I{0.0000}+R4{0.0459,0.0795,0.3959,0.3905,0.3901,1.1054,0.1681,2.4425}"
PF23127,LG+I+G4,0.0162,1.2950,,LG+I{0.0162}+G4{1.2950}
PF23234,LG+F+I+R4,0.0098,,"(0.2790,0.1763) (0.2731,0.5134) (0.2895,1.1142) (0.1486,3.2838)","LG+F+I{0.0098}+R4{0.2790,0.1763,0.2731,0.5134,0.2895,1.1142,0.1486,3.2838}"
PF23235,LG+F+I+G4,0.0170,2.3878,,LG+F+I{0.0170}+G4{2.3878}
PF23236,LG+F+I+G4,0.0070,1.2578,,LG+F+I{0.0070}+G4{1.2578}
PF23451,LG+I+G4,0.0740,1.1831,,LG+I{0.0740}+G4{1.1831}
PF23493,LG+F+I+R3,0.0174,,"(0.0924,0.1516) (0.4511,0.6970) (0.4391,1.5295)","LG+F+I{0.0174}+R3{0.0924,0.1516,0.4511,0.6970,0.4391,1.5295}"
PF23607,LG+I+R4,0.0000,,"(0.1224,0.2478) (0.2241,0.5275) (0.3877,1.0441) (0.2659,1.6801)","LG+I{0.0000}+R4{0.1224,0.2478,0.2241,0.5275,0.3877,1.0441,0.2659,1.6801}"
PF24187,LG+I+G4,0.0000,3.1809,,LG+I{0.0000}+G4{3.1809}
PF24421,LG+I+G4,0.0376,2.4435,,LG+I{0.0376}+G4{2.4435}
PF24473,LG+F+I+G4,0.0000,1.4082,,LG+F+I{0.0000}+G4{1.4082}
PF24489,LG+I+G4,0.0409,2.4529,,LG+I{0.0409}+G4{2.4529}
PF24621,LG+I+R4,0.0029,,"(0.1347,0.0299) (0.1618,0.3209) (0.2514,0.6846) (0.4493,1.7183)","LG+I{0.0029}+R4{0.1347,0.0299,0.1618,0.3209,0.2514,0.6846,0.4493,1.7183}"
PF24624,LG+I+G4,0.0212,1.2467,,LG+I{0.0212}+G4{1.2467}
PF24755,LG+I+G4,0.0179,1.2620,,LG+I{0.0179}+G4{1.2620}
PF24801,LG+F+I+G4,0.0000,2.3153,,LG+F+I{0.0000}+G4{2.3153}
PF24827,LG+I+R4,0.0000,,"(0.0505,0.0223) (0.1466,0.3385) (0.5598,0.8947) (0.2431,1.8445)","LG+I{0.0000}+R4{0.0505,0.0223,0.1466,0.3385,0.5598,0.8947,0.2431,1.8445}"
PF24856,LG+I+G4,0.0659,0.9400,,LG+I{0.0659}+G4{0.9400}
PF24859,LG+I+G4,0.1174,0.6613,,LG+I{0.1174}+G4{0.6613}
PF24860,LG+I+G4,0.0946,1.1676,,LG+I{0.0946}+G4{1.1676}
PF24877,LG+I+R4,0.0299,,"(0.1253,0.0583) (0.2550,0.3143) (0.2284,0.7805) (0.3613,2.0321)","LG+I{0.0299}+R4{0.1253,0.0583,0.2550,0.3143,0.2284,0.7805,0.3613,2.0321}"
PF24986,LG+I+G4,0.0187,2.4900,,LG+I{0.0187}+G4{2.4900}
PF25137,LG+I+G4,0.0161,2.0813,,LG+I{0.0161}+G4{2.0813}
PF25317,LG+I+G4,0.0000,1.5963,,LG+I{0.0000}+G4{1.5963}
PF25319,LG+F+I+G4,0.0235,2.2012,,LG+F+I{0.0235}+G4{2.2012}
PF25392,LG+F+I+R4,0.0000,,"(0.1691,0.2540) (0.2176,0.4818) (0.3449,1.0289) (0.2685,1.8526)","LG+F+I{0.0000}+R4{0.1691,0.2540,0.2176,0.4818,0.3449,1.0289,0.2685,1.8526}"
PF25399,LG+I+R4,0.0000,,"(0.0896,0.1329) (0.1852,0.4888) (0.4178,0.9762) (0.3075,1.5929)","LG+I{0.0000}+R4{0.0896,0.1329,0.1852,0.4888,0.4178,0.9762,0.3075,1.5929}"
PF25461,LG+F+I+G4,0.0163,1.4439,,LG+F+I{0.0163}+G4{1.4439}
PF25554,LG+I+R4,0.0000,,"(0.0870,0.0647) (0.2341,0.3782) (0.5119,1.1559) (0.1670,1.8811)","LG+I{0.0000}+R4{0.0870,0.0647,0.2341,0.3782,0.5119,1.1559,0.1670,1.8811}"
PF25596,LG+I+G4,0.0465,0.8361,,LG+I{0.0465}+G4{0.8361}
PF25601,LG+I+R4,0.0213,,"(0.1939,0.1411) (0.2588,0.5248) (0.3073,1.1645) (0.2188,2.1893)","LG+I{0.0213}+R4{0.1939,0.1411,0.2588,0.5248,0.3073,1.1645,0.2188,2.1893}"
PF25680,LG+I+G4,0.0279,1.5270,,LG+I{0.0279}+G4{1.5270}
PF25754,JTT+G4,,1.1209,,JTT+G4{1.1209}
