pfam_id,model,I,alpha,rates,alisim_model
PF00004,LG+I+R4,0.0000,,"(0.0703,0.0977) (0.3175,0.4526) (0.3792,0.9957) (0.2331,2.0244)","LG+I{0.0000}+R4{0.0703,0.0977,0.3175,0.4526,0.3792,0.9957,0.2331,2.0244}"
PF00005,LG+I+R4,0.0119,,"(0.0568,0.0760) (0.1945,0.3324) (0.3266,0.7964) (0.4102,1.6357)","LG+I{0.0119}+R4{0.0568,0.0760,0.1945,0.3324,0.3266,0.7964,0.4102,1.6357}"
PF00006,LG+I+G4,0.0083,1.0956,,LG+I{0.0083}+G4{1.0956}
PF00009,LG+I+R4,0.0129,,"(0.0933,0.0898) (0.2267,0.3423) (0.3319,0.8373) (0.3353,1.8972)","LG+I{0.0129}+R4{0.0933,0.0898,0.2267,0.3423,0.3319,0.8373,0.3353,1.8972}"
PF00011,LG+I+G4,0.0139,2.3468,,LG+I{0.0139}+G4{2.3468}
PF00013,LG+I+G4,0.0000,2.8148,,LG+I{0.0000}+G4{2.8148}
PF00016,LG+I+G4,0.0018,1.2616,,LG+I{0.0018}+G4{1.2616}
PF00032,LG+F+I+R4,0.0150,,"(0.1137,0.0826) (0.2131,0.3676) (0.3274,0.9294) (0.3309,1.8376)","LG+F+I{0.0150}+R4{0.1137,0.0826,0.2131,0.3676,0.3274,0.9294,0.3309,1.8376}"
PF00033,LG+F+I+G4,0.0039,1.4055,,LG+F+I{0.0039}+G4{1.4055}
PF00037,LG+I+G4,0.1250,1.7448,,LG+I{0.1250}+G4{1.7448}
PF00041,LG+I+R4,0.0000,,"(0.0629,0.1523) (0.1022,0.4428) (0.2684,0.6999) (0.5665,1.3369)","LG+I{0.0000}+R4{0.0629,0.1523,0.1022,0.4428,0.2684,0.6999,0.5665,1.3369}"
PF00044,LG+I+R4,0.0049,,"(0.1162,0.0734) (0.2553,0.3938) (0.3066,0.9160) (0.3170,1.9243)","LG+I{0.0049}+R4{0.1162,0.0734,0.2553,0.3938,0.3066,0.9160,0.3170,1.9243}"
PF00056,LG+I+G4,0.0247,1.7642,,LG+I{0.0247}+G4{1.7642}
PF00067,LG+F+I+R4,0.0108,,"(0.0332,0.1282) (0.1978,0.4093) (0.3657,0.8472) (0.3925,1.5415)","LG+F+I{0.0108}+R4{0.0332,0.1282,0.1978,0.4093,0.3657,0.8472,0.3925,1.5415}"
PF00072,LG+I+G4,0.0154,2.0987,,LG+I{0.0154}+G4{2.0987}
PF00079,LG+I+R4,0.0020,,"(0.0792,0.1194) (0.2124,0.3985) (0.2585,0.8746) (0.4479,1.5177)","LG+I{0.0020}+R4{0.0792,0.1194,0.2124,0.3985,0.2585,0.8746,0.4479,1.5177}"
PF00081,LG+I+G4,0.0648,1.5996,,LG+I{0.0648}+G4{1.5996}
PF00085,LG+I+G4,0.0233,1.7895,,LG+I{0.0233}+G4{1.7895}
PF00091,LG+I+R4,0.0062,,"(0.0497,0.0958) (0.2173,0.4197) (0.3994,0.8604) (0.3274,1.7115)","LG+I{0.0062}+R4{0.0497,0.0958,0.2173,0.4197,0.3994,0.8604,0.3274,1.7115}"
PF00092,LG+I+R4,0.0000,,"(0.0325,0.1290) (0.2391,0.4350) (0.3477,0.8919) (0.3808,1.5276)","LG+I{0.0000}+R4{0.0325,0.1290,0.2391,0.4350,0.3477,0.8919,0.3808,1.5276}"
PF00106,LG+I+R4,0.0087,,"(0.1202,0.1493) (0.2603,0.4964) (0.3715,1.0041) (0.2394,2.0045)","LG+I{0.0087}+R4{0.1202,0.1493,0.2603,0.4964,0.3715,1.0041,0.2394,2.0045}"
PF00107,LG+I+R4,0.0000,,"(0.0936,0.2029) (0.1929,0.4609) (0.3346,0.8825) (0.3789,1.5751)","LG+I{0.0000}+R4{0.0936,0.2029,0.1929,0.4609,0.3346,0.8825,0.3789,1.5751}"
PF00108,LG+I+G4,0.0123,1.5123,,LG+I{0.0123}+G4{1.5123}
PF00111,LG+I+R4,0.0202,,"(0.0754,0.3042) (0.2128,0.5427) (0.3786,0.9640) (0.3129,1.5868)","LG+I{0.0202}+R4{0.0754,0.3042,0.2128,0.5427,0.3786,0.9640,0.3129,1.5868}"
PF00113,LG+I+G4,0.1450,1.3554,,LG+I{0.1450}+G4{1.3554}
PF00116,LG+I+G4,0.0574,1.1249,,LG+I{0.0574}+G4{1.1249}
PF00117,LG+I+R4,0.0071,,"(0.0706,0.0858) (0.2016,0.3935) (0.3929,0.8798) (0.3278,1.7358)","LG+I{0.0071}+R4{0.0706,0.0858,0.2016,0.3935,0.3929,0.8798,0.3278,1.7358}"
PF00120,LG+I+R4,0.0137,,"(0.0966,0.0804) (0.2853,0.4410) (0.3667,1.0352) (0.2377,2.0479)","LG+I{0.0137}+R4{0.0966,0.0804,0.2853,0.4410,0.3667,1.0352,0.2377,2.0479}"
PF00121,LG+I+R4,0.0295,,"(0.1186,0.0783) (0.1768,0.3645) (0.3259,0.8402) (0.3492,1.8685)","LG+I{0.0295}+R4{0.1186,0.0783,0.1768,0.3645,0.3259,0.8402,0.3492,1.8685}"
PF00127,LG+F+I+G4,0.0767,4.3019,,LG+F+I{0.0767}+G4{4.3019}
PF00128,LG+I+G4,0.0412,2.0307,,LG+I{0.0412}+G4{2.0307}
PF00133,LG+I+G4,0.0329,2.0208,,LG+I{0.0329}+G4{2.0208}
PF00137,LG+F+I+G4,0.0000,3.1386,,LG+F+I{0.0000}+G4{3.1386}
PF00141,LG+I+R4,0.0020,,"(0.0826,0.1148) (0.2087,0.3812) (0.2554,0.8209) (0.4512,1.5543)","LG+I{0.0020}+R4{0.0826,0.1148,0.2087,0.3812,0.2554,0.8209,0.4512,1.5543}"
PF00145,LG+I+R4,0.0124,,"(0.0422,0.0820) (0.1886,0.2926) (0.3566,0.7586) (0.4002,1.6761)","LG+I{0.0124}+R4{0.0422,0.0820,0.1886,0.2926,0.3566,0.7586,0.4002,1.6761}"
PF00149,LG+I+R4,0.0000,,"(0.0251,0.0431) (0.1018,0.3626) (0.3383,0.7824) (0.5348,1.3040)","LG+I{0.0000}+R4{0.0251,0.0431,0.1018,0.3626,0.3383,0.7824,0.5348,1.3040}"
PF00152,LG+I+R4,0.0094,,"(0.1115,0.0791) (0.2029,0.2971) (0.2823,0.7505) (0.3940,1.8252)","LG+I{0.0094}+R4{0.1115,0.0791,0.2029,0.2971,0.2823,0.7505,0.3940,1.8252}"
PF00155,LG+I+R4,0.0000,,"(0.0375,0.1046) (0.2550,0.4536) (0.4222,0.8718) (0.2854,1.7955)","LG+I{0.0000}+R4{0.0375,0.1046,0.2550,0.4536,0.4222,0.8718,0.2854,1.7955}"
PF00156,LG+I+G4,0.0000,1.9745,,LG+I{0.0000}+G4{1.9745}
PF00158,LG+I+G4,0.0440,0.9035,,LG+I{0.0440}+G4{0.9035}
PF00160,LG+I+R4,0.0000,,"(0.0953,0.1349) (0.1758,0.3617) (0.3689,0.8293) (0.3599,1.7158)","LG+I{0.0000}+R4{0.0953,0.1349,0.1758,0.3617,0.3689,0.8293,0.3599,1.7158}"
PF00162,LG+I+R4,0.0093,,"(0.0953,0.0675) (0.1742,0.3098) (0.2628,0.6989) (0.4584,1.6489)","LG+I{0.0093}+R4{0.0953,0.0675,0.1742,0.3098,0.2628,0.6989,0.4584,1.6489}"
PF00164,LG+I+G4,0.0551,2.6007,,LG+I{0.0551}+G4{2.6007}
PF00174,LG+I+R4,0.0000,,"(0.1058,0.1388) (0.2838,0.4345) (0.3294,0.9886) (0.2809,1.9090)","LG+I{0.0000}+R4{0.1058,0.1388,0.2838,0.4345,0.3294,0.9886,0.2809,1.9090}"
PF00176,LG+I+G4,0.0032,1.2438,,LG+I{0.0032}+G4{1.2438}
PF00177,LG+I+G4,0.0040,1.3866,,LG+I{0.0040}+G4{1.3866}
PF00180,LG+I+G4,0.0251,1.1910,,LG+I{0.0251}+G4{1.1910}
PF00181,LG+I+G4,0.0098,1.1696,,LG+I{0.0098}+G4{1.1696}
PF00185,LG+I+G4,0.0000,1.3614,,LG+I{0.0000}+G4{1.3614}
PF00186,LG+I+R4,0.0000,,"(0.1037,0.0397) (0.2296,0.3733) (0.3377,0.8724) (0.3291,1.8707)","LG+I{0.0000}+R4{0.1037,0.0397,0.2296,0.3733,0.3377,0.8724,0.3291,1.8707}"
PF00189,LG+I+G4,0.0366,1.4724,,LG+I{0.0366}+G4{1.4724}
PF00198,LG+I+R4,0.0027,,"(0.0530,0.0811) (0.2686,0.3743) (0.3891,0.8829) (0.2867,1.9242)","LG+I{0.0027}+R4{0.0530,0.0811,0.2686,0.3743,0.3891,0.8829,0.2867,1.9242}"
PF00202,LG+I+G4,0.0253,2.2104,,LG+I{0.0253}+G4{2.2104}
PF00203,LG+I+G4,0.0000,1.1515,,LG+I{0.0000}+G4{1.1515}
PF00204,LG+I+R4,0.0137,,"(0.0793,0.1537) (0.3203,0.5394) (0.3866,1.1009) (0.2001,1.9467)","LG+I{0.0137}+R4{0.0793,0.1537,0.3203,0.5394,0.3866,1.1009,0.2001,1.9467}"
PF00205,LG+I+R4,0.0000,,"(0.0910,0.2696) (0.3527,0.5958) (0.3192,1.0152) (0.2370,1.8616)","LG+I{0.0000}+R4{0.0910,0.2696,0.3527,0.5958,0.3192,1.0152,0.2370,1.8616}"
PF00206,LG+I+G4,0.0269,1.8161,,LG+I{0.0269}+G4{1.8161}
PF00208,LG+I+R4,0.0172,,"(0.1111,0.0875) (0.1980,0.3289) (0.3108,0.7800) (0.3629,1.8811)","LG+I{0.0172}+R4{0.1111,0.0875,0.1980,0.3289,0.3108,0.7800,0.3629,1.8811}"
PF00210,LG+I+R4,0.0000,,"(0.1179,0.3158) (0.3376,0.6082) (0.3007,1.0510) (0.2437,1.8109)","LG+I{0.0000}+R4{0.1179,0.3158,0.3376,0.6082,0.3007,1.0510,0.2437,1.8109}"
PF00215,LG+I+R4,0.0087,,"(0.0962,0.1602) (0.2654,0.4581) (0.2947,0.9182) (0.3351,1.7679)","LG+I{0.0087}+R4{0.0962,0.1602,0.2654,0.4581,0.2947,0.9182,0.3351,1.7679}"
PF00218,LG+I+G4,0.0615,1.5251,,LG+I{0.0615}+G4{1.5251}
PF00224,LG+I+G4,0.0849,0.9703,,LG+I{0.0849}+G4{0.9703}
PF00226,LG+I+R4,0.0088,,"(0.1094,0.0672) (0.2549,0.4400) (0.2907,0.8893) (0.3363,1.8496)","LG+I{0.0088}+R4{0.1094,0.0672,0.2549,0.4400,0.2907,0.8893,0.3363,1.8496}"
PF00227,LG+I+R4,0.0000,,"(0.0363,0.1433) (0.3276,0.5747) (0.3546,1.0141) (0.2816,1.5872)","LG+I{0.0000}+R4{0.0363,0.1433,0.3276,0.5747,0.3546,1.0141,0.2816,1.5872}"
PF00237,LG+I+G4,0.0000,1.6585,,LG+I{0.0000}+G4{1.6585}
PF00238,LG+I+R4,0.0188,,"(0.1616,0.1591) (0.2660,0.4679) (0.2814,1.0493) (0.2721,2.0378)","LG+I{0.0188}+R4{0.1616,0.1591,0.2660,0.4679,0.2814,1.0493,0.2721,2.0378}"
PF00239,LG+I+R4,0.0056,,"(0.0408,0.0568) (0.1697,0.3507) (0.4112,0.8434) (0.3726,1.5870)","LG+I{0.0056}+R4{0.0408,0.0568,0.1697,0.3507,0.4112,0.8434,0.3726,1.5870}"
PF00248,LG+I+R4,0.0006,,"(0.0307,0.0839) (0.2483,0.3775) (0.4727,0.9205) (0.2477,1.8917)","LG+I{0.0006}+R4{0.0307,0.0839,0.2483,0.3775,0.4727,0.9205,0.2477,1.8917}"
PF00252,LG+I+R4,0.0058,,"(0.1434,0.1655) (0.2356,0.5463) (0.3648,1.0248) (0.2504,1.8920)","LG+I{0.0058}+R4{0.1434,0.1655,0.2356,0.5463,0.3648,1.0248,0.2504,1.8920}"
PF00254,LG+I+G4,0.0000,2.0451,,LG+I{0.0000}+G4{2.0451}
PF00266,LG+I+G4,0.0123,1.5996,,LG+I{0.0123}+G4{1.5996}
PF00270,LG+I+R4,0.0061,,"(0.0535,0.0482) (0.1219,0.3052) (0.3089,0.6667) (0.5096,1.4801)","LG+I{0.0061}+R4{0.0535,0.0482,0.1219,0.3052,0.3089,0.6667,0.5096,1.4801}"
PF00271,LG+I+G4,0.0000,1.4044,,LG+I{0.0000}+G4{1.4044}
PF00278,LG+I+R4,0.0035,,"(0.1237,0.1157) (0.3059,0.4251) (0.1948,0.9431) (0.3722,1.8055)","LG+I{0.0035}+R4{0.1237,0.1157,0.3059,0.4251,0.1948,0.9431,0.3722,1.8055}"
PF00281,LG+I+G4,0.0000,1.3412,,LG+I{0.0000}+G4{1.3412}
PF00282,LG+I+G4,0.0111,2.2232,,LG+I{0.0111}+G4{2.2232}
PF00285,LG+I+R4,0.0000,,"(0.1263,0.1312) (0.2373,0.4287) (0.2883,0.8641) (0.3481,1.8171)","LG+I{0.0000}+R4{0.1263,0.1312,0.2373,0.4287,0.2883,0.8641,0.3481,1.8171}"
PF00288,LG+I+R4,0.0000,,"(0.0780,0.0913) (0.2698,0.3933) (0.2931,0.8718) (0.3592,1.7577)","LG+I{0.0000}+R4{0.0780,0.0913,0.2698,0.3933,0.2931,0.8718,0.3592,1.7577}"
PF00289,LG+I+G4,0.0106,1.1389,,LG+I{0.0106}+G4{1.1389}
PF00290,LG+I+G4,0.0204,1.5900,,LG+I{0.0204}+G4{1.5900}
PF00293,LG+F+I+R4,0.0000,,"(0.0269,0.0573) (0.1127,0.3063) (0.3787,0.7600) (0.4818,1.4034)","LG+F+I{0.0000}+R4{0.0269,0.0573,0.1127,0.3063,0.3787,0.7600,0.4818,1.4034}"
PF00294,LG+I+R4,0.0053,,"(0.0513,0.1442) (0.2099,0.4174) (0.3967,0.9064) (0.3368,1.6192)","LG+I{0.0053}+R4{0.0513,0.1442,0.2099,0.4174,0.3967,0.9064,0.3368,1.6192}"
PF00296,LG+F+I+R3,0.0000,,"(0.0850,0.2203) (0.2646,0.5804) (0.6503,1.2727)","LG+F+I{0.0000}+R3{0.0850,0.2203,0.2646,0.5804,0.6503,1.2727}"
PF00298,LG+I+R4,0.0079,,"(0.1228,0.2305) (0.2019,0.5279) (0.2496,0.9032) (0.4178,1.5313)","LG+I{0.0079}+R4{0.1228,0.2305,0.2019,0.5279,0.2496,0.9032,0.4178,1.5313}"
PF00300,LG+F+I+R4,0.0000,,"(0.0888,0.0708) (0.1608,0.3452) (0.3038,0.7876) (0.4466,1.5651)","LG+F+I{0.0000}+R4{0.0888,0.0708,0.1608,0.3452,0.3038,0.7876,0.4466,1.5651}"
PF00303,LG+I+R4,0.0145,,"(0.1561,0.0818) (0.2640,0.3954) (0.2335,0.9660) (0.3320,1.9801)","LG+I{0.0145}+R4{0.1561,0.0818,0.2640,0.3954,0.2335,0.9660,0.3320,1.9801}"
PF00310,LG+I+G4,0.0978,0.9927,,LG+I{0.0978}+G4{0.9927}
PF00312,LG+I+R4,0.0000,,"(0.2035,0.1546) (0.3332,0.5427) (0.3150,1.3617) (0.1482,2.4202)","LG+I{0.0000}+R4{0.2035,0.1546,0.3332,0.5427,0.3150,1.3617,0.1482,2.4202}"
PF00313,LG+I+G4,0.0398,1.0858,,LG+I{0.0398}+G4{1.0858}
PF00316,LG+I+G4,0.1051,2.2745,,LG+I{0.1051}+G4{2.2745}
PF00317,LG+I+R4,0.0000,,"(0.1316,0.1715) (0.2283,0.4023) (0.3054,0.8857) (0.3347,1.8379)","LG+I{0.0000}+R4{0.1316,0.1715,0.2283,0.4023,0.3054,0.8857,0.3347,1.8379}"
PF00324,LG+F+I+G4,0.0000,3.1480,,LG+F+I{0.0000}+G4{3.1480}
PF00326,LG+F+I+R4,0.0111,,"(0.0977,0.2318) (0.4634,0.6663) (0.3208,1.1526) (0.1070,2.7938)","LG+F+I{0.0111}+R4{0.0977,0.2318,0.4634,0.6663,0.3208,1.1526,0.1070,2.7938}"
PF00327,LG+I+R4,0.0000,,"(0.1941,0.3205) (0.3314,0.6890) (0.3606,1.2749) (0.1139,2.1923)","LG+I{0.0000}+R4{0.1941,0.3205,0.3314,0.6890,0.3606,1.2749,0.1139,2.1923}"
PF00329,LG+I+R4,0.0000,,"(0.0533,0.0914) (0.1628,0.3453) (0.4183,0.7388) (0.3656,1.7227)","LG+I{0.0000}+R4{0.0533,0.0914,0.1628,0.3453,0.4183,0.7388,0.3656,1.7227}"
PF00333,LG+I+G4,0.0000,1.0980,,LG+I{0.0000}+G4{1.0980}
PF00334,LG+I+R4,0.0061,,"(0.0647,0.0463) (0.2655,0.3445) (0.4100,0.8564) (0.2537,2.1852)","LG+I{0.0061}+R4{0.0647,0.0463,0.2655,0.3445,0.4100,0.8564,0.2537,2.1852}"
PF00338,LG+I+R4,0.0000,,"(0.1892,0.4315) (0.4073,0.7591) (0.3122,1.2709) (0.0913,2.3266)","LG+I{0.0000}+R4{0.1892,0.4315,0.4073,0.7591,0.3122,1.2709,0.0913,2.3266}"
PF00342,LG+I+G4,0.0785,1.0918,,LG+I{0.0785}+G4{1.0918}
PF00347,LG+I+G4,0.0000,1.8482,,LG+I{0.0000}+G4{1.8482}
PF00348,LG+I+R4,0.0174,,"(0.0959,0.1153) (0.2689,0.4469) (0.2759,0.9835) (0.3419,1.7476)","LG+I{0.0174}+R4{0.0959,0.1153,0.2689,0.4469,0.2759,0.9835,0.3419,1.7476}"
PF00352,LG+I+R4,0.0085,,"(0.1501,0.2396) (0.4000,0.6159) (0.2559,1.2978) (0.1855,2.0780)","LG+I{0.0085}+R4{0.1501,0.2396,0.4000,0.6159,0.2559,1.2978,0.1855,2.0780}"
PF00355,LG+I+G4,0.0293,4.0384,,LG+I{0.0293}+G4{4.0384}
PF00359,LG+F+I+R4,0.0056,,"(0.1004,0.2363) (0.2313,0.5085) (0.3616,1.0220) (0.3011,1.6245)","LG+F+I{0.0056}+R4{0.1004,0.2363,0.2313,0.5085,0.3616,1.0220,0.3011,1.6245}"
PF00361,LG+F+I+G4,0.0039,1.7309,,LG+F+I{0.0039}+G4{1.7309}
PF00364,LG+I+G4,0.0239,2.1384,,LG+I{0.0239}+G4{2.1384}
PF00366,LG+I+R4,0.0000,,"(0.2356,0.1644) (0.3041,0.5528) (0.2134,1.2264) (0.2469,2.1528)","LG+I{0.0000}+R4{0.2356,0.1644,0.3041,0.5528,0.2134,1.2264,0.2469,2.1528}"
PF00370,LG+I+G4,0.0008,2.3729,,LG+I{0.0008}+G4{2.3729}
PF00378,LG+I+G4,0.0128,2.0171,,LG+I{0.0128}+G4{2.0171}
PF00381,LG+I+R4,0.0000,,"(0.1233,0.1648) (0.3132,0.4869) (0.1899,0.9475) (0.3737,1.7321)","LG+I{0.0000}+R4{0.1233,0.1648,0.3132,0.4869,0.1899,0.9475,0.3737,1.7321}"
PF00382,LG+I+R2,0.0101,,"(0.2978,0.3989) (0.6921,1.2733)","LG+I{0.0101}+R2{0.2978,0.3989,0.6921,1.2733}"
PF00383,LG+I+R4,0.0117,,"(0.0509,0.0730) (0.2496,0.4026) (0.4958,0.9131) (0.1920,2.3081)","LG+I{0.0117}+R4{0.0509,0.0730,0.2496,0.4026,0.4958,0.9131,0.1920,2.3081}"
PF00384,LG+I+G4,0.0077,3.2774,,LG+I{0.0077}+G4{3.2774}
PF00389,LG+I+R4,0.0027,,"(0.1292,0.2707) (0.3974,0.6639) (0.3173,1.2061) (0.1533,2.0773)","LG+I{0.0027}+R4{0.1292,0.2707,0.3974,0.6639,0.3173,1.2061,0.1533,2.0773}"
PF00390,LG+I+G4,0.0412,1.3111,,LG+I{0.0412}+G4{1.3111}
PF00391,LG+I+G4,0.0000,1.0608,,LG+I{0.0000}+G4{1.0608}
PF00393,LG+I+R4,0.0120,,"(0.2446,0.1061) (0.2721,0.5148) (0.2581,1.1600) (0.2133,2.5069)","LG+I{0.0120}+R4{0.2446,0.1061,0.2721,0.5148,0.2581,1.1600,0.2133,2.5069}"
PF00398,LG+I+G4,0.0002,2.3075,,LG+I{0.0002}+G4{2.3075}
PF00403,LG+I+G4,0.0000,2.6232,,LG+I{0.0000}+G4{2.6232}
PF00406,LG+I+G4,0.0784,1.8829,,LG+I{0.0784}+G4{1.8829}
PF00408,LG+I+G4,0.0102,1.3449,,LG+I{0.0102}+G4{1.3449}
PF00410,LG+I+G4,0.0206,1.0090,,LG+I{0.0206}+G4{1.0090}
PF00425,LG+I+R4,0.0157,,"(0.1332,0.1092) (0.2327,0.4459) (0.2518,0.9257) (0.3666,1.7691)","LG+I{0.0157}+R4{0.1332,0.1092,0.2327,0.4459,0.2518,0.9257,0.3666,1.7691}"
PF00437,LG+I+G4,0.0321,1.1461,,LG+I{0.0321}+G4{1.1461}
PF00440,LG+I+R4,0.0000,,"(0.2433,0.2850) (0.2569,0.6138) (0.3337,1.2204) (0.1661,2.2020)","LG+I{0.0000}+R4{0.2433,0.2850,0.2569,0.6138,0.3337,1.2204,0.1661,2.2020}"
PF00441,LG+F+I+R4,0.0105,,"(0.0328,0.1031) (0.3367,0.5207) (0.4309,1.0167) (0.1890,2.0270)","LG+F+I{0.0105}+R4{0.0328,0.1031,0.3367,0.5207,0.4309,1.0167,0.1890,2.0270}"
PF00448,LG+I+R4,0.0133,,"(0.1157,0.0758) (0.3171,0.4973) (0.4244,1.2427) (0.1296,2.3626)","LG+I{0.0133}+R4{0.1157,0.0758,0.3171,0.4973,0.4244,1.2427,0.1296,2.3626}"
PF00449,LG+I+G4,0.1136,1.3014,,LG+I{0.1136}+G4{1.3014}
PF00455,LG+I+G4,0.0000,1.4534,,LG+I{0.0000}+G4{1.4534}
PF00462,LG+I+R4,0.0123,,"(0.1579,0.2613) (0.2247,0.5197) (0.3023,0.9951) (0.3028,1.7872)","LG+I{0.0123}+R4{0.1579,0.2613,0.2247,0.5197,0.3023,0.9951,0.3028,1.7872}"
PF00464,LG+I+G4,0.0794,1.2058,,LG+I{0.0794}+G4{1.2058}
PF00478,LG+I+R4,0.0237,,"(0.1676,0.0682) (0.2847,0.3868) (0.2534,1.0652) (0.2706,2.2486)","LG+I{0.0237}+R4{0.1676,0.0682,0.2847,0.3868,0.2534,1.0652,0.2706,2.2486}"
PF00482,LG+F+I+R4,0.0000,,"(0.1480,0.4150) (0.3088,0.6470) (0.3169,1.0722) (0.2263,1.7631)","LG+F+I{0.0000}+R4{0.1480,0.4150,0.3088,0.6470,0.3169,1.0722,0.2263,1.7631}"
PF00484,LG+I+R4,0.0259,,"(0.1568,0.1657) (0.2868,0.4749) (0.2749,1.0593) (0.2557,2.1381)","LG+I{0.0259}+R4{0.1568,0.1657,0.2868,0.4749,0.2749,1.0593,0.2557,2.1381}"
PF00485,LG+I+G4,0.0292,3.2801,,LG+I{0.0292}+G4{3.2801}
PF00488,LG+I+G4,0.0788,0.9158,,LG+I{0.0788}+G4{0.9158}
PF00490,LG+I+R4,0.0306,,"(0.1764,0.0743) (0.1777,0.3374) (0.3134,0.8588) (0.3019,2.1789)","LG+I{0.0306}+R4{0.1764,0.0743,0.1777,0.3374,0.3134,0.8588,0.3019,2.1789}"
PF00491,LG+I+R4,0.0069,,"(0.0897,0.0998) (0.2737,0.4473) (0.3252,0.9475) (0.3045,1.8407)","LG+I{0.0069}+R4{0.0897,0.0998,0.2737,0.4473,0.3252,0.9475,0.3045,1.8407}"
PF00493,LG+I+G4,0.0063,0.8071,,LG+I{0.0063}+G4{0.8071}
PF00494,LG+F+I+R4,0.0000,,"(0.1005,0.1849) (0.1979,0.4479) (0.2649,0.8661) (0.4367,1.5190)","LG+F+I{0.0000}+R4{0.1005,0.1849,0.1979,0.4479,0.2649,0.8661,0.4367,1.5190}"
PF00496,LG+F+I+R4,0.0000,,"(0.0639,0.1751) (0.1569,0.4655) (0.4183,0.9094) (0.3608,1.4837)","LG+F+I{0.0000}+R4{0.0639,0.1751,0.1569,0.4655,0.4183,0.9094,0.3608,1.4837}"
PF00497,LG+F+I+R4,0.0022,,"(0.0594,0.2564) (0.2360,0.5098) (0.3393,0.8883) (0.3631,1.5507)","LG+F+I{0.0022}+R4{0.0594,0.2564,0.2360,0.5098,0.3393,0.8883,0.3631,1.5507}"
PF00510,LG+F+I+G4,0.1309,1.3957,,LG+F+I{0.1309}+G4{1.3957}
PF00512,LG+F+I+G4,0.0000,1.2587,,LG+F+I{0.0000}+G4{1.2587}
PF00521,LG+I+R4,0.0267,,"(0.1271,0.1503) (0.2188,0.4414) (0.3198,0.9012) (0.3075,1.9383)","LG+I{0.0267}+R4{0.1271,0.1503,0.2188,0.4414,0.3198,0.9012,0.3075,1.9383}"
PF00533,LG+I+G4,0.0000,3.3166,,LG+I{0.0000}+G4{3.3166}
PF00535,LG+I+R4,0.0000,,"(0.0423,0.1058) (0.2221,0.3593) (0.3803,0.8705) (0.3552,1.6459)","LG+I{0.0000}+R4{0.0423,0.1058,0.2221,0.3593,0.3803,0.8705,0.3552,1.6459}"
PF00543,LG+I+R4,0.0154,,"(0.0750,0.1555) (0.3586,0.5071) (0.3320,1.0994) (0.2191,2.0158)","LG+I{0.0154}+R4{0.0750,0.1555,0.3586,0.5071,0.3320,1.0994,0.2191,2.0158}"
PF00547,LG+I+G4,0.0379,1.2113,,LG+I{0.0379}+G4{1.2113}
PF00549,LG+I+G4,0.0136,1.9319,,LG+I{0.0136}+G4{1.9319}
PF00551,LG+I+G4,0.0144,2.4268,,LG+I{0.0144}+G4{2.4268}
PF00557,LG+I+R4,0.0000,,"(0.0725,0.1813) (0.1945,0.4521) (0.2893,0.8443) (0.4437,1.4754)","LG+I{0.0000}+R4{0.0725,0.1813,0.1945,0.4521,0.2893,0.8443,0.4437,1.4754}"
PF00561,LG+I+R4,0.0000,,"(0.0269,0.0847) (0.1063,0.3260) (0.3584,0.6423) (0.5085,1.4414)","LG+I{0.0000}+R4{0.0269,0.0847,0.1063,0.3260,0.3584,0.6423,0.5085,1.4414}"
PF00562,LG+I+R4,0.0145,,"(0.1712,0.0889) (0.2749,0.3325) (0.3022,0.7913) (0.2372,2.7581)","LG+I{0.0145}+R4{0.1712,0.0889,0.2749,0.3325,0.3022,0.7913,0.2372,2.7581}"
PF00565,LG+I+G4,0.0221,1.7040,,LG+I{0.0221}+G4{1.7040}
PF00571,LG+I+R4,0.0000,,"(0.1129,0.3539) (0.1216,0.6125) (0.3585,0.9104) (0.4071,1.3738)","LG+I{0.0000}+R4{0.1129,0.3539,0.1216,0.6125,0.3585,0.9104,0.4071,1.3738}"
PF00575,LG+I+G4,0.0000,3.0469,,LG+I{0.0000}+G4{3.0469}
PF00576,LG+I+R4,0.0098,,"(0.1195,0.0571) (0.1629,0.2386) (0.3171,0.8569) (0.3906,1.7474)","LG+I{0.0098}+R4{0.1195,0.0571,0.1629,0.2386,0.3171,0.8569,0.3906,1.7474}"
PF00578,LG+I+R4,0.0000,,"(0.0297,0.1141) (0.2104,0.3936) (0.2914,0.7156) (0.4685,1.5053)","LG+I{0.0000}+R4{0.0297,0.1141,0.2104,0.3936,0.2914,0.7156,0.4685,1.5053}"
PF00580,LG+F+I+R4,0.0078,,"(0.0592,0.0370) (0.1430,0.1990) (0.3033,0.6359) (0.4867,1.5954)","LG+F+I{0.0078}+R4{0.0592,0.0370,0.1430,0.1990,0.3033,0.6359,0.4867,1.5954}"
PF00581,LG+I+R4,0.0000,,"(0.0375,0.1030) (0.1887,0.3598) (0.3493,0.8189) (0.4244,1.5132)","LG+I{0.0000}+R4{0.0375,0.1030,0.1887,0.3598,0.3493,0.8189,0.4244,1.5132}"
PF00582,LG+I+G4,0.0000,1.4513,,LG+I{0.0000}+G4{1.4513}
PF00586,LG+I+R4,0.0000,,"(0.1036,0.1642) (0.3657,0.4800) (0.2050,0.9003) (0.3257,1.9122)","LG+I{0.0000}+R4{0.1036,0.1642,0.3657,0.4800,0.2050,0.9003,0.3257,1.9122}"
PF00587,LG+I+G4,0.0212,3.9774,,LG+I{0.0212}+G4{3.9774}
PF00590,LG+I+R4,0.0037,,"(0.1341,0.2625) (0.2731,0.5805) (0.3203,1.0949) (0.2690,1.6942)","LG+I{0.0037}+R4{0.1341,0.2625,0.2731,0.5805,0.3203,1.0949,0.2690,1.6942}"
PF00591,LG+I+G4,0.0213,1.6359,,LG+I{0.0213}+G4{1.6359}
PF00596,LG+I+R4,0.0000,,"(0.0436,0.0786) (0.2278,0.4316) (0.3154,0.8186) (0.4131,1.5494)","LG+I{0.0000}+R4{0.0436,0.0786,0.2278,0.4316,0.3154,0.8186,0.4131,1.5494}"
PF00623,LG+I+G4,0.0038,0.6930,,LG+I{0.0038}+G4{0.6930}
PF00662,LG+I+R4,0.0000,,"(0.1232,0.1125) (0.2744,0.3780) (0.4769,1.2254) (0.1256,2.3738)","LG+I{0.0000}+R4{0.1232,0.1125,0.2744,0.3780,0.4769,1.2254,0.1256,2.3738}"
PF00670,LG+I+G4,0.1251,1.3162,,LG+I{0.1251}+G4{1.3162}
PF00672,LG+F+I+R4,0.0000,,"(0.0274,0.1149) (0.2289,0.4512) (0.3209,0.8372) (0.4228,1.4781)","LG+F+I{0.0000}+R4{0.0274,0.1149,0.2289,0.4512,0.3209,0.8372,0.4228,1.4781}"
PF00673,LG+I+G4,0.0034,1.3382,,LG+I{0.0034}+G4{1.3382}
PF00676,LG+I+G4,0.0202,2.0193,,LG+I{0.0202}+G4{2.0193}
PF00677,LG+I+R4,0.0155,,"(0.0964,0.0415) (0.2294,0.2639) (0.2525,0.8200) (0.4062,1.7933)","LG+I{0.0155}+R4{0.0964,0.0415,0.2294,0.2639,0.2525,0.8200,0.4062,1.7933}"
PF00679,LG+I+G4,0.0109,2.4270,,LG+I{0.0109}+G4{2.4270}
PF00682,LG+I+G4,0.0145,1.7357,,LG+I{0.0145}+G4{1.7357}
PF00684,LG+I+R4,0.0544,,"(0.0970,0.0404) (0.0729,0.4116) (0.3713,0.8300) (0.4044,1.6269)","LG+I{0.0544}+R4{0.0970,0.0404,0.0729,0.4116,0.3713,0.8300,0.4044,1.6269}"
PF00687,LG+F+I+R4,0.0000,,"(0.0728,0.2430) (0.2674,0.5298) (0.4096,0.9510) (0.2502,1.8028)","LG+F+I{0.0000}+R4{0.0728,0.2430,0.2674,0.5298,0.4096,0.9510,0.2502,1.8028}"
PF00690,LG+I+R4,0.0265,,"(0.0561,0.1315) (0.1407,0.3953) (0.3370,0.7494) (0.4398,1.5565)","LG+I{0.0265}+R4{0.0561,0.1315,0.1407,0.3953,0.3370,0.7494,0.4398,1.5565}"
PF00694,LG+I+G4,0.0537,1.4177,,LG+I{0.0537}+G4{1.4177}
PF00697,LG+I+G4,0.0300,1.5789,,LG+I{0.0300}+G4{1.5789}
PF00699,LG+I+R4,0.0247,,"(0.2611,0.0855) (0.2014,0.4115) (0.2163,1.0206) (0.2965,2.2733)","LG+I{0.0247}+R4{0.2611,0.0855,0.2014,0.4115,0.2163,1.0206,0.2965,2.2733}"
PF00701,LG+I+G4,0.0010,1.8286,,LG+I{0.0010}+G4{1.8286}
PF00702,LG+I+R4,0.0000,,"(0.0198,0.0479) (0.1412,0.2916) (0.2760,0.6898) (0.5630,1.3632)","LG+I{0.0000}+R4{0.0198,0.0479,0.1412,0.2916,0.2760,0.6898,0.5630,1.3632}"
PF00705,LG+I,0.0784,,,LG+I{0.0784}
PF00708,LG+I+R4,0.0000,,"(0.1266,0.0625) (0.1732,0.3551) (0.3345,0.9764) (0.3657,1.6515)","LG+I{0.0000}+R4{0.1266,0.0625,0.1732,0.3551,0.3345,0.9764,0.3657,1.6515}"
PF00709,LG+I+R4,0.0081,,"(0.1383,0.0504) (0.2110,0.3574) (0.2617,0.8437) (0.3809,1.8295)","LG+I{0.0081}+R4{0.1383,0.0504,0.2110,0.3574,0.2617,0.8437,0.3809,1.8295}"
PF00710,LG+I+R4,0.0008,,"(0.0933,0.0876) (0.2525,0.3923) (0.2891,0.8663) (0.3643,1.7631)","LG+I{0.0008}+R4{0.0933,0.0876,0.2525,0.3923,0.2891,0.8663,0.3643,1.7631}"
PF00719,LG+I+R4,0.0047,,"(0.1430,0.0999) (0.2898,0.4786) (0.3160,1.0105) (0.2465,2.1407)","LG+I{0.0047}+R4{0.1430,0.0999,0.2898,0.4786,0.3160,1.0105,0.2465,2.1407}"
PF00724,LG+I+G4,0.0057,1.6455,,LG+I{0.0057}+G4{1.6455}
PF00725,LG+I+G4,0.0087,1.7917,,LG+I{0.0087}+G4{1.7917}
PF00730,LG+I+G4,0.0000,2.2922,,LG+I{0.0000}+G4{2.2922}
PF00731,LG+I+R4,0.0118,,"(0.2697,0.0958) (0.2797,0.4765) (0.2004,1.2507) (0.2384,2.4757)","LG+I{0.0118}+R4{0.2697,0.0958,0.2797,0.4765,0.2004,1.2507,0.2384,2.4757}"
PF00732,LG+I+G4,0.0153,1.8554,,LG+I{0.0153}+G4{1.8554}
PF00733,LG+F+I+R4,0.0038,,"(0.0755,0.1093) (0.2073,0.3855) (0.2900,0.8065) (0.4234,1.6014)","LG+F+I{0.0038}+R4{0.0755,0.1093,0.2073,0.3855,0.2900,0.8065,0.4234,1.6014}"
PF00736,LG+I+G4,0.0000,2.6287,,LG+I{0.0000}+G4{2.6287}
PF00742,LG+I+R4,0.0058,,"(0.1017,0.0801) (0.2309,0.3741) (0.2217,0.8044) (0.4399,1.6530)","LG+I{0.0058}+R4{0.1017,0.0801,0.2309,0.3741,0.2217,0.8044,0.4399,1.6530}"
PF00745,LG+F+I+G4,0.0000,2.2979,,LG+F+I{0.0000}+G4{2.2979}
PF00749,LG+I+G4,0.0279,1.7638,,LG+I{0.0279}+G4{1.7638}
PF00750,LG+I+G4,0.0526,2.1719,,LG+I{0.0526}+G4{2.1719}
PF00753,LG+I+R4,0.0000,,"(0.0328,0.0315) (0.1591,0.3258) (0.3991,0.7791) (0.4091,1.5553)","LG+I{0.0000}+R4{0.0328,0.0315,0.1591,0.3258,0.3991,0.7791,0.4091,1.5553}"
PF00763,LG+I+R4,0.0047,,"(0.1615,0.1234) (0.2270,0.4296) (0.2452,0.9481) (0.3617,1.7973)","LG+I{0.0047}+R4{0.1615,0.1234,0.2270,0.4296,0.2452,0.9481,0.3617,1.7973}"
PF00764,LG+I+G4,0.0940,2.1188,,LG+I{0.0940}+G4{2.1188}
PF00766,LG+I+R4,0.0000,,"(0.2006,0.1271) (0.2302,0.4450) (0.3276,1.0723) (0.2415,2.1562)","LG+I{0.0000}+R4{0.2006,0.1271,0.2302,0.4450,0.3276,1.0723,0.2415,2.1562}"
PF00773,LG+I+R4,0.0028,,"(0.0932,0.1252) (0.1536,0.3499) (0.2754,0.7878) (0.4749,1.5109)","LG+I{0.0028}+R4{0.0932,0.1252,0.1536,0.3499,0.2754,0.7878,0.4749,1.5109}"
PF00775,LG+I+G4,0.0235,2.0033,,LG+I{0.0235}+G4{2.0033}
PF00808,LG+I+R2,0.0000,,"(0.4250,0.4633) (0.5750,1.3967)","LG+I{0.0000}+R2{0.4250,0.4633,0.5750,1.3967}"
PF00809,LG+I+G4,0.0243,1.5263,,LG+I{0.0243}+G4{1.5263}
PF00828,LG+F+I+R4,0.0000,,"(0.1027,0.1489) (0.2054,0.5335) (0.3877,1.0288) (0.3042,1.5655)","LG+F+I{0.0000}+R4{0.1027,0.1489,0.2054,0.5335,0.3877,1.0288,0.3042,1.5655}"
PF00848,LG+F+I+R3,0.0235,,"(0.0479,0.1319) (0.3082,0.6167) (0.6204,1.2953)","LG+F+I{0.0235}+R3{0.0479,0.1319,0.3082,0.6167,0.6204,1.2953}"
PF00850,LG+I+R4,0.0219,,"(0.0729,0.0944) (0.2552,0.4047) (0.2879,0.8696) (0.3622,1.7658)","LG+I{0.0219}+R4{0.0729,0.0944,0.2552,0.4047,0.2879,0.8696,0.3622,1.7658}"
PF00857,LG+I+R4,0.0043,,"(0.0574,0.1543) (0.2066,0.3993) (0.3484,0.7828) (0.3832,1.6594)","LG+I{0.0043}+R4{0.0574,0.1543,0.2066,0.3993,0.3484,0.7828,0.3832,1.6594}"
PF00875,LG+F+I+R4,0.0054,,"(0.0846,0.1836) (0.2287,0.5180) (0.4396,0.9617) (0.2417,1.8336)","LG+F+I{0.0054}+R4{0.0846,0.1836,0.2287,0.5180,0.4396,0.9617,0.2417,1.8336}"
PF00881,LG+I+R4,0.0000,,"(0.0595,0.1408) (0.2138,0.3747) (0.3706,0.7366) (0.3561,1.7930)","LG+I{0.0000}+R4{0.0595,0.1408,0.2138,0.3747,0.3706,0.7366,0.3561,1.7930}"
PF00885,LG+I+R4,0.0000,,"(0.1347,0.1420) (0.3160,0.4926) (0.2743,1.0249) (0.2750,1.9782)","LG+I{0.0000}+R4{0.1347,0.1420,0.3160,0.4926,0.2743,1.0249,0.2750,1.9782}"
PF00892,LG+F+I+G4,0.0000,3.2403,,LG+F+I{0.0000}+G4{3.2403}
PF00899,LG+I+R4,0.0056,,"(0.0647,0.0621) (0.2880,0.1728) (0.3778,0.4920) (0.2638,2.8817)","LG+I{0.0056}+R4{0.0647,0.0621,0.2880,0.1728,0.3778,0.4920,0.2638,2.8817}"
PF00903,LG+F+I+R4,0.0000,,"(0.0602,0.2193) (0.1954,0.4941) (0.3620,0.8637) (0.3824,1.5104)","LG+F+I{0.0000}+R4{0.0602,0.2193,0.1954,0.4941,0.3620,0.8637,0.3824,1.5104}"
PF00908,LG+I+R4,0.0087,,"(0.1358,0.0620) (0.2031,0.3404) (0.2986,0.8860) (0.3539,1.8589)","LG+I{0.0087}+R4{0.1358,0.0620,0.2031,0.3404,0.2986,0.8860,0.3539,1.8589}"
PF00920,LG+I+R4,0.0245,,"(0.1193,0.0923) (0.2918,0.4260) (0.2730,0.8989) (0.2914,2.1252)","LG+I{0.0245}+R4{0.1193,0.0923,0.2918,0.4260,0.2730,0.8989,0.2914,2.1252}"
PF00924,LG+I+G4,0.0135,2.0690,,LG+I{0.0135}+G4{2.0690}
PF00932,LG+F+I+R4,0.0000,,"(0.0113,0.0488) (0.1153,0.3560) (0.3847,0.7420) (0.4887,1.3770)","LG+F+I{0.0000}+R4{0.0113,0.0488,0.1153,0.3560,0.3847,0.7420,0.4887,1.3770}"
PF00933,LG+I+G4,0.0094,1.7658,,LG+I{0.0094}+G4{1.7658}
PF00941,LG+I+R4,0.0078,,"(0.0749,0.1456) (0.3346,0.4583) (0.2860,0.9885) (0.2967,1.8637)","LG+I{0.0078}+R4{0.0749,0.1456,0.3346,0.4583,0.2860,0.9885,0.2967,1.8637}"
PF00958,LG+I+G4,0.0634,0.9087,,LG+I{0.0634}+G4{0.9087}
PF00970,LG+I+G4,0.0000,1.3772,,LG+I{0.0000}+G4{1.3772}
PF00984,LG+I+G4,0.0000,0.9767,,LG+I{0.0000}+G4{0.9767}
PF00988,LG+I+R4,0.0061,,"(0.1441,0.0492) (0.2128,0.3204) (0.2808,0.7263) (0.3562,2.0237)","LG+I{0.0061}+R4{0.1441,0.0492,0.2128,0.3204,0.2808,0.7263,0.3562,2.0237}"
PF00989,LG+I+G4,0.0000,3.0907,,LG+I{0.0000}+G4{3.0907}
PF00994,LG+I+R4,0.0000,,"(0.0628,0.1100) (0.1806,0.4022) (0.3664,0.8062) (0.3902,1.6018)","LG+I{0.0000}+R4{0.0628,0.1100,0.1806,0.4022,0.3664,0.8062,0.3902,1.6018}"
PF00999,LG+F+I+R4,0.0000,,"(0.0776,0.1954) (0.2347,0.4493) (0.3649,0.9156) (0.3228,1.6892)","LG+F+I{0.0000}+R4{0.0776,0.1954,0.2347,0.4493,0.3649,0.9156,0.3228,1.6892}"
PF01000,LG+I+G4,0.0047,2.1116,,LG+I{0.0047}+G4{2.1116}
PF01012,LG+I+R4,0.0000,,"(0.0754,0.3072) (0.2863,0.5832) (0.3050,0.9615) (0.3332,1.5502)","LG+I{0.0000}+R4{0.0754,0.3072,0.2863,0.5832,0.3050,0.9615,0.3332,1.5502}"
PF01014,LG+I+R4,0.0000,,"(0.0803,0.1573) (0.3307,0.4475) (0.2993,0.9324) (0.2897,1.9343)","LG+I{0.0000}+R4{0.0803,0.1573,0.3307,0.4475,0.2993,0.9324,0.2897,1.9343}"
PF01020,JTT+R2,,,"(0.8253,0.5734) (0.1747,3.0148)","JTT+R2{0.8253,0.5734,0.1747,3.0148}"
PF01022,LG+I+G4,0.0000,1.7965,,LG+I{0.0000}+G4{1.7965}
PF01026,LG+I+R4,0.0086,,"(0.0551,0.0808) (0.2112,0.4331) (0.3110,0.8469) (0.4140,1.5474)","LG+I{0.0086}+R4{0.0551,0.0808,0.2112,0.4331,0.3110,0.8469,0.4140,1.5474}"
PF01035,LG+I+R4,0.0000,,"(0.1675,0.1098) (0.2252,0.4665) (0.2829,1.0599) (0.3244,1.7777)","LG+I{0.0000}+R4{0.1675,0.1098,0.2252,0.4665,0.2829,1.0599,0.3244,1.7777}"
PF01037,LG+I+R4,0.0000,,"(0.0576,0.2209) (0.2582,0.4860) (0.2738,0.7955) (0.4103,1.5693)","LG+I{0.0000}+R4{0.0576,0.2209,0.2582,0.4860,0.2738,0.7955,0.4103,1.5693}"
PF01041,LG+I+G4,0.0089,1.7487,,LG+I{0.0089}+G4{1.7487}
PF01042,LG+I+G4,0.0102,1.9404,,LG+I{0.0102}+G4{1.9404}
PF01048,LG+I+R4,0.0000,,"(0.0457,0.1622) (0.2514,0.4417) (0.2721,0.8489) (0.4309,1.5099)","LG+I{0.0000}+R4{0.0457,0.1622,0.2514,0.4417,0.2721,0.8489,0.4309,1.5099}"
PF01053,LG+I+R4,0.0095,,"(0.1117,0.0912) (0.2846,0.5008) (0.4247,1.1329) (0.1694,2.1613)","LG+I{0.0095}+R4{0.1117,0.0912,0.2846,0.5008,0.4247,1.1329,0.1694,2.1613}"
PF01058,LG+I+R4,0.0132,,"(0.0760,0.1894) (0.2383,0.5480) (0.3373,0.9406) (0.3351,1.6046)","LG+I{0.0132}+R4{0.0760,0.1894,0.2383,0.5480,0.3373,0.9406,0.3351,1.6046}"
PF01061,LG+F+I+R4,0.0000,,"(0.1046,0.3922) (0.3822,0.7223) (0.2938,1.0498) (0.2194,1.7065)","LG+F+I{0.0000}+R4{0.1046,0.3922,0.3822,0.7223,0.2938,1.0498,0.2194,1.7065}"
PF01063,LG+I+R4,0.0000,,"(0.0916,0.1661) (0.2854,0.5268) (0.2748,0.9413) (0.3482,1.6535)","LG+I{0.0000}+R4{0.0916,0.1661,0.2854,0.5268,0.2748,0.9413,0.3482,1.6535}"
PF01068,LG+I+R4,0.0163,,"(0.0858,0.0544) (0.1332,0.3461) (0.4492,0.8455) (0.3155,1.8045)","LG+I{0.0163}+R4{0.0858,0.0544,0.1332,0.3461,0.4492,0.8455,0.3155,1.8045}"
PF01071,LG+I+G4,0.0417,1.1490,,LG+I{0.0417}+G4{1.1490}
PF01078,LG+I+G4,0.0494,0.9186,,LG+I{0.0494}+G4{0.9186}
PF01081,LG+I,0.0672,,,LG+I{0.0672}
PF01096,LG+I+R3,0.0584,,"(0.1044,0.0464) (0.2999,0.4939) (0.5373,1.5764)","LG+I{0.0584}+R3{0.1044,0.0464,0.2999,0.4939,0.5373,1.5764}"
PF01112,LG+I+G4,0.0272,1.0729,,LG+I{0.0272}+G4{1.0729}
PF01113,LG+I+R4,0.0160,,"(0.0715,0.0624) (0.1688,0.3507) (0.3520,0.7606) (0.3917,1.7069)","LG+I{0.0160}+R4{0.0715,0.0624,0.1688,0.3507,0.3520,0.7606,0.3917,1.7069}"
PF01116,LG+F+I+R4,0.0096,,"(0.0866,0.0890) (0.2266,0.3954) (0.3190,0.8536) (0.3582,1.7600)","LG+F+I{0.0096}+R4{0.0866,0.0890,0.2266,0.3954,0.3190,0.8536,0.3582,1.7600}"
PF01118,LG+I+R4,0.0059,,"(0.0968,0.1311) (0.2458,0.3617) (0.2797,0.9209) (0.3719,1.7233)","LG+I{0.0059}+R4{0.0968,0.1311,0.2458,0.3617,0.2797,0.9209,0.3719,1.7233}"
PF01137,LG+I+R4,0.0047,,"(0.0952,0.1266) (0.2952,0.4907) (0.2907,0.9798) (0.3143,1.7767)","LG+I{0.0047}+R4{0.0952,0.1266,0.2952,0.4907,0.2907,0.9798,0.3143,1.7767}"
PF01145,LG+F+I+G4,0.0000,3.4268,,LG+F+I{0.0000}+G4{3.4268}
PF01152,LG+I+G4,0.0170,2.0651,,LG+I{0.0170}+G4{2.0651}
PF01154,LG+I,0.2592,,,LG+I{0.2592}
PF01161,LG+I+R4,0.0000,,"(0.0204,0.0322) (0.2088,0.3475) (0.3459,0.7629) (0.4249,1.5600)","LG+I{0.0000}+R4{0.0204,0.0322,0.2088,0.3475,0.3459,0.7629,0.4249,1.5600}"
PF01163,LG+I+G4,0.0392,1.3805,,LG+I{0.0392}+G4{1.3805}
PF01170,LG+I+G4,0.0009,1.4739,,LG+I{0.0009}+G4{1.4739}
PF01172,LG+I+R4,0.0000,,"(0.0515,0.0888) (0.4072,0.5539) (0.4213,1.2102) (0.1200,2.1665)","LG+I{0.0000}+R4{0.0515,0.0888,0.4072,0.5539,0.4213,1.2102,0.1200,2.1665}"
PF01174,LG+I,0.1700,,,LG+I{0.1700}
PF01175,LG+I+G4,0.0432,0.9298,,LG+I{0.0432}+G4{0.9298}
PF01176,LG+I+G4,0.0000,1.9551,,LG+I{0.0000}+G4{1.9551}
PF01180,LG+I+G4,0.0226,1.4382,,LG+I{0.0226}+G4{1.4382}
PF01189,LG+I+G4,0.0208,1.2640,,LG+I{0.0208}+G4{1.2640}
PF01191,LG+I+G4,0.0111,1.4107,,LG+I{0.0111}+G4{1.4107}
PF01193,LG+F+I+R4,0.0000,,"(0.1572,0.1664) (0.1990,0.4270) (0.3846,1.0064) (0.2592,1.9362)","LG+F+I{0.0000}+R4{0.1572,0.1664,0.1990,0.4270,0.3846,1.0064,0.2592,1.9362}"
PF01194,LG+I+G4,0.0140,0.9539,,LG+I{0.0140}+G4{0.9539}
PF01206,LG+I+R4,0.0000,,"(0.0675,0.1440) (0.2768,0.4964) (0.2982,0.8751) (0.3575,1.6556)","LG+I{0.0000}+R4{0.0675,0.1440,0.2768,0.4964,0.2982,0.8751,0.3575,1.6556}"
PF01207,LG+I+G4,0.0254,1.6148,,LG+I{0.0254}+G4{1.6148}
PF01212,LG+F+I+R4,0.0009,,"(0.1075,0.0971) (0.2959,0.4760) (0.3945,1.0635) (0.2012,2.1330)","LG+F+I{0.0009}+R4{0.1075,0.0971,0.2959,0.4760,0.3945,1.0635,0.2012,2.1330}"
PF01230,LG+I+G4,0.0174,2.5394,,LG+I{0.0174}+G4{2.5394}
PF01242,LG+I+R4,0.0046,,"(0.0474,0.0530) (0.1535,0.2665) (0.3213,0.6905) (0.4731,1.5529)","LG+I{0.0046}+R4{0.0474,0.0530,0.1535,0.2665,0.3213,0.6905,0.4731,1.5529}"
PF01243,LG+I+G4,0.0000,3.2897,,LG+I{0.0000}+G4{3.2897}
PF01246,LG+I+G4,0.0062,1.3806,,LG+I{0.0062}+G4{1.3806}
PF01248,LG+I+G4,0.0095,4.7742,,LG+I{0.0095}+G4{4.7742}
PF01253,LG+I+R4,0.0000,,"(0.0895,0.1651) (0.2590,0.4948) (0.2865,0.9175) (0.3650,1.6280)","LG+I{0.0000}+R4{0.0895,0.1651,0.2590,0.4948,0.2865,0.9175,0.3650,1.6280}"
PF01256,LG+I+G4,0.0317,2.1636,,LG+I{0.0317}+G4{2.1636}
PF01259,LG+I+R4,0.0305,,"(0.1281,0.0667) (0.2850,0.4372) (0.2584,1.0221) (0.2980,2.0229)","LG+I{0.0305}+R4{0.1281,0.0667,0.2850,0.4372,0.2584,1.0221,0.2980,2.0229}"
PF01261,LG+F+I+R4,0.0000,,"(0.0206,0.1167) (0.1830,0.4492) (0.3509,0.8177) (0.4456,1.4106)","LG+F+I{0.0000}+R4{0.0206,0.1167,0.1830,0.4492,0.3509,0.8177,0.4456,1.4106}"
PF01266,LG+F+I+R4,0.0010,,"(0.0564,0.2349) (0.1743,0.4846) (0.2930,0.8462) (0.4753,1.3767)","LG+F+I{0.0010}+R4{0.0564,0.2349,0.1743,0.4846,0.2930,0.8462,0.4753,1.3767}"
PF01269,LG+I+G4,0.0886,1.4051,,LG+I{0.0886}+G4{1.4051}
PF01280,LG+I+G4,0.0000,1.8229,,LG+I{0.0000}+G4{1.8229}
PF01300,LG+I+R4,0.0000,,"(0.0717,0.0767) (0.2777,0.4127) (0.3312,0.8844) (0.3194,1.8377)","LG+I{0.0000}+R4{0.0717,0.0767,0.2777,0.4127,0.3312,0.8844,0.3194,1.8377}"
PF01314,LG+F+I+R4,0.0038,,"(0.1151,0.1874) (0.2078,0.5076) (0.3374,0.9911) (0.3360,1.6031)","LG+F+I{0.0038}+R4{0.1151,0.1874,0.2078,0.5076,0.3374,0.9911,0.3360,1.6031}"
PF01315,LG+I+G4,0.0238,1.6554,,LG+I{0.0238}+G4{1.6554}
PF01321,LG+I+R4,0.0000,,"(0.0642,0.1730) (0.1875,0.4763) (0.3373,0.8027) (0.4111,1.5299)","LG+I{0.0000}+R4{0.0642,0.1730,0.1875,0.4763,0.3373,0.8027,0.4111,1.5299}"
PF01323,LG+I+R3,0.0000,,"(0.0338,0.0833) (0.4299,0.5800) (0.5363,1.3943)","LG+I{0.0000}+R3{0.0338,0.0833,0.4299,0.5800,0.5363,1.3943}"
PF01325,LG+I+G4,0.0000,2.1701,,LG+I{0.0000}+G4{2.1701}
PF01329,LG+I+R4,0.0155,,"(0.1323,0.1712) (0.2974,0.4904) (0.2435,1.0457) (0.3114,1.8527)","LG+I{0.0155}+R4{0.1323,0.1712,0.2974,0.4904,0.2435,1.0457,0.3114,1.8527}"
PF01336,LG+I+G4,0.0000,3.0924,,LG+I{0.0000}+G4{3.0924}
PF01339,LG+I+R4,0.0000,,"(0.1045,0.1200) (0.2846,0.4368) (0.2684,0.8805) (0.3426,1.8299)","LG+I{0.0000}+R4{0.1045,0.1200,0.2846,0.4368,0.2684,0.8805,0.3426,1.8299}"
PF01345,LG+I+R4,0.0000,,"(0.0772,0.1732) (0.2165,0.5160) (0.3948,0.9425) (0.3115,1.6141)","LG+I{0.0000}+R4{0.0772,0.1732,0.2165,0.5160,0.3948,0.9425,0.3115,1.6141}"
PF01351,LG+I+G4,0.0436,1.3010,,LG+I{0.0436}+G4{1.3010}
PF01355,LG+I+G4,0.0830,3.7153,,LG+I{0.0830}+G4{3.7153}
PF01361,LG+I+G4,0.0070,4.6406,,LG+I{0.0070}+G4{4.6406}
PF01368,LG+I+R4,0.0018,,"(0.0507,0.1014) (0.1390,0.3271) (0.3152,0.7223) (0.4932,1.4633)","LG+I{0.0018}+R4{0.0507,0.1014,0.1390,0.3271,0.3152,0.7223,0.4932,1.4633}"
PF01379,LG+I+R4,0.0026,,"(0.0964,0.0388) (0.2176,0.3289) (0.2516,0.7686) (0.4318,1.6937)","LG+I{0.0026}+R4{0.0964,0.0388,0.2176,0.3289,0.2516,0.7686,0.4318,1.6937}"
PF01380,LG+I+G4,0.0000,4.9892,,LG+I{0.0000}+G4{4.9892}
PF01381,LG+I+G4,0.0000,1.9179,,LG+I{0.0000}+G4{1.9179}
PF01396,LG+I+G4,0.1171,2.9001,,LG+I{0.1171}+G4{2.9001}
PF01402,LG+I+G4,0.0000,3.4338,,LG+I{0.0000}+G4{3.4338}
PF01406,LG+I+G4,0.1006,1.3250,,LG+I{0.1006}+G4{1.3250}
PF01408,LG+I+R3,0.0064,,"(0.0464,0.1146) (0.4446,0.6145) (0.5026,1.4356)","LG+I{0.0064}+R3{0.0464,0.1146,0.4446,0.6145,0.5026,1.4356}"
PF01409,LG+I+G4,0.0136,1.2685,,LG+I{0.0136}+G4{1.2685}
PF01416,LG+I+R4,0.0056,,"(0.0984,0.1113) (0.2351,0.3580) (0.2869,0.8008) (0.3740,1.8052)","LG+I{0.0056}+R4{0.0984,0.1113,0.2351,0.3580,0.2869,0.8008,0.3740,1.8052}"
PF01420,LG+F+I+R3,0.0000,,"(0.0277,0.1500) (0.4875,0.6368) (0.4848,1.4138)","LG+F+I{0.0000}+R3{0.0277,0.1500,0.4875,0.6368,0.4848,1.4138}"
PF01423,LG+I+G4,0.0000,1.2487,,LG+I{0.0000}+G4{1.2487}
PF01425,LG+I+R4,0.0086,,"(0.0500,0.1090) (0.2075,0.3204) (0.3510,0.8322) (0.3829,1.6608)","LG+I{0.0086}+R4{0.0500,0.1090,0.2075,0.3204,0.3510,0.8322,0.3829,1.6608}"
PF01428,LG+I+R4,0.0380,,"(0.0903,0.0127) (0.1981,0.5014) (0.4498,1.0738) (0.2238,1.8611)","LG+I{0.0380}+R4{0.0903,0.0127,0.1981,0.5014,0.4498,1.0738,0.2238,1.8611}"
PF01435,LG+I+R3,0.0203,,"(0.0621,0.0869) (0.2431,0.5124) (0.6744,1.2900)","LG+I{0.0203}+R3{0.0621,0.0869,0.2431,0.5124,0.6744,1.2900}"
PF01450,LG+I+G4,0.0250,0.9140,,LG+I{0.0250}+G4{0.9140}
PF01451,LG+I+G4,0.0300,2.2056,,LG+I{0.0300}+G4{2.2056}
PF01458,LG+F+I+R4,0.0039,,"(0.1620,0.2093) (0.2054,0.4850) (0.3570,0.9788) (0.2717,1.9028)","LG+F+I{0.0039}+R4{0.1620,0.2093,0.2054,0.4850,0.3570,0.9788,0.2717,1.9028}"
PF01467,LG+I+R4,0.0000,,"(0.0425,0.0580) (0.1035,0.2960) (0.2303,0.6445) (0.6237,1.3123)","LG+I{0.0000}+R4{0.0425,0.0580,0.1035,0.2960,0.2303,0.6445,0.6237,1.3123}"
PF01479,LG+I+G4,0.0000,2.1232,,LG+I{0.0000}+G4{2.1232}
PF01487,LG+I+R4,0.0000,,"(0.1473,0.1521) (0.2933,0.5236) (0.2738,1.0505) (0.2856,1.8781)","LG+I{0.0000}+R4{0.1473,0.1521,0.2933,0.5236,0.2738,1.0505,0.2856,1.8781}"
PF01497,LG+I+G4,0.0033,2.6664,,LG+I{0.0033}+G4{2.6664}
PF01507,LG+I+G4,0.0129,1.7543,,LG+I{0.0129}+G4{1.7543}
PF01509,LG+I+R4,0.0204,,"(0.1376,0.0844) (0.1897,0.3776) (0.3287,0.9622) (0.3235,1.8557)","LG+I{0.0204}+R4{0.1376,0.0844,0.1897,0.3776,0.3287,0.9622,0.3235,1.8557}"
PF01512,LG+I+R4,0.0064,,"(0.1021,0.1238) (0.3188,0.4963) (0.2778,1.0045) (0.2948,1.8655)","LG+I{0.0064}+R4{0.1021,0.1238,0.3188,0.4963,0.2778,1.0045,0.2948,1.8655}"
PF01513,LG+I+G4,0.0110,1.7568,,LG+I{0.0110}+G4{1.7568}
PF01521,LG+I+R4,0.0000,,"(0.0669,0.1749) (0.3657,0.5071) (0.2645,1.0230) (0.3030,1.7570)","LG+I{0.0000}+R4{0.0669,0.1749,0.3657,0.5071,0.2645,1.0230,0.3030,1.7570}"
PF01541,LG+I+R2,0.0192,,"(0.1389,0.2341) (0.8420,1.1491)","LG+I{0.0192}+R2{0.1389,0.2341,0.8420,1.1491}"
PF01548,LG+I+G4,0.0171,1.4591,,LG+I{0.0171}+G4{1.4591}
PF01555,LG+F+I+R4,0.0021,,"(0.0434,0.0993) (0.0899,0.2738) (0.2751,0.5971) (0.5895,1.3687)","LG+F+I{0.0021}+R4{0.0434,0.0993,0.0899,0.2738,0.2751,0.5971,0.5895,1.3687}"
PF01556,LG+I+R4,0.0038,,"(0.0698,0.1619) (0.2759,0.5273) (0.3581,0.9992) (0.2925,1.6596)","LG+I{0.0038}+R4{0.0698,0.1619,0.2759,0.5273,0.3581,0.9992,0.2925,1.6596}"
PF01557,LG+F+I+R4,0.0010,,"(0.0785,0.1348) (0.2204,0.3870) (0.3333,0.8300) (0.3669,1.7103)","LG+F+I{0.0010}+R4{0.0785,0.1348,0.2204,0.3870,0.3333,0.8300,0.3669,1.7103}"
PF01558,LG+I+G4,0.0000,2.0973,,LG+I{0.0000}+G4{2.0973}
PF01564,LG+I+G4,0.0036,1.5369,,LG+I{0.0036}+G4{1.5369}
PF01565,LG+I+R4,0.0000,,"(0.0988,0.2537) (0.3669,0.6136) (0.2782,1.1158) (0.2560,1.7160)","LG+I{0.0000}+R4{0.0988,0.2537,0.3669,0.6136,0.2782,1.1158,0.2560,1.7160}"
PF01568,LG+I+G4,0.0000,2.1564,,LG+I{0.0000}+G4{2.1564}
PF01571,LG+F+I+R4,0.0092,,"(0.1055,0.1621) (0.3608,0.5448) (0.2468,1.0571) (0.2777,1.8920)","LG+F+I{0.0092}+R4{0.1055,0.1621,0.3608,0.5448,0.2468,1.0571,0.2777,1.8920}"
PF01575,LG+I+G4,0.0142,1.6756,,LG+I{0.0142}+G4{1.6756}
PF01584,LG+I+G4,0.0000,2.5035,,LG+I{0.0000}+G4{2.5035}
PF01588,LG+I+G4,0.0098,1.6792,,LG+I{0.0098}+G4{1.6792}
PF01590,LG+F+I+R4,0.0000,,"(0.0994,0.3078) (0.1588,0.5083) (0.3674,0.8690) (0.3744,1.5208)","LG+F+I{0.0000}+R4{0.0994,0.3078,0.1588,0.5083,0.3674,0.8690,0.3744,1.5208}"
PF01593,LG+F+I+R4,0.0014,,"(0.0526,0.1769) (0.1475,0.4530) (0.3985,0.8638) (0.3999,1.4493)","LG+F+I{0.0014}+R4{0.0526,0.1769,0.1475,0.4530,0.3985,0.8638,0.3999,1.4493}"
PF01595,LG+F+I+R4,0.0000,,"(0.0763,0.2013) (0.2266,0.4548) (0.3310,0.8638) (0.3660,1.6272)","LG+F+I{0.0000}+R4{0.0763,0.2013,0.2266,0.4548,0.3310,0.8638,0.3660,1.6272}"
PF01596,LG+I,0.1472,,,LG+I{0.1472}
PF01597,LG+I+G4,0.0455,4.0338,,LG+I{0.0455}+G4{4.0338}
PF01609,LG+F+I+R4,0.0021,,"(0.0100,0.0175) (0.0706,0.2518) (0.4135,0.6262) (0.5039,1.4351)","LG+F+I{0.0021}+R4{0.0100,0.0175,0.0706,0.2518,0.4135,0.6262,0.5039,1.4351}"
PF01613,LG+F+I+R4,0.0000,,"(0.0474,0.1956) (0.2349,0.4149) (0.2539,0.7859) (0.4639,1.4956)","LG+F+I{0.0000}+R4{0.0474,0.1956,0.2349,0.4149,0.2539,0.7859,0.4639,1.4956}"
PF01614,LG+I+G4,0.0111,2.2762,,LG+I{0.0111}+G4{2.2762}
PF01624,LG+I+G4,0.0000,1.5477,,LG+I{0.0000}+G4{1.5477}
PF01625,LG+I+R4,0.0161,,"(0.2233,0.1464) (0.2298,0.5179) (0.2771,1.0960) (0.2538,2.1464)","LG+I{0.0161}+R4{0.2233,0.1464,0.2298,0.5179,0.2771,1.0960,0.2538,2.1464}"
PF01637,JTT+F+I+G4,0.0172,1.9949,,JTT+F+I{0.0172}+G4{1.9949}
PF01638,LG+I+G4,0.0457,1.9184,,LG+I{0.0457}+G4{1.9184}
PF01641,LG+I+R4,0.0161,,"(0.2178,0.0590) (0.2409,0.3625) (0.2944,1.1605) (0.2307,2.4188)","LG+I{0.0161}+R4{0.2178,0.0590,0.2409,0.3625,0.2944,1.1605,0.2307,2.4188}"
PF01645,LG+I+G4,0.0479,1.5381,,LG+I{0.0479}+G4{1.5381}
PF01653,LG+I+G4,0.1152,1.5068,,LG+I{0.1152}+G4{1.5068}
PF01656,LG+I+R4,0.0031,,"(0.0382,0.1133) (0.2329,0.4053) (0.3909,0.8638) (0.3349,1.6831)","LG+I{0.0031}+R4{0.0382,0.1133,0.2329,0.4053,0.3909,0.8638,0.3349,1.6831}"
PF01661,LG+I+G4,0.0000,1.3105,,LG+I{0.0000}+G4{1.3105}
PF01678,LG+I+G4,0.0000,1.2147,,LG+I{0.0000}+G4{1.2147}
PF01680,LG+I+G4,0.0955,0.8114,,LG+I{0.0955}+G4{0.8114}
PF01694,LG+F+I+R4,0.0000,,"(0.0582,0.0592) (0.1971,0.3337) (0.3400,0.7900) (0.4047,1.6361)","LG+F+I{0.0000}+R4{0.0582,0.0592,0.1971,0.3337,0.3400,0.7900,0.4047,1.6361}"
PF01702,LG+I+R4,0.0032,,"(0.1939,0.1499) (0.2633,0.4809) (0.2045,1.0096) (0.3351,1.9033)","LG+I{0.0032}+R4{0.1939,0.1499,0.2633,0.4809,0.2045,1.0096,0.3351,1.9033}"
PF01717,LG+I+G4,0.0015,0.7251,,LG+I{0.0015}+G4{0.7251}
PF01725,LG+I+R4,0.0022,,"(0.1069,0.0887) (0.1797,0.3997) (0.2187,0.8474) (0.4925,1.4890)","LG+I{0.0022}+R4{0.1069,0.0887,0.1797,0.3997,0.2187,0.8474,0.4925,1.4890}"
PF01729,LG+I+G4,0.0264,1.4826,,LG+I{0.0264}+G4{1.4826}
PF01738,LG+I+G4,0.0250,2.2877,,LG+I{0.0250}+G4{2.2877}
PF01739,LG+I+G4,0.0053,1.1540,,LG+I{0.0053}+G4{1.1540}
PF01775,LG+I+G4,0.0000,1.5527,,LG+I{0.0000}+G4{1.5527}
PF01791,LG+I+G4,0.0147,2.5620,,LG+I{0.0147}+G4{2.5620}
PF01796,LG+F+I+G4,0.0000,2.1879,,LG+F+I{0.0000}+G4{2.1879}
PF01799,LG+I+R4,0.0000,,"(0.1865,0.0928) (0.2903,0.4346) (0.1785,1.0269) (0.3447,1.9533)","LG+I{0.0000}+R4{0.1865,0.0928,0.2903,0.4346,0.1785,1.0269,0.3447,1.9533}"
PF01817,LG+F+I+R4,0.0000,,"(0.0457,0.0678) (0.1107,0.2865) (0.2016,0.6244) (0.6419,1.3075)","LG+F+I{0.0000}+R4{0.0457,0.0678,0.1107,0.2865,0.2016,0.6244,0.6419,1.3075}"
PF01841,LG+I+R4,0.0000,,"(0.0638,0.1244) (0.1758,0.3400) (0.3475,0.7742) (0.4129,1.6063)","LG+I{0.0000}+R4{0.0638,0.1244,0.1758,0.3400,0.3475,0.7742,0.4129,1.6063}"
PF01842,LG+I+G4,0.0000,2.3460,,LG+I{0.0000}+G4{2.3460}
PF01850,LG+F+I+R4,0.0000,,"(0.0533,0.0931) (0.1661,0.3772) (0.3496,0.8199) (0.4310,1.4982)","LG+F+I{0.0000}+R4{0.0533,0.0931,0.1661,0.3772,0.3496,0.8199,0.4310,1.4982}"
PF01872,LG+I+G4,0.0079,2.5569,,LG+I{0.0079}+G4{2.5569}
PF01876,LG+I+G4,0.0000,2.1400,,LG+I{0.0000}+G4{2.1400}
PF01878,LG+I+G4,0.0000,1.6375,,LG+I{0.0000}+G4{1.6375}
PF01881,LG+F+I+R4,0.0049,,"(0.0782,0.1396) (0.2652,0.4198) (0.3255,0.9393) (0.3262,1.7534)","LG+F+I{0.0049}+R4{0.0782,0.1396,0.2652,0.4198,0.3255,0.9393,0.3262,1.7534}"
PF01882,LG+F+I+G4,0.0273,1.6407,,LG+F+I{0.0273}+G4{1.6407}
PF01883,LG+I+G4,0.0000,2.8036,,LG+I{0.0000}+G4{2.8036}
PF01884,LG+I+G4,0.0135,1.8511,,LG+I{0.0135}+G4{1.8511}
PF01887,LG+I+R4,0.0047,,"(0.1302,0.1463) (0.2414,0.3840) (0.2375,0.8616) (0.3862,1.7702)","LG+I{0.0047}+R4{0.1302,0.1463,0.2414,0.3840,0.2375,0.8616,0.3862,1.7702}"
PF01890,LG+I+R4,0.0089,,"(0.0978,0.1411) (0.1900,0.4548) (0.3337,0.8751) (0.3696,1.6446)","LG+I{0.0089}+R4{0.0978,0.1411,0.1900,0.4548,0.3337,0.8751,0.3696,1.6446}"
PF01893,LG+I+G4,0.0616,1.4436,,LG+I{0.0616}+G4{1.4436}
PF01895,LG+I+R4,0.0000,,"(0.1462,0.2949) (0.2673,0.6056) (0.3220,1.0967) (0.2645,1.6707)","LG+I{0.0000}+R4{0.1462,0.2949,0.2673,0.6056,0.3220,1.0967,0.2645,1.6707}"
PF01902,LG+I,0.1363,,,LG+I{0.1363}
PF01903,LG+I+G4,0.0000,1.2952,,LG+I{0.0000}+G4{1.2952}
PF01909,LG+I+R4,0.0128,,"(0.0251,0.0293) (0.0991,0.2442) (0.2943,0.7177) (0.5686,1.3433)","LG+I{0.0128}+R4{0.0251,0.0293,0.0991,0.2442,0.2943,0.7177,0.5686,1.3433}"
PF01910,LG+I+G4,0.0099,1.8422,,LG+I{0.0099}+G4{1.8422}
PF01915,LG+F+I+R4,0.0013,,"(0.0504,0.0717) (0.1436,0.2347) (0.3227,0.5792) (0.4821,1.6092)","LG+F+I{0.0013}+R4{0.0504,0.0717,0.1436,0.2347,0.3227,0.5792,0.4821,1.6092}"
PF01916,LG+I+G4,0.0070,1.0075,,LG+I{0.0070}+G4{1.0075}
PF01923,LG+I+R4,0.0064,,"(0.0916,0.0478) (0.2490,0.3136) (0.2233,0.7809) (0.4296,1.7299)","LG+I{0.0064}+R4{0.0916,0.0478,0.2490,0.3136,0.2233,0.7809,0.4296,1.7299}"
PF01927,LG+I+G4,0.0341,1.3824,,LG+I{0.0341}+G4{1.3824}
PF01928,LG+I+R4,0.0047,,"(0.0707,0.1064) (0.0970,0.3354) (0.3307,0.7077) (0.4968,1.4611)","LG+I{0.0047}+R4{0.0707,0.1064,0.0970,0.3354,0.3307,0.7077,0.4968,1.4611}"
PF01931,LG+I+R4,0.0328,,"(0.0938,0.1300) (0.2164,0.3824) (0.2700,0.8829) (0.3870,1.7226)","LG+I{0.0328}+R4{0.0938,0.1300,0.2164,0.3824,0.2700,0.8829,0.3870,1.7226}"
PF01935,LG+I+R4,0.0111,,"(0.0310,0.0655) (0.2183,0.3675) (0.4583,0.9297) (0.2812,1.7482)","LG+I{0.0111}+R4{0.0310,0.0655,0.2183,0.3675,0.4583,0.9297,0.2812,1.7482}"
PF01936,LG+I+R4,0.0000,,"(0.0689,0.1881) (0.3069,0.5130) (0.2857,0.9813) (0.3386,1.6224)","LG+I{0.0000}+R4{0.0689,0.1881,0.3069,0.5130,0.2857,0.9813,0.3386,1.6224}"
PF01938,LG+I+G4,0.0000,3.3703,,LG+I{0.0000}+G4{3.3703}
PF01939,LG+I,0.0697,,,LG+I{0.0697}
PF01948,LG+I+G4,0.0511,1.1914,,LG+I{0.0511}+G4{1.1914}
PF01951,LG+I+R4,0.0151,,"(0.0314,0.0808) (0.1801,0.2773) (0.3432,0.6283) (0.4301,1.7015)","LG+I{0.0151}+R4{0.0314,0.0808,0.1801,0.2773,0.3432,0.6283,0.4301,1.7015}"
PF01964,LG+I+R4,0.0563,,"(0.1917,0.1232) (0.2336,0.4703) (0.2279,1.0900) (0.2906,2.1269)","LG+I{0.0563}+R4{0.1917,0.1232,0.2336,0.4703,0.2279,1.0900,0.2906,2.1269}"
PF01965,LG+I+G4,0.0034,2.4089,,LG+I{0.0034}+G4{2.4089}
PF01967,LG+I+R4,0.0256,,"(0.1273,0.0315) (0.2369,0.2569) (0.1814,0.7577) (0.4288,1.8601)","LG+I{0.0256}+R4{0.1273,0.0315,0.2369,0.2569,0.1814,0.7577,0.4288,1.8601}"
PF01974,LG+I+G4,0.0000,2.1483,,LG+I{0.0000}+G4{2.1483}
PF01975,LG+I+R4,0.0134,,"(0.0766,0.0617) (0.1555,0.2748) (0.2953,0.6971) (0.4592,1.6262)","LG+I{0.0134}+R4{0.0766,0.0617,0.1555,0.2748,0.2953,0.6971,0.4592,1.6262}"
PF01978,LG+I+G4,0.0000,1.9993,,LG+I{0.0000}+G4{1.9993}
PF01979,LG+I+R4,0.0000,,"(0.0342,0.1065) (0.2113,0.5022) (0.4607,0.8684) (0.2938,1.6687)","LG+I{0.0000}+R4{0.0342,0.1065,0.2113,0.5022,0.4607,0.8684,0.2938,1.6687}"
PF01982,LG+F+I+G4,0.0440,1.5932,,LG+F+I{0.0440}+G4{1.5932}
PF01985,LG+I+G4,0.0000,2.5010,,LG+I{0.0000}+G4{2.5010}
PF02002,LG+I,0.0000,,,LG+I{0.0000}
PF02016,LG+I+R4,0.0099,,"(0.0329,0.0379) (0.1890,0.3658) (0.3193,0.6873) (0.4488,1.5821)","LG+I{0.0099}+R4{0.0329,0.0379,0.1890,0.3658,0.3193,0.6873,0.4488,1.5821}"
PF02018,LG+F+I+R3,0.0000,,"(0.0641,0.2422) (0.4431,0.7377) (0.4928,1.3344)","LG+F+I{0.0000}+R3{0.0641,0.2422,0.4431,0.7377,0.4928,1.3344}"
PF02080,LG+I+G4,0.0000,3.1402,,LG+I{0.0000}+G4{3.1402}
PF02082,LG+I+G4,0.0066,1.6034,,LG+I{0.0066}+G4{1.6034}
PF02110,LG+I+G4,0.0885,1.8261,,LG+I{0.0885}+G4{1.8261}
PF02142,LG+I+G4,0.0081,1.3407,,LG+I{0.0081}+G4{1.3407}
PF02150,LG+I+R2,0.1134,,"(0.1687,0.2574) (0.7180,1.3323)","LG+I{0.1134}+R2{0.1687,0.2574,0.7180,1.3323}"
PF02153,LG+I+G4,0.0186,2.5097,,LG+I{0.0186}+G4{2.5097}
PF02222,LG+I+G4,0.0497,1.2771,,LG+I{0.0497}+G4{1.2771}
PF02223,LG+I+G4,0.0121,1.9386,,LG+I{0.0121}+G4{1.9386}
PF02225,LG+I+R4,0.0000,,"(0.0808,0.1978) (0.2045,0.4736) (0.3162,0.9515) (0.3985,1.4712)","LG+I{0.0000}+R4{0.0808,0.1978,0.2045,0.4736,0.3162,0.9515,0.3985,1.4712}"
PF02230,LG+I+G4,0.0128,1.6443,,LG+I{0.0128}+G4{1.6443}
PF02237,LG+I+G4,0.0000,1.6995,,LG+I{0.0000}+G4{1.6995}
PF02254,LG+I+R4,0.0000,,"(0.1705,0.3509) (0.3174,0.6413) (0.1938,0.9751) (0.3183,1.7206)","LG+I{0.0000}+R4{0.1705,0.3509,0.3174,0.6413,0.1938,0.9751,0.3183,1.7206}"
PF02272,LG+I+G4,0.0069,2.4352,,LG+I{0.0069}+G4{2.4352}
PF02289,LG+I+G4,0.0187,1.3776,,LG+I{0.0187}+G4{1.3776}
PF02302,LG+I+R4,0.0000,,"(0.0497,0.1037) (0.2119,0.4281) (0.3718,0.8551) (0.3667,1.5988)","LG+I{0.0000}+R4{0.0497,0.1037,0.2119,0.4281,0.3718,0.8551,0.3667,1.5988}"
PF02310,LG+I+R4,0.0000,,"(0.0417,0.1657) (0.3118,0.5402) (0.3662,0.9549) (0.2803,1.6945)","LG+I{0.0000}+R4{0.0417,0.1657,0.3118,0.5402,0.3662,0.9549,0.2803,1.6945}"
PF02311,LG+F+I+R4,0.0059,,"(0.0369,0.1987) (0.2134,0.4883) (0.3780,0.8451) (0.3658,1.5556)","LG+F+I{0.0059}+R4{0.0369,0.1987,0.2134,0.4883,0.3780,0.8451,0.3658,1.5556}"
PF02347,LG+I+G4,0.0653,1.2953,,LG+I{0.0653}+G4{1.2953}
PF02355,LG+F+I+G4,0.0057,1.5017,,LG+F+I{0.0057}+G4{1.5017}
PF02359,LG+I+R4,0.0000,,"(0.0572,0.1600) (0.3422,0.4823) (0.3771,1.0388) (0.2236,1.9417)","LG+I{0.0000}+R4{0.0572,0.1600,0.3422,0.4823,0.3771,1.0388,0.2236,1.9417}"
PF02369,LG+I+R4,0.0073,,"(0.1467,0.2971) (0.3909,0.8071) (0.3935,1.2773) (0.0617,2.2424)","LG+I{0.0073}+R4{0.1467,0.2971,0.3909,0.8071,0.3935,1.2773,0.0617,2.2424}"
PF02374,LG+I+G4,0.0488,1.8819,,LG+I{0.0488}+G4{1.8819}
PF02403,LG+F+I+R4,0.0000,,"(0.0406,0.0603) (0.2012,0.3398) (0.3313,0.8263) (0.4268,1.5356)","LG+F+I{0.0000}+R4{0.0406,0.0603,0.2012,0.3398,0.3313,0.8263,0.4268,1.5356}"
PF02441,LG+I+G4,0.0000,1.6066,,LG+I{0.0000}+G4{1.6066}
PF02446,LG+F+I+R4,0.0097,,"(0.0820,0.0854) (0.2106,0.3552) (0.2712,0.8122) (0.4265,1.6364)","LG+F+I{0.0097}+R4{0.0820,0.0854,0.2106,0.3552,0.2712,0.8122,0.4265,1.6364}"
PF02449,LG+I+G4,0.0040,1.3632,,LG+I{0.0040}+G4{1.3632}
PF02463,LG+F+I+R4,0.0081,,"(0.0468,0.0346) (0.1505,0.1294) (0.2569,0.3726) (0.5376,1.6427)","LG+F+I{0.0081}+R4{0.0468,0.0346,0.1505,0.1294,0.2569,0.3726,0.5376,1.6427}"
PF02475,LG+I+G4,0.0789,2.5428,,LG+I{0.0789}+G4{2.5428}
PF02492,LG+I+R4,0.0113,,"(0.0749,0.0562) (0.1464,0.3005) (0.3359,0.6189) (0.4314,1.7244)","LG+I{0.0113}+R4{0.0749,0.0562,0.1464,0.3005,0.3359,0.6189,0.4314,1.7244}"
PF02503,LG+I+R4,0.0000,,"(0.1666,0.1868) (0.3511,0.5079) (0.1739,1.0320) (0.3083,1.9817)","LG+I{0.0000}+R4{0.1666,0.1868,0.3511,0.5079,0.1739,1.0320,0.3083,1.9817}"
PF02516,LG+F+I+G4,0.0000,1.9770,,LG+F+I{0.0000}+G4{1.9770}
PF02518,LG+I+R4,0.0000,,"(0.0867,0.2004) (0.2084,0.4736) (0.3091,0.8378) (0.3958,1.5790)","LG+I{0.0000}+R4{0.0867,0.2004,0.2084,0.4736,0.3091,0.8378,0.3958,1.5790}"
PF02522,LG+F+I+R4,0.0077,,"(0.0498,0.0708) (0.1793,0.3630) (0.3386,0.7413) (0.4246,1.6023)","LG+F+I{0.0077}+R4{0.0498,0.0708,0.1793,0.3630,0.3386,0.7413,0.4246,1.6023}"
PF02540,LG+I+G4,0.0621,1.5999,,LG+I{0.0621}+G4{1.5999}
PF02554,LG+F+I+R4,0.0115,,"(0.1786,0.1071) (0.3462,0.4604) (0.3253,1.1350) (0.1384,3.2677)","LG+F+I{0.0115}+R4{0.1786,0.1071,0.3462,0.4604,0.3253,1.1350,0.1384,3.2677}"
PF02558,LG+I+R4,0.0021,,"(0.0397,0.0576) (0.2794,0.3846) (0.3013,0.8271) (0.3776,1.6979)","LG+I{0.0021}+R4{0.0397,0.0576,0.2794,0.3846,0.3013,0.8271,0.3776,1.6979}"
PF02572,LG+I+R4,0.0119,,"(0.1427,0.1017) (0.2214,0.4425) (0.3217,0.9817) (0.3023,1.8911)","LG+I{0.0119}+R4{0.1427,0.1017,0.2214,0.4425,0.3217,0.9817,0.3023,1.8911}"
PF02577,LG+I+R4,0.0000,,"(0.1690,0.1165) (0.1874,0.4517) (0.3396,0.9875) (0.3041,1.8429)","LG+I{0.0000}+R4{0.1690,0.1165,0.1874,0.4517,0.3396,0.9875,0.3041,1.8429}"
PF02581,LG+I+R4,0.0000,,"(0.1130,0.1301) (0.2907,0.4234) (0.2466,0.9905) (0.3498,1.7669)","LG+I{0.0000}+R4{0.1130,0.1301,0.2907,0.4234,0.2466,0.9905,0.3498,1.7669}"
PF02589,LG+I+G4,0.0018,2.3157,,LG+I{0.0018}+G4{2.3157}
PF02597,LG+I+R4,0.0105,,"(0.0974,0.1674) (0.2179,0.4203) (0.2716,0.9465) (0.4025,1.5775)","LG+I{0.0105}+R4{0.0974,0.1674,0.2179,0.4203,0.2716,0.9465,0.4025,1.5775}"
PF02625,LG+I+R4,0.0000,,"(0.1257,0.1763) (0.2604,0.3971) (0.2173,0.9277) (0.3966,1.6966)","LG+I{0.0000}+R4{0.1257,0.1763,0.2604,0.3971,0.2173,0.9277,0.3966,1.6966}"
PF02629,LG+I+G4,0.0093,2.4997,,LG+I{0.0093}+G4{2.4997}
PF02635,LG+I+G4,0.0000,3.9029,,LG+I{0.0000}+G4{3.9029}
PF02637,LG+F+I+R4,0.0000,,"(0.0515,0.1715) (0.3221,0.4918) (0.3457,1.0327) (0.2807,1.6950)","LG+F+I{0.0000}+R4{0.0515,0.1715,0.3221,0.4918,0.3457,1.0327,0.2807,1.6950}"
PF02687,LG+F+I+G4,0.0068,4.3054,,LG+F+I{0.0068}+G4{4.3054}
PF02729,LG+I+R4,0.0000,,"(0.1077,0.0434) (0.1579,0.3093) (0.4199,0.7487) (0.3145,2.0096)","LG+I{0.0000}+R4{0.1077,0.0434,0.1579,0.3093,0.4199,0.7487,0.3145,2.0096}"
PF02730,LG+I+R4,0.0000,,"(0.1176,0.1507) (0.2693,0.5287) (0.3048,0.9772) (0.3083,1.7583)","LG+I{0.0000}+R4{0.1176,0.1507,0.2693,0.5287,0.3048,0.9772,0.3083,1.7583}"
PF02732,LG+I+R4,0.0000,,"(0.0657,0.2207) (0.1488,0.4466) (0.3901,0.8395) (0.3955,1.4958)","LG+I{0.0000}+R4{0.0657,0.2207,0.1488,0.4466,0.3901,0.8395,0.3955,1.4958}"
PF02737,LG+I+R4,0.0263,,"(0.0667,0.0785) (0.1459,0.3160) (0.3807,0.8283) (0.3805,1.6647)","LG+I{0.0263}+R4{0.0667,0.0785,0.1459,0.3160,0.3807,0.8283,0.3805,1.6647}"
PF02738,LG+F+I+R4,0.0079,,"(0.1014,0.1376) (0.2664,0.5526) (0.3913,1.0401) (0.2330,1.8534)","LG+F+I{0.0079}+R4{0.1014,0.1376,0.2664,0.5526,0.3913,1.0401,0.2330,1.8534}"
PF02742,LG+I+R4,0.0000,,"(0.1519,0.1477) (0.3473,0.4555) (0.2753,1.1367) (0.2255,2.2456)","LG+I{0.0000}+R4{0.1519,0.1477,0.3473,0.4555,0.2753,1.1367,0.2255,2.2456}"
PF02743,LG+F+I+G4,0.0000,3.1453,,LG+F+I{0.0000}+G4{3.1453}
PF02746,LG+I+G4,0.0473,4.2936,,LG+I{0.0473}+G4{4.2936}
PF02747,LG+I,0.0560,,,LG+I{0.0560}
PF02748,LG+I+G4,0.0909,1.4455,,LG+I{0.0909}+G4{1.4455}
PF02749,LG+I+R4,0.0000,,"(0.1118,0.0950) (0.3216,0.4904) (0.2407,1.0346) (0.3259,1.7876)","LG+I{0.0000}+R4{0.1118,0.0950,0.3216,0.4904,0.2407,1.0346,0.3259,1.7876}"
PF02754,LG+I+R4,0.0268,,"(0.0218,0.0455) (0.2541,0.4968) (0.4454,1.0159) (0.2520,1.6682)","LG+I{0.0268}+R4{0.0218,0.0455,0.2541,0.4968,0.4454,1.0159,0.2520,1.6682}"
PF02769,LG+I+R4,0.0000,,"(0.0457,0.1209) (0.2049,0.3900) (0.3452,0.7741) (0.4042,1.6016)","LG+I{0.0000}+R4{0.0457,0.1209,0.2049,0.3900,0.3452,0.7741,0.4042,1.6016}"
PF02770,LG+I+G4,0.0082,2.0455,,LG+I{0.0082}+G4{2.0455}
PF02771,LG+F+I+G4,0.0000,2.4653,,LG+F+I{0.0000}+G4{2.4653}
PF02774,LG+I+G4,0.0074,1.9701,,LG+I{0.0074}+G4{1.9701}
PF02775,LG+I+G4,0.0000,1.6057,,LG+I{0.0000}+G4{1.6057}
PF02776,LG+F+I+G4,0.0000,1.8693,,LG+F+I{0.0000}+G4{1.8693}
PF02777,LG+I+R4,0.0000,,"(0.2078,0.1226) (0.3025,0.5076) (0.2436,1.2243) (0.2462,2.1235)","LG+I{0.0000}+R4{0.2078,0.1226,0.3025,0.5076,0.2436,1.2243,0.2462,2.1235}"
PF02778,LG+I+G4,0.0463,2.2063,,LG+I{0.0463}+G4{2.2063}
PF02779,LG+F+I+R4,0.0031,,"(0.1219,0.1828) (0.4895,0.5561) (0.3090,1.3741) (0.0764,3.6766)","LG+F+I{0.0031}+R4{0.1219,0.1828,0.4895,0.5561,0.3090,1.3741,0.0764,3.6766}"
PF02780,LG+I+G4,0.0000,2.3113,,LG+I{0.0000}+G4{2.3113}
PF02782,LG+I+R4,0.0079,,"(0.0588,0.1486) (0.4831,0.4743) (0.3571,1.0668) (0.0931,4.0953)","LG+I{0.0079}+R4{0.0588,0.1486,0.4831,0.4743,0.3571,1.0668,0.0931,4.0953}"
PF02784,LG+I+G4,0.0415,2.2662,,LG+I{0.0415}+G4{2.2662}
PF02785,LG+I+G4,0.0342,1.2548,,LG+I{0.0342}+G4{1.2548}
PF02786,LG+I+G4,0.0220,1.3508,,LG+I{0.0220}+G4{1.3508}
PF02787,LG+I+R4,0.0000,,"(0.1456,0.1463) (0.2856,0.4764) (0.3106,1.0398) (0.2582,2.0129)","LG+I{0.0000}+R4{0.1456,0.1463,0.2856,0.4764,0.3106,1.0398,0.2582,2.0129}"
PF02788,LG+I+G4,0.0419,1.4686,,LG+I{0.0419}+G4{1.4686}
PF02800,LG+I+G4,0.0014,1.2430,,LG+I{0.0014}+G4{1.2430}
PF02803,LG+I+G4,0.0775,1.8048,,LG+I{0.0775}+G4{1.8048}
PF02812,LG+I+G4,0.0070,1.1608,,LG+I{0.0070}+G4{1.1608}
PF02814,LG+I+G4,0.0000,1.3428,,LG+I{0.0000}+G4{1.3428}
PF02824,LG+I+G4,0.0000,2.8135,,LG+I{0.0000}+G4{2.8135}
PF02826,LG+I+R4,0.0042,,"(0.0421,0.0554) (0.2139,0.3400) (0.3587,0.7965) (0.3811,1.6774)","LG+I{0.0042}+R4{0.0421,0.0554,0.2139,0.3400,0.3587,0.7965,0.3811,1.6774}"
PF02843,LG+I+R4,0.0070,,"(0.1308,0.0729) (0.1782,0.3170) (0.1830,0.7291) (0.5010,1.5980)","LG+I{0.0070}+R4{0.1308,0.0729,0.1782,0.3170,0.1830,0.7291,0.5010,1.5980}"
PF02844,LG+I+R4,0.0000,,"(0.1570,0.0942) (0.2481,0.4050) (0.2827,0.9839) (0.3122,1.9428)","LG+I{0.0000}+R4{0.1570,0.0942,0.2481,0.4050,0.2827,0.9839,0.3122,1.9428}"
PF02852,LG+I+G4,0.0080,2.0725,,LG+I{0.0080}+G4{2.0725}
PF02866,LG+I+G4,0.0346,2.0279,,LG+I{0.0346}+G4{2.0279}
PF02872,LG+I+G4,0.0040,2.6645,,LG+I{0.0040}+G4{2.6645}
PF02874,LG+I+G4,0.0000,2.1952,,LG+I{0.0000}+G4{2.1952}
PF02875,LG+I+R4,0.0042,,"(0.1172,0.1443) (0.2152,0.4336) (0.2014,0.7994) (0.4620,1.5776)","LG+I{0.0042}+R4{0.1172,0.1443,0.2152,0.4336,0.2014,0.7994,0.4620,1.5776}"
PF02878,LG+I+R4,0.0060,,"(0.0912,0.0957) (0.2634,0.3856) (0.2770,0.8518) (0.3625,1.8035)","LG+I{0.0060}+R4{0.0912,0.0957,0.2634,0.3856,0.2770,0.8518,0.3625,1.8035}"
PF02879,LG+I+R4,0.0000,,"(0.0395,0.0617) (0.1595,0.3382) (0.3930,0.7474) (0.4080,1.5929)","LG+I{0.0000}+R4{0.0395,0.0617,0.1595,0.3382,0.3930,0.7474,0.4080,1.5929}"
PF02880,LG+I+R4,0.0157,,"(0.1703,0.1325) (0.3033,0.5585) (0.2996,1.0809) (0.2112,2.2929)","LG+I{0.0157}+R4{0.1703,0.1325,0.3033,0.5585,0.2996,1.0809,0.2112,2.2929}"
PF02881,LG+I+R4,0.0000,,"(0.0228,0.0242) (0.2597,0.4361) (0.4847,0.9979) (0.2328,1.7291)","LG+I{0.0000}+R4{0.0228,0.0242,0.2597,0.4361,0.4847,0.9979,0.2328,1.7291}"
PF02882,LG+I+G4,0.0405,1.1279,,LG+I{0.0405}+G4{1.1279}
PF02885,LG+I+R4,0.0000,,"(0.2032,0.2994) (0.3249,0.5885) (0.1795,1.0921) (0.2924,1.8877)","LG+I{0.0000}+R4{0.2032,0.2994,0.3249,0.5885,0.1795,1.0921,0.2924,1.8877}"
PF02887,LG+I+R4,0.0048,,"(0.2096,0.2828) (0.2893,0.6278) (0.2246,1.0843) (0.2718,1.8973)","LG+I{0.0048}+R4{0.2096,0.2828,0.2893,0.6278,0.2246,1.0843,0.2718,1.8973}"
PF02895,LG+I+G4,0.0000,1.1678,,LG+I{0.0000}+G4{1.1678}
PF02896,LG+I+G4,0.0587,2.0357,,LG+I{0.0587}+G4{2.0357}
PF02899,LG+I+G4,0.0000,2.1201,,LG+I{0.0000}+G4{2.1201}
PF02910,LG+I+R4,0.0057,,"(0.1095,0.0581) (0.2546,0.3961) (0.3201,0.9211) (0.3100,1.9288)","LG+I{0.0057}+R4{0.1095,0.0581,0.2546,0.3961,0.3201,0.9211,0.3100,1.9288}"
PF02913,LG+F+I+R4,0.0027,,"(0.0507,0.0855) (0.1299,0.3355) (0.3439,0.7298) (0.4728,1.4828)","LG+F+I{0.0027}+R4{0.0507,0.0855,0.1299,0.3355,0.3439,0.7298,0.4728,1.4828}"
PF02926,LG+I+G4,0.0000,2.1913,,LG+I{0.0000}+G4{2.1913}
PF02933,LG+I+R3,0.0000,,"(0.0947,0.2516) (0.2546,0.6089) (0.6507,1.2620)","LG+I{0.0000}+R3{0.0947,0.2516,0.2546,0.6089,0.6507,1.2620}"
PF02934,LG+I+R4,0.0318,,"(0.1390,0.0924) (0.2282,0.3881) (0.2495,0.9110) (0.3515,1.9097)","LG+I{0.0318}+R4{0.1390,0.0924,0.2282,0.3881,0.2495,0.9110,0.3515,1.9097}"
PF02938,LG+I+G4,0.0000,3.0440,,LG+I{0.0000}+G4{3.0440}
PF02978,LG+F+I+R4,0.0040,,"(0.0764,0.1012) (0.1192,0.3946) (0.2138,0.7759) (0.5866,1.3286)","LG+F+I{0.0040}+R4{0.0764,0.1012,0.1192,0.3946,0.2138,0.7759,0.5866,1.3286}"
PF03061,LG+I+G4,0.0000,2.0569,,LG+I{0.0000}+G4{2.0569}
PF03099,LG+I+G4,0.0122,1.9534,,LG+I{0.0122}+G4{1.9534}
PF03109,LG+I+R4,0.0000,,"(0.0647,0.0206) (0.1891,0.2972) (0.3718,0.7962) (0.3745,1.7265)","LG+I{0.0000}+R4{0.0647,0.0206,0.1891,0.2972,0.3718,0.7962,0.3745,1.7265}"
PF03120,LG+I+G4,0.0107,0.8796,,LG+I{0.0107}+G4{0.8796}
PF03129,LG+I+G4,0.0000,3.2668,,LG+I{0.0000}+G4{3.2668}
PF03143,LG+I+G4,0.0294,1.8611,,LG+I{0.0294}+G4{1.8611}
PF03144,LG+I+G4,0.0101,2.2932,,LG+I{0.0101}+G4{2.2932}
PF03167,LG+I+R4,0.0000,,"(0.0778,0.1738) (0.1636,0.4194) (0.3336,0.8020) (0.4251,1.5300)","LG+I{0.0000}+R4{0.0778,0.1738,0.1636,0.4194,0.3336,0.8020,0.4251,1.5300}"
PF03168,LG+F+I+R4,0.0086,,"(0.0084,0.1184) (0.2433,0.5423) (0.4845,0.9737) (0.2551,1.5496)","LG+F+I{0.0086}+R4{0.0084,0.1184,0.2433,0.5423,0.4845,0.9737,0.2551,1.5496}"
PF03235,LG+F+I+R4,0.0000,,"(0.0324,0.0286) (0.0976,0.2281) (0.2663,0.6050) (0.6037,1.3512)","LG+F+I{0.0000}+R4{0.0324,0.0286,0.0976,0.2281,0.2663,0.6050,0.6037,1.3512}"
PF03308,LG+I+G4,0.0855,1.3768,,LG+I{0.0855}+G4{1.3768}
PF03328,LG+I+G4,0.0279,3.4678,,LG+I{0.0279}+G4{3.4678}
PF03358,LG+F+I+G4,0.0000,2.1083,,LG+F+I{0.0000}+G4{2.1083}
PF03441,LG+I+R4,0.0065,,"(0.1696,0.1097) (0.2647,0.4260) (0.2227,0.9960) (0.3364,1.9224)","LG+I{0.0065}+R4{0.1696,0.1097,0.2647,0.4260,0.2227,0.9960,0.3364,1.9224}"
PF03444,LG+I+G4,0.0657,1.0028,,LG+I{0.0657}+G4{1.0028}
PF03446,LG+I+R4,0.0145,,"(0.0918,0.1152) (0.2750,0.4427) (0.3322,0.9490) (0.2865,1.9281)","LG+I{0.0145}+R4{0.0918,0.1152,0.2750,0.4427,0.3322,0.9490,0.2865,1.9281}"
PF03450,LG+I+G4,0.0000,2.3759,,LG+I{0.0000}+G4{2.3759}
PF03454,LG+I+G4,0.0000,1.6501,,LG+I{0.0000}+G4{1.6501}
PF03458,LG+F+I+R4,0.0120,,"(0.0915,0.1455) (0.3096,0.5032) (0.3947,1.0041) (0.1923,2.2600)","LG+F+I{0.0120}+R4{0.0915,0.1455,0.3096,0.5032,0.3947,1.0041,0.1923,2.2600}"
PF03463,LG+I+G4,0.0734,1.7326,,LG+I{0.0734}+G4{1.7326}
PF03464,LG+I+G4,0.0133,3.6420,,LG+I{0.0133}+G4{3.6420}
PF03465,LG+I+G4,0.0021,1.5978,,LG+I{0.0021}+G4{1.5978}
PF03471,LG+F+I+R4,0.0000,,"(0.0578,0.1818) (0.1963,0.5215) (0.4173,0.9308) (0.3286,1.5176)","LG+F+I{0.0000}+R4{0.0578,0.1818,0.1963,0.5215,0.4173,0.9308,0.3286,1.5176}"
PF03473,LG+F+I+R4,0.0000,,"(0.0514,0.0802) (0.1574,0.3709) (0.3210,0.7103) (0.4702,1.5090)","LG+F+I{0.0000}+R4{0.0514,0.0802,0.1574,0.3709,0.3210,0.7103,0.4702,1.5090}"
PF03476,LG+I+G4,0.0531,2.3678,,LG+I{0.0531}+G4{2.3678}
PF03479,LG+I+R4,0.0054,,"(0.0711,0.2304) (0.3543,0.5859) (0.2510,1.0047) (0.3183,1.6462)","LG+I{0.0054}+R4{0.0711,0.2304,0.3543,0.5859,0.2510,1.0047,0.3183,1.6462}"
PF03484,LG+I+R4,0.0000,,"(0.0941,0.0591) (0.2858,0.4005) (0.2163,0.7959) (0.4037,1.7530)","LG+I{0.0000}+R4{0.0941,0.0591,0.2858,0.4005,0.2163,0.7959,0.4037,1.7530}"
PF03485,LG+I+G4,0.0000,1.2715,,LG+I{0.0000}+G4{1.2715}
PF03551,LG+I+R3,0.0009,,"(0.1204,0.0938) (0.4760,0.6526) (0.4027,1.6838)","LG+I{0.0009}+R3{0.1204,0.0938,0.4760,0.6526,0.4027,1.6838}"
PF03553,LG+F+I+G4,0.0008,2.4304,,LG+F+I{0.0008}+G4{2.4304}
PF03604,LG+I,0.2597,,,LG+I{0.2597}
PF03625,LG+I+G4,0.0000,2.2254,,LG+I{0.0000}+G4{2.2254}
PF03686,LG+I+G4,0.0096,1.1828,,LG+I{0.0096}+G4{1.1828}
PF03703,LG+F+I+R3,0.0000,,"(0.0593,0.3452) (0.3228,0.6564) (0.6180,1.2423)","LG+F+I{0.0000}+R3{0.0593,0.3452,0.3228,0.6564,0.6180,1.2423}"
PF03705,LG+I+R4,0.0000,,"(0.1510,0.2355) (0.3115,0.5269) (0.3489,1.1525) (0.1887,2.1108)","LG+I{0.0000}+R4{0.1510,0.2355,0.3115,0.5269,0.3489,1.1525,0.1887,2.1108}"
PF03719,LG+I+G4,0.0000,1.7590,,LG+I{0.0000}+G4{1.7590}
PF03720,LG+I+R4,0.0000,,"(0.0974,0.0987) (0.2774,0.4554) (0.2268,0.9354) (0.3985,1.6360)","LG+I{0.0000}+R4{0.0974,0.0987,0.2774,0.4554,0.2268,0.9354,0.3985,1.6360}"
PF03721,LG+I+G4,0.0468,1.8568,,LG+I{0.0468}+G4{1.8568}
PF03749,LG+I+R4,0.0266,,"(0.0950,0.0829) (0.1349,0.3010) (0.3501,0.7980) (0.3933,1.7089)","LG+I{0.0266}+R4{0.0950,0.0829,0.1349,0.3010,0.3501,0.7980,0.3933,1.7089}"
PF03764,LG+I+G4,0.0066,1.9686,,LG+I{0.0066}+G4{1.9686}
PF03833,LG+I+G4,0.0792,0.8799,,LG+I{0.0792}+G4{0.8799}
PF03853,LG+I+G4,0.0000,1.1116,,LG+I{0.0000}+G4{1.1116}
PF03876,LG+I+G4,0.0000,3.6349,,LG+I{0.0000}+G4{3.6349}
PF03900,LG+I+G4,0.0229,2.4615,,LG+I{0.0229}+G4{2.4615}
PF03946,LG+I+G4,0.0000,1.3614,,LG+I{0.0000}+G4{1.3614}
PF03947,LG+I+R4,0.0123,,"(0.1995,0.1093) (0.2840,0.5486) (0.2712,1.1537) (0.2330,2.1870)","LG+I{0.0123}+R4{0.1995,0.1093,0.2840,0.5486,0.2712,1.1537,0.2330,2.1870}"
PF03949,LG+I+G4,0.0530,1.3892,,LG+I{0.0530}+G4{1.3892}
PF03950,LG+I+R4,0.0074,,"(0.0401,0.0763) (0.1729,0.3377) (0.4006,0.8427) (0.3790,1.5856)","LG+I{0.0074}+R4{0.0401,0.0763,0.1729,0.3377,0.4006,0.8427,0.3790,1.5856}"
PF03951,LG+I+R4,0.0062,,"(0.0565,0.0487) (0.1847,0.2958) (0.2359,0.6297) (0.5168,1.5366)","LG+I{0.0062}+R4{0.0565,0.0487,0.1847,0.2958,0.2359,0.6297,0.5168,1.5366}"
PF03952,LG+I+G4,0.0055,0.7776,,LG+I{0.0055}+G4{0.7776}
PF03966,LG+I+G4,0.0000,1.5244,,LG+I{0.0000}+G4{1.5244}
PF03972,LG+I+R4,0.0000,,"(0.2208,0.2754) (0.4048,0.6485) (0.2086,1.3155) (0.1658,2.4263)","LG+I{0.0000}+R4{0.2208,0.2754,0.4048,0.6485,0.2086,1.3155,0.1658,2.4263}"
PF03976,LG+I+G4,0.0465,1.6495,,LG+I{0.0465}+G4{1.6495}
PF03992,LG+F+I+G4,0.0000,2.0943,,LG+F+I{0.0000}+G4{2.0943}
PF04014,LG+I+G4,0.0163,1.8639,,LG+I{0.0163}+G4{1.8639}
PF04023,LG+I+G4,0.0000,1.7528,,LG+I{0.0000}+G4{1.7528}
PF04034,LG+I+R4,0.0381,,"(0.2037,0.1528) (0.2227,0.5557) (0.3283,1.1724) (0.2073,2.2208)","LG+I{0.0381}+R4{0.2037,0.1528,0.2227,0.5557,0.3283,1.1724,0.2073,2.2208}"
PF04055,LG+I+R4,0.0000,,"(0.0177,0.0586) (0.2179,0.4524) (0.3197,0.8153) (0.4447,1.4386)","LG+I{0.0000}+R4{0.0177,0.0586,0.2179,0.4524,0.3197,0.8153,0.4447,1.4386}"
PF04127,LG+I+R4,0.0451,,"(0.1176,0.0609) (0.2308,0.3821) (0.2820,0.8993) (0.3245,2.0063)","LG+I{0.0451}+R4{0.1176,0.0609,0.2308,0.3821,0.2820,0.8993,0.3245,2.0063}"
PF04138,LG+F+I+R4,0.0000,,"(0.1024,0.1632) (0.1606,0.3974) (0.3332,0.8006) (0.4037,1.6166)","LG+F+I{0.0000}+R4{0.1024,0.1632,0.1606,0.3974,0.3332,0.8006,0.4037,1.6166}"
PF04289,LG+I+R4,0.0000,,"(0.0608,0.0397) (0.2320,0.3319) (0.3853,0.7631) (0.3218,1.9468)","LG+I{0.0000}+R4{0.0608,0.0397,0.2320,0.3319,0.3853,0.7631,0.3218,1.9468}"
PF04293,LG+I+G4,0.0684,0.9482,,LG+I{0.0684}+G4{0.9482}
PF04295,LG+I+R4,0.0095,,"(0.0988,0.1152) (0.2327,0.3874) (0.2418,0.7625) (0.4172,1.7115)","LG+I{0.0095}+R4{0.0988,0.1152,0.2327,0.3874,0.2418,0.7625,0.4172,1.7115}"
PF04307,LG+F+I+R4,0.0102,,"(0.0448,0.0523) (0.2087,0.3561) (0.4760,0.8956) (0.2603,1.9093)","LG+F+I{0.0102}+R4{0.0448,0.0523,0.2087,0.3561,0.4760,0.8956,0.2603,1.9093}"
PF04321,LG+F+I+G4,0.0201,1.2934,,LG+F+I{0.0201}+G4{1.2934}
PF04324,LG+I+G4,0.0625,4.3278,,LG+I{0.0625}+G4{4.3278}
PF04389,LG+I+R4,0.0170,,"(0.0497,0.0833) (0.1523,0.3682) (0.3363,0.7896) (0.4447,1.5161)","LG+I{0.0170}+R4{0.0497,0.0833,0.1523,0.3682,0.3363,0.7896,0.4447,1.5161}"
PF04406,LG+I+R4,0.0122,,"(0.1000,0.1460) (0.3002,0.5417) (0.3710,1.0588) (0.2166,1.9853)","LG+I{0.0122}+R4{0.1000,0.1460,0.3002,0.5417,0.3710,1.0588,0.2166,1.9853}"
PF04410,LG+I+G4,0.0096,2.6034,,LG+I{0.0096}+G4{2.6034}
PF04434,LG+I+G4,0.0738,1.4957,,LG+I{0.0738}+G4{1.4957}
PF04493,LG+I+R4,0.0434,,"(0.0719,0.0865) (0.2731,0.3784) (0.2841,0.9272) (0.3274,1.9150)","LG+I{0.0434}+R4{0.0719,0.0865,0.2731,0.3784,0.2841,0.9272,0.3274,1.9150}"
PF04509,LG+I+G4,0.0766,2.5480,,LG+I{0.0766}+G4{2.5480}
PF04560,LG+I+G4,0.0945,1.2311,,LG+I{0.0945}+G4{1.2311}
PF04561,LG+I+G4,0.0000,2.3802,,LG+I{0.0000}+G4{2.3802}
PF04565,LG+I+G4,0.0226,1.1630,,LG+I{0.0226}+G4{1.1630}
PF04566,LG+I+G4,0.0265,0.9826,,LG+I{0.0265}+G4{0.9826}
PF04567,LG+I+G4,0.0012,0.6485,,LG+I{0.0012}+G4{0.6485}
PF04715,LG+I+R4,0.0012,,"(0.0314,0.0691) (0.1636,0.3501) (0.3316,0.7465) (0.4722,1.4677)","LG+I{0.0012}+R4{0.0314,0.0691,0.1636,0.3501,0.3316,0.7465,0.4722,1.4677}"
PF04879,LG+I+R3,0.0593,,"(0.0544,0.2568) (0.4030,0.7610) (0.4834,1.4056)","LG+I{0.0593}+R3{0.0544,0.2568,0.4030,0.7610,0.4834,1.4056}"
PF04893,LG+F+I+R4,0.0000,,"(0.0409,0.3107) (0.1931,0.5416) (0.4378,0.9082) (0.3282,1.4780)","LG+F+I{0.0000}+R4{0.0409,0.3107,0.1931,0.5416,0.4378,0.9082,0.3282,1.4780}"
PF04898,LG+I+R4,0.0140,,"(0.0962,0.0622) (0.2201,0.3178) (0.2581,0.7507) (0.4116,1.7742)","LG+I{0.0140}+R4{0.0962,0.0622,0.2201,0.3178,0.2581,0.7507,0.4116,1.7742}"
PF04909,LG+F+I+R4,0.0000,,"(0.0194,0.0959) (0.1176,0.3569) (0.3736,0.7279) (0.4895,1.3980)","LG+F+I{0.0000}+R4{0.0194,0.0959,0.1176,0.3569,0.3736,0.7279,0.4895,1.3980}"
PF04945,LG+I+G4,0.0473,2.5237,,LG+I{0.0473}+G4{2.5237}
PF04967,LG+I+G4,0.0000,1.3546,,LG+I{0.0000}+G4{1.3546}
PF04983,LG+F+I+R4,0.0000,,"(0.0617,0.1268) (0.2434,0.3167) (0.3886,0.7406) (0.3062,2.0483)","LG+F+I{0.0000}+R4{0.0617,0.1268,0.2434,0.3167,0.3886,0.7406,0.3062,2.0483}"
PF04997,LG+I+R4,0.0044,,"(0.0754,0.0679) (0.1751,0.3227) (0.4253,0.8205) (0.3198,1.8431)","LG+I{0.0044}+R4{0.0754,0.0679,0.1751,0.3227,0.4253,0.8205,0.3198,1.8431}"
PF04998,LG+F+I+R4,0.0128,,"(0.1334,0.0760) (0.2976,0.3431) (0.3940,1.0469) (0.1622,2.9297)","LG+F+I{0.0128}+R4{0.1334,0.0760,0.2976,0.3431,0.3940,1.0469,0.1622,2.9297}"
PF05000,LG+I+R4,0.0000,,"(0.1064,0.0550) (0.1654,0.3300) (0.4358,0.8459) (0.2924,1.9526)","LG+I{0.0000}+R4{0.1064,0.0550,0.1654,0.3300,0.4358,0.8459,0.2924,1.9526}"
PF05016,LG+F+I+R4,0.0000,,"(0.0721,0.2663) (0.2655,0.5009) (0.3671,0.9088) (0.2953,1.7414)","LG+F+I{0.0000}+R4{0.0721,0.2663,0.2655,0.5009,0.3671,0.9088,0.2953,1.7414}"
PF05050,LG+I+R4,0.0000,,"(0.0294,0.0760) (0.1245,0.2880) (0.2351,0.6711) (0.6110,1.3161)","LG+I{0.0000}+R4{0.0294,0.0760,0.1245,0.2880,0.2351,0.6711,0.6110,1.3161}"
PF05127,LG+I+R4,0.0127,,"(0.0944,0.0448) (0.1635,0.3071) (0.2391,0.6747) (0.4902,1.5999)","LG+I{0.0127}+R4{0.0944,0.0448,0.1635,0.3071,0.2391,0.6747,0.4902,1.5999}"
PF05138,LG+F+I+G4,0.0118,1.6179,,LG+F+I{0.0118}+G4{1.6179}
PF05173,LG+I+R4,0.0106,,"(0.1261,0.0837) (0.2470,0.4184) (0.3064,0.9120) (0.3100,1.9571)","LG+I{0.0106}+R4{0.1261,0.0837,0.2470,0.4184,0.3064,0.9120,0.3100,1.9571}"
PF05175,LG+I+G4,0.0459,1.6553,,LG+I{0.0459}+G4{1.6553}
PF05188,LG+I+G4,0.0000,2.4383,,LG+I{0.0000}+G4{2.4383}
PF05189,LG+I+R4,0.0000,,"(0.2279,0.2847) (0.2329,0.5866) (0.3022,1.0325) (0.2369,2.0530)","LG+I{0.0000}+R4{0.2279,0.2847,0.2329,0.5866,0.3022,1.0325,0.2369,2.0530}"
PF05190,LG+I+G4,0.0000,3.5973,,LG+I{0.0000}+G4{3.5973}
PF05191,LG+I+G4,0.0355,0.8388,,LG+I{0.0355}+G4{0.8388}
PF05192,LG+F+I+R4,0.0000,,"(0.0492,0.1358) (0.2143,0.4448) (0.3907,0.8665) (0.3458,1.6177)","LG+F+I{0.0000}+R4{0.0492,0.1358,0.2143,0.4448,0.3907,0.8665,0.3458,1.6177}"
PF05199,LG+I+G4,0.0000,1.1707,,LG+I{0.0000}+G4{1.1707}
PF05201,LG+F+I+R4,0.0077,,"(0.0694,0.0479) (0.2100,0.2997) (0.2627,0.7434) (0.4501,1.6406)","LG+F+I{0.0077}+R4{0.0694,0.0479,0.2100,0.2997,0.2627,0.7434,0.4501,1.6406}"
PF05221,LG+F+I+R4,0.0313,,"(0.2528,0.0607) (0.2123,0.4164) (0.2777,1.1147) (0.2259,2.5968)","LG+F+I{0.0313}+R4{0.2528,0.0607,0.2123,0.4164,0.2777,1.1147,0.2259,2.5968}"
PF05239,LG+I+R4,0.0000,,"(0.0348,0.1714) (0.1857,0.5210) (0.3309,0.9470) (0.4486,1.3016)","LG+I{0.0000}+R4{0.0348,0.1714,0.1857,0.5210,0.3309,0.9470,0.4486,1.3016}"
PF05336,LG+I+R4,0.0213,,"(0.1842,0.2618) (0.2914,0.6854) (0.3628,1.2662) (0.1403,2.0857)","LG+I{0.0213}+R4{0.1842,0.2618,0.2914,0.6854,0.3628,1.2662,0.1403,2.0857}"
PF05362,LG+I+G4,0.1286,1.4256,,LG+I{0.1286}+G4{1.4256}
PF05670,LG+I+G4,0.0108,1.4813,,LG+I{0.0108}+G4{1.4813}
PF05746,LG+I+G4,0.0000,1.4909,,LG+I{0.0000}+G4{1.4909}
PF05768,LG+I+G4,0.0166,2.1864,,LG+I{0.0166}+G4{2.1864}
PF06032,LG+I+R4,0.0095,,"(0.1107,0.1031) (0.1759,0.4538) (0.3861,0.9540) (0.3178,1.7009)","LG+I{0.0095}+R4{0.1107,0.1031,0.1759,0.4538,0.3861,0.9540,0.3178,1.7009}"
PF06093,LG+I+G4,0.0559,1.3951,,LG+I{0.0559}+G4{1.3951}
PF06271,LG+F+I+R4,0.0056,,"(0.0277,0.0349) (0.0937,0.2397) (0.3423,0.6029) (0.5306,1.4514)","LG+F+I{0.0056}+R4{0.0277,0.0349,0.0937,0.2397,0.3423,0.6029,0.5306,1.4514}"
PF06283,LG+I+R4,0.0042,,"(0.0533,0.0694) (0.3029,0.3808) (0.2562,0.8277) (0.3834,1.7446)","LG+I{0.0042}+R4{0.0533,0.0694,0.3029,0.3808,0.2562,0.8277,0.3834,1.7446}"
PF06415,LG+I+R4,0.0400,,"(0.0850,0.0511) (0.2592,0.4028) (0.2515,0.8802) (0.3643,1.8386)","LG+I{0.0400}+R4{0.0850,0.0511,0.2592,0.4028,0.2515,0.8802,0.3643,1.8386}"
PF06418,LG+I+R4,0.0377,,"(0.2579,0.1067) (0.2752,0.5239) (0.2352,1.2255) (0.1940,2.7845)","LG+I{0.0377}+R4{0.2579,0.1067,0.2752,0.5239,0.2352,1.2255,0.1940,2.7845}"
PF06426,LG+F+I+G4,0.0167,1.0500,,LG+F+I{0.0167}+G4{1.0500}
PF06463,LG+I+R4,0.0227,,"(0.0843,0.0829) (0.3051,0.4514) (0.2766,0.9476) (0.3113,1.9057)","LG+I{0.0227}+R4{0.0843,0.0829,0.3051,0.4514,0.2766,0.9476,0.3113,1.9057}"
PF06470,LG+I+G4,0.0000,1.9374,,LG+I{0.0000}+G4{1.9374}
PF06508,LG+I+G4,0.0674,1.7133,,LG+I{0.0674}+G4{1.7133}
PF06745,LG+I+G4,0.0163,1.8830,,LG+I{0.0163}+G4{1.8830}
PF06778,LG+F+I+G4,0.0117,1.0398,,LG+F+I{0.0117}+G4{1.0398}
PF06792,LG+I+G4,0.0212,1.1633,,LG+I{0.0212}+G4{1.1633}
PF06827,LG+I+R4,0.0000,,"(0.1532,0.0119) (0.1506,0.4792) (0.2919,0.8424) (0.4043,1.6822)","LG+I{0.0000}+R4{0.1532,0.0119,0.1506,0.4792,0.2919,0.8424,0.4043,1.6822}"
PF06847,LG+I+G4,0.0213,2.8219,,LG+I{0.0213}+G4{2.8219}
PF06964,LG+F+I+R4,0.0046,,"(0.0449,0.0830) (0.1987,0.3123) (0.3253,0.8138) (0.4265,1.5697)","LG+F+I{0.0046}+R4{0.0449,0.0830,0.1987,0.3123,0.3253,0.8138,0.4265,1.5697}"
PF06968,LG+I+R4,0.0000,,"(0.0784,0.0764) (0.2645,0.3703) (0.2516,0.7954) (0.4056,1.7160)","LG+I{0.0000}+R4{0.0784,0.0764,0.2645,0.3703,0.2516,0.7954,0.4056,1.7160}"
PF07005,LG+F+I+R4,0.0182,,"(0.1242,0.1272) (0.2601,0.3985) (0.2781,0.9045) (0.3194,1.9692)","LG+F+I{0.0182}+R4{0.1242,0.1272,0.2601,0.3985,0.2781,0.9045,0.3194,1.9692}"
PF07085,LG+I+G4,0.0000,2.2198,,LG+I{0.0000}+G4{2.2198}
PF07110,LG+F+I+R3,0.0000,,"(0.1027,0.2382) (0.4882,0.7281) (0.4091,1.5157)","LG+F+I{0.0000}+R3{0.1027,0.2382,0.4882,0.7281,0.4091,1.5157}"
PF07194,LG+F+I+R4,0.0055,,"(0.0936,0.1876) (0.2910,0.4454) (0.3308,1.0165) (0.2791,1.8508)","LG+F+I{0.0055}+R4{0.0936,0.1876,0.2910,0.4454,0.3308,1.0165,0.2791,1.8508}"
PF07282,LG+I+R4,0.0000,,"(0.1197,0.0988) (0.1976,0.4143) (0.3313,1.0226) (0.3514,1.6151)","LG+I{0.0000}+R4{0.1197,0.0988,0.1976,0.4143,0.3313,1.0226,0.3514,1.6151}"
PF07366,LG+F+I+G4,0.0000,2.7361,,LG+F+I{0.0000}+G4{2.7361}
PF07411,LG+I+G4,0.0000,1.3845,,LG+I{0.0000}+G4{1.3845}
PF07584,LG+F+I+G4,0.0000,1.5883,,LG+F+I{0.0000}+G4{1.5883}
PF07650,LG+I+G4,0.0093,2.8473,,LG+I{0.0093}+G4{2.8473}
PF07669,LG+F+I+R4,0.0000,,"(0.0472,0.0616) (0.1674,0.3143) (0.2722,0.7261) (0.5131,1.4554)","LG+F+I{0.0000}+R4{0.0472,0.0616,0.1674,0.3143,0.2722,0.7261,0.5131,1.4554}"
PF07670,LG+F+I+R4,0.0000,,"(0.1539,0.2975) (0.3063,0.5089) (0.2574,0.9246) (0.2825,1.9838)","LG+F+I{0.0000}+R4{0.1539,0.2975,0.3063,0.5089,0.2574,0.9246,0.2825,1.9838}"
PF07683,LG+F+I+R4,0.0000,,"(0.0430,0.0564) (0.1995,0.4336) (0.3210,0.8671) (0.4366,1.4494)","LG+F+I{0.0000}+R4{0.0430,0.0564,0.1995,0.4336,0.3210,0.8671,0.4366,1.4494}"
PF07685,LG+I+R4,0.0096,,"(0.1400,0.1288) (0.2636,0.4779) (0.3789,1.1201) (0.2078,2.0764)","LG+I{0.0096}+R4{0.1400,0.1288,0.2636,0.4779,0.3789,1.1201,0.2078,2.0764}"
PF07687,LG+I+R4,0.0000,,"(0.0747,0.1431) (0.1705,0.3843) (0.3890,0.8707) (0.3658,1.5995)","LG+I{0.0000}+R4{0.0747,0.1431,0.1705,0.3843,0.3890,0.8707,0.3658,1.5995}"
PF07705,LG+I+R4,0.0097,,"(0.0606,0.0700) (0.1333,0.3945) (0.4366,0.7983) (0.3597,1.6532)","LG+I{0.0097}+R4{0.0606,0.0700,0.1333,0.3945,0.4366,0.7983,0.3597,1.6532}"
PF07726,LG+I+G4,0.1996,1.0461,,LG+I{0.1996}+G4{1.0461}
PF07728,LG+I+G4,0.0104,2.8005,,LG+I{0.0104}+G4{2.8005}
PF07731,LG+I+R4,0.0050,,"(0.0751,0.1092) (0.1629,0.3902) (0.2895,0.7734) (0.4675,1.5066)","LG+I{0.0050}+R4{0.0751,0.1092,0.1629,0.3902,0.2895,0.7734,0.4675,1.5066}"
PF07732,LG+I+G4,0.0194,1.4852,,LG+I{0.0194}+G4{1.4852}
PF07754,JTT+G4,,0.8798,,JTT+G4{0.8798}
PF07755,LG+I+G4,0.0065,1.6239,,LG+I{0.0065}+G4{1.6239}
PF07826,LG+I+G4,0.0596,1.5437,,LG+I{0.0596}+G4{1.5437}
PF07831,LG+I+G4,0.0357,1.9612,,LG+I{0.0357}+G4{1.9612}
PF07853,LG+F+I+R4,0.0000,,"(0.0740,0.0999) (0.2556,0.5030) (0.3660,0.9670) (0.3044,1.6758)","LG+F+I{0.0000}+R4{0.0740,0.0999,0.2556,0.5030,0.3660,0.9670,0.3044,1.6758}"
PF07883,LG+I+R4,0.0000,,"(0.0324,0.0477) (0.1004,0.3206) (0.4182,0.7948) (0.4490,1.4118)","LG+I{0.0000}+R4{0.0324,0.0477,0.1004,0.3206,0.4182,0.7948,0.4490,1.4118}"
PF07969,LG+F+I+R4,0.0033,,"(0.0289,0.1431) (0.1170,0.3892) (0.5427,0.8433) (0.3080,1.5993)","LG+F+I{0.0033}+R4{0.0289,0.1431,0.1170,0.3892,0.5427,0.8433,0.3080,1.5993}"
PF07973,LG+I+G4,0.0000,0.8255,,LG+I{0.0000}+G4{0.8255}
PF07992,LG+I+R4,0.0046,,"(0.0611,0.1372) (0.2185,0.4156) (0.3428,0.8861) (0.3730,1.6007)","LG+I{0.0046}+R4{0.0611,0.1372,0.2185,0.4156,0.3428,0.8861,0.3730,1.6007}"
PF08029,LG+I+G4,0.0105,0.9231,,LG+I{0.0105}+G4{0.9231}
PF08068,LG+I+G4,0.0667,0.9849,,LG+I{0.0667}+G4{0.9849}
PF08069,LG+I+R4,0.0084,,"(0.1051,0.0195) (0.2513,0.3433) (0.4768,1.1502) (0.1585,2.2927)","LG+I{0.0084}+R4{0.1051,0.0195,0.2513,0.3433,0.4768,1.1502,0.1585,2.2927}"
PF08071,LG+I+G4,0.0419,1.9214,,LG+I{0.0419}+G4{1.9214}
PF08220,LG+I+G4,0.0680,3.1392,,LG+I{0.0680}+G4{3.1392}
PF08240,LG+I+R4,0.0000,,"(0.0743,0.0720) (0.1792,0.3900) (0.2852,0.8272) (0.4612,1.4934)","LG+I{0.0000}+R4{0.0743,0.0720,0.1792,0.3900,0.2852,0.8272,0.4612,1.4934}"
PF08241,LG+I+R4,0.0000,,"(0.1052,0.1870) (0.2438,0.4728) (0.2811,0.9316) (0.3698,1.6309)","LG+I{0.0000}+R4{0.1052,0.1870,0.2438,0.4728,0.2811,0.9316,0.3698,1.6309}"
PF08245,LG+I+R4,0.0102,,"(0.0343,0.0359) (0.1870,0.2455) (0.3034,0.6768) (0.4651,1.6073)","LG+I{0.0102}+R4{0.0343,0.0359,0.1870,0.2455,0.3034,0.6768,0.4651,1.6073}"
PF08264,LG+I+G4,0.0000,2.8159,,LG+I{0.0000}+G4{2.8159}
PF08267,LG+F+I+R4,0.0215,,"(0.1206,0.0780) (0.2326,0.3981) (0.3322,0.9415) (0.2931,1.9966)","LG+F+I{0.0215}+R4{0.1206,0.0780,0.2326,0.3981,0.3322,0.9415,0.2931,1.9966}"
PF08271,LG+I+G4,0.0743,1.7203,,LG+I{0.0743}+G4{1.7203}
PF08279,LG+I+R3,0.0000,,"(0.3531,0.3224) (0.2105,0.7794) (0.4364,1.6546)","LG+I{0.0000}+R3{0.3531,0.3224,0.2105,0.7794,0.4364,1.6546}"
PF08281,LG+I+G4,0.0000,2.1161,,LG+I{0.0000}+G4{2.1161}
PF08282,LG+F+I+R4,0.0114,,"(0.0571,0.0625) (0.1803,0.3136) (0.3991,0.7893) (0.3521,1.7746)","LG+F+I{0.0114}+R4{0.0571,0.0625,0.1803,0.3136,0.3991,0.7893,0.3521,1.7746}"
PF08298,LG+I+R2,0.0935,,"(0.7628,0.6696) (0.1438,3.4029)","LG+I{0.0935}+R2{0.7628,0.6696,0.1438,3.4029}"
PF08351,LG+I+R4,0.0124,,"(0.0473,0.0989) (0.3577,0.4437) (0.3928,0.9762) (0.1899,2.3868)","LG+I{0.0124}+R4{0.0473,0.0989,0.3577,0.4437,0.3928,0.9762,0.1899,2.3868}"
PF08423,LG+I+G4,0.1311,1.3016,,LG+I{0.1311}+G4{1.3016}
PF08438,LG+I+R4,0.0189,,"(0.0936,0.0964) (0.1852,0.3517) (0.2445,0.7405) (0.4578,1.6269)","LG+I{0.0189}+R4{0.0936,0.0964,0.1852,0.3517,0.2445,0.7405,0.4578,1.6269}"
PF08442,LG+I+G4,0.0901,1.7378,,LG+I{0.0901}+G4{1.7378}
PF08443,LG+I,0.0907,,,LG+I{0.0907}
PF08447,LG+I+R4,0.0000,,"(0.0684,0.1834) (0.2354,0.6016) (0.3662,0.9526) (0.3300,1.5061)","LG+I{0.0000}+R4{0.0684,0.1834,0.2354,0.6016,0.3662,0.9526,0.3300,1.5061}"
PF08448,LG+F+I+R3,0.0000,,"(0.0624,0.2096) (0.3636,0.6430) (0.5740,1.3120)","LG+F+I{0.0000}+R3{0.0624,0.2096,0.3636,0.6430,0.5740,1.3120}"
PF08459,LG+I+R4,0.0068,,"(0.0752,0.0613) (0.2000,0.2693) (0.3013,0.7248) (0.4167,1.7355)","LG+I{0.0068}+R4{0.0752,0.0613,0.2000,0.2693,0.3013,0.7248,0.4167,1.7355}"
PF08489,LG+I+G4,0.0285,1.4040,,LG+I{0.0285}+G4{1.4040}
PF08501,LG+I+R3,0.0285,,"(0.1223,0.0778) (0.2838,0.4273) (0.5653,1.5375)","LG+I{0.0285}+R3{0.1223,0.0778,0.2838,0.4273,0.5653,1.5375}"
PF08502,LG+I+G4,0.0111,1.5302,,LG+I{0.0111}+G4{1.5302}
PF08532,LG+I+G4,0.0000,2.0152,,LG+I{0.0000}+G4{2.0152}
PF08533,LG+I+G4,0.0168,4.4519,,LG+I{0.0168}+G4{4.4519}
PF08534,LG+I+R4,0.0000,,"(0.0176,0.1068) (0.2841,0.4827) (0.3960,0.9145) (0.3023,1.6503)","LG+I{0.0000}+R4{0.0176,0.1068,0.2841,0.4827,0.3960,0.9145,0.3023,1.6503}"
PF08540,LG+I+G4,0.0946,2.5436,,LG+I{0.0946}+G4{2.5436}
PF08542,LG+I+R4,0.0000,,"(0.0670,0.1735) (0.3872,0.5241) (0.2858,1.0433) (0.2600,1.8742)","LG+I{0.0000}+R4{0.0670,0.1735,0.3872,0.5241,0.2858,1.0433,0.2600,1.8742}"
PF08544,LG+I+R4,0.0000,,"(0.0570,0.1635) (0.2461,0.4982) (0.3250,0.8682) (0.3719,1.5755)","LG+I{0.0000}+R4{0.0570,0.1635,0.2461,0.4982,0.3250,0.8682,0.3719,1.5755}"
PF08546,LG+I+R4,0.0000,,"(0.0475,0.0887) (0.2041,0.3977) (0.3025,0.7748) (0.4459,1.5256)","LG+I{0.0000}+R4{0.0475,0.0887,0.2041,0.3977,0.3025,0.7748,0.4459,1.5256}"
PF08617,LG+I+R4,0.0000,,"(0.1254,0.1709) (0.2869,0.4512) (0.2606,0.9274) (0.3271,1.8572)","LG+I{0.0000}+R4{0.1254,0.1709,0.2869,0.4512,0.2606,0.9274,0.3271,1.8572}"
PF08663,LG+F+I+G4,0.0000,3.1670,,LG+F+I{0.0000}+G4{3.1670}
PF08666,LG+I+G4,0.0000,2.4780,,LG+I{0.0000}+G4{2.4780}
PF08669,LG+F+I+G4,0.0000,1.9376,,LG+F+I{0.0000}+G4{1.9376}
PF08676,LG+I+G4,0.0000,1.4135,,LG+I{0.0000}+G4{1.4135}
PF08753,LG+I+R4,0.0000,,"(0.1609,0.2433) (0.3612,0.6690) (0.3210,1.1855) (0.1569,2.1582)","LG+I{0.0000}+R4{0.1609,0.2433,0.3612,0.6690,0.3210,1.1855,0.1569,2.1582}"
PF08823,LG+I+G4,0.0367,2.7216,,LG+I{0.0367}+G4{2.7216}
PF09079,LG+I+G4,0.0000,2.9899,,LG+I{0.0000}+G4{2.9899}
PF09123,LG+I+G4,0.0111,3.1624,,LG+I{0.0111}+G4{3.1624}
PF09137,LG+F+I+R4,0.0000,,"(0.0931,0.1168) (0.2299,0.4421) (0.3604,0.8734) (0.3166,1.8088)","LG+F+I{0.0000}+R4{0.0931,0.1168,0.2299,0.4421,0.3604,0.8734,0.3166,1.8088}"
PF09173,LG+I+G4,0.0000,1.2620,,LG+I{0.0000}+G4{1.2620}
PF09180,LG+I+R4,0.0000,,"(0.1897,0.1575) (0.2298,0.4791) (0.3299,1.0725) (0.2505,2.0206)","LG+I{0.0000}+R4{0.1897,0.1575,0.2298,0.4791,0.3299,1.0725,0.2505,2.0206}"
PF09186,LG+I+G4,0.0000,2.6873,,LG+I{0.0000}+G4{2.6873}
PF09190,LG+I+G4,0.0146,1.1407,,LG+I{0.0146}+G4{1.1407}
PF09202,LG+I+G4,0.0656,2.4546,,LG+I{0.0656}+G4{2.4546}
PF09239,LG+I+G4,0.0417,1.7459,,LG+I{0.0417}+G4{1.7459}
PF09249,LG+I+G4,0.0802,1.1765,,LG+I{0.0802}+G4{1.1765}
PF09335,LG+F+I+G4,0.0000,4.3982,,LG+F+I{0.0000}+G4{4.3982}
PF09339,LG+F+I+R3,0.0000,,"(0.3539,0.3969) (0.3238,0.8619) (0.3223,1.8011)","LG+F+I{0.0000}+R3{0.3539,0.3969,0.3238,0.8619,0.3223,1.8011}"
PF09349,LG+F+I+R4,0.0138,,"(0.1107,0.1442) (0.2673,0.4763) (0.2918,1.0032) (0.3164,1.7826)","LG+F+I{0.0138}+R4{0.1107,0.1442,0.2673,0.4763,0.2918,1.0032,0.3164,1.7826}"
PF09369,LG+I+R4,0.0183,,"(0.0588,0.1333) (0.2697,0.4260) (0.2840,0.9295) (0.3692,1.6610)","LG+I{0.0183}+R4{0.0588,0.1333,0.2697,0.4260,0.2840,0.9295,0.3692,1.6610}"
PF09370,LG+I+G4,0.0475,1.0046,,LG+I{0.0475}+G4{1.0046}
PF09376,LG+F+I+R4,0.0038,,"(0.0543,0.1086) (0.2425,0.3700) (0.4639,0.8000) (0.2355,2.2640)","LG+F+I{0.0038}+R4{0.0543,0.1086,0.2425,0.3700,0.4639,0.8000,0.2355,2.2640}"
PF09377,LG+I+R4,0.0000,,"(0.1537,0.1031) (0.1596,0.2183) (0.2694,0.4475) (0.4174,1.9856)","LG+I{0.0000}+R4{0.1537,0.1031,0.1596,0.2183,0.2694,0.4475,0.4174,1.9856}"
PF09459,LG+F+I+R2,0.0029,,"(0.3379,0.4096) (0.6592,1.3070)","LG+F+I{0.0029}+R2{0.3379,0.4096,0.6592,1.3070}"
PF09851,LG+F+I+G4,0.0000,2.1003,,LG+F+I{0.0000}+G4{2.1003}
PF09883,LG+I+G4,0.0047,2.0192,,LG+I{0.0047}+G4{2.0192}
PF10006,LG+I+G4,0.0000,1.1829,,LG+I{0.0000}+G4{1.1829}
PF10069,LG+I+G4,0.0000,1.6941,,LG+I{0.0000}+G4{1.6941}
PF10120,LG+F+I+R4,0.0000,,"(0.0857,0.1534) (0.2439,0.4109) (0.3182,0.8665) (0.3523,1.7343)","LG+F+I{0.0000}+R4{0.0857,0.1534,0.2439,0.4109,0.3182,0.8665,0.3523,1.7343}"
PF10263,LG+I+G4,0.0189,1.0152,,LG+I{0.0189}+G4{1.0152}
PF10369,LG+I+G4,0.0000,1.6805,,LG+I{0.0000}+G4{1.6805}
PF10370,LG+F+I+R4,0.0089,,"(0.0230,0.0561) (0.1199,0.2888) (0.2085,0.5700) (0.6396,1.3215)","LG+F+I{0.0089}+R4{0.0230,0.0561,0.1199,0.2888,0.2085,0.5700,0.6396,1.3215}"
PF10412,LG+I+G4,0.0232,3.0927,,LG+I{0.0232}+G4{3.0927}
PF10415,LG+I+R4,0.0186,,"(0.1733,0.1567) (0.3190,0.5270) (0.3128,1.3152) (0.1762,2.2317)","LG+I{0.0186}+R4{0.1733,0.1567,0.3190,0.5270,0.3128,1.3152,0.1762,2.2317}"
PF10502,LG+I+G4,0.0098,1.2551,,LG+I{0.0098}+G4{1.2551}
PF10509,LG+I+G4,0.0000,0.8457,,LG+I{0.0000}+G4{0.8457}
PF10559,LG+I+G4,0.0458,1.4659,,LG+I{0.0458}+G4{1.4659}
PF10576,LG+I+R3,0.1495,,"(0.1484,0.0233) (0.3200,0.8355) (0.3821,1.9085)","LG+I{0.1495}+R3{0.1484,0.0233,0.3200,0.8355,0.3821,1.9085}"
PF10588,LG+I+R4,0.0154,,"(0.0923,0.0665) (0.3526,0.5937) (0.3085,0.9680) (0.2312,2.1015)","LG+I{0.0154}+R4{0.0923,0.0665,0.3526,0.5937,0.3085,0.9680,0.2312,2.1015}"
PF10589,LG+I+R4,0.0167,,"(0.0908,0.0879) (0.2778,0.4348) (0.2786,0.8727) (0.3361,1.8687)","LG+I{0.0167}+R4{0.0908,0.0879,0.2778,0.4348,0.2786,0.8727,0.3361,1.8687}"
PF10633,LG+I+G4,0.0137,5.2254,,LG+I{0.0137}+G4{5.2254}
PF10996,LG+I+R4,0.0000,,"(0.1579,0.2070) (0.2195,0.4717) (0.2486,0.9568) (0.3740,1.6736)","LG+I{0.0000}+R4{0.1579,0.2070,0.2195,0.4717,0.2486,0.9568,0.3740,1.6736}"
PF11127,LG+F+I+R4,0.0110,,"(0.0514,0.0846) (0.1871,0.3581) (0.4660,0.8283) (0.2846,1.9072)","LG+F+I{0.0110}+R4{0.0514,0.0846,0.1871,0.3581,0.4660,0.8283,0.2846,1.9072}"
PF11563,LG+I+G4,0.0000,2.3125,,LG+I{0.0000}+G4{2.3125}
PF11760,LG+I+G4,0.0000,1.1424,,LG+I{0.0000}+G4{1.1424}
PF11799,LG+I+R4,0.0000,,"(0.0719,0.2373) (0.2398,0.4799) (0.3134,0.9547) (0.3748,1.5170)","LG+I{0.0000}+R4{0.0719,0.2373,0.2398,0.4799,0.3134,0.9547,0.3748,1.5170}"
PF11941,LG+F+I+R4,0.0000,,"(0.0112,0.0396) (0.2398,0.4754) (0.3403,0.8694) (0.4087,1.4429)","LG+F+I{0.0000}+R4{0.0112,0.0396,0.2398,0.4754,0.3403,0.8694,0.4087,1.4429}"
PF11975,LG+I+R4,0.0100,,"(0.1329,0.2120) (0.2825,0.5302) (0.2525,1.0082) (0.3221,1.7620)","LG+I{0.0100}+R4{0.1329,0.2120,0.2825,0.5302,0.2525,1.0082,0.3221,1.7620}"
PF11987,LG+I+R4,0.0000,,"(0.0882,0.0902) (0.2704,0.4558) (0.3107,0.9085) (0.3307,1.7735)","LG+I{0.0000}+R4{0.0882,0.0902,0.2704,0.4558,0.3107,0.9085,0.3307,1.7735}"
PF12146,LG+I+R4,0.0078,,"(0.0440,0.0828) (0.1822,0.3827) (0.4241,0.8716) (0.3419,1.6292)","LG+I{0.0078}+R4{0.0440,0.0828,0.1822,0.3827,0.4241,0.8716,0.3419,1.6292}"
PF12158,LG+F+I+R4,0.0000,,"(0.1301,0.2611) (0.2298,0.6655) (0.2700,1.0200) (0.3701,1.4530)","LG+F+I{0.0000}+R4{0.1301,0.2611,0.2298,0.6655,0.2700,1.0200,0.3701,1.4530}"
PF12161,LG+I+G4,0.0000,1.9065,,LG+I{0.0000}+G4{1.9065}
PF12172,LG+I+R4,0.0000,,"(0.1295,0.0413) (0.0387,0.3695) (0.3724,0.7529) (0.4594,1.5236)","LG+I{0.0000}+R4{0.1295,0.0413,0.0387,0.3695,0.3724,0.7529,0.4594,1.5236}"
PF12327,LG+I+R2,0.0463,,"(0.5867,0.4667) (0.3670,1.9790)","LG+I{0.0463}+R2{0.5867,0.4667,0.3670,1.9790}"
PF12399,LG+I+R4,0.0134,,"(0.0950,0.0190) (0.2021,0.3028) (0.3274,0.9829) (0.3621,1.6990)","LG+I{0.0134}+R4{0.0950,0.0190,0.2021,0.3028,0.3274,0.9829,0.3621,1.6990}"
PF12637,LG+I+R4,0.0000,,"(0.0304,0.1090) (0.3146,0.4301) (0.4178,1.0026) (0.2372,1.8658)","LG+I{0.0000}+R4{0.0304,0.1090,0.3146,0.4301,0.4178,1.0026,0.2372,1.8658}"
PF12679,LG+F+I+R3,0.0000,,"(0.0378,0.0958) (0.4229,0.5031) (0.5393,1.4530)","LG+F+I{0.0000}+R3{0.0378,0.0958,0.4229,0.5031,0.5393,1.4530}"
PF12680,LG+F+I+R4,0.0000,,"(0.0280,0.2611) (0.1979,0.6008) (0.3128,0.8992) (0.4613,1.2845)","LG+F+I{0.0000}+R4{0.0280,0.2611,0.1979,0.6008,0.3128,0.8992,0.4613,1.2845}"
PF12697,LG+F+I+R4,0.0000,,"(0.0171,0.0981) (0.1312,0.3634) (0.3686,0.7879) (0.4831,1.3666)","LG+F+I{0.0000}+R4{0.0171,0.0981,0.1312,0.3634,0.3686,0.7879,0.4831,1.3666}"
PF12704,LG+F+I+R4,0.0000,,"(0.0336,0.2003) (0.1370,0.4540) (0.3261,0.8310) (0.5033,1.3115)","LG+F+I{0.0000}+R4{0.0336,0.2003,0.1370,0.4540,0.3261,0.8310,0.5033,1.3115}"
PF12705,LG+F+I+R4,0.0097,,"(0.0190,0.0253) (0.0666,0.2578) (0.2965,0.6349) (0.6083,1.3056)","LG+F+I{0.0097}+R4{0.0190,0.0253,0.0666,0.2578,0.2965,0.6349,0.6083,1.3056}"
PF12706,LG+F+I+R4,0.0044,,"(0.0386,0.0806) (0.1267,0.3368) (0.3529,0.7097) (0.4774,1.4742)","LG+F+I{0.0044}+R4{0.0386,0.0806,0.1267,0.3368,0.3529,0.7097,0.4774,1.4742}"
PF12715,LG+I,0.2336,,,LG+I{0.2336}
PF12724,LG+I+G4,0.0042,1.7590,,LG+I{0.0042}+G4{1.7590}
PF12760,LG+I+G4,0.0707,4.6945,,LG+I{0.0707}+G4{4.6945}
PF12762,LG+I+G4,0.0045,2.3181,,LG+I{0.0045}+G4{2.3181}
PF12804,LG+F+I+R4,0.0024,,"(0.0464,0.1317) (0.1416,0.4072) (0.2545,0.7701) (0.5551,1.3336)","LG+F+I{0.0024}+R4{0.0464,0.1317,0.1416,0.4072,0.2545,0.7701,0.5551,1.3336}"
PF12838,LG+I+R4,0.0096,,"(0.0366,0.0220) (0.2169,0.4122) (0.2822,0.7594) (0.4547,1.5296)","LG+I{0.0096}+R4{0.0366,0.0220,0.2169,0.4122,0.2822,0.7594,0.4547,1.5296}"
PF12840,LG+I+G4,0.0000,3.0896,,LG+I{0.0000}+G4{3.0896}
PF12850,LG+I+R4,0.0134,,"(0.0603,0.0431) (0.0851,0.2862) (0.3816,0.6698) (0.4596,1.5610)","LG+I{0.0134}+R4{0.0603,0.0431,0.0851,0.2862,0.3816,0.6698,0.4596,1.5610}"
PF12911,LG+F+I+R4,0.0000,,"(0.0952,0.2695) (0.1872,0.5959) (0.4001,0.9144) (0.3175,1.5651)","LG+F+I{0.0000}+R4{0.0952,0.2695,0.1872,0.5959,0.4001,0.9144,0.3175,1.5651}"
PF13023,LG+I+G4,0.0277,1.7570,,LG+I{0.0277}+G4{1.7570}
PF13085,LG+I+G4,0.0313,1.8004,,LG+I{0.0313}+G4{1.8004}
PF13086,LG+I+R4,0.0155,,"(0.0825,0.0878) (0.1700,0.2839) (0.3595,0.8258) (0.3724,1.7387)","LG+I{0.0155}+R4{0.0825,0.0878,0.1700,0.2839,0.3595,0.8258,0.3724,1.7387}"
PF13087,LG+I+R4,0.0044,,"(0.0740,0.0373) (0.1747,0.2433) (0.1576,0.6337) (0.5893,1.4506)","LG+I{0.0044}+R4{0.0740,0.0373,0.1747,0.2433,0.1576,0.6337,0.5893,1.4506}"
PF13089,LG+I+R4,0.0000,,"(0.1851,0.0740) (0.2719,0.3650) (0.2816,1.0427) (0.2614,2.2703)","LG+I{0.0000}+R4{0.1851,0.0740,0.2719,0.3650,0.2816,1.0427,0.2614,2.2703}"
PF13090,LG+I+G4,0.0505,1.1425,,LG+I{0.0505}+G4{1.1425}
PF13091,LG+I+R4,0.0000,,"(0.0638,0.0964) (0.1931,0.4416) (0.4016,0.8739) (0.3415,1.6326)","LG+I{0.0000}+R4{0.0638,0.0964,0.1931,0.4416,0.4016,0.8739,0.3415,1.6326}"
PF13180,LG+I+G4,0.0098,2.2272,,LG+I{0.0098}+G4{2.2272}
PF13183,LG+I+R4,0.0284,,"(0.0414,0.0441) (0.2059,0.4875) (0.4734,0.9329) (0.2510,1.8179)","LG+I{0.0284}+R4{0.0414,0.0441,0.2059,0.4875,0.4734,0.9329,0.2510,1.8179}"
PF13184,LG+I+G4,0.0134,1.3178,,LG+I{0.0134}+G4{1.3178}
PF13185,LG+F+I+G4,0.0000,2.9455,,LG+F+I{0.0000}+G4{2.9455}
PF13186,LG+I+R4,0.0061,,"(0.0381,0.0076) (0.0566,0.2006) (0.2801,0.6192) (0.6191,1.3163)","LG+I{0.0061}+R4{0.0381,0.0076,0.0566,0.2006,0.2801,0.6192,0.6191,1.3163}"
PF13188,LG+I+R4,0.0000,,"(0.0095,0.0270) (0.0793,0.3262) (0.3921,0.6157) (0.5191,1.4110)","LG+I{0.0000}+R4{0.0095,0.0270,0.0793,0.3262,0.3921,0.6157,0.5191,1.4110}"
PF13189,LG+I+G4,0.0000,1.8049,,LG+I{0.0000}+G4{1.8049}
PF13190,LG+F+I+R4,0.0000,,"(0.0718,0.0511) (0.1756,0.3689) (0.4542,0.9006) (0.2984,1.7509)","LG+F+I{0.0000}+R4{0.0718,0.0511,0.1756,0.3689,0.4542,0.9006,0.2984,1.7509}"
PF13191,LG+F+I+R4,0.0000,,"(0.0274,0.0864) (0.1431,0.3947) (0.3871,0.8075) (0.4424,1.4209)","LG+F+I{0.0000}+R4{0.0274,0.0864,0.1431,0.3947,0.3871,0.8075,0.4424,1.4209}"
PF13193,LG+I+R4,0.0000,,"(0.0638,0.1258) (0.3212,0.3770) (0.3578,0.9701) (0.2571,2.0369)","LG+I{0.0000}+R4{0.0638,0.1258,0.3212,0.3770,0.3578,0.9701,0.2571,2.0369}"
PF13194,LG+F+I+G4,0.0000,1.1350,,LG+F+I{0.0000}+G4{1.1350}
PF13207,LG+I+R4,0.0000,,"(0.1138,0.1522) (0.2294,0.4672) (0.3302,1.0326) (0.3265,1.6370)","LG+I{0.0000}+R4{0.1138,0.1522,0.2294,0.4672,0.3302,1.0326,0.3265,1.6370}"
PF13238,LG+I+R4,0.0000,,"(0.0280,0.0393) (0.1393,0.3174) (0.3905,0.7492) (0.4423,1.4972)","LG+I{0.0000}+R4{0.0280,0.0393,0.1393,0.3174,0.3905,0.7492,0.4423,1.4972}"
PF13241,LG+I+R4,0.0000,,"(0.1443,0.1713) (0.2168,0.3988) (0.2673,0.8702) (0.3716,1.7658)","LG+I{0.0000}+R4{0.1443,0.1713,0.2168,0.3988,0.2673,0.8702,0.3716,1.7658}"
PF13242,LG+I+R4,0.0159,,"(0.1812,0.2017) (0.2075,0.5546) (0.2594,1.0514) (0.3361,1.7129)","LG+I{0.0159}+R4{0.1812,0.2017,0.2075,0.5546,0.2594,1.0514,0.3361,1.7129}"
PF13244,LG+F+I+R4,0.0000,,"(0.1604,0.1630) (0.4324,0.6521) (0.2681,1.3372) (0.1391,2.3960)","LG+F+I{0.0000}+R4{0.1604,0.1630,0.4324,0.6521,0.2681,1.3372,0.1391,2.3960}"
PF13247,LG+I+G4,0.0174,1.0121,,LG+I{0.0174}+G4{1.0121}
PF13263,LG+I+G4,0.0156,0.8412,,LG+I{0.0156}+G4{0.8412}
PF13279,LG+I+G4,0.0000,2.6641,,LG+I{0.0000}+G4{2.6641}
PF13291,LG+I+G4,0.0120,2.3121,,LG+I{0.0120}+G4{2.3121}
PF13302,LG+F+I+R4,0.0000,,"(0.0237,0.0643) (0.1028,0.2977) (0.2892,0.6772) (0.5843,1.3213)","LG+F+I{0.0000}+R4{0.0237,0.0643,0.1028,0.2977,0.2892,0.6772,0.5843,1.3213}"
PF13307,LG+I+R4,0.0147,,"(0.0421,0.0609) (0.1640,0.2758) (0.3119,0.6777) (0.4673,1.5853)","LG+I{0.0147}+R4{0.0421,0.0609,0.1640,0.2758,0.3119,0.6777,0.4673,1.5853}"
PF13344,LG+I+R4,0.0059,,"(0.0488,0.1201) (0.2182,0.4203) (0.3538,0.8188) (0.3733,1.6412)","LG+I{0.0059}+R4{0.0488,0.1201,0.2182,0.4203,0.3538,0.8188,0.3733,1.6412}"
PF13353,LG+I+G4,0.0369,1.0032,,LG+I{0.0369}+G4{1.0032}
PF13358,LG+I+R4,0.0000,,"(0.0416,0.0369) (0.1495,0.3107) (0.4016,0.8195) (0.4073,1.5292)","LG+I{0.0000}+R4{0.0416,0.0369,0.1495,0.3107,0.4016,0.8195,0.4073,1.5292}"
PF13361,LG+F+I+G4,0.0308,1.3957,,LG+F+I{0.0308}+G4{1.3957}
PF13378,LG+F+I+R4,0.0036,,"(0.0748,0.1099) (0.1830,0.4457) (0.3536,0.8155) (0.3851,1.6151)","LG+F+I{0.0036}+R4{0.0748,0.1099,0.1830,0.4457,0.3536,0.8155,0.3851,1.6151}"
PF13380,LG+I+R4,0.0000,,"(0.1048,0.2278) (0.3001,0.5106) (0.2418,0.9638) (0.3533,1.6697)","LG+I{0.0000}+R4{0.1048,0.2278,0.3001,0.5106,0.2418,0.9638,0.3533,1.6697}"
PF13391,LG+I+R4,0.0000,,"(0.0305,0.0293) (0.0650,0.1813) (0.3088,0.4776) (0.5958,1.4097)","LG+I{0.0000}+R4{0.0305,0.0293,0.0650,0.1813,0.3088,0.4776,0.5958,1.4097}"
PF13393,LG+F+I+R4,0.0062,,"(0.0994,0.0873) (0.2488,0.3665) (0.4066,0.8577) (0.2390,2.3067)","LG+F+I{0.0062}+R4{0.0994,0.0873,0.2488,0.3665,0.4066,0.8577,0.2390,2.3067}"
PF13396,LG+F+I+R4,0.0000,,"(0.0689,0.0930) (0.0810,0.4026) (0.5121,0.9257) (0.3380,1.4405)","LG+F+I{0.0000}+R4{0.0689,0.0930,0.0810,0.4026,0.5121,0.9257,0.3380,1.4405}"
PF13401,LG+I+R4,0.0000,,"(0.0446,0.0852) (0.1528,0.3805) (0.3136,0.7431) (0.4890,1.4418)","LG+I{0.0000}+R4{0.0446,0.0852,0.1528,0.3805,0.3136,0.7431,0.4890,1.4418}"
PF13404,LG+I+G4,0.0000,1.3690,,LG+I{0.0000}+G4{1.3690}
PF13409,LG+F+I+R4,0.0070,,"(0.0208,0.1021) (0.1250,0.3251) (0.3291,0.7151) (0.5181,1.3933)","LG+F+I{0.0070}+R4{0.0208,0.1021,0.1250,0.3251,0.3291,0.7151,0.5181,1.3933}"
PF13410,LG+F+I+R4,0.0000,,"(0.0327,0.2351) (0.2061,0.4909) (0.3362,0.9091) (0.4250,1.3777)","LG+F+I{0.0000}+R4{0.0327,0.2351,0.2061,0.4909,0.3362,0.9091,0.4250,1.3777}"
PF13412,LG+I+G4,0.0000,2.1195,,LG+I{0.0000}+G4{2.1195}
PF13417,LG+I+R4,0.0000,,"(0.0585,0.0654) (0.1458,0.3633) (0.5000,0.8641) (0.2957,1.7288)","LG+I{0.0000}+R4{0.0585,0.0654,0.1458,0.3633,0.5000,0.8641,0.2957,1.7288}"
PF13420,LG+I+G4,0.0085,4.2475,,LG+I{0.0085}+G4{4.2475}
PF13426,LG+I+R4,0.0000,,"(0.0231,0.1048) (0.2153,0.4952) (0.4589,0.8817) (0.3028,1.6063)","LG+I{0.0000}+R4{0.0231,0.1048,0.2153,0.4952,0.4589,0.8817,0.3028,1.6063}"
PF13439,LG+F+I+R4,0.0030,,"(0.0804,0.1843) (0.1295,0.4119) (0.2324,0.7563) (0.5548,1.3629)","LG+F+I{0.0030}+R4{0.0804,0.1843,0.1295,0.4119,0.2324,0.7563,0.5548,1.3629}"
PF13450,LG+I+G4,0.0093,2.7494,,LG+I{0.0093}+G4{2.7494}
PF13456,LG+I+G4,0.0000,1.9587,,LG+I{0.0000}+G4{1.9587}
PF13459,LG+I+G4,0.0252,1.7202,,LG+I{0.0252}+G4{1.7202}
PF13460,LG+F+I+R4,0.0000,,"(0.1070,0.2013) (0.2150,0.4814) (0.3572,0.9964) (0.3207,1.6182)","LG+F+I{0.0000}+R4{0.1070,0.2013,0.2150,0.4814,0.3572,0.9964,0.3207,1.6182}"
PF13462,LG+I+G4,0.0202,2.9946,,LG+I{0.0202}+G4{2.9946}
PF13468,LG+F+I+R4,0.0033,,"(0.0285,0.0795) (0.1942,0.4051) (0.4820,0.9375) (0.2920,1.6001)","LG+F+I{0.0033}+R4{0.0285,0.0795,0.1942,0.4051,0.4820,0.9375,0.2920,1.6001}"
PF13472,LG+F+I+R4,0.0021,,"(0.0161,0.0279) (0.0986,0.3006) (0.2358,0.6754) (0.6474,1.2521)","LG+F+I{0.0021}+R4{0.0161,0.0279,0.0986,0.3006,0.2358,0.6754,0.6474,1.2521}"
PF13476,LG+F+I+R4,0.0000,,"(0.0555,0.1076) (0.1354,0.4018) (0.4178,0.7391) (0.3913,1.6123)","LG+F+I{0.0000}+R4{0.0555,0.1076,0.1354,0.4018,0.4178,0.7391,0.3913,1.6123}"
PF13478,LG+F+I+R4,0.0042,,"(0.0698,0.1284) (0.1785,0.3482) (0.2411,0.7078) (0.5063,1.4974)","LG+F+I{0.0042}+R4{0.0698,0.1284,0.1785,0.3482,0.2411,0.7078,0.5063,1.4974}"
PF13480,LG+F+I+R4,0.0000,,"(0.0061,0.0387) (0.0795,0.3258) (0.4852,0.7455) (0.4292,1.4263)","LG+F+I{0.0000}+R4{0.0061,0.0387,0.0795,0.3258,0.4852,0.7455,0.4292,1.4263}"
PF13482,LG+I+R4,0.0044,,"(0.1321,0.1400) (0.2701,0.5276) (0.4813,1.2135) (0.1122,2.2726)","LG+I{0.0044}+R4{0.1321,0.1400,0.2701,0.5276,0.4813,1.2135,0.1122,2.2726}"
PF13483,LG+I+G4,0.0000,1.4952,,LG+I{0.0000}+G4{1.4952}
PF13489,LG+I+G4,0.0000,2.1025,,LG+I{0.0000}+G4{2.1025}
PF13495,LG+I+G4,0.0000,3.0497,,LG+I{0.0000}+G4{3.0497}
PF13500,LG+I+G4,0.0024,2.2701,,LG+I{0.0024}+G4{2.2701}
PF13507,LG+I+R4,0.0043,,"(0.1041,0.0680) (0.3162,0.3458) (0.2557,0.8472) (0.3197,2.0860)","LG+I{0.0043}+R4{0.1041,0.0680,0.3162,0.3458,0.2557,0.8472,0.3197,2.0860}"
PF13508,LG+F+I+R4,0.0000,,"(0.0676,0.1870) (0.0965,0.4706) (0.4056,0.8492) (0.4303,1.3887)","LG+F+I{0.0000}+R4{0.0676,0.1870,0.0965,0.4706,0.4056,0.8492,0.4303,1.3887}"
PF13510,LG+I+G4,0.0000,1.6293,,LG+I{0.0000}+G4{1.6293}
PF13519,LG+I+R4,0.0000,,"(0.0320,0.0885) (0.1171,0.3712) (0.2903,0.7223) (0.5606,1.3271)","LG+I{0.0000}+R4{0.0320,0.0885,0.1171,0.3712,0.2903,0.7223,0.5606,1.3271}"
PF13522,LG+I+G4,0.0056,1.3389,,LG+I{0.0056}+G4{1.3389}
PF13523,LG+F+I+R4,0.0047,,"(0.0681,0.0937) (0.2057,0.4236) (0.4198,0.8926) (0.3017,1.7625)","LG+F+I{0.0047}+R4{0.0681,0.0937,0.2057,0.4236,0.4198,0.8926,0.3017,1.7625}"
PF13527,LG+I+G4,0.0000,2.0951,,LG+I{0.0000}+G4{2.0951}
PF13530,LG+F+I+R4,0.0000,,"(0.0402,0.1603) (0.2213,0.4601) (0.3061,0.8303) (0.4323,1.4746)","LG+F+I{0.0000}+R4{0.0402,0.1603,0.2213,0.4601,0.3061,0.8303,0.4323,1.4746}"
PF13537,LG+I+R4,0.0047,,"(0.1144,0.0605) (0.2886,0.3386) (0.2804,0.9282) (0.3120,2.0358)","LG+I{0.0047}+R4{0.1144,0.0605,0.2886,0.3386,0.2804,0.9282,0.3120,2.0358}"
PF13549,LG+I+R4,0.0033,,"(0.1141,0.1584) (0.3005,0.4637) (0.3115,0.9457) (0.2706,2.0252)","LG+I{0.0033}+R4{0.1141,0.1584,0.3005,0.4637,0.3115,0.9457,0.2706,2.0252}"
PF13551,LG+I+G4,0.0000,5.6617,,LG+I{0.0000}+G4{5.6617}
PF13559,LG+F+I+R4,0.0000,,"(0.0274,0.1384) (0.2702,0.4600) (0.3003,0.9260) (0.4022,1.4766)","LG+F+I{0.0000}+R4{0.0274,0.1384,0.2702,0.4600,0.3003,0.9260,0.4022,1.4766}"
PF13560,LG+F+I+G4,0.0000,2.2038,,LG+F+I{0.0000}+G4{2.2038}
PF13561,LG+F+I+R4,0.0069,,"(0.1415,0.1535) (0.2486,0.4998) (0.2984,0.9886) (0.3045,1.8357)","LG+F+I{0.0069}+R4{0.1415,0.1535,0.2486,0.4998,0.2984,0.9886,0.3045,1.8357}"
PF13565,LG+F+I+R4,0.0000,,"(0.0807,0.2785) (0.1739,0.5285) (0.2846,0.9000) (0.4608,1.3660)","LG+F+I{0.0000}+R4{0.0807,0.2785,0.1739,0.5285,0.2846,0.9000,0.4608,1.3660}"
PF13582,LG+I+G4,0.0290,2.2801,,LG+I{0.0290}+G4{2.2801}
PF13589,LG+I+R3,0.0158,,"(0.0886,0.0862) (0.4750,0.5134) (0.4206,1.7796)","LG+I{0.0158}+R3{0.0886,0.0862,0.4750,0.5134,0.4206,1.7796}"
PF13592,LG+I+G4,0.0000,2.6048,,LG+I{0.0000}+G4{2.6048}
PF13602,LG+I+R4,0.0000,,"(0.0461,0.1132) (0.2068,0.4297) (0.3978,0.8913) (0.3494,1.5783)","LG+I{0.0000}+R4{0.0461,0.1132,0.2068,0.4297,0.3978,0.8913,0.3494,1.5783}"
PF13607,LG+F+I+R4,0.0000,,"(0.1153,0.1743) (0.2214,0.5001) (0.3776,0.9519) (0.2857,1.7842)","LG+F+I{0.0000}+R4{0.1153,0.1743,0.2214,0.5001,0.3776,0.9519,0.2857,1.7842}"
PF13614,LG+I+G4,0.0624,1.4207,,LG+I{0.0624}+G4{1.4207}
PF13631,LG+F+I+G4,0.0058,2.2978,,LG+F+I{0.0058}+G4{2.2978}
PF13632,LG+F+I+R4,0.0000,,"(0.0549,0.1014) (0.2542,0.3215) (0.3809,0.7560) (0.3100,2.0153)","LG+F+I{0.0000}+R4{0.0549,0.1014,0.2542,0.3215,0.3809,0.7560,0.3100,2.0153}"
PF13649,LG+I+R4,0.0115,,"(0.1460,0.2353) (0.3276,0.6149) (0.1923,1.0508) (0.3226,1.7423)","LG+I{0.0115}+R4{0.1460,0.2353,0.3276,0.6149,0.1923,1.0508,0.3226,1.7423}"
PF13656,LG+I+R4,0.0000,,"(0.0868,0.0865) (0.2357,0.4528) (0.3890,0.8600) (0.2885,1.9109)","LG+I{0.0000}+R4{0.0868,0.0865,0.2357,0.4528,0.3890,0.8600,0.2885,1.9109}"
PF13660,LG+I+R4,0.0166,,"(0.1002,0.0842) (0.2243,0.3912) (0.2215,0.8147) (0.4375,1.6535)","LG+I{0.0166}+R4{0.1002,0.0842,0.2243,0.3912,0.2215,0.8147,0.4375,1.6535}"
PF13662,LG+I+G4,0.0093,1.7205,,LG+I{0.0093}+G4{1.7205}
PF13673,LG+I+R3,0.0000,,"(0.0970,0.1449) (0.4054,0.6324) (0.4976,1.4661)","LG+I{0.0000}+R3{0.0970,0.1449,0.4054,0.6324,0.4976,1.4661}"
PF13690,LG+I+R4,0.0000,,"(0.0315,0.0313) (0.2863,0.4228) (0.3204,0.8266) (0.3618,1.6945)","LG+I{0.0000}+R4{0.0315,0.0313,0.2863,0.4228,0.3204,0.8266,0.3618,1.6945}"
PF13692,LG+I+R4,0.0000,,"(0.1464,0.2671) (0.2655,0.5479) (0.2520,1.0049) (0.3361,1.6728)","LG+I{0.0000}+R4{0.1464,0.2671,0.2655,0.5479,0.2520,1.0049,0.3361,1.6728}"
PF13714,LG+F+I+R4,0.0149,,"(0.1199,0.1296) (0.2040,0.4278) (0.2703,0.8389) (0.3909,1.7151)","LG+F+I{0.0149}+R4{0.1199,0.1296,0.2040,0.4278,0.2703,0.8389,0.3909,1.7151}"
PF13732,LG+I+R4,0.0078,,"(0.1082,0.1796) (0.2270,0.5209) (0.3749,1.0114) (0.2822,1.7123)","LG+I{0.0078}+R4{0.1082,0.1796,0.2270,0.5209,0.3749,1.0114,0.2822,1.7123}"
PF13740,LG+I+G4,0.0081,2.7685,,LG+I{0.0081}+G4{2.7685}
PF13750,LG+I+G4,0.0428,3.2870,,LG+I{0.0428}+G4{3.2870}
PF13793,LG+I+G4,0.0065,1.1579,,LG+I{0.0065}+G4{1.1579}
PF13840,LG+I+G4,0.0000,1.4517,,LG+I{0.0000}+G4{1.4517}
PF13847,LG+I+G4,0.0000,1.8263,,LG+I{0.0000}+G4{1.8263}
PF13977,LG+F+I+G4,0.0073,3.5085,,LG+F+I{0.0073}+G4{3.5085}
PF14258,LG+F+I+R4,0.0000,,"(0.0173,0.1110) (0.1599,0.3524) (0.3080,0.7360) (0.5147,1.3891)","LG+F+I{0.0000}+R4{0.0173,0.1110,0.1599,0.3524,0.3080,0.7360,0.5147,1.3891}"
PF14470,LG+I+R2,0.0000,,"(0.1893,0.2928) (0.8107,1.1651)","LG+I{0.0000}+R2{0.1893,0.2928,0.8107,1.1651}"
PF14492,LG+I+G4,0.0000,1.8100,,LG+I{0.0000}+G4{1.8100}
PF14520,LG+I+G4,0.0000,2.0960,,LG+I{0.0000}+G4{2.0960}
PF14535,LG+I+R4,0.0000,,"(0.1486,0.0884) (0.3079,0.4735) (0.3174,1.1045) (0.2261,2.1692)","LG+I{0.0000}+R4{0.1486,0.0884,0.3079,0.4735,0.3174,1.1045,0.2261,2.1692}"
PF14551,LG+I+G4,0.0000,1.9912,,LG+I{0.0000}+G4{1.9912}
PF14578,LG+I+G4,0.0004,1.2791,,LG+I{0.0004}+G4{1.2791}
PF14601,LG+I+G4,0.0000,1.7114,,LG+I{0.0000}+G4{1.7114}
PF14606,LG+I+G4,0.0592,2.0995,,LG+I{0.0592}+G4{2.0995}
PF14681,LG+I+G4,0.0123,1.6881,,LG+I{0.0123}+G4{1.6881}
PF14698,LG+I+R4,0.0000,,"(0.1375,0.0732) (0.1933,0.3809) (0.2957,0.8651) (0.3735,1.7684)","LG+I{0.0000}+R4{0.1375,0.0732,0.1933,0.3809,0.2957,0.8651,0.3735,1.7684}"
PF14716,LG+I+G4,0.0000,2.4249,,LG+I{0.0000}+G4{2.4249}
PF14748,LG+I+G4,0.0000,1.0604,,LG+I{0.0000}+G4{1.0604}
PF14805,LG+I+R4,0.0101,,"(0.2326,0.1378) (0.1973,0.4541) (0.1849,1.0099) (0.3751,1.8438)","LG+I{0.0101}+R4{0.2326,0.1378,0.1973,0.4541,0.1849,1.0099,0.3751,1.8438}"
PF14810,LG+I+G4,0.0000,1.7179,,LG+I{0.0000}+G4{1.7179}
PF14824,LG+I+G4,0.0013,0.9993,,LG+I{0.0013}+G4{0.9993}
PF15915,LG+F+I+R4,0.0000,,"(0.0499,0.2245) (0.2918,0.5982) (0.4264,1.0225) (0.2319,1.6310)","LG+F+I{0.0000}+R4{0.0499,0.2245,0.2918,0.5982,0.4264,1.0225,0.2319,1.6310}"
PF16203,LG+I+G4,0.1360,0.7398,,LG+I{0.1360}+G4{0.7398}
PF16363,LG+I+R4,0.0147,,"(0.2122,0.1436) (0.2913,0.5078) (0.2871,1.1911) (0.1946,2.4644)","LG+I{0.0147}+R4{0.2122,0.1436,0.2913,0.5078,0.2871,1.1911,0.1946,2.4644}"
PF16450,LG+I+G4,0.0000,2.1310,,LG+I{0.0000}+G4{2.1310}
PF16582,LG+F+I+G4,0.0456,2.0054,,LG+F+I{0.0456}+G4{2.0054}
PF16886,LG+F+I+R4,0.0000,,"(0.1970,0.1669) (0.2232,0.5593) (0.3031,1.0988) (0.2767,1.8407)","LG+F+I{0.0000}+R4{0.1970,0.1669,0.2232,0.5593,0.3031,1.0988,0.2767,1.8407}"
PF16916,LG+I+R4,0.0000,,"(0.1231,0.1792) (0.3661,0.5228) (0.2989,1.1374) (0.2120,2.1071)","LG+I{0.0000}+R4{0.1231,0.1792,0.3661,0.5228,0.2989,1.1374,0.2120,2.1071}"
PF17042,LG+F+I+R4,0.0262,,"(0.0773,0.0783) (0.2509,0.3567) (0.3615,0.9524) (0.2841,1.9717)","LG+F+I{0.0262}+R4{0.0773,0.0783,0.2509,0.3567,0.3615,0.9524,0.2841,1.9717}"
PF17146,LG+I+R4,0.0319,,"(0.0893,0.1020) (0.2351,0.4117) (0.3537,0.9532) (0.2900,1.9205)","LG+I{0.0319}+R4{0.0893,0.1020,0.2351,0.4117,0.3537,0.9532,0.2900,1.9205}"
PF17147,LG+I+G4,0.0273,1.8803,,LG+I{0.0273}+G4{1.8803}
PF17207,LG+I+R4,0.0055,,"(0.0669,0.0229) (0.1929,0.3408) (0.3553,0.7539) (0.3795,1.7520)","LG+I{0.0055}+R4{0.0669,0.0229,0.1929,0.3408,0.3553,0.7539,0.3795,1.7520}"
PF17214,LG+I+G4,0.0116,1.2719,,LG+I{0.0116}+G4{1.2719}
PF17391,LG+I+G4,0.0558,0.9615,,LG+I{0.0558}+G4{0.9615}
PF17392,LG+I+G4,0.0616,0.7136,,LG+I{0.0616}+G4{0.7136}
PF17396,LG+I+G4,0.0000,2.0723,,LG+I{0.0000}+G4{2.0723}
PF17648,LG+F+I+R4,0.0000,,"(0.0613,0.1124) (0.3490,0.4642) (0.3075,0.9631) (0.2821,1.8959)","LG+F+I{0.0000}+R4{0.0613,0.1124,0.3490,0.4642,0.3075,0.9631,0.2821,1.8959}"
PF17668,LG+F+I+R4,0.0000,,"(0.0974,0.2217) (0.2195,0.5341) (0.3628,0.9462) (0.3203,1.6167)","LG+F+I{0.0000}+R4{0.0974,0.2217,0.2195,0.5341,0.3628,0.9462,0.3203,1.6167}"
PF17676,LG+I+R4,0.0000,,"(0.1129,0.1353) (0.3003,0.5392) (0.3209,1.0087) (0.2660,1.8766)","LG+I{0.0000}+R4{0.1129,0.1353,0.3003,0.5392,0.3209,1.0087,0.2660,1.8766}"
PF17746,LG+I+G4,0.0312,1.4984,,LG+I{0.0312}+G4{1.4984}
PF17755,LG+F+I+R4,0.0080,,"(0.1364,0.2512) (0.1817,0.5564) (0.3266,0.9790) (0.3473,1.5689)","LG+F+I{0.0080}+R4{0.1364,0.2512,0.1817,0.5564,0.3266,0.9790,0.3473,1.5689}"
PF17757,LG+I+G4,0.0000,1.3946,,LG+I{0.0000}+G4{1.3946}
PF17759,LG+I+R4,0.0000,,"(0.0516,0.0961) (0.1277,0.3172) (0.3289,0.6555) (0.4918,1.5025)","LG+I{0.0000}+R4{0.0516,0.0961,0.1277,0.3172,0.3289,0.6555,0.4918,1.5025}"
PF17760,LG+I+G4,0.0088,1.6472,,LG+I{0.0088}+G4{1.6472}
PF17763,LG+I+G4,0.0000,1.5631,,LG+I{0.0000}+G4{1.5631}
PF17769,LG+I+R4,0.0734,,"(0.0870,0.0854) (0.1042,0.3381) (0.2456,0.8021) (0.4898,1.5522)","LG+I{0.0734}+R4{0.0870,0.0854,0.1042,0.3381,0.2456,0.8021,0.4898,1.5522}"
PF17777,LG+I+G4,0.0415,3.3088,,LG+I{0.0415}+G4{3.3088}
PF17805,LG+I+G4,0.0179,1.2306,,LG+I{0.0179}+G4{1.2306}
PF17820,LG+I+G4,0.0000,1.9804,,LG+I{0.0000}+G4{1.9804}
PF17835,LG+I+G4,0.0136,4.0984,,LG+I{0.0136}+G4{4.0984}
PF17855,LG+I+G4,0.0101,1.3855,,LG+I{0.0101}+G4{1.3855}
PF17862,LG+I+G4,0.0000,1.7578,,LG+I{0.0000}+G4{1.7578}
PF17863,LG+I+R4,0.0000,,"(0.0619,0.0748) (0.3162,0.4687) (0.2722,0.9914) (0.3497,1.6508)","LG+I{0.0000}+R4{0.0619,0.0748,0.3162,0.4687,0.2722,0.9914,0.3497,1.6508}"
PF17884,LG+I+G4,0.0653,1.0443,,LG+I{0.0653}+G4{1.0443}
PF17886,LG+I+G4,0.0081,1.6272,,LG+I{0.0081}+G4{1.6272}
PF17912,LG+I+R4,0.0627,,"(0.0797,0.0427) (0.1508,0.4360) (0.1760,0.8553) (0.5308,1.4701)","LG+I{0.0627}+R4{0.0797,0.0427,0.1508,0.4360,0.1760,0.8553,0.5308,1.4701}"
PF17941,LG+I+R4,0.0128,,"(0.1987,0.0789) (0.2845,0.4734) (0.2767,1.1220) (0.2273,2.3726)","LG+I{0.0128}+R4{0.1987,0.0789,0.2845,0.4734,0.2767,1.1220,0.2273,2.3726}"
PF17954,LG+I+G4,0.0104,1.5749,,LG+I{0.0104}+G4{1.5749}
PF17963,LG+F+I+R4,0.0000,,"(0.0472,0.1926) (0.1281,0.4546) (0.3231,0.7773) (0.5016,1.3588)","LG+F+I{0.0000}+R4{0.0472,0.1926,0.1281,0.4546,0.3231,0.7773,0.5016,1.3588}"
PF18000,LG+I+G4,0.0390,2.3333,,LG+I{0.0390}+G4{2.3333}
PF18009,JTT+G4,,1.1449,,JTT+G4{1.1449}
PF18019,LG+F+I+R4,0.0262,,"(0.0511,0.0920) (0.1266,0.2870) (0.2219,0.6802) (0.5743,1.4070)","LG+F+I{0.0262}+R4{0.0511,0.0920,0.1266,0.2870,0.2219,0.6802,0.5743,1.4070}"
PF18069,LG+F+I+G4,0.0510,1.8462,,LG+F+I{0.0510}+G4{1.8462}
PF18072,LG+I+R4,0.0389,,"(0.1145,0.0676) (0.2926,0.2639) (0.1982,1.0594) (0.3557,1.9821)","LG+I{0.0389}+R4{0.1145,0.0676,0.2926,0.2639,0.1982,1.0594,0.3557,1.9821}"
PF18079,LG+F+I+R2,0.0000,,"(0.2454,0.2130) (0.7546,1.2559)","LG+F+I{0.0000}+R2{0.2454,0.2130,0.7546,1.2559}"
PF18093,LG+I+G4,0.0117,1.7034,,LG+I{0.0117}+G4{1.7034}
PF18135,LG+I+R4,0.0040,,"(0.0878,0.1443) (0.2084,0.3949) (0.3075,0.7882) (0.3924,1.6889)","LG+I{0.0040}+R4{0.0878,0.1443,0.2084,0.3949,0.3075,0.7882,0.3924,1.6889}"
PF18195,LG+I+R2,0.0831,,"(0.3249,0.3846) (0.5920,1.4781)","LG+I{0.0831}+R2{0.3249,0.3846,0.5920,1.4781}"
PF18267,LG+I+G4,0.0653,2.5029,,LG+I{0.0653}+G4{2.5029}
PF18317,LG+I+G4,0.0588,1.8211,,LG+I{0.0588}+G4{1.8211}
PF18376,LG+I+G4,0.0488,0.9545,,LG+I{0.0488}+G4{0.9545}
PF18446,LG+I+G4,0.0280,1.8108,,LG+I{0.0280}+G4{1.8108}
PF18458,LG+F+I+G4,0.0275,1.3491,,LG+F+I{0.0275}+G4{1.3491}
PF18477,LG+I+R2,0.0328,,"(0.4832,0.2977) (0.4840,1.7690)","LG+I{0.0328}+R2{0.4832,0.2977,0.4840,1.7690}"
PF18545,LG+F+I+G4,0.0000,1.7573,,LG+F+I{0.0000}+G4{1.7573}
PF18884,LG+I+G4,0.2168,1.7649,,LG+I{0.2168}+G4{1.7649}
PF18902,LG+F+I+R4,0.0221,,"(0.0675,0.1146) (0.2980,0.4467) (0.2925,1.0844) (0.3199,1.6942)","LG+F+I{0.0221}+R4{0.0675,0.1146,0.2980,0.4467,0.2925,1.0844,0.3199,1.6942}"
PF18913,LG+I+G4,0.0047,1.4366,,LG+I{0.0047}+G4{1.4366}
PF19045,LG+I,0.3841,,,LG+I{0.3841}
PF19102,LG+F+I+G4,0.0000,2.5381,,LG+F+I{0.0000}+G4{2.5381}
PF19134,LG+I+R3,0.0000,,"(0.1944,0.0441) (0.3436,0.7260) (0.4620,1.6060)","LG+I{0.0000}+R3{0.1944,0.0441,0.3436,0.7260,0.4620,1.6060}"
PF19138,LG+F+I+R4,0.0064,,"(0.1486,0.1770) (0.3394,0.5214) (0.3705,1.3125) (0.1350,2.2992)","LG+F+I{0.0064}+R4{0.1486,0.1770,0.3394,0.5214,0.3705,1.3125,0.1350,2.2992}"
PF19275,LG+I+G4,0.0344,1.5000,,LG+I{0.0344}+G4{1.5000}
PF19278,LG+I+G4,0.0107,0.8067,,LG+I{0.0107}+G4{0.8067}
PF19294,LG+F+I+G4,0.0334,1.2146,,LG+F+I{0.0334}+G4{1.2146}
PF19302,LG+I+G4,0.0419,1.1333,,LG+I{0.0419}+G4{1.1333}
PF19303,LG+F+I+G4,0.0836,0.9466,,LG+F+I{0.0836}+G4{0.9466}
PF19304,LG+I+R4,0.0154,,"(0.1383,0.1754) (0.3872,0.6029) (0.3081,1.2151) (0.1509,2.4373)","LG+I{0.0154}+R4{0.1383,0.1754,0.3872,0.6029,0.3081,1.2151,0.1509,2.4373}"
PF19305,LG+F+I+R4,0.0052,,"(0.0453,0.1088) (0.2756,0.3720) (0.3113,0.8111) (0.3627,1.7649)","LG+F+I{0.0052}+R4{0.0453,0.1088,0.2756,0.3720,0.3113,0.8111,0.3627,1.7649}"
PF19306,LG+I+R4,0.0280,,"(0.0683,0.0913) (0.3820,0.4910) (0.3709,1.1946) (0.1508,2.4084)","LG+I{0.0280}+R4{0.0683,0.0913,0.3820,0.4910,0.3709,1.1946,0.1508,2.4084}"
PF19502,LG+I+G4,0.0401,3.0267,,LG+I{0.0401}+G4{3.0267}
PF19575,LG+I+G4,0.0648,0.7235,,LG+I{0.0648}+G4{0.7235}
PF19810,LG+I+G4,0.0062,1.4007,,LG+I{0.0062}+G4{1.4007}
PF20068,LG+F+I+G4,0.0204,1.1883,,LG+F+I{0.0204}+G4{1.1883}
PF20143,LG+I+G4,0.0000,1.4088,,LG+I{0.0000}+G4{1.4088}
PF20256,LG+I+R4,0.0000,,"(0.0878,0.1319) (0.3106,0.5205) (0.2655,0.9609) (0.3361,1.7009)","LG+I{0.0000}+R4{0.0878,0.1319,0.3106,0.5205,0.2655,0.9609,0.3361,1.7009}"
PF20257,LG+I+R4,0.0075,,"(0.0989,0.1077) (0.2011,0.3541) (0.2109,0.7301) (0.4815,1.5869)","LG+I{0.0075}+R4{0.0989,0.1077,0.2011,0.3541,0.2109,0.7301,0.4815,1.5869}"
PF20268,LG+I+G4,0.0000,3.6276,,LG+I{0.0000}+G4{3.6276}
PF20398,LG+I,0.3712,,,LG+I{0.3712}
PF20434,LG+I+G4,0.0215,1.3680,,LG+I{0.0215}+G4{1.3680}
PF20436,LG+I+R4,0.0135,,"(0.1287,0.1980) (0.3699,0.5738) (0.3196,1.1794) (0.1683,2.2895)","LG+I{0.0135}+R4{0.1287,0.1980,0.3699,0.5738,0.3196,1.1794,0.1683,2.2895}"
PF20501,LG+I+G4,0.1186,0.7299,,LG+I{0.1186}+G4{0.7299}
PF20576,LG+I+G4,0.2044,1.0932,,LG+I{0.2044}+G4{1.0932}
PF20629,LG+I+G4,0.0539,1.0026,,LG+I{0.0539}+G4{1.0026}
PF20766,LG+I+G4,0.0341,1.9385,,LG+I{0.0341}+G4{1.9385}
PF20768,LG+I+G4,0.0500,1.2544,,LG+I{0.0500}+G4{1.2544}
PF20906,LG+I+R4,0.0069,,"(0.1066,0.1482) (0.2954,0.4940) (0.3315,0.9815) (0.2596,1.9756)","LG+I{0.0069}+R4{0.1066,0.1482,0.2954,0.4940,0.3315,0.9815,0.2596,1.9756}"
PF20974,LG+I+G4,0.0204,1.6227,,LG+I{0.0204}+G4{1.6227}
PF20979,LG+I+G4,0.0880,2.0257,,LG+I{0.0880}+G4{2.0257}
PF21003,LG+I,0.1171,,,LG+I{0.1171}
PF21011,LG+F+I+G4,0.0133,0.8050,,LG+F+I{0.0133}+G4{0.8050}
PF21082,LG+I+G4,0.0000,4.3423,,LG+I{0.0000}+G4{4.3423}
PF21088,LG+F+I+G4,0.0000,1.9197,,LG+F+I{0.0000}+G4{1.9197}
PF21120,LG+I+G4,0.0255,2.1753,,LG+I{0.0255}+G4{2.1753}
PF21133,LG+I+G4,0.0412,2.5687,,LG+I{0.0412}+G4{2.5687}
PF21180,LG+I+G4,0.0164,1.2312,,LG+I{0.0164}+G4{1.2312}
PF21210,LG+I,0.0711,,,LG+I{0.0711}
PF21238,LG+I+R3,0.1082,,"(0.1658,0.1465) (0.3285,0.7412) (0.3975,1.8420)","LG+I{0.1082}+R3{0.1658,0.1465,0.3285,0.7412,0.3975,1.8420}"
PF21280,LG+F+I+G4,0.0361,1.3175,,LG+F+I{0.0361}+G4{1.3175}
PF21344,LG+I+G4,0.0493,1.3776,,LG+I{0.0493}+G4{1.3776}
PF21349,LG+I+R4,0.0328,,"(0.2056,0.0924) (0.2303,0.6337) (0.3580,1.2971) (0.1733,2.1388)","LG+I{0.0328}+R4{0.2056,0.0924,0.2303,0.6337,0.3580,1.2971,0.1733,2.1388}"
PF21476,LG+I+G4,0.0000,1.9866,,LG+I{0.0000}+G4{1.9866}
PF21478,LG+I+G4,0.1261,0.8101,,LG+I{0.1261}+G4{0.8101}
PF21485,LG+I+G4,0.0733,1.0373,,LG+I{0.0733}+G4{1.0373}
PF21570,LG+I+G4,0.0504,0.9398,,LG+I{0.0504}+G4{0.9398}
PF21571,LG+I+G4,0.0464,1.2406,,LG+I{0.0464}+G4{1.2406}
PF21763,LG+I+G4,0.0001,0.9841,,LG+I{0.0001}+G4{0.9841}
PF21800,LG+I+G4,0.0000,1.0995,,LG+I{0.0000}+G4{1.0995}
PF21948,LG+I+R4,0.0032,,"(0.1186,0.1709) (0.2795,0.5113) (0.3011,1.0365) (0.2976,1.7633)","LG+I{0.0032}+R4{0.1186,0.1709,0.2795,0.5113,0.3011,1.0365,0.2976,1.7633}"
PF21960,LG+I+G4,0.0181,1.3168,,LG+I{0.0181}+G4{1.3168}
PF21965,LG+F+I+G4,0.0104,0.9876,,LG+F+I{0.0104}+G4{0.9876}
PF21999,LG+I+G4,0.0150,0.9240,,LG+I{0.0150}+G4{0.9240}
PF22023,LG+I+G4,0.0225,1.5708,,LG+I{0.0225}+G4{1.5708}
PF22025,LG+I+G4,0.0103,0.8900,,LG+I{0.0103}+G4{0.8900}
PF22039,LG+I+R4,0.0142,,"(0.1519,0.2302) (0.2085,0.5438) (0.2564,1.0778) (0.3690,1.5591)","LG+I{0.0142}+R4{0.1519,0.2302,0.2085,0.5438,0.2564,1.0778,0.3690,1.5591}"
PF22082,LG+I+G4,0.0693,0.9197,,LG+I{0.0693}+G4{0.9197}
PF22085,LG+F+I+G4,0.0210,1.0413,,LG+F+I{0.0210}+G4{1.0413}
PF22090,LG+I,0.0592,,,LG+I{0.0592}
PF22199,LG+I+G4,0.0419,0.9282,,LG+I{0.0419}+G4{0.9282}
PF22352,LG+I+R3,0.0004,,"(0.1113,0.1888) (0.3667,0.6501) (0.5215,1.4200)","LG+I{0.0004}+R3{0.1113,0.1888,0.3667,0.6501,0.5215,1.4200}"
PF22451,LG+I+G4,0.0418,1.3998,,LG+I{0.0418}+G4{1.3998}
PF22458,LG+I+R4,0.0000,,"(0.0716,0.0385) (0.2505,0.3226) (0.3644,0.9201) (0.3135,1.8540)","LG+I{0.0000}+R4{0.0716,0.0385,0.2505,0.3226,0.3644,0.9201,0.3135,1.8540}"
PF22468,LG+I+R4,0.0000,,"(0.4550,0.3315) (0.2760,0.8692) (0.1711,1.7186) (0.0979,3.2195)","LG+I{0.0000}+R4{0.4550,0.3315,0.2760,0.8692,0.1711,1.7186,0.0979,3.2195}"
PF22505,LG+I+G4,0.0553,0.9717,,LG+I{0.0553}+G4{0.9717}
PF22578,LG+I+G4,0.0945,1.7893,,LG+I{0.0945}+G4{1.7893}
PF22580,LG+F+I+G4,0.0187,1.0831,,LG+F+I{0.0187}+G4{1.0831}
PF22590,LG+I+R4,0.0238,,"(0.1307,0.0739) (0.1988,0.2980) (0.1774,0.6525) (0.4692,1.7377)","LG+I{0.0238}+R4{0.1307,0.0739,0.1988,0.2980,0.1774,0.6525,0.4692,1.7377}"
PF22594,LG+I+R4,0.0000,,"(0.1716,0.2998) (0.2730,0.6231) (0.2822,1.0947) (0.2731,1.7190)","LG+I{0.0000}+R4{0.1716,0.2998,0.2730,0.6231,0.2822,1.0947,0.2731,1.7190}"
PF22617,LG+I+G4,0.0624,0.9066,,LG+I{0.0624}+G4{0.9066}
PF22626,LG+I+G4,0.0504,1.7796,,LG+I{0.0504}+G4{1.7796}
PF22627,,,,,
PF22629,LG+I+G4,0.0001,1.1178,,LG+I{0.0001}+G4{1.1178}
PF22640,LG+I+G4,0.0000,2.0804,,LG+I{0.0000}+G4{2.0804}
PF22641,LG+I+G4,0.0560,1.8075,,LG+I{0.0560}+G4{1.8075}
PF22660,LG+I+G4,0.0479,1.5089,,LG+I{0.0479}+G4{1.5089}
PF22665,LG+F+I+G4,0.0078,2.0439,,LG+F+I{0.0078}+G4{2.0439}
PF22691,LG+I+R4,0.0100,,"(0.1229,0.1342) (0.4303,0.6118) (0.3140,1.2947) (0.1228,2.5550)","LG+I{0.0100}+R4{0.1229,0.1342,0.4303,0.6118,0.3140,1.2947,0.1228,2.5550}"
PF22698,LG+I+R4,0.0180,,"(0.1036,0.1070) (0.2205,0.4303) (0.2991,0.8365) (0.3588,1.7943)","LG+I{0.0180}+R4{0.1036,0.1070,0.2205,0.4303,0.2991,0.8365,0.3588,1.7943}"
PF22700,LG+I+R4,0.0324,,"(0.1883,0.0511) (0.2317,0.3293) (0.2258,0.9793) (0.3218,2.1536)","LG+I{0.0324}+R4{0.1883,0.0511,0.2317,0.3293,0.2258,0.9793,0.3218,2.1536}"
PF22703,LG+I+R2,0.0310,,"(0.3959,0.2846) (0.5732,1.5482)","LG+I{0.0310}+R2{0.3959,0.2846,0.5732,1.5482}"
PF22725,LG+F+I+R4,0.0000,,"(0.0231,0.0962) (0.2344,0.4468) (0.3274,0.8090) (0.4151,1.5133)","LG+F+I{0.0000}+R4{0.0231,0.0962,0.2344,0.4468,0.3274,0.8090,0.4151,1.5133}"
PF22742,LG+F+I+G4,0.0272,1.1978,,LG+F+I{0.0272}+G4{1.1978}
PF22763,LG+I+G4,0.0000,1.0420,,LG+I{0.0000}+G4{1.0420}
PF22769,LG+I+R4,0.0000,,"(0.0741,0.1282) (0.3974,0.4801) (0.2360,0.9376) (0.2925,1.9776)","LG+I{0.0000}+R4{0.0741,0.1282,0.3974,0.4801,0.2360,0.9376,0.2925,1.9776}"
PF22798,LG+F+I+G4,0.0377,1.4893,,LG+F+I{0.0377}+G4{1.4893}
PF22862,LG+I,0.0644,,,LG+I{0.0644}
PF22919,LG+I+G4,0.0038,1.3337,,LG+I{0.0038}+G4{1.3337}
PF22920,LG+I+R4,0.0053,,"(0.0560,0.1128) (0.2340,0.3921) (0.2923,0.8479) (0.4124,1.5861)","LG+I{0.0053}+R4{0.0560,0.1128,0.2340,0.3921,0.2923,0.8479,0.4124,1.5861}"
PF22982,LG+I+R4,0.0190,,"(0.1330,0.1117) (0.2677,0.4672) (0.2159,0.8906) (0.3644,1.8324)","LG+I{0.0190}+R4{0.1330,0.1117,0.2677,0.4672,0.2159,0.8906,0.3644,1.8324}"
PF23189,LG+I+G4,0.0177,1.2393,,LG+I{0.0177}+G4{1.2393}
PF23336,LG+F+I+G4,0.0000,1.0305,,LG+F+I{0.0000}+G4{1.0305}
PF23374,LG+F+I+G4,0.0000,1.9150,,LG+F+I{0.0000}+G4{1.9150}
PF23375,LG+F+I+R3,0.0000,,"(0.1173,0.0840) (0.6412,0.7540) (0.2415,2.0981)","LG+F+I{0.0000}+R3{0.1173,0.0840,0.6412,0.7540,0.2415,2.0981}"
PF23379,LG+F+I+G4,0.0047,4.8122,,LG+F+I{0.0047}+G4{4.8122}
PF23418,LG+F+I+G4,0.0467,1.4721,,LG+F+I{0.0467}+G4{1.4721}
PF23420,LG+F+I+R4,0.0397,,"(0.1216,0.0683) (0.2735,0.4274) (0.2185,0.9531) (0.3467,1.9227)","LG+F+I{0.0397}+R4{0.1216,0.0683,0.2735,0.4274,0.2185,0.9531,0.3467,1.9227}"
PF23428,LG+F+I+G4,0.0214,1.7449,,LG+F+I{0.0214}+G4{1.7449}
PF23433,LG+F+I+G4,0.1137,0.8133,,LG+F+I{0.1137}+G4{0.8133}
PF23437,LG+F+I+G4,0.0314,1.1072,,LG+F+I{0.0314}+G4{1.1072}
PF23438,LG+I+G4,0.0027,0.9341,,LG+I{0.0027}+G4{0.9341}
PF23439,LG+F+I+R4,0.0000,,"(0.1355,0.0757) (0.3130,0.4943) (0.3110,1.0826) (0.2405,2.0721)","LG+F+I{0.0000}+R4{0.1355,0.0757,0.3130,0.4943,0.3110,1.0826,0.2405,2.0721}"
PF23445,LG+I,0.1317,,,LG+I{0.1317}
PF23447,LG+I+G4,0.1951,0.7636,,LG+I{0.1951}+G4{0.7636}
PF23451,LG+I+G4,0.0740,1.1831,,LG+I{0.0740}+G4{1.1831}
PF23455,LG+I+G4,0.0889,1.0010,,LG+I{0.0889}+G4{1.0010}
PF23458,LG+I+G4,0.0682,1.6148,,LG+I{0.0682}+G4{1.6148}
PF23470,,,,,
PF23493,LG+F+I+R3,0.0174,,"(0.0924,0.1516) (0.4511,0.6970) (0.4391,1.5295)","LG+F+I{0.0174}+R3{0.0924,0.1516,0.4511,0.6970,0.4391,1.5295}"
PF23562,LG+I+R4,0.0000,,"(0.1437,0.1379) (0.2747,0.4749) (0.3151,1.0148) (0.2665,1.9885)","LG+I{0.0000}+R4{0.1437,0.1379,0.2747,0.4749,0.3151,1.0148,0.2665,1.9885}"
PF23600,LG+F+I+G4,0.0113,1.6959,,LG+F+I{0.0113}+G4{1.6959}
PF23601,LG+I+G4,0.1628,1.1183,,LG+I{0.1628}+G4{1.1183}
PF23613,LG+I+G4,0.0101,1.4732,,LG+I{0.0101}+G4{1.4732}
PF23783,LG+I+G4,0.1221,0.9433,,LG+I{0.1221}+G4{0.9433}
PF23921,LG+F+I+R4,0.0062,,"(0.0539,0.0819) (0.1837,0.3948) (0.3440,0.8188) (0.4122,1.5560)","LG+F+I{0.0062}+R4{0.0539,0.0819,0.1837,0.3948,0.3440,0.8188,0.4122,1.5560}"
PF23951,LG+F+I+R4,0.0000,,"(0.1404,0.2272) (0.2587,0.5958) (0.3102,1.0416) (0.2907,1.6887)","LG+F+I{0.0000}+R4{0.1404,0.2272,0.2587,0.5958,0.3102,1.0416,0.2907,1.6887}"
PF23985,LG+F+I+R3,0.0030,,"(0.0669,0.1214) (0.3773,0.6267) (0.5528,1.3665)","LG+F+I{0.0030}+R3{0.0669,0.1214,0.3773,0.6267,0.5528,1.3665}"
PF23989,,,,,
PF23990,LG+F+I+G4,0.0683,1.9091,,LG+F+I{0.0683}+G4{1.9091}
PF23993,LG+F+I+G4,0.0000,2.2275,,LG+F+I{0.0000}+G4{2.2275}
PF23994,LG+F+I+G4,0.0268,1.9517,,LG+F+I{0.0268}+G4{1.9517}
PF23995,LG+F+I+G4,0.0361,1.8827,,LG+F+I{0.0361}+G4{1.8827}
PF23996,LG+F+I+G4,0.0797,1.2042,,LG+F+I{0.0797}+G4{1.2042}
PF23997,LG+F+I+G4,0.0753,0.8741,,LG+F+I{0.0753}+G4{0.8741}
PF24003,LG+F+I+G4,0.0976,1.0568,,LG+F+I{0.0976}+G4{1.0568}
PF24007,LG+F+I+G4,0.1229,0.9796,,LG+F+I{0.1229}+G4{0.9796}
PF24008,LG+F+I+R4,0.0000,,"(0.1215,0.1321) (0.1876,0.4742) (0.3510,0.9601) (0.3399,1.6418)","LG+F+I{0.0000}+R4{0.1215,0.1321,0.1876,0.4742,0.3510,0.9601,0.3399,1.6418}"
PF24034,LG+I+G4,0.0594,1.1056,,LG+I{0.0594}+G4{1.1056}
PF24035,LG+F+I+R4,0.0000,,"(0.0806,0.1112) (0.2778,0.4518) (0.3801,1.0230) (0.2615,1.8232)","LG+F+I{0.0000}+R4{0.0806,0.1112,0.2778,0.4518,0.3801,1.0230,0.2615,1.8232}"
PF24036,LG+F+I+R4,0.0092,,"(0.0712,0.1146) (0.2100,0.4340) (0.3189,0.8669) (0.3908,1.5976)","LG+F+I{0.0092}+R4{0.0712,0.1146,0.2100,0.4340,0.3189,0.8669,0.3908,1.5976}"
PF24038,LG+F+I+G4,0.0228,1.4873,,LG+F+I{0.0228}+G4{1.4873}
PF24039,LG+F+I+R4,0.0024,,"(0.0440,0.0792) (0.2303,0.4217) (0.3320,0.8418) (0.3913,1.5841)","LG+F+I{0.0024}+R4{0.0440,0.0792,0.2303,0.4217,0.3320,0.8418,0.3913,1.5841}"
PF24041,LG+F+I+R4,0.0276,,"(0.1174,0.1162) (0.1928,0.4356) (0.3793,0.9674) (0.2830,1.8920)","LG+F+I{0.0276}+R4{0.1174,0.1162,0.1928,0.4356,0.3793,0.9674,0.2830,1.8920}"
PF24042,LG+F+I+R4,0.0202,,"(0.0774,0.2018) (0.2999,0.5760) (0.3397,0.9786) (0.2627,1.8240)","LG+F+I{0.0202}+R4{0.0774,0.2018,0.2999,0.5760,0.3397,0.9786,0.2627,1.8240}"
PF24102,LG+I+R4,0.0312,,"(0.0323,0.0229) (0.1940,0.3158) (0.2892,0.8179) (0.4534,1.5473)","LG+I{0.0312}+R4{0.0323,0.0229,0.1940,0.3158,0.2892,0.8179,0.4534,1.5473}"
PF24107,LG+I+G4,0.0597,1.5317,,LG+I{0.0597}+G4{1.5317}
PF24115,LG+I+G4,0.0872,2.7074,,LG+I{0.0872}+G4{2.7074}
PF24155,LG+F+I+G4,0.0903,2.3948,,LG+F+I{0.0903}+G4{2.3948}
PF24156,LG+F+I+G4,0.0070,1.5571,,LG+F+I{0.0070}+G4{1.5571}
PF24157,LG+F+I+G4,0.0281,1.4158,,LG+F+I{0.0281}+G4{1.4158}
PF24158,LG+F+I+G4,0.0237,0.9611,,LG+F+I{0.0237}+G4{0.9611}
PF24166,JTT+I+G4,0.2332,3.7717,,JTT+I{0.2332}+G4{3.7717}
PF24217,LG+F+I+G4,0.0203,2.0140,,LG+F+I{0.0203}+G4{2.0140}
PF24218,LG+I+G4,0.0051,1.8328,,LG+I{0.0051}+G4{1.8328}
PF24252,JTT+G4,,2.3317,,JTT+G4{2.3317}
PF24266,LG+F+I+G4,0.0657,1.2005,,LG+F+I{0.0657}+G4{1.2005}
PF24267,LG+F+I+G4,0.0514,3.7850,,LG+F+I{0.0514}+G4{3.7850}
PF24270,LG+F+I+G4,0.0637,1.6811,,LG+F+I{0.0637}+G4{1.6811}
PF24271,JTT+I+G4,0.0980,2.2749,,JTT+I{0.0980}+G4{2.2749}
PF24273,LG+I+G4,0.1316,1.7249,,LG+I{0.1316}+G4{1.7249}
PF24277,LG+F+I+G4,0.0118,1.7051,,LG+F+I{0.0118}+G4{1.7051}
PF24278,LG+F+I+G4,0.0060,2.7478,,LG+F+I{0.0060}+G4{2.7478}
PF24279,LG+F+I+G4,0.0633,0.9572,,LG+F+I{0.0633}+G4{0.9572}
PF24280,LG+F+I+G4,0.0322,1.5972,,LG+F+I{0.0322}+G4{1.5972}
PF24281,LG+F+I+R4,0.0042,,"(0.1251,0.2217) (0.4820,0.7199) (0.3316,1.4452) (0.0570,2.5608)","LG+F+I{0.0042}+R4{0.1251,0.2217,0.4820,0.7199,0.3316,1.4452,0.0570,2.5608}"
PF24318,LG+F+I+G4,0.0000,2.4062,,LG+F+I{0.0000}+G4{2.4062}
PF24348,LG+I+G4,0.0002,1.3800,,LG+I{0.0002}+G4{1.3800}
PF24349,LG+F+I+G4,0.0174,1.1848,,LG+F+I{0.0174}+G4{1.1848}
PF24351,LG+F+I+G4,0.0000,1.1961,,LG+F+I{0.0000}+G4{1.1961}
PF24353,LG+F+I+G4,0.0218,1.5948,,LG+F+I{0.0218}+G4{1.5948}
PF24371,LG+F+I+G4,0.0497,1.1779,,LG+F+I{0.0497}+G4{1.1779}
PF24420,JTT+F+I+G4,0.0154,1.2877,,JTT+F+I{0.0154}+G4{1.2877}
PF24422,LG+F+I+G4,0.0585,1.1628,,LG+F+I{0.0585}+G4{1.1628}
PF24458,JTT+R4,,,"(0.1488,0.0273) (0.0812,0.3365) (0.4610,0.8756) (0.3090,1.8284)","JTT+R4{0.1488,0.0273,0.0812,0.3365,0.4610,0.8756,0.3090,1.8284}"
PF24460,LG+I+G4,0.1667,1.8787,,LG+I{0.1667}+G4{1.8787}
PF24463,JTT+R4,,,"(0.2175,0.0271) (0.2254,0.6611) (0.2406,1.1500) (0.3164,1.7961)","JTT+R4{0.2175,0.0271,0.2254,0.6611,0.2406,1.1500,0.3164,1.7961}"
PF24755,LG+I+G4,0.0179,1.2620,,LG+I{0.0179}+G4{1.2620}
PF24827,LG+I+R4,0.0000,,"(0.0505,0.0223) (0.1466,0.3385) (0.5598,0.8947) (0.2431,1.8445)","LG+I{0.0000}+R4{0.0505,0.0223,0.1466,0.3385,0.5598,0.8947,0.2431,1.8445}"
PF24844,LG+I+G4,0.0446,1.0856,,LG+I{0.0446}+G4{1.0856}
PF24846,LG+I+G4,0.0998,1.1371,,LG+I{0.0998}+G4{1.1371}
PF24872,LG+I+G4,0.0000,1.5197,,LG+I{0.0000}+G4{1.5197}
PF24873,LG+I+G4,0.0000,2.7018,,LG+I{0.0000}+G4{2.7018}
PF24877,LG+I+R4,0.0299,,"(0.1253,0.0583) (0.2550,0.3143) (0.2284,0.7805) (0.3613,2.0321)","LG+I{0.0299}+R4{0.1253,0.0583,0.2550,0.3143,0.2284,0.7805,0.3613,2.0321}"
PF24989,LG+F+I+G4,0.1701,0.6711,,LG+F+I{0.1701}+G4{0.6711}
PF25133,LG+I+G4,0.0285,2.6802,,LG+I{0.0285}+G4{2.6802}
PF25162,LG+F+I+G4,0.0295,1.9186,,LG+F+I{0.0295}+G4{1.9186}
PF25205,LG+I+G4,0.1179,0.7780,,LG+I{0.1179}+G4{0.7780}
PF25206,LG+I+G4,0.1129,1.3376,,LG+I{0.1129}+G4{1.3376}
PF25207,LG+I+G4,0.1220,1.5629,,LG+I{0.1220}+G4{1.5629}
PF25208,LG+I+G4,0.1856,1.6414,,LG+I{0.1856}+G4{1.6414}
PF25211,LG+F+I+G4,0.0050,1.0668,,LG+F+I{0.0050}+G4{1.0668}
PF25212,LG+F+I+G4,0.0000,2.1881,,LG+F+I{0.0000}+G4{2.1881}
PF25213,LG+F+I+G4,0.0217,1.6953,,LG+F+I{0.0217}+G4{1.6953}
PF25214,LG+I,0.3052,,,LG+I{0.3052}
PF25215,LG+I,0.1485,,,LG+I{0.1485}
PF25227,LG+F+I+R4,0.0110,,"(0.0354,0.1099) (0.1459,0.3299) (0.4646,0.7538) (0.3431,1.7425)","LG+F+I{0.0110}+R4{0.0354,0.1099,0.1459,0.3299,0.4646,0.7538,0.3431,1.7425}"
PF25230,LG+F+I,0.0922,,,LG+F+I{0.0922}
PF25231,LG+F+I+G4,0.0037,2.1066,,LG+F+I{0.0037}+G4{2.1066}
PF25476,LG+I+G4,0.0307,1.4625,,LG+I{0.0307}+G4{1.4625}
PF25596,LG+I+G4,0.0465,0.8361,,LG+I{0.0465}+G4{0.8361}
