pfam_id,model,I,alpha,rates,alisim_model
PF00004,LG+I+R4,0.0000,,"(0.0703,0.0977) (0.3175,0.4526) (0.3792,0.9957) (0.2331,2.0244)","LG+I{0.0000}+R4{0.0703,0.0977,0.3175,0.4526,0.3792,0.9957,0.2331,2.0244}"
PF00005,LG+I+R4,0.0119,,"(0.0568,0.0760) (0.1945,0.3324) (0.3266,0.7964) (0.4102,1.6357)","LG+I{0.0119}+R4{0.0568,0.0760,0.1945,0.3324,0.3266,0.7964,0.4102,1.6357}"
PF00006,LG+I+G4,0.0083,1.0956,,LG+I{0.0083}+G4{1.0956}
PF00008,LG+I+G4,0.1000,2.2518,,LG+I{0.1000}+G4{2.2518}
PF00009,LG+I+R4,0.0129,,"(0.0933,0.0898) (0.2267,0.3423) (0.3319,0.8373) (0.3353,1.8972)","LG+I{0.0129}+R4{0.0933,0.0898,0.2267,0.3423,0.3319,0.8373,0.3353,1.8972}"
PF00010,LG+I+R4,0.0000,,"(0.1006,0.0970) (0.2150,0.2985) (0.2565,0.7669) (0.4279,1.7044)","LG+I{0.0000}+R4{0.1006,0.0970,0.2150,0.2985,0.2565,0.7669,0.4279,1.7044}"
PF00011,LG+I+G4,0.0139,2.3468,,LG+I{0.0139}+G4{2.3468}
PF00013,LG+I+G4,0.0000,2.8148,,LG+I{0.0000}+G4{2.8148}
PF00016,LG+I+G4,0.0018,1.2616,,LG+I{0.0018}+G4{1.2616}
PF00018,LG+I+G4,0.0099,1.3761,,LG+I{0.0099}+G4{1.3761}
PF00024,LG+I+R4,0.0345,,"(0.0350,0.1464) (0.2187,0.4677) (0.3817,0.8688) (0.3301,1.6995)","LG+I{0.0345}+R4{0.0350,0.1464,0.2187,0.4677,0.3817,0.8688,0.3301,1.6995}"
PF00025,LG+I+G4,0.0874,2.0698,,LG+I{0.0874}+G4{2.0698}
PF00026,LG+F+I+G4,0.0333,1.8266,,LG+F+I{0.0333}+G4{1.8266}
PF00027,LG+I+R4,0.0000,,"(0.0277,0.1766) (0.2516,0.5470) (0.3586,0.8942) (0.3621,1.4826)","LG+I{0.0000}+R4{0.0277,0.1766,0.2516,0.5470,0.3586,0.8942,0.3621,1.4826}"
PF00032,LG+F+I+R4,0.0150,,"(0.1137,0.0826) (0.2131,0.3676) (0.3274,0.9294) (0.3309,1.8376)","LG+F+I{0.0150}+R4{0.1137,0.0826,0.2131,0.3676,0.3274,0.9294,0.3309,1.8376}"
PF00033,LG+F+I+G4,0.0039,1.4055,,LG+F+I{0.0039}+G4{1.4055}
PF00034,LG+I+G4,0.0224,2.8247,,LG+I{0.0224}+G4{2.8247}
PF00035,LG+I+G4,0.0000,1.0545,,LG+I{0.0000}+G4{1.0545}
PF00036,LG+I+R4,0.0000,,"(0.0704,0.0198) (0.3714,0.4440) (0.2252,0.8828) (0.3330,1.9065)","LG+I{0.0000}+R4{0.0704,0.0198,0.3714,0.4440,0.2252,0.8828,0.3330,1.9065}"
PF00037,LG+I+G4,0.1250,1.7448,,LG+I{0.1250}+G4{1.7448}
PF00042,LG+F+I+G4,0.0147,4.0245,,LG+F+I{0.0147}+G4{4.0245}
PF00043,LG+I+R3,0.0000,,"(0.0306,0.1502) (0.4029,0.6028) (0.5664,1.3285)","LG+I{0.0000}+R3{0.0306,0.1502,0.4029,0.6028,0.5664,1.3285}"
PF00044,LG+I+R4,0.0049,,"(0.1162,0.0734) (0.2553,0.3938) (0.3066,0.9160) (0.3170,1.9243)","LG+I{0.0049}+R4{0.1162,0.0734,0.2553,0.3938,0.3066,0.9160,0.3170,1.9243}"
PF00046,LG+I+G4,0.0000,0.7391,,LG+I{0.0000}+G4{0.7391}
PF00056,LG+I+G4,0.0247,1.7642,,LG+I{0.0247}+G4{1.7642}
PF00059,LG+I+R4,0.0110,,"(0.0165,0.0364) (0.1110,0.2682) (0.3213,0.6778) (0.5402,1.3917)","LG+I{0.0110}+R4{0.0165,0.0364,0.1110,0.2682,0.3213,0.6778,0.5402,1.3917}"
PF00063,LG+I+G4,0.1005,1.3347,,LG+I{0.1005}+G4{1.3347}
PF00067,LG+F+I+R4,0.0108,,"(0.0332,0.1282) (0.1978,0.4093) (0.3657,0.8472) (0.3925,1.5415)","LG+F+I{0.0108}+R4{0.0332,0.1282,0.1978,0.4093,0.3657,0.8472,0.3925,1.5415}"
PF00069,LG+F+I+R4,0.0221,,"(0.0778,0.1239) (0.3040,0.4581) (0.3899,1.1330) (0.2062,1.9856)","LG+F+I{0.0221}+R4{0.0778,0.1239,0.3040,0.4581,0.3899,1.1330,0.2062,1.9856}"
PF00071,LG+I+G4,0.0499,1.2543,,LG+I{0.0499}+G4{1.2543}
PF00072,LG+I+G4,0.0154,2.0987,,LG+I{0.0154}+G4{2.0987}
PF00076,LG+I+G4,0.0000,2.2912,,LG+I{0.0000}+G4{2.2912}
PF00078,LG+I+R4,0.0104,,"(0.0852,0.1362) (0.2205,0.4473) (0.3551,0.9144) (0.3288,1.7186)","LG+I{0.0104}+R4{0.0852,0.1362,0.2205,0.4473,0.3551,0.9144,0.3288,1.7186}"
PF00079,LG+I+R4,0.0020,,"(0.0792,0.1194) (0.2124,0.3985) (0.2585,0.8746) (0.4479,1.5177)","LG+I{0.0020}+R4{0.0792,0.1194,0.2124,0.3985,0.2585,0.8746,0.4479,1.5177}"
PF00080,LG+I+R4,0.0000,,"(0.0634,0.0644) (0.1476,0.2676) (0.2938,0.6450) (0.4952,1.5487)","LG+I{0.0000}+R4{0.0634,0.0644,0.1476,0.2676,0.2938,0.6450,0.4952,1.5487}"
PF00081,LG+I+G4,0.0648,1.5996,,LG+I{0.0648}+G4{1.5996}
PF00082,LG+F+I+R4,0.0026,,"(0.0500,0.0983) (0.1853,0.3519) (0.3342,0.7451) (0.4278,1.5914)","LG+F+I{0.0026}+R4{0.0500,0.0983,0.1853,0.3519,0.3342,0.7451,0.4278,1.5914}"
PF00085,LG+I+G4,0.0233,1.7895,,LG+I{0.0233}+G4{1.7895}
PF00091,LG+I+R4,0.0062,,"(0.0497,0.0958) (0.2173,0.4197) (0.3994,0.8604) (0.3274,1.7115)","LG+I{0.0062}+R4{0.0497,0.0958,0.2173,0.4197,0.3994,0.8604,0.3274,1.7115}"
PF00092,LG+I+R4,0.0000,,"(0.0325,0.1290) (0.2391,0.4350) (0.3477,0.8919) (0.3808,1.5276)","LG+I{0.0000}+R4{0.0325,0.1290,0.2391,0.4350,0.3477,0.8919,0.3808,1.5276}"
PF00096,LG+I+R3,0.0402,,"(0.1196,0.0005) (0.3117,0.4906) (0.5285,1.6027)","LG+I{0.0402}+R3{0.1196,0.0005,0.3117,0.4906,0.5285,1.6027}"
PF00097,LG+I+R2,0.1462,,"(0.1133,0.2350) (0.7405,1.3145)","LG+I{0.1462}+R2{0.1133,0.2350,0.7405,1.3145}"
PF00098,LG+I+G4,0.2222,1.1232,,LG+I{0.2222}+G4{1.1232}
PF00101,LG+I+G4,0.0110,1.6842,,LG+I{0.0110}+G4{1.6842}
PF00102,LG+F+I+R4,0.0054,,"(0.1125,0.1131) (0.2234,0.3942) (0.2902,0.8900) (0.3686,1.7390)","LG+F+I{0.0054}+R4{0.1125,0.1131,0.2234,0.3942,0.2902,0.8900,0.3686,1.7390}"
PF00106,LG+I+R4,0.0087,,"(0.1202,0.1493) (0.2603,0.4964) (0.3715,1.0041) (0.2394,2.0045)","LG+I{0.0087}+R4{0.1202,0.1493,0.2603,0.4964,0.3715,1.0041,0.2394,2.0045}"
PF00107,LG+I+R4,0.0000,,"(0.0936,0.2029) (0.1929,0.4609) (0.3346,0.8825) (0.3789,1.5751)","LG+I{0.0000}+R4{0.0936,0.2029,0.1929,0.4609,0.3346,0.8825,0.3789,1.5751}"
PF00108,LG+I+G4,0.0123,1.5123,,LG+I{0.0123}+G4{1.5123}
PF00109,LG+I+G4,0.0000,1.6651,,LG+I{0.0000}+G4{1.6651}
PF00111,LG+I+R4,0.0202,,"(0.0754,0.3042) (0.2128,0.5427) (0.3786,0.9640) (0.3129,1.5868)","LG+I{0.0202}+R4{0.0754,0.3042,0.2128,0.5427,0.3786,0.9640,0.3129,1.5868}"
PF00112,LG+I+R4,0.0090,,"(0.1087,0.0831) (0.2435,0.3754) (0.2349,0.8142) (0.4038,1.7540)","LG+I{0.0090}+R4{0.1087,0.0831,0.2435,0.3754,0.2349,0.8142,0.4038,1.7540}"
PF00113,LG+I+G4,0.1450,1.3554,,LG+I{0.1450}+G4{1.3554}
PF00116,LG+I+G4,0.0574,1.1249,,LG+I{0.0574}+G4{1.1249}
PF00117,LG+I+R4,0.0071,,"(0.0706,0.0858) (0.2016,0.3935) (0.3929,0.8798) (0.3278,1.7358)","LG+I{0.0071}+R4{0.0706,0.0858,0.2016,0.3935,0.3929,0.8798,0.3278,1.7358}"
PF00119,LG+F+I+R4,0.0026,,"(0.0944,0.1442) (0.2427,0.4227) (0.3186,0.8648) (0.3417,1.7804)","LG+F+I{0.0026}+R4{0.0944,0.1442,0.2427,0.4227,0.3186,0.8648,0.3417,1.7804}"
PF00120,LG+I+R4,0.0137,,"(0.0966,0.0804) (0.2853,0.4410) (0.3667,1.0352) (0.2377,2.0479)","LG+I{0.0137}+R4{0.0966,0.0804,0.2853,0.4410,0.3667,1.0352,0.2377,2.0479}"
PF00121,LG+I+R4,0.0295,,"(0.1186,0.0783) (0.1768,0.3645) (0.3259,0.8402) (0.3492,1.8685)","LG+I{0.0295}+R4{0.1186,0.0783,0.1768,0.3645,0.3259,0.8402,0.3492,1.8685}"
PF00125,LG+I+G4,0.0000,2.1496,,LG+I{0.0000}+G4{2.1496}
PF00127,LG+F+I+G4,0.0767,4.3019,,LG+F+I{0.0767}+G4{4.3019}
PF00128,LG+I+G4,0.0412,2.0307,,LG+I{0.0412}+G4{2.0307}
PF00130,LG+I+R3,0.0000,,"(0.1031,0.0068) (0.2080,0.4404) (0.6890,1.3174)","LG+I{0.0000}+R3{0.1031,0.0068,0.2080,0.4404,0.6890,1.3174}"
PF00133,LG+I+G4,0.0329,2.0208,,LG+I{0.0329}+G4{2.0208}
PF00134,LG+I+G4,0.0000,1.5415,,LG+I{0.0000}+G4{1.5415}
PF00137,LG+F+I+G4,0.0000,3.1386,,LG+F+I{0.0000}+G4{3.1386}
PF00139,JTT+R4,,,"(0.0905,0.1002) (0.1530,0.3833) (0.3587,0.7899) (0.3977,1.6315)","JTT+R4{0.0905,0.1002,0.1530,0.3833,0.3587,0.7899,0.3977,1.6315}"
PF00141,LG+I+R4,0.0020,,"(0.0826,0.1148) (0.2087,0.3812) (0.2554,0.8209) (0.4512,1.5543)","LG+I{0.0020}+R4{0.0826,0.1148,0.2087,0.3812,0.2554,0.8209,0.4512,1.5543}"
PF00144,LG+F+I+R4,0.0000,,"(0.0514,0.1569) (0.2123,0.4421) (0.3071,0.8580) (0.4293,1.4784)","LG+F+I{0.0000}+R4{0.0514,0.1569,0.2123,0.4421,0.3071,0.8580,0.4293,1.4784}"
PF00145,LG+I+R4,0.0124,,"(0.0422,0.0820) (0.1886,0.2926) (0.3566,0.7586) (0.4002,1.6761)","LG+I{0.0124}+R4{0.0422,0.0820,0.1886,0.2926,0.3566,0.7586,0.4002,1.6761}"
PF00149,LG+I+R4,0.0000,,"(0.0251,0.0431) (0.1018,0.3626) (0.3383,0.7824) (0.5348,1.3040)","LG+I{0.0000}+R4{0.0251,0.0431,0.1018,0.3626,0.3383,0.7824,0.5348,1.3040}"
PF00150,LG+F+I+R4,0.0090,,"(0.0293,0.1110) (0.2121,0.4542) (0.2951,0.8248) (0.4545,1.4455)","LG+F+I{0.0090}+R4{0.0293,0.1110,0.2121,0.4542,0.2951,0.8248,0.4545,1.4455}"
PF00152,LG+I+R4,0.0094,,"(0.1115,0.0791) (0.2029,0.2971) (0.2823,0.7505) (0.3940,1.8252)","LG+I{0.0094}+R4{0.1115,0.0791,0.2029,0.2971,0.2823,0.7505,0.3940,1.8252}"
PF00155,LG+I+R4,0.0000,,"(0.0375,0.1046) (0.2550,0.4536) (0.4222,0.8718) (0.2854,1.7955)","LG+I{0.0000}+R4{0.0375,0.1046,0.2550,0.4536,0.4222,0.8718,0.2854,1.7955}"
PF00156,LG+I+G4,0.0000,1.9745,,LG+I{0.0000}+G4{1.9745}
PF00160,LG+I+R4,0.0000,,"(0.0953,0.1349) (0.1758,0.3617) (0.3689,0.8293) (0.3599,1.7158)","LG+I{0.0000}+R4{0.0953,0.1349,0.1758,0.3617,0.3689,0.8293,0.3599,1.7158}"
PF00161,JTT+R3,,,"(0.0589,0.1018) (0.3500,0.5017) (0.5911,1.3846)","JTT+R3{0.0589,0.1018,0.3500,0.5017,0.5911,1.3846}"
PF00162,LG+I+R4,0.0093,,"(0.0953,0.0675) (0.1742,0.3098) (0.2628,0.6989) (0.4584,1.6489)","LG+I{0.0093}+R4{0.0953,0.0675,0.1742,0.3098,0.2628,0.6989,0.4584,1.6489}"
PF00164,LG+I+G4,0.0551,2.6007,,LG+I{0.0551}+G4{2.6007}
PF00166,LG+I+G4,0.0000,2.1665,,LG+I{0.0000}+G4{2.1665}
PF00168,LG+F+I+R4,0.0000,,"(0.0845,0.2391) (0.1653,0.4907) (0.3731,0.9079) (0.3771,1.4849)","LG+F+I{0.0000}+R4{0.0845,0.2391,0.1653,0.4907,0.3731,0.9079,0.3771,1.4849}"
PF00169,LG+I+R4,0.0000,,"(0.0420,0.2244) (0.0945,0.4166) (0.2785,0.7481) (0.5850,1.2699)","LG+I{0.0000}+R4{0.0420,0.2244,0.0945,0.4166,0.2785,0.7481,0.5850,1.2699}"
PF00173,LG+I+G4,0.0000,1.7356,,LG+I{0.0000}+G4{1.7356}
PF00174,LG+I+R4,0.0000,,"(0.1058,0.1388) (0.2838,0.4345) (0.3294,0.9886) (0.2809,1.9090)","LG+I{0.0000}+R4{0.1058,0.1388,0.2838,0.4345,0.3294,0.9886,0.2809,1.9090}"
PF00175,LG+I+G4,0.0135,1.8259,,LG+I{0.0135}+G4{1.8259}
PF00176,LG+I+G4,0.0032,1.2438,,LG+I{0.0032}+G4{1.2438}
PF00177,LG+I+G4,0.0040,1.3866,,LG+I{0.0040}+G4{1.3866}
PF00179,LG+I+R4,0.0047,,"(0.2746,0.2650) (0.2141,0.6590) (0.3935,1.3489) (0.1131,2.2580)","LG+I{0.0047}+R4{0.2746,0.2650,0.2141,0.6590,0.3935,1.3489,0.1131,2.2580}"
PF00180,LG+I+G4,0.0251,1.1910,,LG+I{0.0251}+G4{1.1910}
PF00181,LG+I+G4,0.0098,1.1696,,LG+I{0.0098}+G4{1.1696}
PF00182,JTT+G4,,0.8566,,JTT+G4{0.8566}
PF00185,LG+I+G4,0.0000,1.3614,,LG+I{0.0000}+G4{1.3614}
PF00186,LG+I+R4,0.0000,,"(0.1037,0.0397) (0.2296,0.3733) (0.3377,0.8724) (0.3291,1.8707)","LG+I{0.0000}+R4{0.1037,0.0397,0.2296,0.3733,0.3377,0.8724,0.3291,1.8707}"
PF00187,LG+I+R4,0.0361,,"(0.1392,0.0425) (0.0987,0.3629) (0.4291,0.8679) (0.2969,1.9730)","LG+I{0.0361}+R4{0.1392,0.0425,0.0987,0.3629,0.4291,0.8679,0.2969,1.9730}"
PF00188,LG+F+I+R4,0.0000,,"(0.0215,0.0551) (0.1483,0.3111) (0.3110,0.7357) (0.5192,1.3942)","LG+F+I{0.0000}+R4{0.0215,0.0551,0.1483,0.3111,0.3110,0.7357,0.5192,1.3942}"
PF00189,LG+I+G4,0.0366,1.4724,,LG+I{0.0366}+G4{1.4724}
PF00190,LG+I+G4,0.0056,4.0874,,LG+I{0.0056}+G4{4.0874}
PF00191,LG+I+G4,0.0000,1.9241,,LG+I{0.0000}+G4{1.9241}
PF00194,LG+I+R4,0.0070,,"(0.0873,0.0706) (0.1990,0.3757) (0.2718,0.8795) (0.4350,1.5632)","LG+I{0.0070}+R4{0.0873,0.0706,0.1990,0.3757,0.2718,0.8795,0.4350,1.5632}"
PF00195,LG+I+G4,0.0900,1.6446,,LG+I{0.0900}+G4{1.6446}
PF00197,JTT+I+R4,0.0187,,"(0.0703,0.1137) (0.1502,0.3686) (0.3579,0.8235) (0.4028,1.5934)","JTT+I{0.0187}+R4{0.0703,0.1137,0.1502,0.3686,0.3579,0.8235,0.4028,1.5934}"
PF00198,LG+I+R4,0.0027,,"(0.0530,0.0811) (0.2686,0.3743) (0.3891,0.8829) (0.2867,1.9242)","LG+I{0.0027}+R4{0.0530,0.0811,0.2686,0.3743,0.3891,0.8829,0.2867,1.9242}"
PF00199,LG+I+R4,0.0185,,"(0.1989,0.1364) (0.2898,0.5481) (0.3048,1.1968) (0.1881,2.3887)","LG+I{0.0185}+R4{0.1989,0.1364,0.2898,0.5481,0.3048,1.1968,0.1881,2.3887}"
PF00202,LG+I+G4,0.0253,2.2104,,LG+I{0.0253}+G4{2.2104}
PF00203,LG+I+G4,0.0000,1.1515,,LG+I{0.0000}+G4{1.1515}
PF00204,LG+I+R4,0.0137,,"(0.0793,0.1537) (0.3203,0.5394) (0.3866,1.1009) (0.2001,1.9467)","LG+I{0.0137}+R4{0.0793,0.1537,0.3203,0.5394,0.3866,1.1009,0.2001,1.9467}"
PF00205,LG+I+R4,0.0000,,"(0.0910,0.2696) (0.3527,0.5958) (0.3192,1.0152) (0.2370,1.8616)","LG+I{0.0000}+R4{0.0910,0.2696,0.3527,0.5958,0.3192,1.0152,0.2370,1.8616}"
PF00206,LG+I+G4,0.0269,1.8161,,LG+I{0.0269}+G4{1.8161}
PF00208,LG+I+R4,0.0172,,"(0.1111,0.0875) (0.1980,0.3289) (0.3108,0.7800) (0.3629,1.8811)","LG+I{0.0172}+R4{0.1111,0.0875,0.1980,0.3289,0.3108,0.7800,0.3629,1.8811}"
PF00210,LG+I+R4,0.0000,,"(0.1179,0.3158) (0.3376,0.6082) (0.3007,1.0510) (0.2437,1.8109)","LG+I{0.0000}+R4{0.1179,0.3158,0.3376,0.6082,0.3007,1.0510,0.2437,1.8109}"
PF00215,LG+I+R4,0.0087,,"(0.0962,0.1602) (0.2654,0.4581) (0.2947,0.9182) (0.3351,1.7679)","LG+I{0.0087}+R4{0.0962,0.1602,0.2654,0.4581,0.2947,0.9182,0.3351,1.7679}"
PF00218,LG+I+G4,0.0615,1.5251,,LG+I{0.0615}+G4{1.5251}
PF00224,LG+I+G4,0.0849,0.9703,,LG+I{0.0849}+G4{0.9703}
PF00225,LG+F+I+R4,0.0133,,"(0.0940,0.0440) (0.1645,0.2323) (0.2413,0.5936) (0.4869,1.6728)","LG+F+I{0.0133}+R4{0.0940,0.0440,0.1645,0.2323,0.2413,0.5936,0.4869,1.6728}"
PF00226,LG+I+R4,0.0088,,"(0.1094,0.0672) (0.2549,0.4400) (0.2907,0.8893) (0.3363,1.8496)","LG+I{0.0088}+R4{0.1094,0.0672,0.2549,0.4400,0.2907,0.8893,0.3363,1.8496}"
PF00227,LG+I+R4,0.0000,,"(0.0363,0.1433) (0.3276,0.5747) (0.3546,1.0141) (0.2816,1.5872)","LG+I{0.0000}+R4{0.0363,0.1433,0.3276,0.5747,0.3546,1.0141,0.2816,1.5872}"
PF00228,LG+I+G4,0.1048,1.1197,,LG+I{0.1048}+G4{1.1197}
PF00231,LG+I+R4,0.0017,,"(0.0575,0.0508) (0.1199,0.2324) (0.2681,0.5982) (0.5528,1.4632)","LG+I{0.0017}+R4{0.0575,0.0508,0.1199,0.2324,0.2681,0.5982,0.5528,1.4632}"
PF00232,LG+I+G4,0.0411,1.5432,,LG+I{0.0411}+G4{1.5432}
PF00234,JTT+R4,,,"(0.0369,0.0270) (0.1674,0.3650) (0.6387,0.7617) (0.1570,2.8748)","JTT+R4{0.0369,0.0270,0.1674,0.3650,0.6387,0.7617,0.1570,2.8748}"
PF00235,LG+F+I+R4,0.0000,,"(0.1189,0.2721) (0.2716,0.6288) (0.3345,0.9883) (0.2750,1.6955)","LG+F+I{0.0000}+R4{0.1189,0.2721,0.2716,0.6288,0.3345,0.9883,0.2750,1.6955}"
PF00237,LG+I+G4,0.0000,1.6585,,LG+I{0.0000}+G4{1.6585}
PF00238,LG+I+R4,0.0188,,"(0.1616,0.1591) (0.2660,0.4679) (0.2814,1.0493) (0.2721,2.0378)","LG+I{0.0188}+R4{0.1616,0.1591,0.2660,0.4679,0.2814,1.0493,0.2721,2.0378}"
PF00240,LG+I+G4,0.0000,2.8529,,LG+I{0.0000}+G4{2.8529}
PF00241,LG+F+I+R4,0.0000,,"(0.1282,0.3630) (0.2524,0.6490) (0.2750,1.0363) (0.3444,1.4653)","LG+F+I{0.0000}+R4{0.1282,0.3630,0.2524,0.6490,0.2750,1.0363,0.3444,1.4653}"
PF00246,LG+I+R4,0.0039,,"(0.0612,0.1323) (0.3085,0.4704) (0.3536,0.9336) (0.2729,1.8937)","LG+I{0.0039}+R4{0.0612,0.1323,0.3085,0.4704,0.3536,0.9336,0.2729,1.8937}"
PF00248,LG+I+R4,0.0006,,"(0.0307,0.0839) (0.2483,0.3775) (0.4727,0.9205) (0.2477,1.8917)","LG+I{0.0006}+R4{0.0307,0.0839,0.2483,0.3775,0.4727,0.9205,0.2477,1.8917}"
PF00249,LG+I+G4,0.0000,1.2718,,LG+I{0.0000}+G4{1.2718}
PF00252,LG+I+R4,0.0058,,"(0.1434,0.1655) (0.2356,0.5463) (0.3648,1.0248) (0.2504,1.8920)","LG+I{0.0058}+R4{0.1434,0.1655,0.2356,0.5463,0.3648,1.0248,0.2504,1.8920}"
PF00254,LG+I+G4,0.0000,2.0451,,LG+I{0.0000}+G4{2.0451}
PF00258,LG+I+R4,0.0000,,"(0.0384,0.1263) (0.1854,0.3843) (0.3567,0.8510) (0.4195,1.4788)","LG+I{0.0000}+R4{0.0384,0.1263,0.1854,0.3843,0.3567,0.8510,0.4195,1.4788}"
PF00264,LG+F+I+R4,0.0088,,"(0.0496,0.0578) (0.1663,0.3530) (0.3305,0.7679) (0.4449,1.5390)","LG+F+I{0.0088}+R4{0.0496,0.0578,0.1663,0.3530,0.3305,0.7679,0.4449,1.5390}"
PF00266,LG+I+G4,0.0123,1.5996,,LG+I{0.0123}+G4{1.5996}
PF00268,LG+I+R4,0.0058,,"(0.2573,0.2556) (0.3470,0.6115) (0.2047,1.3230) (0.1852,2.4367)","LG+I{0.0058}+R4{0.2573,0.2556,0.3470,0.6115,0.2047,1.3230,0.1852,2.4367}"
PF00270,LG+I+R4,0.0061,,"(0.0535,0.0482) (0.1219,0.3052) (0.3089,0.6667) (0.5096,1.4801)","LG+I{0.0061}+R4{0.0535,0.0482,0.1219,0.3052,0.3089,0.6667,0.5096,1.4801}"
PF00271,LG+I+G4,0.0000,1.4044,,LG+I{0.0000}+G4{1.4044}
PF00274,LG+I+G4,0.0686,0.9998,,LG+I{0.0686}+G4{0.9998}
PF00278,LG+I+R4,0.0035,,"(0.1237,0.1157) (0.3059,0.4251) (0.1948,0.9431) (0.3722,1.8055)","LG+I{0.0035}+R4{0.1237,0.1157,0.3059,0.4251,0.1948,0.9431,0.3722,1.8055}"
PF00280,JTT+R4,,,"(0.1108,0.0477) (0.2387,0.4482) (0.3830,0.9667) (0.2675,1.9348)","JTT+R4{0.1108,0.0477,0.2387,0.4482,0.3830,0.9667,0.2675,1.9348}"
PF00281,LG+I+G4,0.0000,1.3412,,LG+I{0.0000}+G4{1.3412}
PF00282,LG+I+G4,0.0111,2.2232,,LG+I{0.0111}+G4{2.2232}
PF00285,LG+I+R4,0.0000,,"(0.1263,0.1312) (0.2373,0.4287) (0.2883,0.8641) (0.3481,1.8171)","LG+I{0.0000}+R4{0.1263,0.1312,0.2373,0.4287,0.2883,0.8641,0.3481,1.8171}"
PF00288,LG+I+R4,0.0000,,"(0.0780,0.0913) (0.2698,0.3933) (0.2931,0.8718) (0.3592,1.7577)","LG+I{0.0000}+R4{0.0780,0.0913,0.2698,0.3933,0.2931,0.8718,0.3592,1.7577}"
PF00289,LG+I+G4,0.0106,1.1389,,LG+I{0.0106}+G4{1.1389}
PF00290,LG+I+G4,0.0204,1.5900,,LG+I{0.0204}+G4{1.5900}
PF00293,LG+F+I+R4,0.0000,,"(0.0269,0.0573) (0.1127,0.3063) (0.3787,0.7600) (0.4818,1.4034)","LG+F+I{0.0000}+R4{0.0269,0.0573,0.1127,0.3063,0.3787,0.7600,0.4818,1.4034}"
PF00294,LG+I+R4,0.0053,,"(0.0513,0.1442) (0.2099,0.4174) (0.3967,0.9064) (0.3368,1.6192)","LG+I{0.0053}+R4{0.0513,0.1442,0.2099,0.4174,0.3967,0.9064,0.3368,1.6192}"
PF00298,LG+I+R4,0.0079,,"(0.1228,0.2305) (0.2019,0.5279) (0.2496,0.9032) (0.4178,1.5313)","LG+I{0.0079}+R4{0.1228,0.2305,0.2019,0.5279,0.2496,0.9032,0.4178,1.5313}"
PF00300,LG+F+I+R4,0.0000,,"(0.0888,0.0708) (0.1608,0.3452) (0.3038,0.7876) (0.4466,1.5651)","LG+F+I{0.0000}+R4{0.0888,0.0708,0.1608,0.3452,0.3038,0.7876,0.4466,1.5651}"
PF00301,LG+I+G4,0.2014,2.4352,,LG+I{0.2014}+G4{2.4352}
PF00303,LG+I+R4,0.0145,,"(0.1561,0.0818) (0.2640,0.3954) (0.2335,0.9660) (0.3320,1.9801)","LG+I{0.0145}+R4{0.1561,0.0818,0.2640,0.3954,0.2335,0.9660,0.3320,1.9801}"
PF00304,LG+I+G4,0.1726,3.6128,,LG+I{0.1726}+G4{3.6128}
PF00305,LG+I+R4,0.0379,,"(0.1773,0.0945) (0.2592,0.4750) (0.2788,1.1264) (0.2469,2.2121)","LG+I{0.0379}+R4{0.1773,0.0945,0.2592,0.4750,0.2788,1.1264,0.2469,2.2121}"
PF00306,LG+I+G4,0.0236,1.2634,,LG+I{0.0236}+G4{1.2634}
PF00307,LG+I+G4,0.0000,2.6112,,LG+I{0.0000}+G4{2.6112}
PF00310,LG+I+G4,0.0978,0.9927,,LG+I{0.0978}+G4{0.9927}
PF00312,LG+I+R4,0.0000,,"(0.2035,0.1546) (0.3332,0.5427) (0.3150,1.3617) (0.1482,2.4202)","LG+I{0.0000}+R4{0.2035,0.1546,0.3332,0.5427,0.3150,1.3617,0.1482,2.4202}"
PF00313,LG+I+G4,0.0398,1.0858,,LG+I{0.0398}+G4{1.0858}
PF00314,LG+I+R4,0.0156,,"(0.1029,0.0982) (0.2226,0.3996) (0.2910,0.9470) (0.3680,1.6995)","LG+I{0.0156}+R4{0.1029,0.0982,0.2226,0.3996,0.2910,0.9470,0.3680,1.6995}"
PF00316,LG+I+G4,0.1051,2.2745,,LG+I{0.1051}+G4{2.2745}
PF00317,LG+I+R4,0.0000,,"(0.1316,0.1715) (0.2283,0.4023) (0.3054,0.8857) (0.3347,1.8379)","LG+I{0.0000}+R4{0.1316,0.1715,0.2283,0.4023,0.3054,0.8857,0.3347,1.8379}"
PF00319,LG+I+G4,0.0000,1.9737,,LG+I{0.0000}+G4{1.9737}
PF00320,LG+I+G4,0.1013,1.3636,,LG+I{0.1013}+G4{1.3636}
PF00321,JTT+G4,,1.0452,,JTT+G4{1.0452}
PF00324,LG+F+I+G4,0.0000,3.1480,,LG+F+I{0.0000}+G4{3.1480}
PF00326,LG+F+I+R4,0.0111,,"(0.0977,0.2318) (0.4634,0.6663) (0.3208,1.1526) (0.1070,2.7938)","LG+F+I{0.0111}+R4{0.0977,0.2318,0.4634,0.6663,0.3208,1.1526,0.1070,2.7938}"
PF00327,LG+I+R4,0.0000,,"(0.1941,0.3205) (0.3314,0.6890) (0.3606,1.2749) (0.1139,2.1923)","LG+I{0.0000}+R4{0.1941,0.3205,0.3314,0.6890,0.3606,1.2749,0.1139,2.1923}"
PF00329,LG+I+R4,0.0000,,"(0.0533,0.0914) (0.1628,0.3453) (0.4183,0.7388) (0.3656,1.7227)","LG+I{0.0000}+R4{0.0533,0.0914,0.1628,0.3453,0.4183,0.7388,0.3656,1.7227}"
PF00331,LG+F+I+R3,0.0427,,"(0.1282,0.1657) (0.3793,0.6323) (0.4498,1.6426)","LG+F+I{0.0427}+R3{0.1282,0.1657,0.3793,0.6323,0.4498,1.6426}"
PF00332,LG+I+G4,0.0006,2.1178,,LG+I{0.0006}+G4{2.1178}
PF00333,LG+I+G4,0.0000,1.0980,,LG+I{0.0000}+G4{1.0980}
PF00334,LG+I+R4,0.0061,,"(0.0647,0.0463) (0.2655,0.3445) (0.4100,0.8564) (0.2537,2.1852)","LG+I{0.0061}+R4{0.0647,0.0463,0.2655,0.3445,0.4100,0.8564,0.2537,2.1852}"
PF00337,LG+I+G4,0.0000,1.8591,,LG+I{0.0000}+G4{1.8591}
PF00338,LG+I+R4,0.0000,,"(0.1892,0.4315) (0.4073,0.7591) (0.3122,1.2709) (0.0913,2.3266)","LG+I{0.0000}+R4{0.1892,0.4315,0.4073,0.7591,0.3122,1.2709,0.0913,2.3266}"
PF00342,LG+I+G4,0.0785,1.0918,,LG+I{0.0785}+G4{1.0918}
PF00347,LG+I+G4,0.0000,1.8482,,LG+I{0.0000}+G4{1.8482}
PF00348,LG+I+R4,0.0174,,"(0.0959,0.1153) (0.2689,0.4469) (0.2759,0.9835) (0.3419,1.7476)","LG+I{0.0174}+R4{0.0959,0.1153,0.2689,0.4469,0.2759,0.9835,0.3419,1.7476}"
PF00349,LG+I+R4,0.0000,,"(0.1416,0.1207) (0.1997,0.3649) (0.2600,0.8473) (0.3987,1.7302)","LG+I{0.0000}+R4{0.1416,0.1207,0.1997,0.3649,0.2600,0.8473,0.3987,1.7302}"
PF00350,LG+I+R4,0.0113,,"(0.0287,0.0408) (0.2466,0.2499) (0.2930,0.6019) (0.4204,1.8097)","LG+I{0.0113}+R4{0.0287,0.0408,0.2466,0.2499,0.2930,0.6019,0.4204,1.8097}"
PF00352,LG+I+R4,0.0085,,"(0.1501,0.2396) (0.4000,0.6159) (0.2559,1.2978) (0.1855,2.0780)","LG+I{0.0085}+R4{0.1501,0.2396,0.4000,0.6159,0.2559,1.2978,0.1855,2.0780}"
PF00355,LG+I+G4,0.0293,4.0384,,LG+I{0.0293}+G4{4.0384}
PF00360,LG+F+I+R3,0.0000,,"(0.0789,0.0582) (0.3639,0.5168) (0.5572,1.4489)","LG+F+I{0.0000}+R3{0.0789,0.0582,0.3639,0.5168,0.5572,1.4489}"
PF00361,LG+F+I+G4,0.0039,1.7309,,LG+F+I{0.0039}+G4{1.7309}
PF00364,LG+I+G4,0.0239,2.1384,,LG+I{0.0239}+G4{2.1384}
PF00365,LG+I+R4,0.0040,,"(0.1277,0.1088) (0.2259,0.4073) (0.2264,0.8358) (0.4160,1.6946)","LG+I{0.0040}+R4{0.1277,0.1088,0.2259,0.4073,0.2264,0.8358,0.4160,1.6946}"
PF00366,LG+I+R4,0.0000,,"(0.2356,0.1644) (0.3041,0.5528) (0.2134,1.2264) (0.2469,2.1528)","LG+I{0.0000}+R4{0.2356,0.1644,0.3041,0.5528,0.2134,1.2264,0.2469,2.1528}"
PF00370,LG+I+G4,0.0008,2.3729,,LG+I{0.0008}+G4{2.3729}
PF00373,LG+I+R4,0.0000,,"(0.0485,0.0986) (0.2739,0.2528) (0.3076,0.5155) (0.3699,2.0745)","LG+I{0.0000}+R4{0.0485,0.0986,0.2739,0.2528,0.3076,0.5155,0.3699,2.0745}"
PF00378,LG+I+G4,0.0128,2.0171,,LG+I{0.0128}+G4{2.0171}
PF00382,LG+I+R2,0.0101,,"(0.2978,0.3989) (0.6921,1.2733)","LG+I{0.0101}+R2{0.2978,0.3989,0.6921,1.2733}"
PF00383,LG+I+R4,0.0117,,"(0.0509,0.0730) (0.2496,0.4026) (0.4958,0.9131) (0.1920,2.3081)","LG+I{0.0117}+R4{0.0509,0.0730,0.2496,0.4026,0.4958,0.9131,0.1920,2.3081}"
PF00384,LG+I+G4,0.0077,3.2774,,LG+I{0.0077}+G4{3.2774}
PF00385,LG+I+G4,0.0000,2.0672,,LG+I{0.0000}+G4{2.0672}
PF00389,LG+I+R4,0.0027,,"(0.1292,0.2707) (0.3974,0.6639) (0.3173,1.2061) (0.1533,2.0773)","LG+I{0.0027}+R4{0.1292,0.2707,0.3974,0.6639,0.3173,1.2061,0.1533,2.0773}"
PF00390,LG+I+G4,0.0412,1.3111,,LG+I{0.0412}+G4{1.3111}
PF00391,LG+I+G4,0.0000,1.0608,,LG+I{0.0000}+G4{1.0608}
PF00393,LG+I+R4,0.0120,,"(0.2446,0.1061) (0.2721,0.5148) (0.2581,1.1600) (0.2133,2.5069)","LG+I{0.0120}+R4{0.2446,0.1061,0.2721,0.5148,0.2581,1.1600,0.2133,2.5069}"
PF00394,LG+I+G4,0.0000,1.9204,,LG+I{0.0000}+G4{1.9204}
PF00397,LG+I+R4,0.0000,,"(0.3321,0.2842) (0.1972,0.6668) (0.3572,1.3901) (0.1135,2.4453)","LG+I{0.0000}+R4{0.3321,0.2842,0.1972,0.6668,0.3572,1.3901,0.1135,2.4453}"
PF00398,LG+I+G4,0.0002,2.3075,,LG+I{0.0002}+G4{2.3075}
PF00401,LG+I+R4,0.0000,,"(0.1571,0.1209) (0.2050,0.5043) (0.3273,1.0317) (0.3106,1.7383)","LG+I{0.0000}+R4{0.1571,0.1209,0.2050,0.5043,0.3273,1.0317,0.3106,1.7383}"
PF00403,LG+I+G4,0.0000,2.6232,,LG+I{0.0000}+G4{2.6232}
PF00406,LG+I+G4,0.0784,1.8829,,LG+I{0.0784}+G4{1.8829}
PF00407,LG+I+G4,0.0000,5.4409,,LG+I{0.0000}+G4{5.4409}
PF00408,LG+I+G4,0.0102,1.3449,,LG+I{0.0102}+G4{1.3449}
PF00410,LG+I+G4,0.0206,1.0090,,LG+I{0.0206}+G4{1.0090}
PF00412,LG+I+R3,0.0938,,"(0.0503,0.1211) (0.2295,0.6273) (0.6264,1.3570)","LG+I{0.0938}+R3{0.0503,0.1211,0.2295,0.6273,0.6264,1.3570}"
PF00413,LG+I+R4,0.0203,,"(0.0966,0.0709) (0.1625,0.2581) (0.2731,0.7228) (0.4474,1.6849)","LG+I{0.0203}+R4{0.0966,0.0709,0.1625,0.2581,0.2731,0.7228,0.4474,1.6849}"
PF00425,LG+I+R4,0.0157,,"(0.1332,0.1092) (0.2327,0.4459) (0.2518,0.9257) (0.3666,1.7691)","LG+I{0.0157}+R4{0.1332,0.1092,0.2327,0.4459,0.2518,0.9257,0.3666,1.7691}"
PF00436,LG+F+I+R3,0.0000,,"(0.0431,0.1127) (0.4142,0.6569) (0.5427,1.3324)","LG+F+I{0.0000}+R3{0.0431,0.1127,0.4142,0.6569,0.5427,1.3324}"
PF00438,LG+I+R4,0.0206,,"(0.1909,0.0729) (0.3057,0.5233) (0.2378,1.1578) (0.2450,2.2483)","LG+I{0.0206}+R4{0.1909,0.0729,0.3057,0.5233,0.2378,1.1578,0.2450,2.2483}"
PF00439,LG+I+G4,0.0000,1.8432,,LG+I{0.0000}+G4{1.8432}
PF00441,LG+F+I+R4,0.0105,,"(0.0328,0.1031) (0.3367,0.5207) (0.4309,1.0167) (0.1890,2.0270)","LG+F+I{0.0105}+R4{0.0328,0.1031,0.3367,0.5207,0.4309,1.0167,0.1890,2.0270}"
PF00444,LG+I+G4,0.0000,1.2013,,LG+I{0.0000}+G4{1.2013}
PF00445,LG+I+R4,0.0085,,"(0.0679,0.1129) (0.1671,0.3823) (0.3133,0.8436) (0.4432,1.4984)","LG+I{0.0085}+R4{0.0679,0.1129,0.1671,0.3823,0.3133,0.8436,0.4432,1.4984}"
PF00447,LG+I+R4,0.0044,,"(0.1602,0.1244) (0.1692,0.4566) (0.2570,0.9257) (0.4093,1.6248)","LG+I{0.0044}+R4{0.1602,0.1244,0.1692,0.4566,0.2570,0.9257,0.4093,1.6248}"
PF00448,LG+I+R4,0.0133,,"(0.1157,0.0758) (0.3171,0.4973) (0.4244,1.2427) (0.1296,2.3626)","LG+I{0.0133}+R4{0.1157,0.0758,0.3171,0.4973,0.4244,1.2427,0.1296,2.3626}"
PF00449,LG+I+G4,0.1136,1.3014,,LG+I{0.1136}+G4{1.3014}
PF00450,LG+I+R4,0.0169,,"(0.0500,0.0788) (0.2455,0.3388) (0.2756,0.8008) (0.4120,1.6801)","LG+I{0.0169}+R4{0.0500,0.0788,0.2455,0.3388,0.2756,0.8008,0.4120,1.6801}"
PF00456,LG+I+G4,0.0830,1.9060,,LG+I{0.0830}+G4{1.9060}
PF00462,LG+I+R4,0.0123,,"(0.1579,0.2613) (0.2247,0.5197) (0.3023,0.9951) (0.3028,1.7872)","LG+I{0.0123}+R4{0.1579,0.2613,0.2247,0.5197,0.3023,0.9951,0.3028,1.7872}"
PF00463,LG+I+G4,0.1367,1.0708,,LG+I{0.1367}+G4{1.0708}
PF00464,LG+I+G4,0.0794,1.2058,,LG+I{0.0794}+G4{1.2058}
PF00472,LG+I+R4,0.0059,,"(0.1745,0.1425) (0.2814,0.4982) (0.2734,1.0384) (0.2648,2.0811)","LG+I{0.0059}+R4{0.1745,0.1425,0.2814,0.4982,0.2734,1.0384,0.2648,2.0811}"
PF00476,LG+I+R4,0.0134,,"(0.1338,0.0617) (0.2128,0.3225) (0.2780,0.8109) (0.3620,1.9271)","LG+I{0.0134}+R4{0.1338,0.0617,0.2128,0.3225,0.2780,0.8109,0.3620,1.9271}"
PF00478,LG+I+R4,0.0237,,"(0.1676,0.0682) (0.2847,0.3868) (0.2534,1.0652) (0.2706,2.2486)","LG+I{0.0237}+R4{0.1676,0.0682,0.2847,0.3868,0.2534,1.0652,0.2706,2.2486}"
PF00479,LG+I+R4,0.0324,,"(0.1238,0.0747) (0.1726,0.2885) (0.2259,0.7734) (0.4453,1.7207)","LG+I{0.0324}+R4{0.1238,0.0747,0.1726,0.2885,0.2259,0.7734,0.4453,1.7207}"
PF00484,LG+I+R4,0.0259,,"(0.1568,0.1657) (0.2868,0.4749) (0.2749,1.0593) (0.2557,2.1381)","LG+I{0.0259}+R4{0.1568,0.1657,0.2868,0.4749,0.2749,1.0593,0.2557,2.1381}"
PF00485,LG+I+G4,0.0292,3.2801,,LG+I{0.0292}+G4{3.2801}
PF00487,LG+F+I+R4,0.0052,,"(0.0195,0.0255) (0.1415,0.4170) (0.4740,0.8502) (0.3598,1.4941)","LG+F+I{0.0052}+R4{0.0195,0.0255,0.1415,0.4170,0.4740,0.8502,0.3598,1.4941}"
PF00488,LG+I+G4,0.0788,0.9158,,LG+I{0.0788}+G4{0.9158}
PF00490,LG+I+R4,0.0306,,"(0.1764,0.0743) (0.1777,0.3374) (0.3134,0.8588) (0.3019,2.1789)","LG+I{0.0306}+R4{0.1764,0.0743,0.1777,0.3374,0.3134,0.8588,0.3019,2.1789}"
PF00491,LG+I+R4,0.0069,,"(0.0897,0.0998) (0.2737,0.4473) (0.3252,0.9475) (0.3045,1.8407)","LG+I{0.0069}+R4{0.0897,0.0998,0.2737,0.4473,0.3252,0.9475,0.3045,1.8407}"
PF00493,LG+I+G4,0.0063,0.8071,,LG+I{0.0063}+G4{0.8071}
PF00494,LG+F+I+R4,0.0000,,"(0.1005,0.1849) (0.1979,0.4479) (0.2649,0.8661) (0.4367,1.5190)","LG+F+I{0.0000}+R4{0.1005,0.1849,0.1979,0.4479,0.2649,0.8661,0.4367,1.5190}"
PF00497,LG+F+I+R4,0.0022,,"(0.0594,0.2564) (0.2360,0.5098) (0.3393,0.8883) (0.3631,1.5507)","LG+F+I{0.0022}+R4{0.0594,0.2564,0.2360,0.5098,0.3393,0.8883,0.3631,1.5507}"
PF00503,LG+F+I+R4,0.0000,,"(0.0725,0.1181) (0.1817,0.3273) (0.2315,0.7082) (0.5144,1.4933)","LG+F+I{0.0000}+R4{0.0725,0.1181,0.1817,0.3273,0.2315,0.7082,0.5144,1.4933}"
PF00505,LG+I+G4,0.0000,3.3330,,LG+I{0.0000}+G4{3.3330}
PF00510,LG+F+I+G4,0.1309,1.3957,,LG+F+I{0.1309}+G4{1.3957}
PF00512,LG+F+I+G4,0.0000,1.2587,,LG+F+I{0.0000}+G4{1.2587}
PF00521,LG+I+R4,0.0267,,"(0.1271,0.1503) (0.2188,0.4414) (0.3198,0.9012) (0.3075,1.9383)","LG+I{0.0267}+R4{0.1271,0.1503,0.2188,0.4414,0.3198,0.9012,0.3075,1.9383}"
PF00533,LG+I+G4,0.0000,3.3166,,LG+I{0.0000}+G4{3.3166}
PF00535,LG+I+R4,0.0000,,"(0.0423,0.1058) (0.2221,0.3593) (0.3803,0.8705) (0.3552,1.6459)","LG+I{0.0000}+R4{0.0423,0.1058,0.2221,0.3593,0.3803,0.8705,0.3552,1.6459}"
PF00536,LG+I+G4,0.0000,2.2065,,LG+I{0.0000}+G4{2.2065}
PF00538,LG+I+R4,0.0000,,"(0.0742,0.1194) (0.3883,0.5157) (0.3023,1.1284) (0.2352,1.9119)","LG+I{0.0000}+R4{0.0742,0.1194,0.3883,0.5157,0.3023,1.1284,0.2352,1.9119}"
PF00542,LG+F+I+R4,0.0076,,"(0.1210,0.0796) (0.2913,0.3590) (0.2825,1.1063) (0.2976,1.9262)","LG+F+I{0.0076}+R4{0.1210,0.0796,0.2913,0.3590,0.2825,1.1063,0.2976,1.9262}"
PF00543,LG+I+R4,0.0154,,"(0.0750,0.1555) (0.3586,0.5071) (0.3320,1.0994) (0.2191,2.0158)","LG+I{0.0154}+R4{0.0750,0.1555,0.3586,0.5071,0.3320,1.0994,0.2191,2.0158}"
PF00547,LG+I+G4,0.0379,1.2113,,LG+I{0.0379}+G4{1.2113}
PF00549,LG+I+G4,0.0136,1.9319,,LG+I{0.0136}+G4{1.9319}
PF00550,LG+I+R4,0.0000,,"(0.0555,0.1658) (0.2631,0.6141) (0.3329,0.9625) (0.3485,1.4600)","LG+I{0.0000}+R4{0.0555,0.1658,0.2631,0.6141,0.3329,0.9625,0.3485,1.4600}"
PF00551,LG+I+G4,0.0144,2.4268,,LG+I{0.0144}+G4{2.4268}
PF00557,LG+I+R4,0.0000,,"(0.0725,0.1813) (0.1945,0.4521) (0.2893,0.8443) (0.4437,1.4754)","LG+I{0.0000}+R4{0.0725,0.1813,0.1945,0.4521,0.2893,0.8443,0.4437,1.4754}"
PF00561,LG+I+R4,0.0000,,"(0.0269,0.0847) (0.1063,0.3260) (0.3584,0.6423) (0.5085,1.4414)","LG+I{0.0000}+R4{0.0269,0.0847,0.1063,0.3260,0.3584,0.6423,0.5085,1.4414}"
PF00562,LG+I+R4,0.0145,,"(0.1712,0.0889) (0.2749,0.3325) (0.3022,0.7913) (0.2372,2.7581)","LG+I{0.0145}+R4{0.1712,0.0889,0.2749,0.3325,0.3022,0.7913,0.2372,2.7581}"
PF00564,LG+I+G4,0.0000,1.9491,,LG+I{0.0000}+G4{1.9491}
PF00565,LG+I+G4,0.0221,1.7040,,LG+I{0.0221}+G4{1.7040}
PF00567,LG+F+I+G4,0.0154,2.3406,,LG+F+I{0.0154}+G4{2.3406}
PF00569,JTT+G4,,1.0700,,JTT+G4{1.0700}
PF00570,LG+I+G4,0.0000,1.5969,,LG+I{0.0000}+G4{1.5969}
PF00571,LG+I+R4,0.0000,,"(0.1129,0.3539) (0.1216,0.6125) (0.3585,0.9104) (0.4071,1.3738)","LG+I{0.0000}+R4{0.1129,0.3539,0.1216,0.6125,0.3585,0.9104,0.4071,1.3738}"
PF00574,LG+I+G4,0.0104,1.0601,,LG+I{0.0104}+G4{1.0601}
PF00575,LG+I+G4,0.0000,3.0469,,LG+I{0.0000}+G4{3.0469}
PF00576,LG+I+R4,0.0098,,"(0.1195,0.0571) (0.1629,0.2386) (0.3171,0.8569) (0.3906,1.7474)","LG+I{0.0098}+R4{0.1195,0.0571,0.1629,0.2386,0.3171,0.8569,0.3906,1.7474}"
PF00578,LG+I+R4,0.0000,,"(0.0297,0.1141) (0.2104,0.3936) (0.2914,0.7156) (0.4685,1.5053)","LG+I{0.0000}+R4{0.0297,0.1141,0.2104,0.3936,0.2914,0.7156,0.4685,1.5053}"
PF00580,LG+F+I+R4,0.0078,,"(0.0592,0.0370) (0.1430,0.1990) (0.3033,0.6359) (0.4867,1.5954)","LG+F+I{0.0078}+R4{0.0592,0.0370,0.1430,0.1990,0.3033,0.6359,0.4867,1.5954}"
PF00581,LG+I+R4,0.0000,,"(0.0375,0.1030) (0.1887,0.3598) (0.3493,0.8189) (0.4244,1.5132)","LG+I{0.0000}+R4{0.0375,0.1030,0.1887,0.3598,0.3493,0.8189,0.4244,1.5132}"
PF00582,LG+I+G4,0.0000,1.4513,,LG+I{0.0000}+G4{1.4513}
PF00585,LG+I+G4,0.0016,1.7308,,LG+I{0.0016}+G4{1.7308}
PF00586,LG+I+R4,0.0000,,"(0.1036,0.1642) (0.3657,0.4800) (0.2050,0.9003) (0.3257,1.9122)","LG+I{0.0000}+R4{0.1036,0.1642,0.3657,0.4800,0.2050,0.9003,0.3257,1.9122}"
PF00587,LG+I+G4,0.0212,3.9774,,LG+I{0.0212}+G4{3.9774}
PF00590,LG+I+R4,0.0037,,"(0.1341,0.2625) (0.2731,0.5805) (0.3203,1.0949) (0.2690,1.6942)","LG+I{0.0037}+R4{0.1341,0.2625,0.2731,0.5805,0.3203,1.0949,0.2690,1.6942}"
PF00591,LG+I+G4,0.0213,1.6359,,LG+I{0.0213}+G4{1.6359}
PF00595,LG+I+G4,0.0000,2.0864,,LG+I{0.0000}+G4{2.0864}
PF00596,LG+I+R4,0.0000,,"(0.0436,0.0786) (0.2278,0.4316) (0.3154,0.8186) (0.4131,1.5494)","LG+I{0.0000}+R4{0.0436,0.0786,0.2278,0.4316,0.3154,0.8186,0.4131,1.5494}"
PF00610,LG+I+G4,0.0000,2.7459,,LG+I{0.0000}+G4{2.7459}
PF00620,LG+I+R4,0.0000,,"(0.0912,0.1368) (0.2461,0.4112) (0.3051,0.8439) (0.3575,1.7588)","LG+I{0.0000}+R4{0.0912,0.1368,0.2461,0.4112,0.3051,0.8439,0.3575,1.7588}"
PF00622,LG+I+G4,0.0056,2.4759,,LG+I{0.0056}+G4{2.4759}
PF00623,LG+I+G4,0.0038,0.6930,,LG+I{0.0038}+G4{0.6930}
PF00625,LG+I+G4,0.0170,3.5351,,LG+I{0.0170}+G4{3.5351}
PF00626,LG+I+G4,0.0000,3.6872,,LG+I{0.0000}+G4{3.6872}
PF00627,LG+I+R3,0.0000,,"(0.2241,0.2115) (0.2294,0.6708) (0.5465,1.4615)","LG+I{0.0000}+R3{0.2241,0.2115,0.2294,0.6708,0.5465,1.4615}"
PF00628,LG+I+R4,0.0000,,"(0.1273,0.0017) (0.1750,0.4004) (0.1451,0.7881) (0.5526,1.4755)","LG+I{0.0000}+R4{0.1273,0.0017,0.1750,0.4004,0.1451,0.7881,0.5526,1.4755}"
PF00630,LG+I+G4,0.0000,1.8394,,LG+I{0.0000}+G4{1.8394}
PF00631,LG+I+R3,0.0050,,"(0.0524,0.0973) (0.2733,0.5374) (0.6694,1.2670)","LG+I{0.0050}+R3{0.0524,0.0973,0.2733,0.5374,0.6694,1.2670}"
PF00632,LG+F+I+R4,0.0047,,"(0.0499,0.1098) (0.1805,0.3836) (0.3776,0.8145) (0.3873,1.5949)","LG+F+I{0.0047}+R4{0.0499,0.1098,0.1805,0.3836,0.3776,0.8145,0.3873,1.5949}"
PF00635,LG+I+G4,0.0000,2.1725,,LG+I{0.0000}+G4{2.1725}
PF00638,LG+I+G4,0.0554,2.8948,,LG+I{0.0554}+G4{2.8948}
PF00639,LG+I+R3,0.0086,,"(0.0613,0.1238) (0.2623,0.4915) (0.6679,1.2929)","LG+I{0.0086}+R3{0.0613,0.1238,0.2623,0.4915,0.6679,1.2929}"
PF00641,JTT+I+G4,0.1974,14.5897,,JTT+I{0.1974}+G4{14.5897}
PF00643,LG+I+R3,0.0786,,"(0.0516,0.0467) (0.1785,0.6054) (0.6914,1.2866)","LG+I{0.0786}+R3{0.0516,0.0467,0.1785,0.6054,0.6914,1.2866}"
PF00644,LG+I+G4,0.0000,1.2082,,LG+I{0.0000}+G4{1.2082}
PF00645,LG+I+R4,0.0076,,"(0.0460,0.0387) (0.1343,0.3127) (0.2790,0.7056) (0.5331,1.4245)","LG+I{0.0076}+R4{0.0460,0.0387,0.1343,0.3127,0.2790,0.7056,0.5331,1.4245}"
PF00646,LG+F+I+R4,0.0000,,"(0.1023,0.2518) (0.3092,0.6379) (0.3093,1.0201) (0.2792,1.6527)","LG+F+I{0.0000}+R4{0.1023,0.2518,0.3092,0.6379,0.3093,1.0201,0.2792,1.6527}"
PF00647,LG+I+G4,0.0220,1.5503,,LG+I{0.0220}+G4{1.5503}
PF00650,LG+F+I+R4,0.0034,,"(0.1059,0.3631) (0.3820,0.7623) (0.4844,1.2064) (0.0242,3.5433)","LG+F+I{0.0034}+R4{0.1059,0.3631,0.3820,0.7623,0.4844,1.2064,0.0242,3.5433}"
PF00651,LG+I+R4,0.0000,,"(0.0601,0.0961) (0.2946,0.4389) (0.3591,1.0272) (0.2862,1.7334)","LG+I{0.0000}+R4{0.0601,0.0961,0.2946,0.4389,0.3591,1.0272,0.2862,1.7334}"
PF00652,LG+I+R4,0.0000,,"(0.0397,0.0485) (0.1925,0.3978) (0.3240,0.8585) (0.4438,1.4495)","LG+I{0.0000}+R4{0.0397,0.0485,0.1925,0.3978,0.3240,0.8585,0.4438,1.4495}"
PF00656,LG+I+R4,0.0000,,"(0.0945,0.0708) (0.2293,0.2195) (0.3702,0.5395) (0.3060,2.4289)","LG+I{0.0000}+R4{0.0945,0.0708,0.2293,0.2195,0.3702,0.5395,0.3060,2.4289}"
PF00658,LG+I+G4,0.0000,1.1015,,LG+I{0.0000}+G4{1.1015}
PF00662,LG+I+R4,0.0000,,"(0.1232,0.1125) (0.2744,0.3780) (0.4769,1.2254) (0.1256,2.3738)","LG+I{0.0000}+R4{0.1232,0.1125,0.2744,0.3780,0.4769,1.2254,0.1256,2.3738}"
PF00667,LG+I+G4,0.0113,2.1806,,LG+I{0.0113}+G4{2.1806}
PF00670,LG+I+G4,0.1251,1.3162,,LG+I{0.1251}+G4{1.3162}
PF00673,LG+I+G4,0.0034,1.3382,,LG+I{0.0034}+G4{1.3382}
PF00676,LG+I+G4,0.0202,2.0193,,LG+I{0.0202}+G4{2.0193}
PF00677,LG+I+R4,0.0155,,"(0.0964,0.0415) (0.2294,0.2639) (0.2525,0.8200) (0.4062,1.7933)","LG+I{0.0155}+R4{0.0964,0.0415,0.2294,0.2639,0.2525,0.8200,0.4062,1.7933}"
PF00679,LG+I+G4,0.0109,2.4270,,LG+I{0.0109}+G4{2.4270}
PF00682,LG+I+G4,0.0145,1.7357,,LG+I{0.0145}+G4{1.7357}
PF00684,LG+I+R4,0.0544,,"(0.0970,0.0404) (0.0729,0.4116) (0.3713,0.8300) (0.4044,1.6269)","LG+I{0.0544}+R4{0.0970,0.0404,0.0729,0.4116,0.3713,0.8300,0.4044,1.6269}"
PF00685,LG+I+R4,0.0095,,"(0.0940,0.1794) (0.3259,0.4975) (0.4629,1.1938) (0.1078,2.4912)","LG+I{0.0095}+R4{0.0940,0.1794,0.3259,0.4975,0.4629,1.1938,0.1078,2.4912}"
PF00687,LG+F+I+R4,0.0000,,"(0.0728,0.2430) (0.2674,0.5298) (0.4096,0.9510) (0.2502,1.8028)","LG+F+I{0.0000}+R4{0.0728,0.2430,0.2674,0.5298,0.4096,0.9510,0.2502,1.8028}"
PF00690,LG+I+R4,0.0265,,"(0.0561,0.1315) (0.1407,0.3953) (0.3370,0.7494) (0.4398,1.5565)","LG+I{0.0265}+R4{0.0561,0.1315,0.1407,0.3953,0.3370,0.7494,0.4398,1.5565}"
PF00692,LG+I+G4,0.0000,1.2439,,LG+I{0.0000}+G4{1.2439}
PF00694,LG+I+G4,0.0537,1.4177,,LG+I{0.0537}+G4{1.4177}
PF00697,LG+I+G4,0.0300,1.5789,,LG+I{0.0300}+G4{1.5789}
PF00698,LG+I+G4,0.0257,3.1024,,LG+I{0.0257}+G4{3.1024}
PF00699,LG+I+R4,0.0247,,"(0.2611,0.0855) (0.2014,0.4115) (0.2163,1.0206) (0.2965,2.2733)","LG+I{0.0247}+R4{0.2611,0.0855,0.2014,0.4115,0.2163,1.0206,0.2965,2.2733}"
PF00701,LG+I+G4,0.0010,1.8286,,LG+I{0.0010}+G4{1.8286}
PF00702,LG+I+R4,0.0000,,"(0.0198,0.0479) (0.1412,0.2916) (0.2760,0.6898) (0.5630,1.3632)","LG+I{0.0000}+R4{0.0198,0.0479,0.1412,0.2916,0.2760,0.6898,0.5630,1.3632}"
PF00703,LG+F+I+R4,0.0065,,"(0.0337,0.0556) (0.1818,0.3539) (0.2782,0.7849) (0.4998,1.4315)","LG+F+I{0.0065}+R4{0.0337,0.0556,0.1818,0.3539,0.2782,0.7849,0.4998,1.4315}"
PF00704,LG+F+I+R4,0.0000,,"(0.0829,0.2153) (0.1948,0.4801) (0.3246,0.8452) (0.3977,1.5445)","LG+F+I{0.0000}+R4{0.0829,0.2153,0.1948,0.4801,0.3246,0.8452,0.3977,1.5445}"
PF00705,LG+I,0.0784,,,LG+I{0.0784}
PF00707,LG+I+G4,0.0108,1.2247,,LG+I{0.0108}+G4{1.2247}
PF00708,LG+I+R4,0.0000,,"(0.1266,0.0625) (0.1732,0.3551) (0.3345,0.9764) (0.3657,1.6515)","LG+I{0.0000}+R4{0.1266,0.0625,0.1732,0.3551,0.3345,0.9764,0.3657,1.6515}"
PF00709,LG+I+R4,0.0081,,"(0.1383,0.0504) (0.2110,0.3574) (0.2617,0.8437) (0.3809,1.8295)","LG+I{0.0081}+R4{0.1383,0.0504,0.2110,0.3574,0.2617,0.8437,0.3809,1.8295}"
PF00717,LG+I+R4,0.0000,,"(0.1578,0.1937) (0.3061,0.6033) (0.2848,1.1368) (0.2514,1.8340)","LG+I{0.0000}+R4{0.1578,0.1937,0.3061,0.6033,0.2848,1.1368,0.2514,1.8340}"
PF00719,LG+I+R4,0.0047,,"(0.1430,0.0999) (0.2898,0.4786) (0.3160,1.0105) (0.2465,2.1407)","LG+I{0.0047}+R4{0.1430,0.0999,0.2898,0.4786,0.3160,1.0105,0.2465,2.1407}"
PF00722,LG+F+I+R4,0.0149,,"(0.1132,0.1651) (0.3567,0.5596) (0.3942,1.2675) (0.1209,2.3328)","LG+F+I{0.0149}+R4{0.1132,0.1651,0.3567,0.5596,0.3942,1.2675,0.1209,2.3328}"
PF00724,LG+I+G4,0.0057,1.6455,,LG+I{0.0057}+G4{1.6455}
PF00725,LG+I+G4,0.0087,1.7917,,LG+I{0.0087}+G4{1.7917}
PF00728,LG+I+R3,0.0356,,"(0.1281,0.1793) (0.4080,0.6511) (0.4283,1.6611)","LG+I{0.0356}+R3{0.1281,0.1793,0.4080,0.6511,0.4283,1.6611}"
PF00730,LG+I+G4,0.0000,2.2922,,LG+I{0.0000}+G4{2.2922}
PF00731,LG+I+R4,0.0118,,"(0.2697,0.0958) (0.2797,0.4765) (0.2004,1.2507) (0.2384,2.4757)","LG+I{0.0118}+R4{0.2697,0.0958,0.2797,0.4765,0.2004,1.2507,0.2384,2.4757}"
PF00732,LG+I+G4,0.0153,1.8554,,LG+I{0.0153}+G4{1.8554}
PF00733,LG+F+I+R4,0.0038,,"(0.0755,0.1093) (0.2073,0.3855) (0.2900,0.8065) (0.4234,1.6014)","LG+F+I{0.0038}+R4{0.0755,0.1093,0.2073,0.3855,0.2900,0.8065,0.4234,1.6014}"
PF00736,LG+I+G4,0.0000,2.6287,,LG+I{0.0000}+G4{2.6287}
PF00742,LG+I+R4,0.0058,,"(0.1017,0.0801) (0.2309,0.3741) (0.2217,0.8044) (0.4399,1.6530)","LG+I{0.0058}+R4{0.1017,0.0801,0.2309,0.3741,0.2217,0.8044,0.4399,1.6530}"
PF00745,LG+F+I+G4,0.0000,2.2979,,LG+F+I{0.0000}+G4{2.2979}
PF00749,LG+I+G4,0.0279,1.7638,,LG+I{0.0279}+G4{1.7638}
PF00750,LG+I+G4,0.0526,2.1719,,LG+I{0.0526}+G4{2.1719}
PF00753,LG+I+R4,0.0000,,"(0.0328,0.0315) (0.1591,0.3258) (0.3991,0.7791) (0.4091,1.5553)","LG+I{0.0000}+R4{0.0328,0.0315,0.1591,0.3258,0.3991,0.7791,0.4091,1.5553}"
PF00754,LG+F+I+R4,0.0000,,"(0.1201,0.2642) (0.2917,0.5567) (0.3123,1.0362) (0.2759,1.7480)","LG+F+I{0.0000}+R4{0.1201,0.2642,0.2917,0.5567,0.3123,1.0362,0.2759,1.7480}"
PF00756,LG+I+R3,0.0049,,"(0.0940,0.1720) (0.4533,0.6649) (0.4479,1.5238)","LG+I{0.0049}+R3{0.0940,0.1720,0.4533,0.6649,0.4479,1.5238}"
PF00762,LG+I+R4,0.0068,,"(0.1284,0.1268) (0.2105,0.4196) (0.2944,0.8992) (0.3599,1.7523)","LG+I{0.0068}+R4{0.1284,0.1268,0.2105,0.4196,0.2944,0.8992,0.3599,1.7523}"
PF00763,LG+I+R4,0.0047,,"(0.1615,0.1234) (0.2270,0.4296) (0.2452,0.9481) (0.3617,1.7973)","LG+I{0.0047}+R4{0.1615,0.1234,0.2270,0.4296,0.2452,0.9481,0.3617,1.7973}"
PF00764,LG+I+G4,0.0940,2.1188,,LG+I{0.0940}+G4{2.1188}
PF00766,LG+I+R4,0.0000,,"(0.2006,0.1271) (0.2302,0.4450) (0.3276,1.0723) (0.2415,2.1562)","LG+I{0.0000}+R4{0.2006,0.1271,0.2302,0.4450,0.3276,1.0723,0.2415,2.1562}"
PF00773,LG+I+R4,0.0028,,"(0.0932,0.1252) (0.1536,0.3499) (0.2754,0.7878) (0.4749,1.5109)","LG+I{0.0028}+R4{0.0932,0.1252,0.1536,0.3499,0.2754,0.7878,0.4749,1.5109}"
PF00782,LG+I+G4,0.0061,1.2582,,LG+I{0.0061}+G4{1.2582}
PF00786,LG+I+G4,0.0238,1.6437,,LG+I{0.0238}+G4{1.6437}
PF00787,LG+I+R3,0.0073,,"(0.0909,0.1685) (0.2232,0.5123) (0.6786,1.2825)","LG+I{0.0073}+R3{0.0909,0.1685,0.2232,0.5123,0.6786,1.2825}"
PF00789,LG+I+G4,0.0000,2.1543,,LG+I{0.0000}+G4{2.1543}
PF00792,LG+I+G4,0.0000,2.6672,,LG+I{0.0000}+G4{2.6672}
PF00793,LG+I+G4,0.0171,1.4234,,LG+I{0.0171}+G4{1.4234}
PF00804,LG+I+G4,0.0059,2.2072,,LG+I{0.0059}+G4{2.2072}
PF00808,LG+I+R2,0.0000,,"(0.4250,0.4633) (0.5750,1.3967)","LG+I{0.0000}+R2{0.4250,0.4633,0.5750,1.3967}"
PF00809,LG+I+G4,0.0243,1.5263,,LG+I{0.0243}+G4{1.5263}
PF00828,LG+F+I+R4,0.0000,,"(0.1027,0.1489) (0.2054,0.5335) (0.3877,1.0288) (0.3042,1.5655)","LG+F+I{0.0000}+R4{0.1027,0.1489,0.2054,0.5335,0.3877,1.0288,0.3042,1.5655}"
PF00834,LG+I+G4,0.0690,1.7166,,LG+I{0.0690}+G4{1.7166}
PF00838,LG+F+I+G4,0.0000,1.8862,,LG+F+I{0.0000}+G4{1.8862}
PF00847,LG+I+R3,0.0000,,"(0.0793,0.0890) (0.4791,0.5837) (0.4417,1.6150)","LG+I{0.0000}+R3{0.0793,0.0890,0.4791,0.5837,0.4417,1.6150}"
PF00848,LG+F+I+R3,0.0235,,"(0.0479,0.1319) (0.3082,0.6167) (0.6204,1.2953)","LG+F+I{0.0235}+R3{0.0479,0.1319,0.3082,0.6167,0.6204,1.2953}"
PF00850,LG+I+R4,0.0219,,"(0.0729,0.0944) (0.2552,0.4047) (0.2879,0.8696) (0.3622,1.7658)","LG+I{0.0219}+R4{0.0729,0.0944,0.2552,0.4047,0.2879,0.8696,0.3622,1.7658}"
PF00852,LG+I+G4,0.0244,1.0962,,LG+I{0.0244}+G4{1.0962}
PF00855,LG+I+R4,0.0058,,"(0.0698,0.1573) (0.1289,0.4568) (0.1858,0.7353) (0.6098,1.3014)","LG+I{0.0058}+R4{0.0698,0.1573,0.1289,0.4568,0.1858,0.7353,0.6098,1.3014}"
PF00857,LG+I+R4,0.0043,,"(0.0574,0.1543) (0.2066,0.3993) (0.3484,0.7828) (0.3832,1.6594)","LG+I{0.0043}+R4{0.0574,0.1543,0.2066,0.3993,0.3484,0.7828,0.3832,1.6594}"
PF00862,LG+I+G4,0.0905,0.9666,,LG+I{0.0905}+G4{0.9666}
PF00875,LG+F+I+R4,0.0054,,"(0.0846,0.1836) (0.2287,0.5180) (0.4396,0.9617) (0.2417,1.8336)","LG+F+I{0.0054}+R4{0.0846,0.1836,0.2287,0.5180,0.4396,0.9617,0.2417,1.8336}"
PF00881,LG+I+R4,0.0000,,"(0.0595,0.1408) (0.2138,0.3747) (0.3706,0.7366) (0.3561,1.7930)","LG+I{0.0000}+R4{0.0595,0.1408,0.2138,0.3747,0.3706,0.7366,0.3561,1.7930}"
PF00883,LG+I+R4,0.0087,,"(0.1024,0.0689) (0.1841,0.3337) (0.3347,0.7709) (0.3701,1.8197)","LG+I{0.0087}+R4{0.1024,0.0689,0.1841,0.3337,0.3347,0.7709,0.3701,1.8197}"
PF00885,LG+I+R4,0.0000,,"(0.1347,0.1420) (0.3160,0.4926) (0.2743,1.0249) (0.2750,1.9782)","LG+I{0.0000}+R4{0.1347,0.1420,0.3160,0.4926,0.2743,1.0249,0.2750,1.9782}"
PF00887,LG+I+R4,0.0000,,"(0.0906,0.0958) (0.1593,0.4635) (0.3027,0.8368) (0.4475,1.4844)","LG+I{0.0000}+R4{0.0906,0.0958,0.1593,0.4635,0.3027,0.8368,0.4475,1.4844}"
PF00891,LG+I+G4,0.0410,2.3114,,LG+I{0.0410}+G4{2.3114}
PF00892,LG+F+I+G4,0.0000,3.2403,,LG+F+I{0.0000}+G4{3.2403}
PF00899,LG+I+R4,0.0056,,"(0.0647,0.0621) (0.2880,0.1728) (0.3778,0.4920) (0.2638,2.8817)","LG+I{0.0056}+R4{0.0647,0.0621,0.2880,0.1728,0.3778,0.4920,0.2638,2.8817}"
PF00903,LG+F+I+R4,0.0000,,"(0.0602,0.2193) (0.1954,0.4941) (0.3620,0.8637) (0.3824,1.5104)","LG+F+I{0.0000}+R4{0.0602,0.2193,0.1954,0.4941,0.3620,0.8637,0.3824,1.5104}"
PF00920,LG+I+R4,0.0245,,"(0.1193,0.0923) (0.2918,0.4260) (0.2730,0.8989) (0.2914,2.1252)","LG+I{0.0245}+R4{0.1193,0.0923,0.2918,0.4260,0.2730,0.8989,0.2914,2.1252}"
PF00923,LG+I+R4,0.0106,,"(0.0906,0.0925) (0.2143,0.3401) (0.2189,0.7729) (0.4656,1.6098)","LG+I{0.0106}+R4{0.0906,0.0925,0.2143,0.3401,0.2189,0.7729,0.4656,1.6098}"
PF00924,LG+I+G4,0.0135,2.0690,,LG+I{0.0135}+G4{2.0690}
PF00929,LG+I+G4,0.0213,2.4861,,LG+I{0.0213}+G4{2.4861}
PF00931,LG+I+G4,0.0303,1.7307,,LG+I{0.0303}+G4{1.7307}
PF00933,LG+I+G4,0.0094,1.7658,,LG+I{0.0094}+G4{1.7658}
PF00941,LG+I+R4,0.0078,,"(0.0749,0.1456) (0.3346,0.4583) (0.2860,0.9885) (0.2967,1.8637)","LG+I{0.0078}+R4{0.0749,0.1456,0.3346,0.4583,0.2860,0.9885,0.2967,1.8637}"
PF00954,JTT+I+G4,0.0888,2.9270,,JTT+I{0.0888}+G4{2.9270}
PF00955,LG+F+I+R4,0.0094,,"(0.2571,0.1279) (0.3549,0.4483) (0.2485,1.2270) (0.1301,3.8678)","LG+F+I{0.0094}+R4{0.2571,0.1279,0.3549,0.4483,0.2485,1.2270,0.1301,3.8678}"
PF00958,LG+I+G4,0.0634,0.9087,,LG+I{0.0634}+G4{0.9087}
PF00962,LG+I+G4,0.0349,3.2590,,LG+I{0.0349}+G4{3.2590}
PF00967,JTT+G4,,1.0895,,JTT+G4{1.0895}
PF00970,LG+I+G4,0.0000,1.3772,,LG+I{0.0000}+G4{1.3772}
PF00984,LG+I+G4,0.0000,0.9767,,LG+I{0.0000}+G4{0.9767}
PF00988,LG+I+R4,0.0061,,"(0.1441,0.0492) (0.2128,0.3204) (0.2808,0.7263) (0.3562,2.0237)","LG+I{0.0061}+R4{0.1441,0.0492,0.2128,0.3204,0.2808,0.7263,0.3562,2.0237}"
PF00989,LG+I+G4,0.0000,3.0907,,LG+I{0.0000}+G4{3.0907}
PF00994,LG+I+R4,0.0000,,"(0.0628,0.1100) (0.1806,0.4022) (0.3664,0.8062) (0.3902,1.6018)","LG+I{0.0000}+R4{0.0628,0.1100,0.1806,0.4022,0.3664,0.8062,0.3902,1.6018}"
PF00999,LG+F+I+R4,0.0000,,"(0.0776,0.1954) (0.2347,0.4493) (0.3649,0.9156) (0.3228,1.6892)","LG+F+I{0.0000}+R4{0.0776,0.1954,0.2347,0.4493,0.3649,0.9156,0.3228,1.6892}"
PF01000,LG+I+G4,0.0047,2.1116,,LG+I{0.0047}+G4{2.1116}
PF01012,LG+I+R4,0.0000,,"(0.0754,0.3072) (0.2863,0.5832) (0.3050,0.9615) (0.3332,1.5502)","LG+I{0.0000}+R4{0.0754,0.3072,0.2863,0.5832,0.3050,0.9615,0.3332,1.5502}"
PF01014,LG+I+R4,0.0000,,"(0.0803,0.1573) (0.3307,0.4475) (0.2993,0.9324) (0.2897,1.9343)","LG+I{0.0000}+R4{0.0803,0.1573,0.3307,0.4475,0.2993,0.9324,0.2897,1.9343}"
PF01018,LG+I+R4,0.0515,,"(0.1724,0.1011) (0.1910,0.5051) (0.3255,1.1231) (0.2596,2.0050)","LG+I{0.0515}+R4{0.1724,0.1011,0.1910,0.5051,0.3255,1.1231,0.2596,2.0050}"
PF01019,LG+I+R4,0.0025,,"(0.1141,0.1270) (0.2506,0.4203) (0.3848,0.9474) (0.2480,2.0791)","LG+I{0.0025}+R4{0.1141,0.1270,0.2506,0.4203,0.3848,0.9474,0.2480,2.0791}"
PF01020,JTT+R2,,,"(0.8253,0.5734) (0.1747,3.0148)","JTT+R2{0.8253,0.5734,0.1747,3.0148}"
PF01026,LG+I+R4,0.0086,,"(0.0551,0.0808) (0.2112,0.4331) (0.3110,0.8469) (0.4140,1.5474)","LG+I{0.0086}+R4{0.0551,0.0808,0.2112,0.4331,0.3110,0.8469,0.4140,1.5474}"
PF01028,LG+I+R4,0.0111,,"(0.1632,0.0775) (0.1874,0.3364) (0.2409,0.8909) (0.3974,1.7857)","LG+I{0.0111}+R4{0.1632,0.0775,0.1874,0.3364,0.2409,0.8909,0.3974,1.7857}"
PF01029,LG+I+R4,0.0000,,"(0.0281,0.0461) (0.1568,0.3064) (0.3787,0.7428) (0.4363,1.5340)","LG+I{0.0000}+R4{0.0281,0.0461,0.1568,0.3064,0.3787,0.7428,0.4363,1.5340}"
PF01042,LG+I+G4,0.0102,1.9404,,LG+I{0.0102}+G4{1.9404}
PF01043,LG+I+G4,0.0139,0.9035,,LG+I{0.0139}+G4{0.9035}
PF01048,LG+I+R4,0.0000,,"(0.0457,0.1622) (0.2514,0.4417) (0.2721,0.8489) (0.4309,1.5099)","LG+I{0.0000}+R4{0.0457,0.1622,0.2514,0.4417,0.2721,0.8489,0.4309,1.5099}"
PF01053,LG+I+R4,0.0095,,"(0.1117,0.0912) (0.2846,0.5008) (0.4247,1.1329) (0.1694,2.1613)","LG+I{0.0095}+R4{0.1117,0.0912,0.2846,0.5008,0.4247,1.1329,0.1694,2.1613}"
PF01055,LG+I+R4,0.0000,,"(0.0721,0.1021) (0.2027,0.3635) (0.2500,0.7647) (0.4752,1.5315)","LG+I{0.0000}+R4{0.0721,0.1021,0.2027,0.3635,0.2500,0.7647,0.4752,1.5315}"
PF01058,LG+I+R4,0.0132,,"(0.0760,0.1894) (0.2383,0.5480) (0.3373,0.9406) (0.3351,1.6046)","LG+I{0.0132}+R4{0.0760,0.1894,0.2383,0.5480,0.3373,0.9406,0.3351,1.6046}"
PF01061,LG+F+I+R4,0.0000,,"(0.1046,0.3922) (0.3822,0.7223) (0.2938,1.0498) (0.2194,1.7065)","LG+F+I{0.0000}+R4{0.1046,0.3922,0.3822,0.7223,0.2938,1.0498,0.2194,1.7065}"
PF01063,LG+I+R4,0.0000,,"(0.0916,0.1661) (0.2854,0.5268) (0.2748,0.9413) (0.3482,1.6535)","LG+I{0.0000}+R4{0.0916,0.1661,0.2854,0.5268,0.2748,0.9413,0.3482,1.6535}"
PF01067,LG+I+R4,0.0148,,"(0.0887,0.0776) (0.2731,0.4101) (0.3634,0.9941) (0.2599,2.0000)","LG+I{0.0148}+R4{0.0887,0.0776,0.2731,0.4101,0.3634,0.9941,0.2599,2.0000}"
PF01068,LG+I+R4,0.0163,,"(0.0858,0.0544) (0.1332,0.3461) (0.4492,0.8455) (0.3155,1.8045)","LG+I{0.0163}+R4{0.0858,0.0544,0.1332,0.3461,0.4492,0.8455,0.3155,1.8045}"
PF01070,LG+F+I+R4,0.0066,,"(0.0978,0.1119) (0.2198,0.4560) (0.3372,0.9131) (0.3386,1.7156)","LG+F+I{0.0066}+R4{0.0978,0.1119,0.2198,0.4560,0.3372,0.9131,0.3386,1.7156}"
PF01071,LG+I+G4,0.0417,1.1490,,LG+I{0.0417}+G4{1.1490}
PF01074,LG+I+G4,0.0193,2.6001,,LG+I{0.0193}+G4{2.6001}
PF01078,LG+I+G4,0.0494,0.9186,,LG+I{0.0494}+G4{0.9186}
PF01081,LG+I,0.0672,,,LG+I{0.0672}
PF01087,LG+I+G4,0.0257,1.2706,,LG+I{0.0257}+G4{1.2706}
PF01088,LG+F+I+R4,0.0026,,"(0.0670,0.0827) (0.1935,0.3499) (0.2442,0.7289) (0.4928,1.5196)","LG+F+I{0.0026}+R4{0.0670,0.0827,0.1935,0.3499,0.2442,0.7289,0.4928,1.5196}"
PF01094,LG+I+G4,0.0000,2.5595,,LG+I{0.0000}+G4{2.5595}
PF01096,LG+I+R3,0.0584,,"(0.1044,0.0464) (0.2999,0.4939) (0.5373,1.5764)","LG+I{0.0584}+R3{0.1044,0.0464,0.2999,0.4939,0.5373,1.5764}"
PF01103,LG+F+I+R4,0.0000,,"(0.0785,0.0951) (0.2927,0.3299) (0.4147,0.6873) (0.2141,2.8536)","LG+F+I{0.0000}+R4{0.0785,0.0951,0.2927,0.3299,0.4147,0.6873,0.2141,2.8536}"
PF01105,LG+I+R4,0.0000,,"(0.0507,0.1936) (0.2527,0.4612) (0.4104,0.9171) (0.2862,1.7376)","LG+I{0.0000}+R4{0.0507,0.1936,0.2527,0.4612,0.4104,0.9171,0.2862,1.7376}"
PF01111,LG+I+G4,0.0000,0.9967,,LG+I{0.0000}+G4{0.9967}
PF01112,LG+I+G4,0.0272,1.0729,,LG+I{0.0272}+G4{1.0729}
PF01113,LG+I+R4,0.0160,,"(0.0715,0.0624) (0.1688,0.3507) (0.3520,0.7606) (0.3917,1.7069)","LG+I{0.0160}+R4{0.0715,0.0624,0.1688,0.3507,0.3520,0.7606,0.3917,1.7069}"
PF01116,LG+F+I+R4,0.0096,,"(0.0866,0.0890) (0.2266,0.3954) (0.3190,0.8536) (0.3582,1.7600)","LG+F+I{0.0096}+R4{0.0866,0.0890,0.2266,0.3954,0.3190,0.8536,0.3582,1.7600}"
PF01117,LG+I+G4,0.0030,2.1644,,LG+I{0.0030}+G4{2.1644}
PF01118,LG+I+R4,0.0059,,"(0.0968,0.1311) (0.2458,0.3617) (0.2797,0.9209) (0.3719,1.7233)","LG+I{0.0059}+R4{0.0968,0.1311,0.2458,0.3617,0.2797,0.9209,0.3719,1.7233}"
PF01120,LG+I+R4,0.0113,,"(0.1680,0.1858) (0.3199,0.5534) (0.3508,1.1833) (0.1501,2.5101)","LG+I{0.0113}+R4{0.1680,0.1858,0.3199,0.5534,0.3508,1.1833,0.1501,2.5101}"
PF01121,LG+I+G4,0.0784,1.8972,,LG+I{0.0784}+G4{1.8972}
PF01125,LG+I+R4,0.0422,,"(0.2143,0.1511) (0.1481,0.5256) (0.3537,1.1310) (0.2416,2.0268)","LG+I{0.0422}+R4{0.2143,0.1511,0.1481,0.5256,0.3537,1.1310,0.2416,2.0268}"
PF01126,LG+I+G4,0.0056,1.5893,,LG+I{0.0056}+G4{1.5893}
PF01132,LG+I+R4,0.0000,,"(0.0993,0.1354) (0.2538,0.5717) (0.4024,0.9902) (0.2445,1.8121)","LG+I{0.0000}+R4{0.0993,0.1354,0.2538,0.5717,0.4024,0.9902,0.2445,1.8121}"
PF01137,LG+I+R4,0.0047,,"(0.0952,0.1266) (0.2952,0.4907) (0.2907,0.9798) (0.3143,1.7767)","LG+I{0.0047}+R4{0.0952,0.1266,0.2952,0.4907,0.2907,0.9798,0.3143,1.7767}"
PF01138,LG+I+R4,0.0000,,"(0.0462,0.1889) (0.2515,0.5397) (0.4380,0.9324) (0.2643,1.6917)","LG+I{0.0000}+R4{0.0462,0.1889,0.2515,0.5397,0.4380,0.9324,0.2643,1.6917}"
PF01145,LG+F+I+G4,0.0000,3.4268,,LG+F+I{0.0000}+G4{3.4268}
PF01149,LG+I+R4,0.0029,,"(0.0487,0.0317) (0.0588,0.1846) (0.2614,0.5024) (0.6282,1.3631)","LG+I{0.0029}+R4{0.0487,0.0317,0.0588,0.1846,0.2614,0.5024,0.6282,1.3631}"
PF01152,LG+I+G4,0.0170,2.0651,,LG+I{0.0170}+G4{2.0651}
PF01154,LG+I,0.2592,,,LG+I{0.2592}
PF01156,LG+I+R4,0.0000,,"(0.0443,0.0751) (0.1470,0.3566) (0.2473,0.7221) (0.5615,1.3638)","LG+I{0.0000}+R4{0.0443,0.0751,0.1470,0.3566,0.2473,0.7221,0.5615,1.3638}"
PF01161,LG+I+R4,0.0000,,"(0.0204,0.0322) (0.2088,0.3475) (0.3459,0.7629) (0.4249,1.5600)","LG+I{0.0000}+R4{0.0204,0.0322,0.2088,0.3475,0.3459,0.7629,0.4249,1.5600}"
PF01163,LG+I+G4,0.0392,1.3805,,LG+I{0.0392}+G4{1.3805}
PF01167,JTT+I+G4,0.0093,0.9930,,JTT+I{0.0093}+G4{0.9930}
PF01168,LG+F+I+R4,0.0089,,"(0.0614,0.0976) (0.2210,0.3605) (0.2949,0.8264) (0.4138,1.6205)","LG+F+I{0.0089}+R4{0.0614,0.0976,0.2210,0.3605,0.2949,0.8264,0.4138,1.6205}"
PF01170,LG+I+G4,0.0009,1.4739,,LG+I{0.0009}+G4{1.4739}
PF01172,LG+I+R4,0.0000,,"(0.0515,0.0888) (0.4072,0.5539) (0.4213,1.2102) (0.1200,2.1665)","LG+I{0.0000}+R4{0.0515,0.0888,0.4072,0.5539,0.4213,1.2102,0.1200,2.1665}"
PF01174,LG+I,0.1700,,,LG+I{0.1700}
PF01176,LG+I+G4,0.0000,1.9551,,LG+I{0.0000}+G4{1.9551}
PF01179,LG+I+R4,0.0128,,"(0.1280,0.1462) (0.2862,0.5120) (0.2716,0.9930) (0.3014,1.8748)","LG+I{0.0128}+R4{0.1280,0.1462,0.2862,0.5120,0.2716,0.9930,0.3014,1.8748}"
PF01180,LG+I+G4,0.0226,1.4382,,LG+I{0.0226}+G4{1.4382}
PF01182,LG+F+I+R4,0.0120,,"(0.0799,0.0858) (0.2368,0.4449) (0.2502,0.8807) (0.4211,1.5850)","LG+F+I{0.0120}+R4{0.0799,0.0858,0.2368,0.4449,0.2502,0.8807,0.4211,1.5850}"
PF01187,LG+I,0.0782,,,LG+I{0.0782}
PF01189,LG+I+G4,0.0208,1.2640,,LG+I{0.0208}+G4{1.2640}
PF01191,LG+I+G4,0.0111,1.4107,,LG+I{0.0111}+G4{1.4107}
PF01193,LG+F+I+R4,0.0000,,"(0.1572,0.1664) (0.1990,0.4270) (0.3846,1.0064) (0.2592,1.9362)","LG+F+I{0.0000}+R4{0.1572,0.1664,0.1990,0.4270,0.3846,1.0064,0.2592,1.9362}"
PF01194,LG+I+G4,0.0140,0.9539,,LG+I{0.0140}+G4{0.9539}
PF01195,LG+I+R4,0.0035,,"(0.0863,0.0398) (0.1557,0.2803) (0.2429,0.6806) (0.5115,1.5397)","LG+I{0.0035}+R4{0.0863,0.0398,0.1557,0.2803,0.2429,0.6806,0.5115,1.5397}"
PF01202,LG+I+R4,0.0053,,"(0.1424,0.1352) (0.1954,0.4603) (0.3536,1.0087) (0.3034,1.7604)","LG+I{0.0053}+R4{0.1424,0.1352,0.1954,0.4603,0.3536,1.0087,0.3034,1.7604}"
PF01207,LG+I+G4,0.0254,1.6148,,LG+I{0.0254}+G4{1.6148}
PF01208,LG+I+R4,0.0023,,"(0.1163,0.1979) (0.2613,0.5139) (0.3341,0.9576) (0.2860,1.8279)","LG+I{0.0023}+R4{0.1163,0.1979,0.2613,0.5139,0.3341,0.9576,0.2860,1.8279}"
PF01212,LG+F+I+R4,0.0009,,"(0.1075,0.0971) (0.2959,0.4760) (0.3945,1.0635) (0.2012,2.1330)","LG+F+I{0.0009}+R4{0.1075,0.0971,0.2959,0.4760,0.3945,1.0635,0.2012,2.1330}"
PF01214,LG+I+R4,0.0165,,"(0.1263,0.0532) (0.2100,0.1872) (0.3488,0.5090) (0.2984,2.6023)","LG+I{0.0165}+R4{0.1263,0.0532,0.2100,0.1872,0.3488,0.5090,0.2984,2.6023}"
PF01215,LG+I+G4,0.0359,1.3564,,LG+I{0.0359}+G4{1.3564}
PF01217,LG+I+G4,0.0026,1.9124,,LG+I{0.0026}+G4{1.9124}
PF01221,LG+F+I+R4,0.0000,,"(0.0724,0.1926) (0.2337,0.4432) (0.2761,0.8146) (0.4178,1.5740)","LG+F+I{0.0000}+R4{0.0724,0.1926,0.2337,0.4432,0.2761,0.8146,0.4178,1.5740}"
PF01227,LG+I+G4,0.0449,1.2899,,LG+I{0.0449}+G4{1.2899}
PF01230,LG+I+G4,0.0174,2.5394,,LG+I{0.0174}+G4{2.5394}
PF01233,LG+I+R4,0.0161,,"(0.3062,0.1636) (0.2868,0.6413) (0.2732,1.5248) (0.1177,2.9686)","LG+I{0.0161}+R4{0.3062,0.1636,0.2868,0.6413,0.2732,1.5248,0.1177,2.9686}"
PF01238,LG+I+G4,0.0000,2.6538,,LG+I{0.0000}+G4{2.6538}
PF01243,LG+I+G4,0.0000,3.2897,,LG+I{0.0000}+G4{3.2897}
PF01246,LG+I+G4,0.0062,1.3806,,LG+I{0.0062}+G4{1.3806}
PF01247,LG+I+G4,0.0157,1.6491,,LG+I{0.0157}+G4{1.6491}
PF01248,LG+I+G4,0.0095,4.7742,,LG+I{0.0095}+G4{4.7742}
PF01250,LG+I+R4,0.0000,,"(0.0997,0.1927) (0.3085,0.6754) (0.4132,1.1123) (0.1785,1.7519)","LG+I{0.0000}+R4{0.0997,0.1927,0.3085,0.6754,0.4132,1.1123,0.1785,1.7519}"
PF01253,LG+I+R4,0.0000,,"(0.0895,0.1651) (0.2590,0.4948) (0.2865,0.9175) (0.3650,1.6280)","LG+I{0.0000}+R4{0.0895,0.1651,0.2590,0.4948,0.2865,0.9175,0.3650,1.6280}"
PF01256,LG+I+G4,0.0317,2.1636,,LG+I{0.0317}+G4{2.1636}
PF01259,LG+I+R4,0.0305,,"(0.1281,0.0667) (0.2850,0.4372) (0.2584,1.0221) (0.2980,2.0229)","LG+I{0.0305}+R4{0.1281,0.0667,0.2850,0.4372,0.2584,1.0221,0.2980,2.0229}"
PF01266,LG+F+I+R4,0.0010,,"(0.0564,0.2349) (0.1743,0.4846) (0.2930,0.8462) (0.4753,1.3767)","LG+F+I{0.0010}+R4{0.0564,0.2349,0.1743,0.4846,0.2930,0.8462,0.4753,1.3767}"
PF01269,LG+I+G4,0.0886,1.4051,,LG+I{0.0886}+G4{1.4051}
PF01274,LG+I+G4,0.0186,1.3609,,LG+I{0.0186}+G4{1.3609}
PF01276,LG+I+G4,0.0382,2.6567,,LG+I{0.0382}+G4{2.6567}
PF01280,LG+I+G4,0.0000,1.8229,,LG+I{0.0000}+G4{1.8229}
PF01281,LG+I+R4,0.0000,,"(0.2066,0.1338) (0.2857,0.4646) (0.3316,1.2905) (0.1760,2.3385)","LG+I{0.0000}+R4{0.2066,0.1338,0.2857,0.4646,0.3316,1.2905,0.1760,2.3385}"
PF01287,LG+I+G4,0.0000,2.2468,,LG+I{0.0000}+G4{2.2468}
PF01288,LG+F+I+R4,0.0148,,"(0.0303,0.0229) (0.1552,0.2637) (0.2481,0.7011) (0.5516,1.4221)","LG+F+I{0.0148}+R4{0.0303,0.0229,0.1552,0.2637,0.2481,0.7011,0.5516,1.4221}"
PF01300,LG+I+R4,0.0000,,"(0.0717,0.0767) (0.2777,0.4127) (0.3312,0.8844) (0.3194,1.8377)","LG+I{0.0000}+R4{0.0717,0.0767,0.2777,0.4127,0.3312,0.8844,0.3194,1.8377}"
PF01301,LG+I+R4,0.0000,,"(0.1091,0.0493) (0.1844,0.3780) (0.3933,0.8548) (0.3132,1.8797)","LG+I{0.0000}+R4{0.1091,0.0493,0.1844,0.3780,0.3933,0.8548,0.3132,1.8797}"
PF01302,LG+I+R4,0.0051,,"(0.0691,0.0927) (0.2404,0.3646) (0.2298,0.7988) (0.4556,1.5856)","LG+I{0.0051}+R4{0.0691,0.0927,0.2404,0.3646,0.2298,0.7988,0.4556,1.5856}"
PF01315,LG+I+G4,0.0238,1.6554,,LG+I{0.0238}+G4{1.6554}
PF01321,LG+I+R4,0.0000,,"(0.0642,0.1730) (0.1875,0.4763) (0.3373,0.8027) (0.4111,1.5299)","LG+I{0.0000}+R4{0.0642,0.1730,0.1875,0.4763,0.3373,0.8027,0.4111,1.5299}"
PF01323,LG+I+R3,0.0000,,"(0.0338,0.0833) (0.4299,0.5800) (0.5363,1.3943)","LG+I{0.0000}+R3{0.0338,0.0833,0.4299,0.5800,0.5363,1.3943}"
PF01327,LG+I+R4,0.0039,,"(0.0888,0.0587) (0.1450,0.3006) (0.2735,0.6800) (0.4888,1.5656)","LG+I{0.0039}+R4{0.0888,0.0587,0.1450,0.3006,0.2735,0.6800,0.4888,1.5656}"
PF01329,LG+I+R4,0.0155,,"(0.1323,0.1712) (0.2974,0.4904) (0.2435,1.0457) (0.3114,1.8527)","LG+I{0.0155}+R4{0.1323,0.1712,0.2974,0.4904,0.2435,1.0457,0.3114,1.8527}"
PF01331,LG+I+G4,0.0543,1.5179,,LG+I{0.0543}+G4{1.5179}
PF01333,LG+I+G4,0.1255,1.3003,,LG+I{0.1255}+G4{1.3003}
PF01336,LG+I+G4,0.0000,3.0924,,LG+I{0.0000}+G4{3.0924}
PF01348,LG+I+G4,0.0228,1.4924,,LG+I{0.0228}+G4{1.4924}
PF01357,LG+I+G4,0.0000,2.1446,,LG+I{0.0000}+G4{2.1446}
PF01363,LG+I+R4,0.0175,,"(0.0506,0.0279) (0.0535,0.1985) (0.2135,0.6908) (0.6649,1.2640)","LG+I{0.0175}+R4{0.0506,0.0279,0.0535,0.1985,0.2135,0.6908,0.6649,1.2640}"
PF01367,LG+I+R4,0.0068,,"(0.1684,0.1497) (0.1836,0.5157) (0.3090,0.9084) (0.3323,1.8040)","LG+I{0.0068}+R4{0.1684,0.1497,0.1836,0.5157,0.3090,0.9084,0.3323,1.8040}"
PF01369,LG+I+R4,0.0000,,"(0.1051,0.1353) (0.2035,0.3722) (0.2627,0.8543) (0.4286,1.5994)","LG+I{0.0000}+R4{0.1051,0.1353,0.2035,0.3722,0.2627,0.8543,0.4286,1.5994}"
PF01373,,,,,
PF01379,LG+I+R4,0.0026,,"(0.0964,0.0388) (0.2176,0.3289) (0.2516,0.7686) (0.4318,1.6937)","LG+I{0.0026}+R4{0.0964,0.0388,0.2176,0.3289,0.2516,0.7686,0.4318,1.6937}"
PF01380,LG+I+G4,0.0000,4.9892,,LG+I{0.0000}+G4{4.9892}
PF01381,LG+I+G4,0.0000,1.9179,,LG+I{0.0000}+G4{1.9179}
PF01386,LG+I+R4,0.0000,,"(0.0539,0.0698) (0.1312,0.3818) (0.4234,0.8131) (0.3915,1.5374)","LG+I{0.0000}+R4{0.0539,0.0698,0.1312,0.3818,0.4234,0.8131,0.3915,1.5374}"
PF01388,LG+I+R4,0.0000,,"(0.0632,0.1571) (0.1059,0.4520) (0.2482,0.8266) (0.5826,1.2649)","LG+I{0.0000}+R4{0.0632,0.1571,0.1059,0.4520,0.2482,0.8266,0.5826,1.2649}"
PF01396,LG+I+G4,0.1171,2.9001,,LG+I{0.1171}+G4{2.9001}
PF01398,LG+I+G4,0.0175,2.3773,,LG+I{0.0175}+G4{2.3773}
PF01399,LG+I+G4,0.0000,3.0387,,LG+I{0.0000}+G4{3.0387}
PF01406,LG+I+G4,0.1006,1.3250,,LG+I{0.1006}+G4{1.3250}
PF01408,LG+I+R3,0.0064,,"(0.0464,0.1146) (0.4446,0.6145) (0.5026,1.4356)","LG+I{0.0064}+R3{0.0464,0.1146,0.4446,0.6145,0.5026,1.4356}"
PF01409,LG+I+G4,0.0136,1.2685,,LG+I{0.0136}+G4{1.2685}
PF01412,LG+I+R4,0.0281,,"(0.1172,0.1177) (0.2123,0.4168) (0.2915,0.8929) (0.3509,1.8165)","LG+I{0.0281}+R4{0.1172,0.1177,0.2123,0.4168,0.2915,0.8929,0.3509,1.8165}"
PF01416,LG+I+R4,0.0056,,"(0.0984,0.1113) (0.2351,0.3580) (0.2869,0.8008) (0.3740,1.8052)","LG+I{0.0056}+R4{0.0984,0.1113,0.2351,0.3580,0.2869,0.8008,0.3740,1.8052}"
PF01423,LG+I+G4,0.0000,1.2487,,LG+I{0.0000}+G4{1.2487}
PF01424,LG+I+R4,0.0000,,"(0.0928,0.1217) (0.1691,0.4425) (0.3091,0.8247) (0.4289,1.5362)","LG+I{0.0000}+R4{0.0928,0.1217,0.1691,0.4425,0.3091,0.8247,0.4289,1.5362}"
PF01425,LG+I+R4,0.0086,,"(0.0500,0.1090) (0.2075,0.3204) (0.3510,0.8322) (0.3829,1.6608)","LG+I{0.0086}+R4{0.0500,0.1090,0.2075,0.3204,0.3510,0.8322,0.3829,1.6608}"
PF01426,LG+I+G4,0.0000,1.8719,,LG+I{0.0000}+G4{1.8719}
PF01428,LG+I+R4,0.0380,,"(0.0903,0.0127) (0.1981,0.5014) (0.4498,1.0738) (0.2238,1.8611)","LG+I{0.0380}+R4{0.0903,0.0127,0.1981,0.5014,0.4498,1.0738,0.2238,1.8611}"
PF01429,LG+I+R2,0.0000,,"(0.3839,0.3365) (0.6161,1.4134)","LG+I{0.0000}+R2{0.3839,0.3365,0.6161,1.4134}"
PF01433,LG+I+G4,0.0383,1.7143,,LG+I{0.0383}+G4{1.7143}
PF01434,LG+I+G4,0.0669,1.4253,,LG+I{0.0669}+G4{1.4253}
PF01435,LG+I+R3,0.0203,,"(0.0621,0.0869) (0.2431,0.5124) (0.6744,1.2900)","LG+I{0.0203}+R3{0.0621,0.0869,0.2431,0.5124,0.6744,1.2900}"
PF01450,LG+I+G4,0.0250,0.9140,,LG+I{0.0250}+G4{0.9140}
PF01451,LG+I+G4,0.0300,2.2056,,LG+I{0.0300}+G4{2.2056}
PF01454,LG+I+R4,0.0000,,"(0.0325,0.0603) (0.2334,0.3977) (0.4179,0.8957) (0.3162,1.6791)","LG+I{0.0000}+R4{0.0325,0.0603,0.2334,0.3977,0.4179,0.8957,0.3162,1.6791}"
PF01458,LG+F+I+R4,0.0039,,"(0.1620,0.2093) (0.2054,0.4850) (0.3570,0.9788) (0.2717,1.9028)","LG+F+I{0.0039}+R4{0.1620,0.2093,0.2054,0.4850,0.3570,0.9788,0.2717,1.9028}"
PF01464,LG+I+R3,0.0188,,"(0.1410,0.1336) (0.3486,0.6176) (0.4917,1.5577)","LG+I{0.0188}+R3{0.1410,0.1336,0.3486,0.6176,0.4917,1.5577}"
PF01466,LG+I+G4,0.0000,1.9369,,LG+I{0.0000}+G4{1.9369}
PF01467,LG+I+R4,0.0000,,"(0.0425,0.0580) (0.1035,0.2960) (0.2303,0.6445) (0.6237,1.3123)","LG+I{0.0000}+R4{0.0425,0.0580,0.1035,0.2960,0.2303,0.6445,0.6237,1.3123}"
PF01470,LG+I+G4,0.0505,2.3470,,LG+I{0.0505}+G4{2.3470}
PF01471,LG+I+G4,0.0000,1.5817,,LG+I{0.0000}+G4{1.5817}
PF01474,LG+I+R4,0.0661,,"(0.1482,0.0940) (0.2713,0.4443) (0.2764,1.1093) (0.2381,2.3480)","LG+I{0.0661}+R4{0.1482,0.0940,0.2713,0.4443,0.2764,1.1093,0.2381,2.3480}"
PF01476,LG+I+R4,0.0000,,"(0.0542,0.1195) (0.2102,0.3305) (0.2075,0.8351) (0.5282,1.4215)","LG+I{0.0000}+R4{0.0542,0.1195,0.2102,0.3305,0.2075,0.8351,0.5282,1.4215}"
PF01477,LG+I+G4,0.0000,2.7020,,LG+I{0.0000}+G4{2.7020}
PF01479,LG+I+G4,0.0000,2.1232,,LG+I{0.0000}+G4{2.1232}
PF01485,LG+I+R3,0.0302,,"(0.0305,0.0292) (0.2431,0.6277) (0.6961,1.2160)","LG+I{0.0302}+R3{0.0305,0.0292,0.2431,0.6277,0.6961,1.2160}"
PF01487,LG+I+R4,0.0000,,"(0.1473,0.1521) (0.2933,0.5236) (0.2738,1.0505) (0.2856,1.8781)","LG+I{0.0000}+R4{0.1473,0.1521,0.2933,0.5236,0.2738,1.0505,0.2856,1.8781}"
PF01490,LG+F+I+R4,0.0000,,"(0.1185,0.1824) (0.4399,0.4276) (0.3983,1.0585) (0.0433,8.5139)","LG+F+I{0.0000}+R4{0.1185,0.1824,0.4399,0.4276,0.3983,1.0585,0.0433,8.5139}"
PF01491,LG+I+R4,0.0000,,"(0.1015,0.0980) (0.2487,0.3266) (0.3872,0.9594) (0.2626,2.0464)","LG+I{0.0000}+R4{0.1015,0.0980,0.2487,0.3266,0.3872,0.9594,0.2626,2.0464}"
PF01507,LG+I+G4,0.0129,1.7543,,LG+I{0.0129}+G4{1.7543}
PF01509,LG+I+R4,0.0204,,"(0.1376,0.0844) (0.1897,0.3776) (0.3287,0.9622) (0.3235,1.8557)","LG+I{0.0204}+R4{0.1376,0.0844,0.1897,0.3776,0.3287,0.9622,0.3235,1.8557}"
PF01512,LG+I+R4,0.0064,,"(0.1021,0.1238) (0.3188,0.4963) (0.2778,1.0045) (0.2948,1.8655)","LG+I{0.0064}+R4{0.1021,0.1238,0.3188,0.4963,0.2778,1.0045,0.2948,1.8655}"
PF01513,LG+I+G4,0.0110,1.7568,,LG+I{0.0110}+G4{1.7568}
PF01521,LG+I+R4,0.0000,,"(0.0669,0.1749) (0.3657,0.5071) (0.2645,1.0230) (0.3030,1.7570)","LG+I{0.0000}+R4{0.0669,0.1749,0.3657,0.5071,0.2645,1.0230,0.3030,1.7570}"
PF01541,LG+I+R2,0.0192,,"(0.1389,0.2341) (0.8420,1.1491)","LG+I{0.0192}+R2{0.1389,0.2341,0.8420,1.1491}"
PF01549,LG+I+G4,0.1517,1.6994,,LG+I{0.1517}+G4{1.6994}
PF01556,LG+I+R4,0.0038,,"(0.0698,0.1619) (0.2759,0.5273) (0.3581,0.9992) (0.2925,1.6596)","LG+I{0.0038}+R4{0.0698,0.1619,0.2759,0.5273,0.3581,0.9992,0.2925,1.6596}"
PF01557,LG+F+I+R4,0.0010,,"(0.0785,0.1348) (0.2204,0.3870) (0.3333,0.8300) (0.3669,1.7103)","LG+F+I{0.0010}+R4{0.0785,0.1348,0.2204,0.3870,0.3333,0.8300,0.3669,1.7103}"
PF01564,LG+I+G4,0.0036,1.5369,,LG+I{0.0036}+G4{1.5369}
PF01565,LG+I+R4,0.0000,,"(0.0988,0.2537) (0.3669,0.6136) (0.2782,1.1158) (0.2560,1.7160)","LG+I{0.0000}+R4{0.0988,0.2537,0.3669,0.6136,0.2782,1.1158,0.2560,1.7160}"
PF01571,LG+F+I+R4,0.0092,,"(0.1055,0.1621) (0.3608,0.5448) (0.2468,1.0571) (0.2777,1.8920)","LG+F+I{0.0092}+R4{0.1055,0.1621,0.3608,0.5448,0.2468,1.0571,0.2777,1.8920}"
PF01575,LG+I+G4,0.0142,1.6756,,LG+I{0.0142}+G4{1.6756}
PF01583,LG+I+G4,0.0225,1.1758,,LG+I{0.0225}+G4{1.1758}
PF01588,LG+I+G4,0.0098,1.6792,,LG+I{0.0098}+G4{1.6792}
PF01590,LG+F+I+R4,0.0000,,"(0.0994,0.3078) (0.1588,0.5083) (0.3674,0.8690) (0.3744,1.5208)","LG+F+I{0.0000}+R4{0.0994,0.3078,0.1588,0.5083,0.3674,0.8690,0.3744,1.5208}"
PF01591,LG+I+G4,0.0230,1.2532,,LG+I{0.0230}+G4{1.2532}
PF01593,LG+F+I+R4,0.0014,,"(0.0526,0.1769) (0.1475,0.4530) (0.3985,0.8638) (0.3999,1.4493)","LG+F+I{0.0014}+R4{0.0526,0.1769,0.1475,0.4530,0.3985,0.8638,0.3999,1.4493}"
PF01595,LG+F+I+R4,0.0000,,"(0.0763,0.2013) (0.2266,0.4548) (0.3310,0.8638) (0.3660,1.6272)","LG+F+I{0.0000}+R4{0.0763,0.2013,0.2266,0.4548,0.3310,0.8638,0.3660,1.6272}"
PF01596,LG+I,0.1472,,,LG+I{0.1472}
PF01597,LG+I+G4,0.0455,4.0338,,LG+I{0.0455}+G4{4.0338}
PF01599,LG+I+G4,0.0043,1.0563,,LG+I{0.0043}+G4{1.0563}
PF01612,LG+I+G4,0.0184,2.2876,,LG+I{0.0184}+G4{2.2876}
PF01624,LG+I+G4,0.0000,1.5477,,LG+I{0.0000}+G4{1.5477}
PF01625,LG+I+R4,0.0161,,"(0.2233,0.1464) (0.2298,0.5179) (0.2771,1.0960) (0.2538,2.1464)","LG+I{0.0161}+R4{0.2233,0.1464,0.2298,0.5179,0.2771,1.0960,0.2538,2.1464}"
PF01633,LG+I+G4,0.0291,2.3057,,LG+I{0.0291}+G4{2.3057}
PF01641,LG+I+R4,0.0161,,"(0.2178,0.0590) (0.2409,0.3625) (0.2944,1.1605) (0.2307,2.4188)","LG+I{0.0161}+R4{0.2178,0.0590,0.2409,0.3625,0.2944,1.1605,0.2307,2.4188}"
PF01643,LG+I+G4,0.0000,2.7539,,LG+I{0.0000}+G4{2.7539}
PF01645,LG+I+G4,0.0479,1.5381,,LG+I{0.0479}+G4{1.5381}
PF01648,LG+F+I+R4,0.0048,,"(0.0450,0.0645) (0.0853,0.3354) (0.2256,0.6893) (0.6393,1.2716)","LG+F+I{0.0048}+R4{0.0450,0.0645,0.0853,0.3354,0.2256,0.6893,0.6393,1.2716}"
PF01652,LG+I+R4,0.0000,,"(0.0840,0.1264) (0.1883,0.4105) (0.2995,0.8604) (0.4282,1.5282)","LG+I{0.0000}+R4{0.0840,0.1264,0.1883,0.4105,0.2995,0.8604,0.4282,1.5282}"
PF01656,LG+I+R4,0.0031,,"(0.0382,0.1133) (0.2329,0.4053) (0.3909,0.8638) (0.3349,1.6831)","LG+I{0.0031}+R4{0.0382,0.1133,0.2329,0.4053,0.3909,0.8638,0.3349,1.6831}"
PF01661,LG+I+G4,0.0000,1.3105,,LG+I{0.0000}+G4{1.3105}
PF01678,LG+I+G4,0.0000,1.2147,,LG+I{0.0000}+G4{1.2147}
PF01680,LG+I+G4,0.0955,0.8114,,LG+I{0.0955}+G4{0.8114}
PF01687,LG+I+R4,0.0000,,"(0.1068,0.0767) (0.2052,0.3459) (0.2251,0.8360) (0.4629,1.5828)","LG+I{0.0000}+R4{0.1068,0.0767,0.2052,0.3459,0.2251,0.8360,0.4629,1.5828}"
PF01693,LG+I+G4,0.0169,1.1278,,LG+I{0.0169}+G4{1.1278}
PF01694,LG+F+I+R4,0.0000,,"(0.0582,0.0592) (0.1971,0.3337) (0.3400,0.7900) (0.4047,1.6361)","LG+F+I{0.0000}+R4{0.0582,0.0592,0.1971,0.3337,0.3400,0.7900,0.4047,1.6361}"
PF01697,LG+F+I+R4,0.0000,,"(0.0410,0.0951) (0.2892,0.3913) (0.3691,0.8753) (0.3008,1.8615)","LG+F+I{0.0000}+R4{0.0410,0.0951,0.2892,0.3913,0.3691,0.8753,0.3008,1.8615}"
PF01698,JTT+G4,,1.5260,,JTT+G4{1.5260}
PF01702,LG+I+R4,0.0032,,"(0.1939,0.1499) (0.2633,0.4809) (0.2045,1.0096) (0.3351,1.9033)","LG+I{0.0032}+R4{0.1939,0.1499,0.2633,0.4809,0.2045,1.0096,0.3351,1.9033}"
PF01709,LG+I+R4,0.0000,,"(0.1268,0.1939) (0.1981,0.5266) (0.3360,0.9258) (0.3391,1.6514)","LG+I{0.0000}+R4{0.1268,0.1939,0.1981,0.5266,0.3360,0.9258,0.3391,1.6514}"
PF01712,LG+I+G4,0.0051,1.7048,,LG+I{0.0051}+G4{1.7048}
PF01713,LG+I+R4,0.0080,,"(0.1122,0.1405) (0.1527,0.3779) (0.2896,0.8225) (0.4375,1.5732)","LG+I{0.0080}+R4{0.1122,0.1405,0.1527,0.3779,0.2896,0.8225,0.4375,1.5732}"
PF01715,LG+F+I+R4,0.0019,,"(0.1031,0.1138) (0.1734,0.3774) (0.2016,0.8153) (0.5201,1.4585)","LG+F+I{0.0019}+R4{0.1031,0.1138,0.1734,0.3774,0.2016,0.8153,0.5201,1.4585}"
PF01717,LG+I+G4,0.0015,0.7251,,LG+I{0.0015}+G4{0.7251}
PF01725,LG+I+R4,0.0022,,"(0.1069,0.0887) (0.1797,0.3997) (0.2187,0.8474) (0.4925,1.4890)","LG+I{0.0022}+R4{0.1069,0.0887,0.1797,0.3997,0.2187,0.8474,0.4925,1.4890}"
PF01729,LG+I+G4,0.0264,1.4826,,LG+I{0.0264}+G4{1.4826}
PF01734,LG+I+R4,0.0000,,"(0.0471,0.0892) (0.1432,0.2801) (0.2940,0.6828) (0.5158,1.4637)","LG+I{0.0000}+R4{0.0471,0.0892,0.1432,0.2801,0.2940,0.6828,0.5158,1.4637}"
PF01738,LG+I+G4,0.0250,2.2877,,LG+I{0.0250}+G4{2.2877}
PF01740,LG+I+G4,0.0000,2.5326,,LG+I{0.0000}+G4{2.5326}
PF01743,LG+I+G4,0.0671,1.4384,,LG+I{0.0671}+G4{1.4384}
PF01747,LG+I+G4,0.0024,1.2214,,LG+I{0.0024}+G4{1.2214}
PF01753,LG+I+R4,0.0185,,"(0.1990,0.0416) (0.1083,0.4426) (0.3260,1.0333) (0.3482,1.7429)","LG+I{0.0185}+R4{0.1990,0.0416,0.1083,0.4426,0.3260,1.0333,0.3482,1.7429}"
PF01761,LG+I+G4,0.1164,1.1148,,LG+I{0.1164}+G4{1.1148}
PF01764,LG+I+G4,0.0200,1.5174,,LG+I{0.0200}+G4{1.5174}
PF01765,LG+I+R4,0.0000,,"(0.2522,0.3018) (0.3249,0.7357) (0.2826,1.3483) (0.1403,2.1659)","LG+I{0.0000}+R4{0.2522,0.3018,0.3249,0.7357,0.2826,1.3483,0.1403,2.1659}"
PF01775,LG+I+G4,0.0000,1.5527,,LG+I{0.0000}+G4{1.5527}
PF01782,LG+I+G4,0.0104,1.9276,,LG+I{0.0104}+G4{1.9276}
PF01786,LG+I+R4,0.0136,,"(0.1440,0.0775) (0.2529,0.3232) (0.2564,0.8685) (0.3332,2.0542)","LG+I{0.0136}+R4{0.1440,0.0775,0.2529,0.3232,0.2564,0.8685,0.3332,2.0542}"
PF01789,LG+F+I+G4,0.0038,1.9199,,LG+F+I{0.0038}+G4{1.9199}
PF01794,LG+F+I+R4,0.0056,,"(0.0385,0.0724) (0.3006,0.4894) (0.3458,0.8729) (0.3094,1.7720)","LG+F+I{0.0056}+R4{0.0385,0.0724,0.3006,0.4894,0.3458,0.8729,0.3094,1.7720}"
PF01799,LG+I+R4,0.0000,,"(0.1865,0.0928) (0.2903,0.4346) (0.1785,1.0269) (0.3447,1.9533)","LG+I{0.0000}+R4{0.1865,0.0928,0.2903,0.4346,0.1785,1.0269,0.3447,1.9533}"
PF01814,LG+I+R4,0.0000,,"(0.0415,0.0702) (0.1010,0.3475) (0.2340,0.6805) (0.6235,1.2875)","LG+I{0.0000}+R4{0.0415,0.0702,0.1010,0.3475,0.2340,0.6805,0.6235,1.2875}"
PF01817,LG+F+I+R4,0.0000,,"(0.0457,0.0678) (0.1107,0.2865) (0.2016,0.6244) (0.6419,1.3075)","LG+F+I{0.0000}+R4{0.0457,0.0678,0.1107,0.2865,0.2016,0.6244,0.6419,1.3075}"
PF01823,LG+F+I+R4,0.0000,,"(0.0365,0.0417) (0.1172,0.2657) (0.4927,0.7255) (0.3536,1.7246)","LG+F+I{0.0000}+R4{0.0365,0.0417,0.1172,0.2657,0.4927,0.7255,0.3536,1.7246}"
PF01824,JTT+F+G4,,2.0859,,JTT+F+G4{2.0859}
PF01833,LG+I+G4,0.0000,2.1022,,LG+I{0.0000}+G4{2.1022}
PF01834,LG+I+G4,0.0277,1.7263,,LG+I{0.0277}+G4{1.7263}
PF01841,LG+I+R4,0.0000,,"(0.0638,0.1244) (0.1758,0.3400) (0.3475,0.7742) (0.4129,1.6063)","LG+I{0.0000}+R4{0.0638,0.1244,0.1758,0.3400,0.3475,0.7742,0.4129,1.6063}"
PF01842,LG+I+G4,0.0000,2.3460,,LG+I{0.0000}+G4{2.3460}
PF01852,LG+I+R3,0.0000,,"(0.0450,0.1173) (0.3691,0.6642) (0.5859,1.2792)","LG+I{0.0000}+R3{0.0450,0.1173,0.3691,0.6642,0.5859,1.2792}"
PF01857,LG+I+R4,0.0085,,"(0.1231,0.0785) (0.3295,0.2845) (0.2271,0.7728) (0.3119,2.3122)","LG+I{0.0085}+R4{0.1231,0.0785,0.3295,0.2845,0.2271,0.7728,0.3119,2.3122}"
PF01858,LG+I+G4,0.0000,1.5118,,LG+I{0.0000}+G4{1.5118}
PF01872,LG+I+G4,0.0079,2.5569,,LG+I{0.0079}+G4{2.5569}
PF01876,LG+I+G4,0.0000,2.1400,,LG+I{0.0000}+G4{2.1400}
PF01878,LG+I+G4,0.0000,1.6375,,LG+I{0.0000}+G4{1.6375}
PF01883,LG+I+G4,0.0000,2.8036,,LG+I{0.0000}+G4{2.8036}
PF01902,LG+I,0.1363,,,LG+I{0.1363}
PF01903,LG+I+G4,0.0000,1.2952,,LG+I{0.0000}+G4{1.2952}
PF01915,LG+F+I+R4,0.0013,,"(0.0504,0.0717) (0.1436,0.2347) (0.3227,0.5792) (0.4821,1.6092)","LG+F+I{0.0013}+R4{0.0504,0.0717,0.1436,0.2347,0.3227,0.5792,0.4821,1.6092}"
PF01916,LG+I+G4,0.0070,1.0075,,LG+I{0.0070}+G4{1.0075}
PF01918,LG+I+G4,0.0000,3.8248,,LG+I{0.0000}+G4{3.8248}
PF01927,LG+I+G4,0.0341,1.3824,,LG+I{0.0341}+G4{1.3824}
PF01928,LG+I+R4,0.0047,,"(0.0707,0.1064) (0.0970,0.3354) (0.3307,0.7077) (0.4968,1.4611)","LG+I{0.0047}+R4{0.0707,0.1064,0.0970,0.3354,0.3307,0.7077,0.4968,1.4611}"
PF01936,LG+I+R4,0.0000,,"(0.0689,0.1881) (0.3069,0.5130) (0.2857,0.9813) (0.3386,1.6224)","LG+I{0.0000}+R4{0.0689,0.1881,0.3069,0.5130,0.2857,0.9813,0.3386,1.6224}"
PF01937,LG+I+R4,0.0000,,"(0.0579,0.0644) (0.2219,0.3605) (0.3029,0.8618) (0.4172,1.5703)","LG+I{0.0000}+R4{0.0579,0.0644,0.2219,0.3605,0.3029,0.8618,0.4172,1.5703}"
PF01938,LG+I+G4,0.0000,3.3703,,LG+I{0.0000}+G4{3.3703}
PF01964,LG+I+R4,0.0563,,"(0.1917,0.1232) (0.2336,0.4703) (0.2279,1.0900) (0.2906,2.1269)","LG+I{0.0563}+R4{0.1917,0.1232,0.2336,0.4703,0.2279,1.0900,0.2906,2.1269}"
PF01965,LG+I+G4,0.0034,2.4089,,LG+I{0.0034}+G4{2.4089}
PF01967,LG+I+R4,0.0256,,"(0.1273,0.0315) (0.2369,0.2569) (0.1814,0.7577) (0.4288,1.8601)","LG+I{0.0256}+R4{0.1273,0.0315,0.2369,0.2569,0.1814,0.7577,0.4288,1.8601}"
PF01974,LG+I+G4,0.0000,2.1483,,LG+I{0.0000}+G4{2.1483}
PF01975,LG+I+R4,0.0134,,"(0.0766,0.0617) (0.1555,0.2748) (0.2953,0.6971) (0.4592,1.6262)","LG+I{0.0134}+R4{0.0766,0.0617,0.1555,0.2748,0.2953,0.6971,0.4592,1.6262}"
PF01979,LG+I+R4,0.0000,,"(0.0342,0.1065) (0.2113,0.5022) (0.4607,0.8684) (0.2938,1.6687)","LG+I{0.0000}+R4{0.0342,0.1065,0.2113,0.5022,0.4607,0.8684,0.2938,1.6687}"
PF01980,LG+I+R4,0.0257,,"(0.1725,0.1489) (0.2809,0.4764) (0.2388,1.0726) (0.2822,2.0709)","LG+I{0.0257}+R4{0.1725,0.1489,0.2809,0.4764,0.2388,1.0726,0.2822,2.0709}"
PF01985,LG+I+G4,0.0000,2.5010,,LG+I{0.0000}+G4{2.5010}
PF02002,LG+I,0.0000,,,LG+I{0.0000}
PF02018,LG+F+I+R3,0.0000,,"(0.0641,0.2422) (0.4431,0.7377) (0.4928,1.3344)","LG+F+I{0.0000}+R3{0.0641,0.2422,0.4431,0.7377,0.4928,1.3344}"
PF02036,LG+I+G4,0.0000,3.0163,,LG+I{0.0000}+G4{3.0163}
PF02037,LG+I+R4,0.0000,,"(0.1734,0.1595) (0.1745,0.4964) (0.3732,1.0775) (0.2788,1.7342)","LG+I{0.0000}+R4{0.1734,0.1595,0.1745,0.4964,0.3732,1.0775,0.2788,1.7342}"
PF02041,LG+I,0.3656,,,LG+I{0.3656}
PF02068,JTT+G4,,1.4006,,JTT+G4{1.4006}
PF02089,LG+I+R4,0.0069,,"(0.0677,0.0804) (0.2216,0.3750) (0.3291,0.8241) (0.3748,1.7082)","LG+I{0.0069}+R4{0.0677,0.0804,0.2216,0.3750,0.3291,0.8241,0.3748,1.7082}"
PF02091,LG+I+G4,0.0723,0.7582,,LG+I{0.0723}+G4{0.7582}
PF02110,LG+I+G4,0.0885,1.8261,,LG+I{0.0885}+G4{1.8261}
PF02114,,,,,
PF02115,LG+I+G4,0.0568,1.2781,,LG+I{0.0568}+G4{1.2781}
PF02121,LG+F+I+G4,0.0000,1.1974,,LG+F+I{0.0000}+G4{1.1974}
PF02129,LG+F+I+G4,0.0157,1.5678,,LG+F+I{0.0157}+G4{1.5678}
PF02136,LG+I+G4,0.0000,2.6639,,LG+I{0.0000}+G4{2.6639}
PF02140,LG+I+G4,0.0388,1.4077,,LG+I{0.0388}+G4{1.4077}
PF02142,LG+I+G4,0.0081,1.3407,,LG+I{0.0081}+G4{1.3407}
PF02148,LG+I+R4,0.0075,,"(0.0748,0.0615) (0.2122,0.3734) (0.3694,0.9150) (0.3361,1.7202)","LG+I{0.0075}+R4{0.0748,0.0615,0.2122,0.3734,0.3694,0.9150,0.3361,1.7202}"
PF02149,LG+I+G4,0.0200,2.4052,,LG+I{0.0200}+G4{2.4052}
PF02150,LG+I+R2,0.1134,,"(0.1687,0.2574) (0.7180,1.3323)","LG+I{0.1134}+R2{0.1687,0.2574,0.7180,1.3323}"
PF02152,LG+I+R4,0.0057,,"(0.0456,0.0824) (0.2553,0.3869) (0.2776,0.8575) (0.4158,1.5859)","LG+I{0.0057}+R4{0.0456,0.0824,0.2553,0.3869,0.2776,0.8575,0.4158,1.5859}"
PF02153,LG+I+G4,0.0186,2.5097,,LG+I{0.0186}+G4{2.5097}
PF02170,LG+F+I+G4,0.0000,1.6750,,LG+F+I{0.0000}+G4{1.6750}
PF02174,LG+I+G4,0.0000,3.2463,,LG+I{0.0000}+G4{3.2463}
PF02182,LG+I+R4,0.0050,,"(0.1449,0.1148) (0.2283,0.4545) (0.3400,1.0439) (0.2818,1.8618)","LG+I{0.0050}+R4{0.1449,0.1148,0.2283,0.4545,0.3400,1.0439,0.2818,1.8618}"
PF02186,LG+I+G4,0.0000,2.5592,,LG+I{0.0000}+G4{2.5592}
PF02195,LG+I+G4,0.0000,0.8127,,LG+I{0.0000}+G4{0.8127}
PF02201,LG+I+R4,0.0000,,"(0.1660,0.2244) (0.2768,0.5530) (0.2445,1.0998) (0.3128,1.7291)","LG+I{0.0000}+R4{0.1660,0.2244,0.2768,0.5530,0.2445,1.0998,0.3128,1.7291}"
PF02209,LG+I+G4,0.0000,1.1717,,LG+I{0.0000}+G4{1.1717}
PF02213,LG+I+R4,0.0000,,"(0.1377,0.1157) (0.1831,0.4363) (0.3090,0.9020) (0.3702,1.6896)","LG+I{0.0000}+R4{0.1377,0.1157,0.1831,0.4363,0.3090,0.9020,0.3702,1.6896}"
PF02214,LG+I+R3,0.0203,,"(0.1646,0.1852) (0.2896,0.5246) (0.5255,1.5559)","LG+I{0.0203}+R3{0.1646,0.1852,0.2896,0.5246,0.5255,1.5559}"
PF02219,LG+I+G4,0.0217,1.6557,,LG+I{0.0217}+G4{1.6557}
PF02221,LG+I+G4,0.0257,3.6805,,LG+I{0.0257}+G4{3.6805}
PF02222,LG+I+G4,0.0497,1.2771,,LG+I{0.0497}+G4{1.2771}
PF02223,LG+I+G4,0.0121,1.9386,,LG+I{0.0121}+G4{1.9386}
PF02225,LG+I+R4,0.0000,,"(0.0808,0.1978) (0.2045,0.4736) (0.3162,0.9515) (0.3985,1.4712)","LG+I{0.0000}+R4{0.0808,0.1978,0.2045,0.4736,0.3162,0.9515,0.3985,1.4712}"
PF02229,LG+I+G4,0.0164,2.1650,,LG+I{0.0164}+G4{2.1650}
PF02230,LG+I+G4,0.0128,1.6443,,LG+I{0.0128}+G4{1.6443}
PF02237,LG+I+G4,0.0000,1.6995,,LG+I{0.0000}+G4{1.6995}
PF02245,LG+F+I+R4,0.0124,,"(0.1595,0.1309) (0.1668,0.4096) (0.2291,0.8385) (0.4322,1.6630)","LG+F+I{0.0124}+R4{0.1595,0.1309,0.1668,0.4096,0.2291,0.8385,0.4322,1.6630}"
PF02254,LG+I+R4,0.0000,,"(0.1705,0.3509) (0.3174,0.6413) (0.1938,0.9751) (0.3183,1.7206)","LG+I{0.0000}+R4{0.1705,0.3509,0.3174,0.6413,0.1938,0.9751,0.3183,1.7206}"
PF02256,LG+I+R4,0.0000,,"(0.1535,0.0919) (0.1701,0.4019) (0.4135,1.0121) (0.2628,1.8986)","LG+I{0.0000}+R4{0.1535,0.0919,0.1701,0.4019,0.4135,1.0121,0.2628,1.8986}"
PF02263,LG+I+G4,0.0708,1.3924,,LG+I{0.0708}+G4{1.3924}
PF02265,LG+I+R4,0.0159,,"(0.0640,0.0422) (0.2052,0.3593) (0.2950,0.8258) (0.4199,1.6193)","LG+I{0.0159}+R4{0.0640,0.0422,0.2052,0.3593,0.2950,0.8258,0.4199,1.6193}"
PF02268,LG+I+G4,0.0598,1.8482,,LG+I{0.0598}+G4{1.8482}
PF02269,LG+I+G4,0.0456,3.3104,,LG+I{0.0456}+G4{3.3104}
PF02270,LG+I+G4,0.0309,1.7693,,LG+I{0.0309}+G4{1.7693}
PF02272,LG+I+G4,0.0069,2.4352,,LG+I{0.0069}+G4{2.4352}
PF02290,LG+F+I+R4,0.0000,,"(0.0484,0.0569) (0.2053,0.3042) (0.3446,0.7623) (0.4018,1.6728)","LG+F+I{0.0000}+R4{0.0484,0.0569,0.2053,0.3042,0.3446,0.7623,0.4018,1.6728}"
PF02291,LG+I+G4,0.0059,1.2507,,LG+I{0.0059}+G4{1.2507}
PF02296,LG+I+G4,0.0073,1.5794,,LG+I{0.0073}+G4{1.5794}
PF02297,LG+I+G4,0.0400,2.7580,,LG+I{0.0400}+G4{2.7580}
PF02298,LG+I+G4,0.0754,1.5344,,LG+I{0.0754}+G4{1.5344}
PF02301,LG+I+R4,0.0000,,"(0.0933,0.1456) (0.3201,0.4259) (0.3528,0.9903) (0.2338,2.1414)","LG+I{0.0000}+R4{0.0933,0.1456,0.3201,0.4259,0.3528,0.9903,0.2338,2.1414}"
PF02319,LG+I+R4,0.0086,,"(0.2501,0.0951) (0.1980,0.3276) (0.3346,0.8754) (0.2088,2.9621)","LG+I{0.0086}+R4{0.2501,0.0951,0.1980,0.3276,0.3346,0.8754,0.2088,2.9621}"
PF02320,LG+I+G4,0.0277,1.3086,,LG+I{0.0277}+G4{1.3086}
PF02330,LG+F+I+R4,0.0000,,"(0.1179,0.1161) (0.3433,0.4571) (0.2895,0.9569) (0.2493,2.2156)","LG+F+I{0.0000}+R4{0.1179,0.1161,0.3433,0.4571,0.2895,0.9569,0.2493,2.2156}"
PF02347,LG+I+G4,0.0653,1.2953,,LG+I{0.0653}+G4{1.2953}
PF02357,LG+I+R4,0.0000,,"(0.0445,0.1493) (0.2237,0.4925) (0.3736,0.8850) (0.3582,1.5426)","LG+I{0.0000}+R4{0.0445,0.1493,0.2237,0.4925,0.3736,0.8850,0.3582,1.5426}"
PF02359,LG+I+R4,0.0000,,"(0.0572,0.1600) (0.3422,0.4823) (0.3771,1.0388) (0.2236,1.9417)","LG+I{0.0000}+R4{0.0572,0.1600,0.3422,0.4823,0.3771,1.0388,0.2236,1.9417}"
PF02373,LG+I+G4,0.0000,1.7645,,LG+I{0.0000}+G4{1.7645}
PF02374,LG+I+G4,0.0488,1.8819,,LG+I{0.0488}+G4{1.8819}
PF02403,LG+F+I+R4,0.0000,,"(0.0406,0.0603) (0.2012,0.3398) (0.3313,0.8263) (0.4268,1.5356)","LG+F+I{0.0000}+R4{0.0406,0.0603,0.2012,0.3398,0.3313,0.8263,0.4268,1.5356}"
PF02421,LG+I+G4,0.0308,1.0686,,LG+I{0.0308}+G4{1.0686}
PF02427,LG+I+G4,0.0557,1.4143,,LG+I{0.0557}+G4{1.4143}
PF02428,JTT+I+G4,0.1071,2.7409,,JTT+I{0.1071}+G4{2.7409}
PF02431,JTT+G4,,1.2355,,JTT+G4{1.2355}
PF02441,LG+I+G4,0.0000,1.6066,,LG+I{0.0000}+G4{1.6066}
PF02446,LG+F+I+R4,0.0097,,"(0.0820,0.0854) (0.2106,0.3552) (0.2712,0.8122) (0.4265,1.6364)","LG+F+I{0.0097}+R4{0.0820,0.0854,0.2106,0.3552,0.2712,0.8122,0.4265,1.6364}"
PF02463,LG+F+I+R4,0.0081,,"(0.0468,0.0346) (0.1505,0.1294) (0.2569,0.3726) (0.5376,1.6427)","LG+F+I{0.0081}+R4{0.0468,0.0346,0.1505,0.1294,0.2569,0.3726,0.5376,1.6427}"
PF02469,LG+I+R4,0.0097,,"(0.0639,0.2079) (0.2519,0.4850) (0.4491,1.0758) (0.2254,1.6924)","LG+I{0.0097}+R4{0.0639,0.2079,0.2519,0.4850,0.4491,1.0758,0.2254,1.6924}"
PF02470,LG+I+R4,0.0072,,"(0.0236,0.1079) (0.3357,0.4308) (0.2900,0.9846) (0.3435,1.6516)","LG+I{0.0072}+R4{0.0236,0.1079,0.3357,0.4308,0.2900,0.9846,0.3435,1.6516}"
PF02475,LG+I+G4,0.0789,2.5428,,LG+I{0.0789}+G4{2.5428}
PF02492,LG+I+R4,0.0113,,"(0.0749,0.0562) (0.1464,0.3005) (0.3359,0.6189) (0.4314,1.7244)","LG+I{0.0113}+R4{0.0749,0.0562,0.1464,0.3005,0.3359,0.6189,0.4314,1.7244}"
PF02516,LG+F+I+G4,0.0000,1.9770,,LG+F+I{0.0000}+G4{1.9770}
PF02518,LG+I+R4,0.0000,,"(0.0867,0.2004) (0.2084,0.4736) (0.3091,0.8378) (0.3958,1.5790)","LG+I{0.0000}+R4{0.0867,0.2004,0.2084,0.4736,0.3091,0.8378,0.3958,1.5790}"
PF02540,LG+I+G4,0.0621,1.5999,,LG+I{0.0621}+G4{1.5999}
PF02545,LG+I+R4,0.0107,,"(0.0840,0.0821) (0.1734,0.3227) (0.2536,0.7673) (0.4783,1.5525)","LG+I{0.0107}+R4{0.0840,0.0821,0.1734,0.3227,0.2536,0.7673,0.4783,1.5525}"
PF02559,LG+I+R4,0.0118,,"(0.2047,0.2782) (0.1804,0.5714) (0.3752,1.1175) (0.2279,1.8463)","LG+I{0.0118}+R4{0.2047,0.2782,0.1804,0.5714,0.3752,1.1175,0.2279,1.8463}"
PF02560,LG+I+G4,0.1325,1.0761,,LG+I{0.1325}+G4{1.0761}
PF02577,LG+I+R4,0.0000,,"(0.1690,0.1165) (0.1874,0.4517) (0.3396,0.9875) (0.3041,1.8429)","LG+I{0.0000}+R4{0.1690,0.1165,0.1874,0.4517,0.3396,0.9875,0.3041,1.8429}"
PF02581,LG+I+R4,0.0000,,"(0.1130,0.1301) (0.2907,0.4234) (0.2466,0.9905) (0.3498,1.7669)","LG+I{0.0000}+R4{0.1130,0.1301,0.2907,0.4234,0.2466,0.9905,0.3498,1.7669}"
PF02582,LG+I+R4,0.0000,,"(0.0458,0.0833) (0.2371,0.2876) (0.3041,0.7447) (0.4130,1.6988)","LG+I{0.0000}+R4{0.0458,0.0833,0.2371,0.2876,0.3041,0.7447,0.4130,1.6988}"
PF02594,LG+I+R4,0.0143,,"(0.0435,0.0366) (0.2457,0.4316) (0.3429,0.8449) (0.3536,1.7040)","LG+I{0.0143}+R4{0.0435,0.0366,0.2457,0.4316,0.3429,0.8449,0.3536,1.7040}"
PF02597,LG+I+R4,0.0105,,"(0.0974,0.1674) (0.2179,0.4203) (0.2716,0.9465) (0.4025,1.5775)","LG+I{0.0105}+R4{0.0974,0.1674,0.2179,0.4203,0.2716,0.9465,0.4025,1.5775}"
PF02629,LG+I+G4,0.0093,2.4997,,LG+I{0.0093}+G4{2.4997}
PF02631,LG+I+R4,0.0000,,"(0.2259,0.1919) (0.3626,0.6500) (0.2548,1.3386) (0.1568,2.4235)","LG+I{0.0000}+R4{0.2259,0.1919,0.3626,0.6500,0.2548,1.3386,0.1568,2.4235}"
PF02637,LG+F+I+R4,0.0000,,"(0.0515,0.1715) (0.3221,0.4918) (0.3457,1.0327) (0.2807,1.6950)","LG+F+I{0.0000}+R4{0.0515,0.1715,0.3221,0.4918,0.3457,1.0327,0.2807,1.6950}"
PF02668,LG+F+I+R4,0.0000,,"(0.0385,0.0879) (0.1858,0.3995) (0.3809,0.8407) (0.3948,1.5251)","LG+F+I{0.0000}+R4{0.0385,0.0879,0.1858,0.3995,0.3809,0.8407,0.3948,1.5251}"
PF02683,LG+F+I+R4,0.0133,,"(0.2704,0.1124) (0.3433,0.5280) (0.2364,1.4025) (0.1367,3.3426)","LG+F+I{0.0133}+R4{0.2704,0.1124,0.3433,0.5280,0.2364,1.4025,0.1367,3.3426}"
PF02705,LG+F+I+G4,0.0106,0.8732,,LG+F+I{0.0106}+G4{0.8732}
PF02721,LG+I+G4,0.0027,1.5401,,LG+I{0.0027}+G4{1.5401}
PF02727,LG+I+G4,0.0003,2.2553,,LG+I{0.0003}+G4{2.2553}
PF02728,LG+I+R2,0.0167,,"(0.7500,0.6644) (0.2334,2.1498)","LG+I{0.0167}+R2{0.7500,0.6644,0.2334,2.1498}"
PF02729,LG+I+R4,0.0000,,"(0.1077,0.0434) (0.1579,0.3093) (0.4199,0.7487) (0.3145,2.0096)","LG+I{0.0000}+R4{0.1077,0.0434,0.1579,0.3093,0.4199,0.7487,0.3145,2.0096}"
PF02732,LG+I+R4,0.0000,,"(0.0657,0.2207) (0.1488,0.4466) (0.3901,0.8395) (0.3955,1.4958)","LG+I{0.0000}+R4{0.0657,0.2207,0.1488,0.4466,0.3901,0.8395,0.3955,1.4958}"
PF02735,LG+I+R4,0.0000,,"(0.0769,0.2449) (0.3225,0.5582) (0.2782,0.9789) (0.3224,1.6404)","LG+I{0.0000}+R4{0.0769,0.2449,0.3225,0.5582,0.2782,0.9789,0.3224,1.6404}"
PF02736,LG+I+G4,0.0000,3.3489,,LG+I{0.0000}+G4{3.3489}
PF02737,LG+I+R4,0.0263,,"(0.0667,0.0785) (0.1459,0.3160) (0.3807,0.8283) (0.3805,1.6647)","LG+I{0.0263}+R4{0.0667,0.0785,0.1459,0.3160,0.3807,0.8283,0.3805,1.6647}"
PF02738,LG+F+I+R4,0.0079,,"(0.1014,0.1376) (0.2664,0.5526) (0.3913,1.0401) (0.2330,1.8534)","LG+F+I{0.0079}+R4{0.1014,0.1376,0.2664,0.5526,0.3913,1.0401,0.2330,1.8534}"
PF02739,LG+I+R4,0.0200,,"(0.0337,0.0285) (0.2073,0.3412) (0.2893,0.7918) (0.4497,1.5550)","LG+I{0.0200}+R4{0.0337,0.0285,0.2073,0.3412,0.2893,0.7918,0.4497,1.5550}"
PF02746,LG+I+G4,0.0473,4.2936,,LG+I{0.0473}+G4{4.2936}
PF02747,LG+I,0.0560,,,LG+I{0.0560}
PF02749,LG+I+R4,0.0000,,"(0.1118,0.0950) (0.3216,0.4904) (0.2407,1.0346) (0.3259,1.7876)","LG+I{0.0000}+R4{0.1118,0.0950,0.3216,0.4904,0.2407,1.0346,0.3259,1.7876}"
PF02751,LG+I+G4,0.0000,1.0369,,LG+I{0.0000}+G4{1.0369}
PF02765,LG+I+G4,0.0000,3.9372,,LG+I{0.0000}+G4{3.9372}
PF02769,LG+I+R4,0.0000,,"(0.0457,0.1209) (0.2049,0.3900) (0.3452,0.7741) (0.4042,1.6016)","LG+I{0.0000}+R4{0.0457,0.1209,0.2049,0.3900,0.3452,0.7741,0.4042,1.6016}"
PF02770,LG+I+G4,0.0082,2.0455,,LG+I{0.0082}+G4{2.0455}
PF02771,LG+F+I+G4,0.0000,2.4653,,LG+F+I{0.0000}+G4{2.4653}
PF02772,LG+I+R4,0.0208,,"(0.1461,0.0700) (0.1623,0.3665) (0.1904,0.7678) (0.4804,1.6322)","LG+I{0.0208}+R4{0.1461,0.0700,0.1623,0.3665,0.1904,0.7678,0.4804,1.6322}"
PF02773,LG+I+G4,0.0176,0.5751,,LG+I{0.0176}+G4{0.5751}
PF02774,LG+I+G4,0.0074,1.9701,,LG+I{0.0074}+G4{1.9701}
PF02775,LG+I+G4,0.0000,1.6057,,LG+I{0.0000}+G4{1.6057}
PF02776,LG+F+I+G4,0.0000,1.8693,,LG+F+I{0.0000}+G4{1.8693}
PF02777,LG+I+R4,0.0000,,"(0.2078,0.1226) (0.3025,0.5076) (0.2436,1.2243) (0.2462,2.1235)","LG+I{0.0000}+R4{0.2078,0.1226,0.3025,0.5076,0.2436,1.2243,0.2462,2.1235}"
PF02779,LG+F+I+R4,0.0031,,"(0.1219,0.1828) (0.4895,0.5561) (0.3090,1.3741) (0.0764,3.6766)","LG+F+I{0.0031}+R4{0.1219,0.1828,0.4895,0.5561,0.3090,1.3741,0.0764,3.6766}"
PF02780,LG+I+G4,0.0000,2.3113,,LG+I{0.0000}+G4{2.3113}
PF02781,LG+I+R4,0.0113,,"(0.1698,0.1169) (0.2958,0.4582) (0.2589,1.0339) (0.2642,2.1837)","LG+I{0.0113}+R4{0.1698,0.1169,0.2958,0.4582,0.2589,1.0339,0.2642,2.1837}"
PF02782,LG+I+R4,0.0079,,"(0.0588,0.1486) (0.4831,0.4743) (0.3571,1.0668) (0.0931,4.0953)","LG+I{0.0079}+R4{0.0588,0.1486,0.4831,0.4743,0.3571,1.0668,0.0931,4.0953}"
PF02784,LG+I+G4,0.0415,2.2662,,LG+I{0.0415}+G4{2.2662}
PF02785,LG+I+G4,0.0342,1.2548,,LG+I{0.0342}+G4{1.2548}
PF02786,LG+I+G4,0.0220,1.3508,,LG+I{0.0220}+G4{1.3508}
PF02787,LG+I+R4,0.0000,,"(0.1456,0.1463) (0.2856,0.4764) (0.3106,1.0398) (0.2582,2.0129)","LG+I{0.0000}+R4{0.1456,0.1463,0.2856,0.4764,0.3106,1.0398,0.2582,2.0129}"
PF02788,LG+I+G4,0.0419,1.4686,,LG+I{0.0419}+G4{1.4686}
PF02789,LG+I+G4,0.0000,3.9374,,LG+I{0.0000}+G4{3.9374}
PF02797,LG+I,0.1374,,,LG+I{0.1374}
PF02798,LG+I+R3,0.0000,,"(0.0776,0.0759) (0.4679,0.6623) (0.4545,1.5054)","LG+I{0.0000}+R3{0.0776,0.0759,0.4679,0.6623,0.4545,1.5054}"
PF02799,LG+I+R4,0.0070,,"(0.1580,0.1210) (0.2774,0.4702) (0.2930,1.0423) (0.2646,2.0600)","LG+I{0.0070}+R4{0.1580,0.1210,0.2774,0.4702,0.2930,1.0423,0.2646,2.0600}"
PF02800,LG+I+G4,0.0014,1.2430,,LG+I{0.0014}+G4{1.2430}
PF02801,LG+I+R4,0.0068,,"(0.0843,0.1047) (0.4112,0.5157) (0.2850,1.0699) (0.2128,2.2287)","LG+I{0.0068}+R4{0.0843,0.1047,0.4112,0.5157,0.2850,1.0699,0.2128,2.2287}"
PF02803,LG+I+G4,0.0775,1.8048,,LG+I{0.0775}+G4{1.8048}
PF02806,LG+I+R4,0.0000,,"(0.0145,0.0460) (0.2472,0.4240) (0.3956,0.8303) (0.3427,1.6517)","LG+I{0.0000}+R4{0.0145,0.0460,0.2472,0.4240,0.3956,0.8303,0.3427,1.6517}"
PF02810,LG+I+G4,0.1577,0.9817,,LG+I{0.1577}+G4{0.9817}
PF02812,LG+I+G4,0.0070,1.1608,,LG+I{0.0070}+G4{1.1608}
PF02815,LG+I+G4,0.0000,1.8715,,LG+I{0.0000}+G4{1.8715}
PF02823,LG+I+G4,0.0110,2.2856,,LG+I{0.0110}+G4{2.2856}
PF02824,LG+I+G4,0.0000,2.8135,,LG+I{0.0000}+G4{2.8135}
PF02826,LG+I+R4,0.0042,,"(0.0421,0.0554) (0.2139,0.3400) (0.3587,0.7965) (0.3811,1.6774)","LG+I{0.0042}+R4{0.0421,0.0554,0.2139,0.3400,0.3587,0.7965,0.3811,1.6774}"
PF02836,LG+I+G4,0.0536,2.1105,,LG+I{0.0536}+G4{2.1105}
PF02837,LG+I,0.0943,,,LG+I{0.0943}
PF02841,JTT+F+R3,,,"(0.1457,0.1226) (0.5603,0.7238) (0.2941,1.9609)","JTT+F+R3{0.1457,0.1226,0.5603,0.7238,0.2941,1.9609}"
PF02843,LG+I+R4,0.0070,,"(0.1308,0.0729) (0.1782,0.3170) (0.1830,0.7291) (0.5010,1.5980)","LG+I{0.0070}+R4{0.1308,0.0729,0.1782,0.3170,0.1830,0.7291,0.5010,1.5980}"
PF02844,LG+I+R4,0.0000,,"(0.1570,0.0942) (0.2481,0.4050) (0.2827,0.9839) (0.3122,1.9428)","LG+I{0.0000}+R4{0.1570,0.0942,0.2481,0.4050,0.2827,0.9839,0.3122,1.9428}"
PF02845,LG+I+G4,0.0000,1.9807,,LG+I{0.0000}+G4{1.9807}
PF02852,LG+I+G4,0.0080,2.0725,,LG+I{0.0080}+G4{2.0725}
PF02866,LG+I+G4,0.0346,2.0279,,LG+I{0.0346}+G4{2.0279}
PF02874,LG+I+G4,0.0000,2.1952,,LG+I{0.0000}+G4{2.1952}
PF02875,LG+I+R4,0.0042,,"(0.1172,0.1443) (0.2152,0.4336) (0.2014,0.7994) (0.4620,1.5776)","LG+I{0.0042}+R4{0.1172,0.1443,0.2152,0.4336,0.2014,0.7994,0.4620,1.5776}"
PF02877,LG+I+G4,0.0000,1.2429,,LG+I{0.0000}+G4{1.2429}
PF02878,LG+I+R4,0.0060,,"(0.0912,0.0957) (0.2634,0.3856) (0.2770,0.8518) (0.3625,1.8035)","LG+I{0.0060}+R4{0.0912,0.0957,0.2634,0.3856,0.2770,0.8518,0.3625,1.8035}"
PF02879,LG+I+R4,0.0000,,"(0.0395,0.0617) (0.1595,0.3382) (0.3930,0.7474) (0.4080,1.5929)","LG+I{0.0000}+R4{0.0395,0.0617,0.1595,0.3382,0.3930,0.7474,0.4080,1.5929}"
PF02880,LG+I+R4,0.0157,,"(0.1703,0.1325) (0.3033,0.5585) (0.2996,1.0809) (0.2112,2.2929)","LG+I{0.0157}+R4{0.1703,0.1325,0.3033,0.5585,0.2996,1.0809,0.2112,2.2929}"
PF02881,LG+I+R4,0.0000,,"(0.0228,0.0242) (0.2597,0.4361) (0.4847,0.9979) (0.2328,1.7291)","LG+I{0.0000}+R4{0.0228,0.0242,0.2597,0.4361,0.4847,0.9979,0.2328,1.7291}"
PF02882,LG+I+G4,0.0405,1.1279,,LG+I{0.0405}+G4{1.1279}
PF02883,LG+F+I+G4,0.0000,3.9566,,LG+F+I{0.0000}+G4{3.9566}
PF02885,LG+I+R4,0.0000,,"(0.2032,0.2994) (0.3249,0.5885) (0.1795,1.0921) (0.2924,1.8877)","LG+I{0.0000}+R4{0.2032,0.2994,0.3249,0.5885,0.1795,1.0921,0.2924,1.8877}"
PF02886,LG+I+G4,0.0040,5.5352,,LG+I{0.0040}+G4{5.5352}
PF02887,LG+I+R4,0.0048,,"(0.2096,0.2828) (0.2893,0.6278) (0.2246,1.0843) (0.2718,1.8973)","LG+I{0.0048}+R4{0.2096,0.2828,0.2893,0.6278,0.2246,1.0843,0.2718,1.8973}"
PF02891,LG+I+G4,0.1297,1.2378,,LG+I{0.1297}+G4{1.2378}
PF02892,LG+I+G4,0.0578,1.4962,,LG+I{0.0578}+G4{1.4962}
PF02893,LG+I+G4,0.0067,2.9330,,LG+I{0.0067}+G4{2.9330}
PF02894,LG+I+R3,0.0054,,"(0.0548,0.1767) (0.3509,0.6039) (0.5888,1.3219)","LG+I{0.0054}+R3{0.0548,0.1767,0.3509,0.6039,0.5888,1.3219}"
PF02896,LG+I+G4,0.0587,2.0357,,LG+I{0.0587}+G4{2.0357}
PF02900,LG+I+G4,0.0120,2.4400,,LG+I{0.0120}+G4{2.4400}
PF02902,LG+I+R3,0.0000,,"(0.0810,0.1817) (0.4528,0.6476) (0.4662,1.4844)","LG+I{0.0000}+R3{0.0810,0.1817,0.4528,0.6476,0.4662,1.4844}"
PF02906,LG+I+R4,0.0078,,"(0.1224,0.1208) (0.1703,0.4045) (0.3125,0.8029) (0.3870,1.7194)","LG+I{0.0078}+R4{0.1224,0.1208,0.1703,0.4045,0.3125,0.8029,0.3870,1.7194}"
PF02910,LG+I+R4,0.0057,,"(0.1095,0.0581) (0.2546,0.3961) (0.3201,0.9211) (0.3100,1.9288)","LG+I{0.0057}+R4{0.1095,0.0581,0.2546,0.3961,0.3201,0.9211,0.3100,1.9288}"
PF02911,LG+I+G4,0.0000,2.0134,,LG+I{0.0000}+G4{2.0134}
PF02913,LG+F+I+R4,0.0027,,"(0.0507,0.0855) (0.1299,0.3355) (0.3439,0.7298) (0.4728,1.4828)","LG+F+I{0.0027}+R4{0.0507,0.0855,0.1299,0.3355,0.3439,0.7298,0.4728,1.4828}"
PF02915,LG+F+I+R3,0.0202,,"(0.0310,0.0468) (0.3101,0.4568) (0.6387,1.3415)","LG+F+I{0.0202}+R3{0.0310,0.0468,0.3101,0.4568,0.6387,1.3415}"
PF02922,LG+I+G4,0.0000,1.7985,,LG+I{0.0000}+G4{1.7985}
PF02926,LG+I+G4,0.0000,2.1913,,LG+I{0.0000}+G4{2.1913}
PF02928,LG+I+R4,0.0302,,"(0.0768,0.1073) (0.1831,0.4077) (0.3077,0.8494) (0.4021,1.6305)","LG+I{0.0302}+R4{0.0768,0.1073,0.1831,0.4077,0.3077,0.8494,0.4021,1.6305}"
PF02929,LG+I+R4,0.0014,,"(0.0543,0.0993) (0.1399,0.3860) (0.2690,0.7311) (0.5354,1.3894)","LG+I{0.0014}+R4{0.0543,0.0993,0.1399,0.3860,0.2690,0.7311,0.5354,1.3894}"
PF02933,LG+I+R3,0.0000,,"(0.0947,0.2516) (0.2546,0.6089) (0.6507,1.2620)","LG+I{0.0000}+R3{0.0947,0.2516,0.2546,0.6089,0.6507,1.2620}"
PF02934,LG+I+R4,0.0318,,"(0.1390,0.0924) (0.2282,0.3881) (0.2495,0.9110) (0.3515,1.9097)","LG+I{0.0318}+R4{0.1390,0.0924,0.2282,0.3881,0.2495,0.9110,0.3515,1.9097}"
PF02938,LG+I+G4,0.0000,3.0440,,LG+I{0.0000}+G4{3.0440}
PF02941,LG+I+G4,0.0389,1.6017,,LG+I{0.0389}+G4{1.6017}
PF02943,LG+I+G4,0.0538,1.5629,,LG+I{0.0538}+G4{1.5629}
PF02953,LG+I+R4,0.0000,,"(0.0794,0.0483) (0.2609,0.5754) (0.2867,0.9892) (0.3729,1.5081)","LG+I{0.0000}+R4{0.0794,0.0483,0.2609,0.5754,0.2867,0.9892,0.3729,1.5081}"
PF02966,LG+I+G4,0.0029,1.2609,,LG+I{0.0029}+G4{1.2609}
PF02969,LG+I+G4,0.0000,3.2944,,LG+I{0.0000}+G4{3.2944}
PF02970,LG+I+R4,0.0004,,"(0.2004,0.2046) (0.2506,0.6407) (0.2972,1.1356) (0.2514,1.8336)","LG+I{0.0004}+R4{0.2004,0.2046,0.2506,0.6407,0.2972,1.1356,0.2514,1.8336}"
PF02978,LG+F+I+R4,0.0040,,"(0.0764,0.1012) (0.1192,0.3946) (0.2138,0.7759) (0.5866,1.3286)","LG+F+I{0.0040}+R4{0.0764,0.1012,0.1192,0.3946,0.2138,0.7759,0.5866,1.3286}"
PF02984,LG+I+R4,0.0000,,"(0.0401,0.1173) (0.3408,0.4855) (0.3202,0.9798) (0.2989,1.7265)","LG+I{0.0000}+R4{0.0401,0.1173,0.3408,0.4855,0.3202,0.9798,0.2989,1.7265}"
PF02991,LG+I+G4,0.0982,1.8688,,LG+I{0.0982}+G4{1.8688}
PF03007,LG+F+I+G4,0.0157,1.9814,,LG+F+I{0.0157}+G4{1.9814}
PF03016,LG+I+R4,0.0066,,"(0.1108,0.1725) (0.3393,0.4687) (0.4296,1.1326) (0.1137,2.9483)","LG+I{0.0066}+R4{0.1108,0.1725,0.3393,0.4687,0.4296,1.1326,0.1137,2.9483}"
PF03024,JTT+R3,,,"(0.0804,0.0866) (0.4549,0.6439) (0.4648,1.5065)","JTT+R3{0.0804,0.0866,0.4549,0.6439,0.4648,1.5065}"
PF03029,LG+I+G4,0.0264,2.2146,,LG+I{0.0264}+G4{2.2146}
PF03054,LG+I+G4,0.0967,1.4115,,LG+I{0.0967}+G4{1.4115}
PF03060,LG+I+G4,0.0012,1.6244,,LG+I{0.0012}+G4{1.6244}
PF03061,LG+I+G4,0.0000,2.0569,,LG+I{0.0000}+G4{2.0569}
PF03079,LG+I+G4,0.0038,2.0407,,LG+I{0.0038}+G4{2.0407}
PF03091,LG+I+R4,0.0097,,"(0.1778,0.1360) (0.2915,0.5760) (0.3159,1.2047) (0.2051,2.0835)","LG+I{0.0097}+R4{0.1778,0.1360,0.2915,0.5760,0.3159,1.2047,0.2051,2.0835}"
PF03096,LG+I+G4,0.0028,1.9856,,LG+I{0.0028}+G4{1.9856}
PF03098,LG+I+R4,0.0032,,"(0.0783,0.1048) (0.2020,0.3850) (0.2901,0.7992) (0.4264,1.5998)","LG+I{0.0032}+R4{0.0783,0.1048,0.2020,0.3850,0.2901,0.7992,0.4264,1.5998}"
PF03099,LG+I+G4,0.0122,1.9534,,LG+I{0.0122}+G4{1.9534}
PF03100,LG+I+R4,0.0137,,"(0.2016,0.1299) (0.2397,0.4804) (0.2499,1.1217) (0.2952,1.9594)","LG+I{0.0137}+R4{0.2016,0.1299,0.2397,0.4804,0.2499,1.1217,0.2952,1.9594}"
PF03105,JTT+F+I+R4,0.0029,,"(0.0639,0.0662) (0.1362,0.2332) (0.2394,0.6077) (0.5576,1.4678)","JTT+F+I{0.0029}+R4{0.0639,0.0662,0.1362,0.2332,0.2394,0.6077,0.5576,1.4678}"
PF03106,JTT+I+R4,0.0225,,"(0.2549,0.1435) (0.2262,0.5928) (0.2123,1.1653) (0.2841,2.0480)","JTT+I{0.0225}+R4{0.2549,0.1435,0.2262,0.5928,0.2123,1.1653,0.2841,2.0480}"
PF03107,JTT+I+R4,0.0527,,"(0.0812,0.0764) (0.0903,0.4553) (0.2393,0.8094) (0.5365,1.4147)","JTT+I{0.0527}+R4{0.0812,0.0764,0.0903,0.4553,0.2393,0.8094,0.5365,1.4147}"
PF03109,LG+I+R4,0.0000,,"(0.0647,0.0206) (0.1891,0.2972) (0.3718,0.7962) (0.3745,1.7265)","LG+I{0.0000}+R4{0.0647,0.0206,0.1891,0.2972,0.3718,0.7962,0.3745,1.7265}"
PF03110,LG+I+G4,0.0408,0.7856,,LG+I{0.0408}+G4{0.7856}
PF03118,LG+I+G4,0.0000,1.1473,,LG+I{0.0000}+G4{1.1473}
PF03126,LG+I+R4,0.0000,,"(0.0903,0.1796) (0.2677,0.5673) (0.3173,0.9312) (0.3247,1.6524)","LG+I{0.0000}+R4{0.0903,0.1796,0.2677,0.5673,0.3173,0.9312,0.3247,1.6524}"
PF03127,LG+I+G4,0.0000,2.3054,,LG+I{0.0000}+G4{2.3054}
PF03129,LG+I+G4,0.0000,3.2668,,LG+I{0.0000}+G4{3.2668}
PF03143,LG+I+G4,0.0294,1.8611,,LG+I{0.0294}+G4{1.8611}
PF03144,LG+I+G4,0.0101,2.2932,,LG+I{0.0101}+G4{2.2932}
PF03145,JTT+G4,,1.7171,,JTT+G4{1.7171}
PF03147,LG+I+R4,0.0000,,"(0.1187,0.1331) (0.2427,0.5114) (0.3317,0.9850) (0.3069,1.7379)","LG+I{0.0000}+R4{0.1187,0.1331,0.2427,0.5114,0.3317,0.9850,0.3069,1.7379}"
PF03152,LG+I+G4,0.0022,1.1749,,LG+I{0.0022}+G4{1.1749}
PF03162,LG+I+G4,0.0007,1.3052,,LG+I{0.0007}+G4{1.3052}
PF03167,LG+I+R4,0.0000,,"(0.0778,0.1738) (0.1636,0.4194) (0.3336,0.8020) (0.4251,1.5300)","LG+I{0.0000}+R4{0.0778,0.1738,0.1636,0.4194,0.3336,0.8020,0.4251,1.5300}"
PF03168,LG+F+I+R4,0.0086,,"(0.0084,0.1184) (0.2433,0.5423) (0.4845,0.9737) (0.2551,1.5496)","LG+F+I{0.0086}+R4{0.0084,0.1184,0.2433,0.5423,0.4845,0.9737,0.2551,1.5496}"
PF03171,LG+I+R4,0.0000,,"(0.0762,0.2139) (0.2717,0.5518) (0.3243,1.0180) (0.3277,1.5367)","LG+I{0.0000}+R4{0.0762,0.2139,0.2717,0.5518,0.3243,1.0180,0.3277,1.5367}"
PF03193,LG+I+R4,0.0366,,"(0.1015,0.0614) (0.2474,0.3710) (0.3165,0.9210) (0.2981,2.0482)","LG+I{0.0366}+R4{0.1015,0.0614,0.2474,0.3710,0.3165,0.9210,0.2981,2.0482}"
PF03199,LG+I+R4,0.0098,,"(0.0961,0.0880) (0.1918,0.3701) (0.1546,0.7343) (0.5477,1.4735)","LG+I{0.0098}+R4{0.0961,0.0880,0.1918,0.3701,0.1546,0.7343,0.5477,1.4735}"
PF03215,LG+I,0.0535,,,LG+I{0.0535}
PF03226,LG+I+G4,0.0347,2.9912,,LG+I{0.0347}+G4{2.9912}
PF03266,LG+I+G4,0.0278,1.6380,,LG+I{0.0278}+G4{1.6380}
PF03291,LG+I+G4,0.1019,1.7501,,LG+I{0.1019}+G4{1.7501}
PF03321,LG+I+R4,0.0000,,"(0.1138,0.2041) (0.2671,0.5421) (0.3668,1.0404) (0.2523,1.7850)","LG+I{0.0000}+R4{0.1138,0.2041,0.2671,0.5421,0.3668,1.0404,0.2523,1.7850}"
PF03328,LG+I+G4,0.0279,3.4678,,LG+I{0.0279}+G4{3.4678}
PF03330,LG+I+G4,0.0000,2.1270,,LG+I{0.0000}+G4{2.1270}
PF03345,LG+F+I+R4,0.0005,,"(0.0618,0.1112) (0.3222,0.4583) (0.3750,0.9395) (0.2404,2.0510)","LG+F+I{0.0005}+R4{0.0618,0.1112,0.3222,0.4583,0.3750,0.9395,0.2404,2.0510}"
PF03351,LG+I+G4,0.0000,2.7369,,LG+I{0.0000}+G4{2.7369}
PF03358,LG+F+I+G4,0.0000,2.1083,,LG+F+I{0.0000}+G4{2.1083}
PF03366,LG+I+R4,0.0000,,"(0.1274,0.1256) (0.1584,0.4755) (0.3205,0.9521) (0.3938,1.5328)","LG+I{0.0000}+R4{0.1274,0.1256,0.1584,0.4755,0.3205,0.9521,0.3938,1.5328}"
PF03367,LG+I+G4,0.0508,1.4012,,LG+I{0.0508}+G4{1.4012}
PF03368,LG+I+G4,0.0069,1.3674,,LG+I{0.0069}+G4{1.3674}
PF03372,LG+F+I+R4,0.0000,,"(0.0109,0.0164) (0.1118,0.2739) (0.2669,0.6978) (0.6104,1.2827)","LG+F+I{0.0000}+R4{0.0109,0.0164,0.1118,0.2739,0.2669,0.6978,0.6104,1.2827}"
PF03404,LG+I+G4,0.0004,1.4029,,LG+I{0.0004}+G4{1.4029}
PF03405,LG+I+G4,0.0656,1.5523,,LG+I{0.0656}+G4{1.5523}
PF03416,LG+F+I+R4,0.0069,,"(0.0734,0.0507) (0.1737,0.1965) (0.2915,0.5296) (0.4543,1.7778)","LG+F+I{0.0069}+R4{0.0734,0.0507,0.1737,0.1965,0.2915,0.5296,0.4543,1.7778}"
PF03417,LG+I+R3,0.0163,,"(0.0850,0.1549) (0.5670,0.7310) (0.3317,1.7255)","LG+I{0.0163}+R3{0.0850,0.1549,0.5670,0.7310,0.3317,1.7255}"
PF03441,LG+I+R4,0.0065,,"(0.1696,0.1097) (0.2647,0.4260) (0.2227,0.9960) (0.3364,1.9224)","LG+I{0.0065}+R4{0.1696,0.1097,0.2647,0.4260,0.2227,0.9960,0.3364,1.9224}"
PF03446,LG+I+R4,0.0145,,"(0.0918,0.1152) (0.2750,0.4427) (0.3322,0.9490) (0.2865,1.9281)","LG+I{0.0145}+R4{0.0918,0.1152,0.2750,0.4427,0.3322,0.9490,0.2865,1.9281}"
PF03447,LG+I+G4,0.0063,2.0720,,LG+I{0.0063}+G4{2.0720}
PF03450,LG+I+G4,0.0000,2.3759,,LG+I{0.0000}+G4{2.3759}
PF03454,LG+I+G4,0.0000,1.6501,,LG+I{0.0000}+G4{1.6501}
PF03455,LG+I+R4,0.0000,,"(0.1144,0.0723) (0.1354,0.3429) (0.4766,0.9527) (0.2736,1.7953)","LG+I{0.0000}+R4{0.1144,0.0723,0.1354,0.3429,0.4766,0.9527,0.2736,1.7953}"
PF03456,LG+I+G4,0.0089,1.4129,,LG+I{0.0089}+G4{1.4129}
PF03462,LG+I+R4,0.0221,,"(0.1837,0.1263) (0.2948,0.5589) (0.2673,1.1806) (0.2321,2.1388)","LG+I{0.0221}+R4{0.1837,0.1263,0.2948,0.5589,0.2673,1.1806,0.2321,2.1388}"
PF03463,LG+I+G4,0.0734,1.7326,,LG+I{0.0734}+G4{1.7326}
PF03464,LG+I+G4,0.0133,3.6420,,LG+I{0.0133}+G4{3.6420}
PF03465,LG+I+G4,0.0021,1.5978,,LG+I{0.0021}+G4{1.5978}
PF03468,JTT+R4,,,"(0.0736,0.0730) (0.2574,0.4813) (0.4229,0.9557) (0.2461,1.8960)","JTT+R4{0.0736,0.0730,0.2574,0.4813,0.4229,0.9557,0.2461,1.8960}"
PF03469,JTT+G4,,1.4546,,JTT+G4{1.4546}
PF03470,JTT+G4,,1.7245,,JTT+G4{1.7245}
PF03471,LG+F+I+R4,0.0000,,"(0.0578,0.1818) (0.1963,0.5215) (0.4173,0.9308) (0.3286,1.5176)","LG+F+I{0.0000}+R4{0.0578,0.1818,0.1963,0.5215,0.4173,0.9308,0.3286,1.5176}"
PF03473,LG+F+I+R4,0.0000,,"(0.0514,0.0802) (0.1574,0.3709) (0.3210,0.7103) (0.4702,1.5090)","LG+F+I{0.0000}+R4{0.0514,0.0802,0.1574,0.3709,0.3210,0.7103,0.4702,1.5090}"
PF03476,LG+I+G4,0.0531,2.3678,,LG+I{0.0531}+G4{2.3678}
PF03477,LG+I+G4,0.0000,1.5768,,LG+I{0.0000}+G4{1.5768}
PF03479,LG+I+R4,0.0054,,"(0.0711,0.2304) (0.3543,0.5859) (0.2510,1.0047) (0.3183,1.6462)","LG+I{0.0054}+R4{0.0711,0.2304,0.3543,0.5859,0.2510,1.0047,0.3183,1.6462}"
PF03483,LG+I+R4,0.0000,,"(0.1842,0.2117) (0.3325,0.5557) (0.2932,1.1998) (0.1901,2.2325)","LG+I{0.0000}+R4{0.1842,0.2117,0.3325,0.5557,0.2932,1.1998,0.1901,2.2325}"
PF03484,LG+I+R4,0.0000,,"(0.0941,0.0591) (0.2858,0.4005) (0.2163,0.7959) (0.4037,1.7530)","LG+I{0.0000}+R4{0.0941,0.0591,0.2858,0.4005,0.2163,0.7959,0.4037,1.7530}"
PF03485,LG+I+G4,0.0000,1.2715,,LG+I{0.0000}+G4{1.2715}
PF03486,LG+I+G4,0.0215,1.2270,,LG+I{0.0215}+G4{1.2270}
PF03501,LG+I+G4,0.0002,1.1878,,LG+I{0.0002}+G4{1.1878}
PF03517,LG+F+I+G4,0.0000,1.5929,,LG+F+I{0.0000}+G4{1.5929}
PF03531,LG+I+G4,0.0098,1.4034,,LG+I{0.0098}+G4{1.4034}
PF03604,LG+I,0.2597,,,LG+I{0.2597}
PF03629,LG+I+R4,0.0243,,"(0.0815,0.0828) (0.3296,0.3878) (0.2710,1.0805) (0.2935,1.9506)","LG+I{0.0243}+R4{0.0815,0.0828,0.3296,0.3878,0.2710,1.0805,0.2935,1.9506}"
PF03638,LG+I+G4,0.2250,1.0272,,LG+I{0.2250}+G4{1.0272}
PF03639,LG+I+R4,0.0116,,"(0.1265,0.1751) (0.2488,0.5642) (0.3499,1.0134) (0.2631,1.8348)","LG+I{0.0116}+R4{0.1265,0.1751,0.2488,0.5642,0.3499,1.0134,0.2631,1.8348}"
PF03657,LG+I+R2,0.0112,,"(0.3381,0.3302) (0.6507,1.3653)","LG+I{0.0112}+R2{0.3381,0.3302,0.6507,1.3653}"
PF03662,LG+I+G4,0.1357,1.2270,,LG+I{0.1357}+G4{1.2270}
PF03671,LG+I+G4,0.0001,1.9510,,LG+I{0.0001}+G4{1.9510}
PF03703,LG+F+I+R3,0.0000,,"(0.0593,0.3452) (0.3228,0.6564) (0.6180,1.2423)","LG+F+I{0.0000}+R3{0.0593,0.3452,0.3228,0.6564,0.6180,1.2423}"
PF03711,LG+I+G4,0.0429,1.2379,,LG+I{0.0429}+G4{1.2379}
PF03719,LG+I+G4,0.0000,1.7590,,LG+I{0.0000}+G4{1.7590}
PF03720,LG+I+R4,0.0000,,"(0.0974,0.0987) (0.2774,0.4554) (0.2268,0.9354) (0.3985,1.6360)","LG+I{0.0000}+R4{0.0974,0.0987,0.2774,0.4554,0.2268,0.9354,0.3985,1.6360}"
PF03721,LG+I+G4,0.0468,1.8568,,LG+I{0.0468}+G4{1.8568}
PF03725,LG+I+G4,0.0000,3.4204,,LG+I{0.0000}+G4{3.4204}
PF03726,LG+I+G4,0.0678,2.3173,,LG+I{0.0678}+G4{2.3173}
PF03727,LG+I+R4,0.0050,,"(0.1034,0.1090) (0.2294,0.3797) (0.2532,0.8157) (0.4091,1.6991)","LG+I{0.0050}+R4{0.1034,0.1090,0.2294,0.3797,0.2532,0.8157,0.4091,1.6991}"
PF03731,LG+I+G4,0.0000,2.4256,,LG+I{0.0000}+G4{2.4256}
PF03732,LG+I+G4,0.0000,2.0777,,LG+I{0.0000}+G4{2.0777}
PF03764,LG+I+G4,0.0066,1.9686,,LG+I{0.0066}+G4{1.9686}
PF03765,LG+I+R4,0.0000,,"(0.0559,0.0832) (0.1541,0.3282) (0.3480,0.7391) (0.4420,1.5556)","LG+I{0.0000}+R4{0.0559,0.0832,0.1541,0.3282,0.3480,0.7391,0.4420,1.5556}"
PF03796,LG+I+R4,0.0121,,"(0.0832,0.0588) (0.1443,0.2719) (0.2320,0.6275) (0.5284,1.5334)","LG+I{0.0121}+R4{0.0832,0.0588,0.1443,0.2719,0.2320,0.6275,0.5284,1.5334}"
PF03798,LG+F+I+R4,0.0026,,"(0.0972,0.1657) (0.1745,0.4306) (0.3447,0.8388) (0.3810,1.6264)","LG+F+I{0.0026}+R4{0.0972,0.1657,0.1745,0.4306,0.3447,0.8388,0.3810,1.6264}"
PF03803,LG+I+G4,0.0302,2.2426,,LG+I{0.0302}+G4{2.2426}
PF03813,LG+I+G4,0.0052,1.2565,,LG+I{0.0052}+G4{1.2565}
PF03822,JTT+I+G4,0.0224,1.1419,,JTT+I{0.0224}+G4{1.1419}
PF03835,LG+I+G4,0.0101,1.4077,,LG+I{0.0101}+G4{1.4077}
PF03847,LG+I,0.0101,,,LG+I{0.0101}
PF03850,LG+I+G4,0.0418,0.9180,,LG+I{0.0418}+G4{0.9180}
PF03853,LG+I+G4,0.0000,1.1116,,LG+I{0.0000}+G4{1.1116}
PF03859,LG+I+G4,0.0557,1.6955,,LG+I{0.0557}+G4{1.6955}
PF03871,LG+I+R4,0.0083,,"(0.0696,0.1019) (0.2549,0.4259) (0.2846,0.8863) (0.3826,1.6523)","LG+I{0.0083}+R4{0.0696,0.1019,0.2549,0.4259,0.2846,0.8863,0.3826,1.6523}"
PF03876,LG+I+G4,0.0000,3.6349,,LG+I{0.0000}+G4{3.6349}
PF03893,JTT+G4,,12.6156,,JTT+G4{12.6156}
PF03900,LG+I+G4,0.0229,2.4615,,LG+I{0.0229}+G4{2.4615}
PF03908,LG+I+G4,0.0200,4.0537,,LG+I{0.0200}+G4{4.0537}
PF03909,LG+I+G4,0.0157,1.9136,,LG+I{0.0157}+G4{1.9136}
PF03917,LG+I+R4,0.0303,,"(0.1163,0.0926) (0.2202,0.3924) (0.2272,0.8727) (0.4061,1.7350)","LG+I{0.0303}+R4{0.1163,0.0926,0.2202,0.3924,0.2272,0.8727,0.4061,1.7350}"
PF03919,LG+I+R4,0.0338,,"(0.0868,0.1002) (0.2037,0.4150) (0.3301,0.9355) (0.3456,1.7304)","LG+I{0.0338}+R4{0.0868,0.1002,0.2037,0.4150,0.3301,0.9355,0.3456,1.7304}"
PF03924,LG+F+I+R4,0.0000,,"(0.0724,0.1894) (0.2818,0.4801) (0.3234,0.9859) (0.3224,1.6506)","LG+F+I{0.0000}+R4{0.0724,0.1894,0.2818,0.4801,0.3234,0.9859,0.3224,1.6506}"
PF03931,LG+I+G4,0.0022,1.7359,,LG+I{0.0022}+G4{1.7359}
PF03936,JTT+F+R4,,,"(0.0618,0.1373) (0.1796,0.4781) (0.4870,0.9914) (0.2716,1.5570)","JTT+F+R4{0.0618,0.1373,0.1796,0.4781,0.4870,0.9914,0.2716,1.5570}"
PF03937,LG+I+G4,0.0117,1.6480,,LG+I{0.0117}+G4{1.6480}
PF03942,LG+I+G4,0.0108,1.0062,,LG+I{0.0108}+G4{1.0062}
PF03946,LG+I+G4,0.0000,1.3614,,LG+I{0.0000}+G4{1.3614}
PF03947,LG+I+R4,0.0123,,"(0.1995,0.1093) (0.2840,0.5486) (0.2712,1.1537) (0.2330,2.1870)","LG+I{0.0123}+R4{0.1995,0.1093,0.2840,0.5486,0.2712,1.1537,0.2330,2.1870}"
PF03948,LG+F+I+R4,0.0000,,"(0.2126,0.2669) (0.2612,0.6457) (0.2625,1.1541) (0.2637,1.7884)","LG+F+I{0.0000}+R4{0.2126,0.2669,0.2612,0.6457,0.2625,1.1541,0.2637,1.7884}"
PF03949,LG+I+G4,0.0530,1.3892,,LG+I{0.0530}+G4{1.3892}
PF03950,LG+I+R4,0.0074,,"(0.0401,0.0763) (0.1729,0.3377) (0.4006,0.8427) (0.3790,1.5856)","LG+I{0.0074}+R4{0.0401,0.0763,0.1729,0.3377,0.4006,0.8427,0.3790,1.5856}"
PF03951,LG+I+R4,0.0062,,"(0.0565,0.0487) (0.1847,0.2958) (0.2359,0.6297) (0.5168,1.5366)","LG+I{0.0062}+R4{0.0565,0.0487,0.1847,0.2958,0.2359,0.6297,0.5168,1.5366}"
PF03952,LG+I+G4,0.0055,0.7776,,LG+I{0.0055}+G4{0.7776}
PF03953,LG+I+G4,0.0110,2.1667,,LG+I{0.0110}+G4{2.1667}
PF03959,LG+I+R4,0.0203,,"(0.0850,0.1639) (0.3150,0.4919) (0.3861,1.1201) (0.1937,2.0586)","LG+I{0.0203}+R4{0.0850,0.1639,0.3150,0.4919,0.3861,1.1201,0.1937,2.0586}"
PF03962,LG+I+G4,0.0000,2.1218,,LG+I{0.0000}+G4{2.1218}
PF03966,LG+I+G4,0.0000,1.5244,,LG+I{0.0000}+G4{1.5244}
PF03987,LG+F+I+R4,0.0024,,"(0.0561,0.0584) (0.1710,0.1915) (0.3081,0.4544) (0.4624,1.7820)","LG+F+I{0.0024}+R4{0.0561,0.0584,0.1710,0.1915,0.3081,0.4544,0.4624,1.7820}"
PF04034,LG+I+R4,0.0381,,"(0.2037,0.1528) (0.2227,0.5557) (0.3283,1.1724) (0.2073,2.2208)","LG+I{0.0381}+R4{0.2037,0.1528,0.2227,0.5557,0.3283,1.1724,0.2073,2.2208}"
PF04043,JTT+R4,,,"(0.0124,0.0126) (0.1724,0.3921) (0.3144,0.8419) (0.5008,1.3329)","JTT+R4{0.0124,0.0126,0.1724,0.3921,0.3144,0.8419,0.5008,1.3329}"
PF04055,LG+I+R4,0.0000,,"(0.0177,0.0586) (0.2179,0.4524) (0.3197,0.8153) (0.4447,1.4386)","LG+I{0.0000}+R4{0.0177,0.0586,0.2179,0.4524,0.3197,0.8153,0.4447,1.4386}"
PF04057,LG+I+G4,0.0133,2.6469,,LG+I{0.0133}+G4{2.6469}
PF04084,LG+I+G4,0.0064,1.4615,,LG+I{0.0064}+G4{1.4615}
PF04096,LG+I+R4,0.0213,,"(0.0956,0.1115) (0.1384,0.3170) (0.3476,0.8126) (0.3970,1.6699)","LG+I{0.0213}+R4{0.0956,0.1115,0.1384,0.3170,0.3476,0.8126,0.3970,1.6699}"
PF04101,LG+I+R3,0.0001,,"(0.1480,0.1503) (0.3741,0.6102) (0.4778,1.5686)","LG+I{0.0001}+R3{0.1480,0.1503,0.3741,0.6102,0.4778,1.5686}"
PF04106,LG+I+R4,0.0000,,"(0.0932,0.1532) (0.1863,0.4402) (0.3196,0.7857) (0.4010,1.6276)","LG+I{0.0000}+R4{0.0932,0.1532,0.1863,0.4402,0.3196,0.7857,0.4010,1.6276}"
PF04108,LG+F+I+R4,0.0019,,"(0.0291,0.1092) (0.1694,0.4051) (0.4121,0.8251) (0.3874,1.5181)","LG+F+I{0.0019}+R4{0.0291,0.1092,0.1694,0.4051,0.4121,0.8251,0.3874,1.5181}"
PF04110,LG+I+R2,0.0101,,"(0.9189,0.5351) (0.0710,7.1614)","LG+I{0.0101}+R2{0.9189,0.5351,0.0710,7.1614}"
PF04111,LG+I+G4,0.0106,1.0347,,LG+I{0.0106}+G4{1.0347}
PF04116,LG+F+I+R4,0.0189,,"(0.0437,0.0430) (0.0501,0.3310) (0.3502,0.7216) (0.5370,1.3571)","LG+F+I{0.0189}+R4{0.0437,0.0430,0.0501,0.3310,0.3502,0.7216,0.5370,1.3571}"
PF04127,LG+I+R4,0.0451,,"(0.1176,0.0609) (0.2308,0.3821) (0.2820,0.8993) (0.3245,2.0063)","LG+I{0.0451}+R4{0.1176,0.0609,0.2308,0.3821,0.2820,0.8993,0.3245,2.0063}"
PF04130,LG+I+R4,0.0016,,"(0.1291,0.1495) (0.2792,0.3765) (0.2982,0.8387) (0.2919,2.1424)","LG+I{0.0016}+R4{0.1291,0.1495,0.2792,0.3765,0.2982,0.8387,0.2919,2.1424}"
PF04146,LG+I+R4,0.0000,,"(0.0968,0.0516) (0.1513,0.1734) (0.2654,0.4271) (0.4865,1.7583)","LG+I{0.0000}+R4{0.0968,0.0516,0.1513,0.1734,0.2654,0.4271,0.4865,1.7583}"
PF04152,LG+I+G4,0.0080,1.1639,,LG+I{0.0080}+G4{1.1639}
PF04153,LG+I+R4,0.0000,,"(0.0508,0.0613) (0.1435,0.2883) (0.3654,0.7648) (0.4403,1.5354)","LG+I{0.0000}+R4{0.0508,0.0613,0.1435,0.2883,0.3654,0.7648,0.4403,1.5354}"
PF04179,LG+I+G4,0.0058,1.0448,,LG+I{0.0058}+G4{1.0448}
PF04187,LG+F+I+R4,0.0061,,"(0.0518,0.0799) (0.2213,0.4366) (0.3890,0.9334) (0.3317,1.6161)","LG+F+I{0.0061}+R4{0.0518,0.0799,0.2213,0.4366,0.3890,0.9334,0.3317,1.6161}"
PF04192,LG+I+R4,0.0077,,"(0.1770,0.1366) (0.2778,0.4197) (0.2955,1.0522) (0.2420,2.2657)","LG+I{0.0077}+R4{0.1770,0.1366,0.2778,0.4197,0.2955,1.0522,0.2420,2.2657}"
PF04194,LG+I+R4,0.0139,,"(0.1306,0.1042) (0.1549,0.3595) (0.2660,0.7413) (0.4346,1.6880)","LG+I{0.0139}+R4{0.1306,0.1042,0.1549,0.3595,0.2660,0.7413,0.4346,1.6880}"
PF04209,LG+I+G4,0.2392,1.0530,,LG+I{0.2392}+G4{1.0530}
PF04212,LG+I+R4,0.0000,,"(0.0962,0.0974) (0.1790,0.4100) (0.3945,0.9639) (0.3303,1.6258)","LG+I{0.0000}+R4{0.0962,0.0974,0.1790,0.4100,0.3945,0.9639,0.3303,1.6258}"
PF04253,LG+I+R4,0.0000,,"(0.0817,0.1531) (0.2285,0.4180) (0.2577,0.8031) (0.4321,1.5853)","LG+I{0.0000}+R4{0.0817,0.1531,0.2285,0.4180,0.2577,0.8031,0.4321,1.5853}"
PF04263,LG+I+R4,0.0153,,"(0.0626,0.0584) (0.3083,0.3880) (0.4257,1.0503) (0.1881,2.2840)","LG+I{0.0153}+R4{0.0626,0.0584,0.3083,0.3880,0.4257,1.0503,0.1881,2.2840}"
PF04265,LG+I+R4,0.0099,,"(0.0701,0.1151) (0.2386,0.3913) (0.2262,0.8140) (0.4552,1.5696)","LG+I{0.0099}+R4{0.0701,0.1151,0.2386,0.3913,0.2262,0.8140,0.4552,1.5696}"
PF04266,LG+I+R4,0.0000,,"(0.0139,0.0444) (0.2332,0.3438) (0.4003,0.8525) (0.3526,1.6389)","LG+I{0.0000}+R4{0.0139,0.0444,0.2332,0.3438,0.4003,0.8525,0.3526,1.6389}"
PF04280,LG+I+G4,0.0000,2.8396,,LG+I{0.0000}+G4{2.8396}
PF04321,LG+F+I+G4,0.0201,1.2934,,LG+F+I{0.0201}+G4{1.2934}
PF04359,LG+I+G4,0.0111,1.9849,,LG+I{0.0111}+G4{1.9849}
PF04389,LG+I+R4,0.0170,,"(0.0497,0.0833) (0.1523,0.3682) (0.3363,0.7896) (0.4447,1.5161)","LG+I{0.0170}+R4{0.0497,0.0833,0.1523,0.3682,0.3363,0.7896,0.4447,1.5161}"
PF04406,LG+I+R4,0.0122,,"(0.1000,0.1460) (0.3002,0.5417) (0.3710,1.0588) (0.2166,1.9853)","LG+I{0.0122}+R4{0.1000,0.1460,0.3002,0.5417,0.3710,1.0588,0.2166,1.9853}"
PF04408,LG+I+R4,0.0182,,"(0.0622,0.0646) (0.1965,0.2627) (0.2944,0.8133) (0.4287,1.6443)","LG+I{0.0182}+R4{0.0622,0.0646,0.1965,0.2627,0.2944,0.8133,0.4287,1.6443}"
PF04410,LG+I+G4,0.0096,2.6034,,LG+I{0.0096}+G4{2.6034}
PF04413,LG+F+I+R4,0.0000,,"(0.1360,0.0884) (0.2955,0.4332) (0.2404,0.9931) (0.3282,1.8930)","LG+F+I{0.0000}+R4{0.1360,0.0884,0.2955,0.4332,0.2404,0.9931,0.3282,1.8930}"
PF04418,LG+I+G4,0.0068,1.2535,,LG+I{0.0068}+G4{1.2535}
PF04424,LG+I+R4,0.0071,,"(0.0931,0.0677) (0.1623,0.2743) (0.3157,0.6139) (0.4218,1.7910)","LG+I{0.0071}+R4{0.0931,0.0677,0.1623,0.2743,0.3157,0.6139,0.4218,1.7910}"
PF04427,LG+I+R4,0.0000,,"(0.0955,0.1920) (0.3223,0.4277) (0.3307,0.8011) (0.2515,2.3015)","LG+I{0.0000}+R4{0.0955,0.1920,0.3223,0.4277,0.3307,0.8011,0.2515,2.3015}"
PF04430,LG+I+R4,0.0000,,"(0.1001,0.2192) (0.2166,0.5083) (0.3921,0.9812) (0.2913,1.6592)","LG+I{0.0000}+R4{0.1001,0.2192,0.2166,0.5083,0.3921,0.9812,0.2913,1.6592}"
PF04432,LG+I+R4,0.0053,,"(0.0427,0.0712) (0.1733,0.3122) (0.3488,0.7399) (0.4298,1.5933)","LG+I{0.0053}+R4{0.0427,0.0712,0.1733,0.3122,0.3488,0.7399,0.4298,1.5933}"
PF04433,LG+I+R4,0.0072,,"(0.0779,0.1650) (0.2384,0.5136) (0.4887,1.0250) (0.1879,1.9365)","LG+I{0.0072}+R4{0.0779,0.1650,0.2384,0.5136,0.4887,1.0250,0.1879,1.9365}"
PF04434,LG+I+G4,0.0738,1.4957,,LG+I{0.0738}+G4{1.4957}
PF04438,JTT+I+R3,0.0698,,"(0.1052,0.0882) (0.3862,0.7283) (0.4388,1.6169)","JTT+I{0.0698}+R3{0.1052,0.0882,0.3862,0.7283,0.4388,1.6169}"
PF04446,LG+I+R4,0.0126,,"(0.1058,0.0740) (0.2827,0.3633) (0.2546,0.9073) (0.3442,1.9130)","LG+I{0.0126}+R4{0.1058,0.0740,0.2827,0.3633,0.2546,0.9073,0.3442,1.9130}"
PF04452,LG+I+R4,0.0136,,"(0.0644,0.0667) (0.2110,0.3749) (0.3549,0.7626) (0.3560,1.8141)","LG+I{0.0136}+R4{0.0644,0.0667,0.2110,0.3749,0.3549,0.7626,0.3560,1.8141}"
PF04493,LG+I+R4,0.0434,,"(0.0719,0.0865) (0.2731,0.3784) (0.2841,0.9272) (0.3274,1.9150)","LG+I{0.0434}+R4{0.0719,0.0865,0.2731,0.3784,0.2841,0.9272,0.3274,1.9150}"
PF04504,JTT+R4,,,"(0.0981,0.1697) (0.4138,0.6654) (0.4209,1.3050) (0.0672,2.3619)","JTT+R4{0.0981,0.1697,0.4138,0.6654,0.4209,1.3050,0.0672,2.3619}"
PF04525,LG+F+I+R4,0.0000,,"(0.1787,0.3637) (0.1967,0.6860) (0.2982,1.0088) (0.3264,1.5295)","LG+F+I{0.0000}+R4{0.1787,0.3637,0.1967,0.6860,0.2982,1.0088,0.3264,1.5295}"
PF04535,JTT+F+G4,,2.4638,,JTT+F+G4{2.4638}
PF04536,LG+F+I+R4,0.0000,,"(0.1597,0.3283) (0.3201,0.6233) (0.2472,1.1200) (0.2731,1.7256)","LG+F+I{0.0000}+R4{0.1597,0.3283,0.3201,0.6233,0.2472,1.1200,0.2731,1.7256}"
PF04542,LG+F+I+G4,0.0000,2.8829,,LG+F+I{0.0000}+G4{2.8829}
PF04545,LG+I+G4,0.0000,1.6993,,LG+I{0.0000}+G4{1.6993}
PF04548,JTT+I+G4,0.0248,1.4892,,JTT+I{0.0248}+G4{1.4892}
PF04560,LG+I+G4,0.0945,1.2311,,LG+I{0.0945}+G4{1.2311}
PF04561,LG+I+G4,0.0000,2.3802,,LG+I{0.0000}+G4{2.3802}
PF04564,LG+I+G4,0.0000,1.3889,,LG+I{0.0000}+G4{1.3889}
PF04565,LG+I+G4,0.0226,1.1630,,LG+I{0.0226}+G4{1.1630}
PF04566,LG+I+G4,0.0265,0.9826,,LG+I{0.0265}+G4{0.9826}
PF04567,LG+I+G4,0.0012,0.6485,,LG+I{0.0012}+G4{0.6485}
PF04570,JTT+G4,,0.6873,,JTT+G4{0.6873}
PF04601,LG+I+G4,0.0867,1.3834,,LG+I{0.0867}+G4{1.3834}
PF04603,LG+I+R4,0.0061,,"(0.1036,0.0740) (0.2083,0.3449) (0.2761,0.7961) (0.4060,1.7260)","LG+I{0.0061}+R4{0.1036,0.0740,0.2083,0.3449,0.2761,0.7961,0.4060,1.7260}"
PF04618,JTT+G4,,1.0087,,JTT+G4{1.0087}
PF04683,LG+I+G4,0.0246,1.8729,,LG+I{0.0246}+G4{1.8729}
PF04690,JTT+G4,,0.3188,,JTT+G4{0.3188}
PF04695,LG+I+G4,0.1067,2.4581,,LG+I{0.1067}+G4{2.4581}
PF04699,LG+F+I+R4,0.0156,,"(0.1203,0.1393) (0.2193,0.4305) (0.3681,0.9498) (0.2767,1.9488)","LG+F+I{0.0156}+R4{0.1203,0.1393,0.2193,0.4305,0.3681,0.9498,0.2767,1.9488}"
PF04715,LG+I+R4,0.0012,,"(0.0314,0.0691) (0.1636,0.3501) (0.3316,0.7465) (0.4722,1.4677)","LG+I{0.0012}+R4{0.0314,0.0691,0.1636,0.3501,0.3316,0.7465,0.4722,1.4677}"
PF04719,LG+I+R3,0.0088,,"(0.0898,0.2115) (0.4600,0.6633) (0.4413,1.5315)","LG+I{0.0088}+R3{0.0898,0.2115,0.4600,0.6633,0.4413,1.5315}"
PF04734,LG+I+R4,0.0349,,"(0.1189,0.0896) (0.3140,0.4178) (0.2821,1.0749) (0.2501,2.2185)","LG+I{0.0349}+R4{0.1189,0.0896,0.3140,0.4178,0.2821,1.0749,0.2501,2.2185}"
PF04765,LG+I+G4,0.0498,0.8496,,LG+I{0.0498}+G4{0.8496}
PF04788,JTT+G4,,0.8732,,JTT+G4{0.8732}
PF04810,LG+I+R4,0.0229,,"(0.1427,0.0641) (0.2822,0.5634) (0.2194,0.9804) (0.3327,1.8534)","LG+I{0.0229}+R4{0.1427,0.0641,0.2822,0.5634,0.2194,0.9804,0.3327,1.8534}"
PF04811,LG+F+I+G4,0.0012,2.4070,,LG+F+I{0.0012}+G4{2.4070}
PF04815,LG+F+I+R4,0.0000,,"(0.0357,0.1352) (0.2715,0.5554) (0.3767,0.9589) (0.3162,1.5283)","LG+F+I{0.0000}+R4{0.0357,0.1352,0.2715,0.5554,0.3767,0.9589,0.3162,1.5283}"
PF04828,LG+I+G4,0.0457,1.8554,,LG+I{0.0457}+G4{1.8554}
PF04852,JTT+G4,,0.5968,,JTT+G4{0.5968}
PF04862,LG+I+G4,0.0123,1.5485,,LG+I{0.0123}+G4{1.5485}
PF04863,LG+I+G4,0.2329,1.1919,,LG+I{0.2329}+G4{1.1919}
PF04864,LG+I+G4,0.0357,1.5661,,LG+I{0.0357}+G4{1.5661}
PF04873,JTT+G4,,0.7260,,JTT+G4{0.7260}
PF04884,LG+F+I+R4,0.0046,,"(0.0830,0.1152) (0.3662,0.3655) (0.2612,0.8793) (0.2851,2.1994)","LG+F+I{0.0046}+R4{0.0830,0.1152,0.3662,0.3655,0.2612,0.8793,0.2851,2.1994}"
PF04893,LG+F+I+R4,0.0000,,"(0.0409,0.3107) (0.1931,0.5416) (0.4378,0.9082) (0.3282,1.4780)","LG+F+I{0.0000}+R4{0.0409,0.3107,0.1931,0.5416,0.4378,0.9082,0.3282,1.4780}"
PF04898,LG+I+R4,0.0140,,"(0.0962,0.0622) (0.2201,0.3178) (0.2581,0.7507) (0.4116,1.7742)","LG+I{0.0140}+R4{0.0962,0.0622,0.2201,0.3178,0.2581,0.7507,0.4116,1.7742}"
PF04909,LG+F+I+R4,0.0000,,"(0.0194,0.0959) (0.1176,0.3569) (0.3736,0.7279) (0.4895,1.3980)","LG+F+I{0.0000}+R4{0.0194,0.0959,0.1176,0.3569,0.3736,0.7279,0.4895,1.3980}"
PF04921,LG+I+G4,0.0293,0.8842,,LG+I{0.0293}+G4{0.8842}
PF04925,LG+I+G4,0.0138,1.6006,,LG+I{0.0138}+G4{1.6006}
PF04926,LG+I+R4,0.0037,,"(0.1384,0.1153) (0.2535,0.3499) (0.3225,0.8970) (0.2820,2.1492)","LG+I{0.0037}+R4{0.1384,0.1153,0.2535,0.3499,0.3225,0.8970,0.2820,2.1492}"
PF04928,LG+I+G4,0.0236,0.9464,,LG+I{0.0236}+G4{0.9464}
PF04969,LG+F+I+R4,0.0084,,"(0.0209,0.0606) (0.1058,0.3463) (0.5340,0.8746) (0.3309,1.4960)","LG+F+I{0.0084}+R4{0.0209,0.0606,0.1058,0.3463,0.5340,0.8746,0.3309,1.4960}"
PF04970,JTT+I+G4,0.0311,1.4252,,JTT+I{0.0311}+G4{1.4252}
PF04982,LG+F+I+R4,0.0000,,"(0.0943,0.1069) (0.2644,0.3663) (0.3418,0.9188) (0.2996,1.9328)","LG+F+I{0.0000}+R4{0.0943,0.1069,0.2644,0.3663,0.3418,0.9188,0.2996,1.9328}"
PF04983,LG+F+I+R4,0.0000,,"(0.0617,0.1268) (0.2434,0.3167) (0.3886,0.7406) (0.3062,2.0483)","LG+F+I{0.0000}+R4{0.0617,0.1268,0.2434,0.3167,0.3886,0.7406,0.3062,2.0483}"
PF04990,LG+I+G4,0.0170,1.4313,,LG+I{0.0170}+G4{1.4313}
PF04992,LG+I+R4,0.0000,,"(0.0331,0.0420) (0.3321,0.3441) (0.3459,0.9440) (0.2889,1.9306)","LG+I{0.0000}+R4{0.0331,0.0420,0.3321,0.3441,0.3459,0.9440,0.2889,1.9306}"
PF04997,LG+I+R4,0.0044,,"(0.0754,0.0679) (0.1751,0.3227) (0.4253,0.8205) (0.3198,1.8431)","LG+I{0.0044}+R4{0.0754,0.0679,0.1751,0.3227,0.4253,0.8205,0.3198,1.8431}"
PF04998,LG+F+I+R4,0.0128,,"(0.1334,0.0760) (0.2976,0.3431) (0.3940,1.0469) (0.1622,2.9297)","LG+F+I{0.0128}+R4{0.1334,0.0760,0.2976,0.3431,0.3940,1.0469,0.1622,2.9297}"
PF05000,LG+I+R4,0.0000,,"(0.1064,0.0550) (0.1654,0.3300) (0.4358,0.8459) (0.2924,1.9526)","LG+I{0.0000}+R4{0.1064,0.0550,0.1654,0.3300,0.4358,0.8459,0.2924,1.9526}"
PF05002,LG+F+I+R4,0.0504,,"(0.0876,0.0344) (0.1902,0.3394) (0.2138,0.8404) (0.4581,1.6434)","LG+F+I{0.0504}+R4{0.0876,0.0344,0.1902,0.3394,0.2138,0.8404,0.4581,1.6434}"
PF05008,LG+I+R3,0.0000,,"(0.1079,0.2451) (0.4767,0.8019) (0.4154,1.4234)","LG+I{0.0000}+R3{0.1079,0.2451,0.4767,0.8019,0.4154,1.4234}"
PF05011,LG+I+R4,0.0124,,"(0.0646,0.0727) (0.1497,0.2665) (0.3837,0.8114) (0.3897,1.6529)","LG+I{0.0124}+R4{0.0646,0.0727,0.1497,0.2665,0.3837,0.8114,0.3897,1.6529}"
PF05018,LG+I+G4,0.0000,2.2359,,LG+I{0.0000}+G4{2.2359}
PF05022,LG+I+G4,0.0628,1.3164,,LG+I{0.0628}+G4{1.3164}
PF05023,LG+I+R4,0.0187,,"(0.1282,0.1033) (0.3853,0.4841) (0.2933,1.2993) (0.1745,2.4022)","LG+I{0.0187}+R4{0.1282,0.1033,0.3853,0.4841,0.2933,1.2993,0.1745,2.4022}"
PF05026,LG+I+R4,0.0178,,"(0.1029,0.0675) (0.2752,0.4367) (0.3233,0.9626) (0.2808,2.0004)","LG+I{0.0178}+R4{0.1029,0.0675,0.2752,0.4367,0.3233,0.9626,0.2808,2.0004}"
PF05028,LG+I+R4,0.0110,,"(0.1196,0.0453) (0.2713,0.2762) (0.1889,0.7448) (0.4093,1.9034)","LG+I{0.0110}+R4{0.1196,0.0453,0.2713,0.2762,0.1889,0.7448,0.4093,1.9034}"
PF05047,LG+I+G4,0.0000,4.0218,,LG+I{0.0000}+G4{4.0218}
PF05050,LG+I+R4,0.0000,,"(0.0294,0.0760) (0.1245,0.2880) (0.2351,0.6711) (0.6110,1.3161)","LG+I{0.0000}+R4{0.0294,0.0760,0.1245,0.2880,0.2351,0.6711,0.6110,1.3161}"
PF05089,LG+I+G4,0.0266,1.3327,,LG+I{0.0266}+G4{1.3327}
PF05093,LG+I+G4,0.1090,1.1733,,LG+I{0.1090}+G4{1.1733}
PF05127,LG+I+R4,0.0127,,"(0.0944,0.0448) (0.1635,0.3071) (0.2391,0.6747) (0.4902,1.5999)","LG+I{0.0127}+R4{0.0944,0.0448,0.1635,0.3071,0.2391,0.6747,0.4902,1.5999}"
PF05129,LG+I+R4,0.0173,,"(0.0737,0.0518) (0.2833,0.4106) (0.3358,1.0071) (0.2899,1.8685)","LG+I{0.0173}+R4{0.0737,0.0518,0.2833,0.4106,0.3358,1.0071,0.2899,1.8685}"
PF05172,LG+I+G4,0.0050,2.1153,,LG+I{0.0050}+G4{2.1153}
PF05173,LG+I+R4,0.0106,,"(0.1261,0.0837) (0.2470,0.4184) (0.3064,0.9120) (0.3100,1.9571)","LG+I{0.0106}+R4{0.1261,0.0837,0.2470,0.4184,0.3064,0.9120,0.3100,1.9571}"
PF05175,LG+I+G4,0.0459,1.6553,,LG+I{0.0459}+G4{1.6553}
PF05179,LG+I+R4,0.0000,,"(0.0939,0.0874) (0.1882,0.3419) (0.3080,0.8355) (0.4099,1.6347)","LG+I{0.0000}+R4{0.0939,0.0874,0.1882,0.3419,0.3080,0.8355,0.4099,1.6347}"
PF05180,LG+I+G4,0.0989,1.4232,,LG+I{0.0989}+G4{1.4232}
PF05184,LG+I+R4,0.0783,,"(0.0549,0.3166) (0.1105,0.5545) (0.3155,0.9158) (0.4407,1.4350)","LG+I{0.0783}+R4{0.0549,0.3166,0.1105,0.5545,0.3155,0.9158,0.4407,1.4350}"
PF05185,LG+I+G4,0.1141,0.9171,,LG+I{0.1141}+G4{0.9171}
PF05188,LG+I+G4,0.0000,2.4383,,LG+I{0.0000}+G4{2.4383}
PF05189,LG+I+R4,0.0000,,"(0.2279,0.2847) (0.2329,0.5866) (0.3022,1.0325) (0.2369,2.0530)","LG+I{0.0000}+R4{0.2279,0.2847,0.2329,0.5866,0.3022,1.0325,0.2369,2.0530}"
PF05190,LG+I+G4,0.0000,3.5973,,LG+I{0.0000}+G4{3.5973}
PF05191,LG+I+G4,0.0355,0.8388,,LG+I{0.0355}+G4{0.8388}
PF05192,LG+F+I+R4,0.0000,,"(0.0492,0.1358) (0.2143,0.4448) (0.3907,0.8665) (0.3458,1.6177)","LG+F+I{0.0000}+R4{0.0492,0.1358,0.2143,0.4448,0.3907,0.8665,0.3458,1.6177}"
PF05193,LG+I+G4,0.0000,2.8182,,LG+I{0.0000}+G4{2.8182}
PF05195,LG+I+R4,0.0000,,"(0.1103,0.1779) (0.2375,0.4629) (0.2381,0.8904) (0.4141,1.5899)","LG+I{0.0000}+R4{0.1103,0.1779,0.2375,0.4629,0.2381,0.8904,0.4141,1.5899}"
PF05198,LG+I+R4,0.0000,,"(0.1019,0.0856) (0.2560,0.4696) (0.3515,0.8850) (0.2906,1.9270)","LG+I{0.0000}+R4{0.1019,0.0856,0.2560,0.4696,0.3515,0.8850,0.2906,1.9270}"
PF05199,LG+I+G4,0.0000,1.1707,,LG+I{0.0000}+G4{1.1707}
PF05201,LG+F+I+R4,0.0077,,"(0.0694,0.0479) (0.2100,0.2997) (0.2627,0.7434) (0.4501,1.6406)","LG+F+I{0.0077}+R4{0.0694,0.0479,0.2100,0.2997,0.2627,0.7434,0.4501,1.6406}"
PF05207,LG+I+R3,0.0569,,"(0.0884,0.1324) (0.3519,0.6710) (0.5028,1.4959)","LG+I{0.0569}+R3{0.0884,0.1324,0.3519,0.6710,0.5028,1.4959}"
PF05221,LG+F+I+R4,0.0313,,"(0.2528,0.0607) (0.2123,0.4164) (0.2777,1.1147) (0.2259,2.5968)","LG+F+I{0.0313}+R4{0.2528,0.0607,0.2123,0.4164,0.2777,1.1147,0.2259,2.5968}"
PF05222,LG+I+G4,0.0067,0.9033,,LG+I{0.0067}+G4{0.9033}
PF05253,LG+I+G4,0.1538,1.8501,,LG+I{0.1538}+G4{1.8501}
PF05285,LG+F+I+R4,0.0000,,"(0.0315,0.0509) (0.2017,0.1975) (0.2995,0.5385) (0.4673,1.7062)","LG+F+I{0.0000}+R4{0.0315,0.0509,0.2017,0.1975,0.2995,0.5385,0.4673,1.7062}"
PF05292,LG+I+G4,0.1120,1.0243,,LG+I{0.1120}+G4{1.0243}
PF05362,LG+I+G4,0.1286,1.4256,,LG+I{0.1286}+G4{1.4256}
PF05383,LG+I+R4,0.0000,,"(0.0703,0.0959) (0.2094,0.3978) (0.2651,0.8058) (0.4551,1.5299)","LG+I{0.0000}+R4{0.0703,0.0959,0.2094,0.3978,0.2651,0.8058,0.4551,1.5299}"
PF05406,LG+I+R4,0.0000,,"(0.2088,0.1848) (0.3552,0.6271) (0.3262,1.3755) (0.1097,2.6426)","LG+I{0.0000}+R4{0.2088,0.1848,0.3552,0.6271,0.3262,1.3755,0.1097,2.6426}"
PF05419,LG+I+G4,0.0299,1.3609,,LG+I{0.0299}+G4{1.3609}
PF05450,LG+I+G4,0.0295,2.7503,,LG+I{0.0295}+G4{2.7503}
PF05486,LG+F+I+G4,0.0000,1.3447,,LG+F+I{0.0000}+G4{1.3447}
PF05495,LG+I+R4,0.0578,,"(0.0913,0.0677) (0.1968,0.4406) (0.2232,0.9094) (0.4309,1.6341)","LG+I{0.0578}+R4{0.0913,0.0677,0.1968,0.4406,0.2232,0.9094,0.4309,1.6341}"
PF05514,LG+I+G4,0.0062,1.5511,,LG+I{0.0062}+G4{1.5511}
PF05577,LG+F+I+G4,0.0239,1.5911,,LG+F+I{0.0239}+G4{1.5911}
PF05603,LG+F+I+G4,0.0184,1.1062,,LG+F+I{0.0184}+G4{1.1062}
PF05605,JTT+R3,,,"(0.2004,0.0424) (0.3515,0.7982) (0.4481,1.5865)","JTT+R3{0.2004,0.0424,0.3515,0.7982,0.4481,1.5865}"
PF05608,JTT+I+G4,0.0303,1.0430,,JTT+I{0.0303}+G4{1.0430}
PF05617,JTT+I+G4,0.0689,6.6161,,JTT+I{0.0689}+G4{6.6161}
PF05625,LG+F+I+G4,0.0149,1.1391,,LG+F+I{0.0149}+G4{1.1391}
PF05627,JTT+G4,,1.1749,,JTT+G4{1.1749}
PF05641,JTT+I+R4,0.0000,,"(0.0224,0.0383) (0.1326,0.2795) (0.3060,0.6899) (0.5389,1.3935)","JTT+I{0.0000}+R4{0.0224,0.0383,0.1326,0.2795,0.3060,0.6899,0.5389,1.3935}"
PF05670,LG+I+G4,0.0108,1.4813,,LG+I{0.0108}+G4{1.4813}
PF05699,LG+I+G4,0.0000,2.4239,,LG+I{0.0000}+G4{2.4239}
PF05705,LG+I+R3,0.0000,,"(0.0924,0.1481) (0.2958,0.5018) (0.6118,1.3695)","LG+I{0.0000}+R3{0.0924,0.1481,0.2958,0.5018,0.6118,1.3695}"
PF05721,LG+F+I+R4,0.0026,,"(0.0333,0.0617) (0.0759,0.2527) (0.2414,0.5949) (0.6468,1.2911)","LG+F+I{0.0026}+R4{0.0333,0.0617,0.0759,0.2527,0.2414,0.5949,0.6468,1.2911}"
PF05726,LG+I+R3,0.0000,,"(0.1261,0.1288) (0.4674,0.6727) (0.4065,1.6466)","LG+I{0.0000}+R3{0.1261,0.1288,0.4674,0.6727,0.4065,1.6466}"
PF05739,LG+I+G4,0.0000,5.4965,,LG+I{0.0000}+G4{5.4965}
PF05743,LG+I+G4,0.0247,2.3372,,LG+I{0.0247}+G4{2.3372}
PF05746,LG+I+G4,0.0000,1.4909,,LG+I{0.0000}+G4{1.4909}
PF05768,LG+I+G4,0.0166,2.1864,,LG+I{0.0166}+G4{2.1864}
PF05770,LG+I+G4,0.0759,1.6461,,LG+I{0.0759}+G4{1.6461}
PF05773,LG+F+I+R4,0.0088,,"(0.0438,0.1514) (0.1504,0.3968) (0.3150,0.7822) (0.4820,1.4259)","LG+F+I{0.0088}+R4{0.0438,0.1514,0.1504,0.3968,0.3150,0.7822,0.4820,1.4259}"
PF05879,LG+I+G4,0.1212,1.0863,,LG+I{0.1212}+G4{1.0863}
PF05899,LG+I+R3,0.0000,,"(0.0704,0.1061) (0.3734,0.6293) (0.5562,1.3619)","LG+I{0.0000}+R3{0.0704,0.1061,0.3734,0.6293,0.5562,1.3619}"
PF05903,LG+I+G4,0.0195,1.5137,,LG+I{0.0195}+G4{1.5137}
PF05916,LG+I+R4,0.0046,,"(0.0356,0.1209) (0.3513,0.3455) (0.3827,0.6000) (0.2258,2.8558)","LG+I{0.0046}+R4{0.0356,0.1209,0.3513,0.3455,0.3827,0.6000,0.2258,2.8558}"
PF05922,LG+F+I+R4,0.0000,,"(0.0797,0.1480) (0.1437,0.3319) (0.3505,0.7497) (0.4262,1.5903)","LG+F+I{0.0000}+R4{0.0797,0.1480,0.1437,0.3319,0.3505,0.7497,0.4262,1.5903}"
PF05991,LG+I+R4,0.0252,,"(0.0966,0.0479) (0.2118,0.3653) (0.3541,0.9254) (0.3124,1.8900)","LG+I{0.0252}+R4{0.0966,0.0479,0.2118,0.3653,0.3541,0.9254,0.3124,1.8900}"
PF06003,,,,,
PF06017,LG+F+I+R4,0.0000,,"(0.0750,0.1539) (0.1881,0.4667) (0.4116,0.9375) (0.3254,1.5822)","LG+F+I{0.0000}+R4{0.0750,0.1539,0.1881,0.4667,0.4116,0.9375,0.3254,1.5822}"
PF06047,LG+I+G4,0.1606,1.3480,,LG+I{0.1606}+G4{1.3480}
PF06058,LG+I+G4,0.0065,1.7572,,LG+I{0.0065}+G4{1.7572}
PF06068,LG+I+G4,0.0812,1.5548,,LG+I{0.0812}+G4{1.5548}
PF06071,LG+I+G4,0.0457,1.0422,,LG+I{0.0457}+G4{1.0422}
PF06075,JTT+G4,,1.8098,,JTT+G4{1.8098}
PF06093,LG+I+G4,0.0559,1.3951,,LG+I{0.0559}+G4{1.3951}
PF06110,LG+I,0.1192,,,LG+I{0.1192}
PF06136,JTT+G4,,0.6303,,JTT+G4{0.6303}
PF06155,LG+I+R4,0.0000,,"(0.0894,0.0681) (0.2479,0.3876) (0.3420,0.8938) (0.3206,1.8468)","LG+I{0.0000}+R4{0.0894,0.0681,0.2479,0.3876,0.3420,0.8938,0.3206,1.8468}"
PF06159,LG+F+I+G4,0.0205,1.0485,,LG+F+I{0.0205}+G4{1.0485}
PF06172,LG+I+R4,0.0000,,"(0.1137,0.0843) (0.1863,0.3017) (0.2781,0.7952) (0.4219,1.6903)","LG+I{0.0000}+R4{0.1137,0.0843,0.1863,0.3017,0.2781,0.7952,0.4219,1.6903}"
PF06200,LG+I+G4,0.0000,1.0476,,LG+I{0.0000}+G4{1.0476}
PF06201,LG+F+I+R4,0.0000,,"(0.0311,0.0516) (0.1304,0.3436) (0.3959,0.7290) (0.4426,1.5023)","LG+F+I{0.0000}+R4{0.0311,0.0516,0.1304,0.3436,0.3959,0.7290,0.4426,1.5023}"
PF06206,LG+I+R4,0.0000,,"(0.0579,0.0557) (0.3251,0.3637) (0.3428,1.0052) (0.2742,1.9473)","LG+I{0.0000}+R4{0.0579,0.0557,0.3251,0.3637,0.3428,1.0052,0.2742,1.9473}"
PF06217,JTT+F+I+G4,0.0725,1.3374,,JTT+F+I{0.0725}+G4{1.3374}
PF06220,LG+I+G4,0.1264,4.3584,,LG+I{0.1264}+G4{4.3584}
PF06221,LG+I+G4,0.1370,1.8693,,LG+I{0.1370}+G4{1.8693}
PF06232,JTT+G4,,1.1669,,JTT+G4{1.1669}
PF06333,LG+F+I+R4,0.0038,,"(0.2049,0.2526) (0.4212,0.6111) (0.2600,1.1955) (0.1101,3.4513)","LG+F+I{0.0038}+R4{0.2049,0.2526,0.4212,0.6111,0.2600,1.1955,0.1101,3.4513}"
PF06337,LG+F+I+R3,0.0000,,"(0.1400,0.3109) (0.3138,0.7512) (0.5461,1.3197)","LG+F+I{0.0000}+R3{0.1400,0.3109,0.3138,0.7512,0.5461,1.3197}"
PF06414,LG+I+G4,0.0155,2.2727,,LG+I{0.0155}+G4{2.2727}
PF06415,LG+I+R4,0.0400,,"(0.0850,0.0511) (0.2592,0.4028) (0.2515,0.8802) (0.3643,1.8386)","LG+I{0.0400}+R4{0.0850,0.0511,0.2592,0.4028,0.2515,0.8802,0.3643,1.8386}"
PF06418,LG+I+R4,0.0377,,"(0.2579,0.1067) (0.2752,0.5239) (0.2352,1.2255) (0.1940,2.7845)","LG+I{0.0377}+R4{0.2579,0.1067,0.2752,0.5239,0.2352,1.2255,0.1940,2.7845}"
PF06424,LG+I+G4,0.0404,0.9665,,LG+I{0.0404}+G4{0.9665}
PF06426,LG+F+I+G4,0.0167,1.0500,,LG+F+I{0.0167}+G4{1.0500}
PF06427,LG+I+R4,0.0165,,"(0.1030,0.0655) (0.2794,0.3356) (0.2231,0.7814) (0.3780,1.9183)","LG+I{0.0165}+R4{0.1030,0.0655,0.2794,0.3356,0.2231,0.7814,0.3780,1.9183}"
PF06449,,,,,
PF06454,LG+I+G4,0.0173,0.7578,,LG+I{0.0173}+G4{0.7578}
PF06461,JTT+G4,,1.8111,,JTT+G4{1.8111}
PF06463,LG+I+R4,0.0227,,"(0.0843,0.0829) (0.3051,0.4514) (0.2766,0.9476) (0.3113,1.9057)","LG+I{0.0227}+R4{0.0843,0.0829,0.3051,0.4514,0.2766,0.9476,0.3113,1.9057}"
PF06465,JTT+G4,,2.2130,,JTT+G4{2.2130}
PF06470,LG+I+G4,0.0000,1.9374,,LG+I{0.0000}+G4{1.9374}
PF06485,LG+I+G4,0.0489,1.8695,,LG+I{0.0489}+G4{1.8695}
PF06507,JTT+I+G4,0.0285,1.7756,,JTT+I{0.0285}+G4{1.7756}
PF06544,LG+I+G4,0.0096,1.4118,,LG+I{0.0096}+G4{1.4118}
PF06602,LG+F+I+R4,0.0132,,"(0.1385,0.0708) (0.2331,0.2619) (0.2604,0.6466) (0.3547,2.1445)","LG+F+I{0.0132}+R4{0.1385,0.0708,0.2331,0.2619,0.2604,0.6466,0.3547,2.1445}"
PF06632,LG+I+G4,0.0000,2.7903,,LG+I{0.0000}+G4{2.7903}
PF06722,LG+I+G4,0.0103,1.9714,,LG+I{0.0103}+G4{1.9714}
PF06741,LG+I+G4,0.0349,0.9344,,LG+I{0.0349}+G4{0.9344}
PF06747,LG+I+G4,0.1034,5.9641,,LG+I{0.1034}+G4{5.9641}
PF06777,LG+I+G4,0.0009,2.7187,,LG+I{0.0009}+G4{2.7187}
PF06792,LG+I+G4,0.0212,1.1633,,LG+I{0.0212}+G4{1.1633}
PF06813,LG+F+I+G4,0.0147,1.6292,,LG+F+I{0.0147}+G4{1.6292}
PF06814,LG+F+I+G4,0.0025,2.2842,,LG+F+I{0.0025}+G4{2.2842}
PF06827,LG+I+R4,0.0000,,"(0.1532,0.0119) (0.1506,0.4792) (0.2919,0.8424) (0.4043,1.6822)","LG+I{0.0000}+R4{0.1532,0.0119,0.1506,0.4792,0.2919,0.8424,0.4043,1.6822}"
PF06831,LG+I+G4,0.0249,1.5176,,LG+I{0.0249}+G4{1.5176}
PF06838,LG+I+G4,0.0820,1.0724,,LG+I{0.0820}+G4{1.0724}
PF06839,JTT+G4,,1.3261,,JTT+G4{1.3261}
PF06862,LG+I+G4,0.0123,1.9098,,LG+I{0.0123}+G4{1.9098}
PF06883,LG+I+R4,0.0167,,"(0.0588,0.0437) (0.3466,0.3802) (0.2184,1.0310) (0.3596,1.7815)","LG+I{0.0167}+R4{0.0588,0.0437,0.3466,0.3802,0.2184,1.0310,0.3596,1.7815}"
PF06886,LG+I+R4,0.0150,,"(0.0301,0.0449) (0.1530,0.3976) (0.4935,0.8591) (0.3084,1.6661)","LG+I{0.0150}+R4{0.0301,0.0449,0.1530,0.3976,0.4935,0.8591,0.3084,1.6661}"
PF06916,LG+I+G4,0.0119,1.3941,,LG+I{0.0119}+G4{1.3941}
PF06943,JTT+I+G4,0.1546,1.1194,,JTT+I{0.1546}+G4{1.1194}
PF06964,LG+F+I+R4,0.0046,,"(0.0449,0.0830) (0.1987,0.3123) (0.3253,0.8138) (0.4265,1.5697)","LG+F+I{0.0046}+R4{0.0449,0.0830,0.1987,0.3123,0.3253,0.8138,0.4265,1.5697}"
PF06968,LG+I+R4,0.0000,,"(0.0784,0.0764) (0.2645,0.3703) (0.2516,0.7954) (0.4056,1.7160)","LG+I{0.0000}+R4{0.0784,0.0764,0.2645,0.3703,0.2516,0.7954,0.4056,1.7160}"
PF06972,JTT+G4,,2.9653,,JTT+G4{2.9653}
PF06974,LG+I+R4,0.0000,,"(0.0813,0.1417) (0.2257,0.5230) (0.3867,0.9752) (0.3063,1.6106)","LG+I{0.0000}+R4{0.0813,0.1417,0.2257,0.5230,0.3867,0.9752,0.3063,1.6106}"
PF06978,LG+I+G4,0.0252,0.7897,,LG+I{0.0252}+G4{0.7897}
PF07000,LG+I+G4,0.0439,1.2633,,LG+I{0.0439}+G4{1.2633}
PF07005,LG+F+I+R4,0.0182,,"(0.1242,0.1272) (0.2601,0.3985) (0.2781,0.9045) (0.3194,1.9692)","LG+F+I{0.0182}+R4{0.1242,0.1272,0.2601,0.3985,0.2781,0.9045,0.3194,1.9692}"
PF07011,JTT+G4,,0.9733,,JTT+G4{0.9733}
PF07034,LG+I+R4,0.0000,,"(0.2157,0.1895) (0.3414,0.4224) (0.2376,1.0474) (0.2052,2.7578)","LG+I{0.0000}+R4{0.2157,0.1895,0.3414,0.4224,0.2376,1.0474,0.2052,2.7578}"
PF07035,LG+I+G4,0.0039,1.7418,,LG+I{0.0039}+G4{1.7418}
PF07039,LG+I+R4,0.0094,,"(0.0833,0.0834) (0.1222,0.2834) (0.3294,0.7626) (0.4557,1.5520)","LG+I{0.0094}+R4{0.0833,0.0834,0.1222,0.2834,0.3294,0.7626,0.4557,1.5520}"
PF07059,LG+I+G4,0.0156,2.1612,,LG+I{0.0156}+G4{2.1612}
PF07063,LG+F+I+R4,0.0233,,"(0.2146,0.0686) (0.2584,0.3787) (0.1713,1.0277) (0.3324,2.1402)","LG+F+I{0.0233}+R4{0.2146,0.0686,0.2584,0.3787,0.1713,1.0277,0.3324,2.1402}"
PF07106,LG+I+G4,0.0045,1.9864,,LG+I{0.0045}+G4{1.9864}
PF07107,JTT+G4,,0.9623,,JTT+G4{0.9623}
PF07137,LG+I+G4,0.0254,1.5670,,LG+I{0.0254}+G4{1.5670}
PF07159,LG+I+G4,0.0188,1.0420,,LG+I{0.0188}+G4{1.0420}
PF07200,LG+I+R4,0.0000,,"(0.0639,0.2338) (0.1308,0.5068) (0.3988,0.9069) (0.4065,1.3705)","LG+I{0.0000}+R4{0.0639,0.2338,0.1308,0.5068,0.3988,0.9069,0.4065,1.3705}"
PF07223,JTT+G4,,4.9976,,JTT+G4{4.9976}
PF07244,LG+F+I+R4,0.0000,,"(0.1194,0.2909) (0.1598,0.5842) (0.2415,0.9260) (0.4794,1.3525)","LG+F+I{0.0000}+R4{0.1194,0.2909,0.1598,0.5842,0.2415,0.9260,0.4794,1.3525}"
PF07298,LG+F+I+G4,0.0250,2.3719,,LG+F+I{0.0250}+G4{2.3719}
PF07303,LG+I+R4,0.0000,,"(0.0935,0.0607) (0.1942,0.4150) (0.2956,0.8544) (0.4167,1.5868)","LG+I{0.0000}+R4{0.0935,0.0607,0.1942,0.4150,0.2956,0.8544,0.4167,1.5868}"
PF07333,JTT+I+G4,0.1223,2.9370,,JTT+I{0.1223}+G4{2.9370}
PF07468,,,,,
PF07479,LG+I+R4,0.0000,,"(0.0977,0.0588) (0.2207,0.3546) (0.3522,0.8052) (0.3294,1.9201)","LG+I{0.0000}+R4{0.0977,0.0588,0.2207,0.3546,0.3522,0.8052,0.3294,1.9201}"
PF07496,LG+I+R3,0.0436,,"(0.1866,0.2448) (0.2681,0.8189) (0.5017,1.4646)","LG+I{0.0436}+R3{0.1866,0.2448,0.2681,0.8189,0.5017,1.4646}"
PF07498,LG+I+G4,0.0000,1.5413,,LG+I{0.0000}+G4{1.5413}
PF07500,LG+I+R4,0.0000,,"(0.0745,0.1249) (0.2138,0.3943) (0.3201,0.8247) (0.3916,1.6404)","LG+I{0.0000}+R4{0.0745,0.1249,0.2138,0.3943,0.3201,0.8247,0.3916,1.6404}"
PF07517,LG+I+R4,0.0246,,"(0.0945,0.0718) (0.1686,0.2740) (0.2736,0.7105) (0.4386,1.7158)","LG+I{0.0246}+R4{0.0945,0.0718,0.1686,0.2740,0.2736,0.7105,0.4386,1.7158}"
PF07522,LG+I+G4,0.0140,1.2594,,LG+I{0.0140}+G4{1.2594}
PF07524,LG+I+G4,0.0000,3.5739,,LG+I{0.0000}+G4{3.5739}
PF07526,JTT+I+G4,0.0100,1.1335,,JTT+I{0.0100}+G4{1.1335}
PF07534,LG+F+I+R4,0.0064,,"(0.0779,0.2737) (0.2749,0.5476) (0.3545,1.0416) (0.2864,1.6027)","LG+F+I{0.0064}+R4{0.0779,0.2737,0.2749,0.5476,0.3545,1.0416,0.2864,1.6027}"
PF07645,LG+I+G4,0.2189,2.0005,,LG+I{0.2189}+G4{2.0005}
PF07647,LG+I+G4,0.0000,3.2601,,LG+I{0.0000}+G4{3.2601}
PF07650,LG+I+G4,0.0093,2.8473,,LG+I{0.0093}+G4{2.8473}
PF07653,LG+I+G4,0.0137,2.0411,,LG+I{0.0137}+G4{2.0411}
PF07683,LG+F+I+R4,0.0000,,"(0.0430,0.0564) (0.1995,0.4336) (0.3210,0.8671) (0.4366,1.4494)","LG+F+I{0.0000}+R4{0.0430,0.0564,0.1995,0.4336,0.3210,0.8671,0.4366,1.4494}"
PF07687,LG+I+R4,0.0000,,"(0.0747,0.1431) (0.1705,0.3843) (0.3890,0.8707) (0.3658,1.5995)","LG+I{0.0000}+R4{0.0747,0.1431,0.1705,0.3843,0.3890,0.8707,0.3658,1.5995}"
PF07707,LG+I+G4,0.0096,1.8299,,LG+I{0.0096}+G4{1.8299}
PF07712,JTT+G4,,0.8560,,JTT+G4{0.8560}
PF07714,LG+I+R4,0.0148,,"(0.2663,0.0921) (0.2708,0.3520) (0.2760,0.7541) (0.1721,3.9042)","LG+I{0.0148}+R4{0.2663,0.0921,0.2708,0.3520,0.2760,0.7541,0.1721,3.9042}"
PF07717,LG+I+G4,0.0000,3.0752,,LG+I{0.0000}+G4{3.0752}
PF07718,LG+I+G4,0.0219,0.9919,,LG+I{0.0219}+G4{0.9919}
PF07722,LG+I+G4,0.0341,1.1522,,LG+I{0.0341}+G4{1.1522}
PF07724,LG+I+R4,0.0069,,"(0.1010,0.0806) (0.3049,0.3474) (0.3717,0.8253) (0.2156,2.6868)","LG+I{0.0069}+R4{0.1010,0.0806,0.3049,0.3474,0.3717,0.8253,0.2156,2.6868}"
PF07728,LG+I+G4,0.0104,2.8005,,LG+I{0.0104}+G4{2.8005}
PF07731,LG+I+R4,0.0050,,"(0.0751,0.1092) (0.1629,0.3902) (0.2895,0.7734) (0.4675,1.5066)","LG+I{0.0050}+R4{0.0751,0.1092,0.1629,0.3902,0.2895,0.7734,0.4675,1.5066}"
PF07732,LG+I+G4,0.0194,1.4852,,LG+I{0.0194}+G4{1.4852}
PF07741,LG+I+R4,0.0000,,"(0.0569,0.1045) (0.1676,0.3866) (0.3527,0.8061) (0.4228,1.5254)","LG+I{0.0000}+R4{0.0569,0.1045,0.1676,0.3866,0.3527,0.8061,0.4228,1.5254}"
PF07743,LG+I+R4,0.0000,,"(0.1228,0.1732) (0.2847,0.4702) (0.2842,0.9979) (0.3083,1.8206)","LG+I{0.0000}+R4{0.1228,0.1732,0.2847,0.4702,0.2842,0.9979,0.3083,1.8206}"
PF07744,LG+F+I+G4,0.0043,1.6213,,LG+F+I{0.0043}+G4{1.6213}
PF07748,LG+I+G4,0.0000,2.2355,,LG+I{0.0000}+G4{2.2355}
PF07749,LG+F+I+R4,0.0156,,"(0.0477,0.0374) (0.1736,0.3235) (0.3184,0.7883) (0.4447,1.5541)","LG+F+I{0.0156}+R4{0.0477,0.0374,0.1736,0.3235,0.3184,0.7883,0.4447,1.5541}"
PF07766,LG+I+G4,0.0187,1.4728,,LG+I{0.0187}+G4{1.4728}
PF07774,LG+F+I+R4,0.0013,,"(0.0566,0.1202) (0.1976,0.3893) (0.3369,0.8129) (0.4076,1.5759)","LG+F+I{0.0013}+R4{0.0566,0.1202,0.1976,0.3893,0.3369,0.8129,0.4076,1.5759}"
PF07780,LG+I+G4,0.0249,1.2916,,LG+I{0.0249}+G4{1.2916}
PF07786,LG+F+I+R4,0.0083,,"(0.0732,0.0587) (0.2156,0.2946) (0.4235,0.8651) (0.2794,2.0250)","LG+F+I{0.0083}+R4{0.0732,0.0587,0.2156,0.2946,0.4235,0.8651,0.2794,2.0250}"
PF07802,JTT+G4,,2.7855,,JTT+G4{2.7855}
PF07819,LG+I+G4,0.0122,1.2113,,LG+I{0.0122}+G4{1.2113}
PF07821,LG+I+R4,0.0153,,"(0.0851,0.0509) (0.1956,0.4251) (0.3682,0.9294) (0.3358,1.6983)","LG+I{0.0153}+R4{0.0851,0.0509,0.1956,0.4251,0.3682,0.9294,0.3358,1.6983}"
PF07837,LG+I+R4,0.0261,,"(0.1531,0.1191) (0.3341,0.5309) (0.2318,1.1655) (0.2549,2.0961)","LG+I{0.0261}+R4{0.1531,0.1191,0.3341,0.5309,0.2318,1.1655,0.2549,2.0961}"
PF07839,JTT+I+G4,0.0213,1.4891,,JTT+I{0.0213}+G4{1.4891}
PF07859,LG+F+I+R4,0.0000,,"(0.0322,0.0294) (0.2149,0.3689) (0.3666,0.8208) (0.3863,1.6020)","LG+F+I{0.0000}+R4{0.0322,0.0294,0.2149,0.3689,0.3666,0.8208,0.3863,1.6020}"
PF07876,LG+I+G4,0.0000,2.6862,,LG+I{0.0000}+G4{2.6862}
PF07883,LG+I+R4,0.0000,,"(0.0324,0.0477) (0.1004,0.3206) (0.4182,0.7948) (0.4490,1.4118)","LG+I{0.0000}+R4{0.0324,0.0477,0.1004,0.3206,0.4182,0.7948,0.4490,1.4118}"
PF07884,LG+F+I+R4,0.0000,,"(0.1092,0.1508) (0.2262,0.5266) (0.4157,1.0289) (0.2489,1.7545)","LG+F+I{0.0000}+R4{0.1092,0.1508,0.2262,0.5266,0.4157,1.0289,0.2489,1.7545}"
PF07887,JTT+I+G4,0.0220,1.9746,,JTT+I{0.0220}+G4{1.9746}
PF07933,LG+F+I+R4,0.0171,,"(0.1187,0.0838) (0.2861,0.2973) (0.1945,0.7023) (0.3835,2.0033)","LG+F+I{0.0171}+R4{0.1187,0.0838,0.2861,0.2973,0.1945,0.7023,0.3835,2.0033}"
PF07959,LG+F+I+G4,0.0047,1.5155,,LG+F+I{0.0047}+G4{1.5155}
PF07967,LG+I+G4,0.0318,2.4833,,LG+I{0.0318}+G4{2.4833}
PF07969,LG+F+I+R4,0.0033,,"(0.0289,0.1431) (0.1170,0.3892) (0.5427,0.8433) (0.3080,1.5993)","LG+F+I{0.0033}+R4{0.0289,0.1431,0.1170,0.3892,0.5427,0.8433,0.3080,1.5993}"
PF07973,LG+I+G4,0.0000,0.8255,,LG+I{0.0000}+G4{0.8255}
PF07975,JTT+I+G4,0.2191,1.8931,,JTT+I{0.2191}+G4{1.8931}
PF07977,LG+I+G4,0.0072,1.8266,,LG+I{0.0072}+G4{1.8266}
PF07983,LG+I+G4,0.0319,1.7841,,LG+I{0.0319}+G4{1.7841}
PF07985,LG+I+R4,0.0044,,"(0.0557,0.1263) (0.1038,0.2810) (0.2571,0.6075) (0.5789,1.3950)","LG+I{0.0044}+R4{0.0557,0.1263,0.1038,0.2810,0.2571,0.6075,0.5789,1.3950}"
PF07986,LG+I+G4,0.0000,2.6693,,LG+I{0.0000}+G4{2.6693}
PF07990,JTT+F+I+G4,0.0286,3.3203,,JTT+F+I{0.0286}+G4{3.3203}
PF07992,LG+I+R4,0.0046,,"(0.0611,0.1372) (0.2185,0.4156) (0.3428,0.8861) (0.3730,1.6007)","LG+I{0.0046}+R4{0.0611,0.1372,0.2185,0.4156,0.3428,0.8861,0.3730,1.6007}"
PF08007,LG+I+G4,0.0706,2.3184,,LG+I{0.0706}+G4{2.3184}
PF08022,LG+I+G4,0.0092,1.2346,,LG+I{0.0092}+G4{1.2346}
PF08029,LG+I+G4,0.0105,0.9231,,LG+I{0.0105}+G4{0.9231}
PF08030,LG+F+I+G4,0.0123,1.9400,,LG+F+I{0.0123}+G4{1.9400}
PF08031,LG+I+G4,0.0113,0.8041,,LG+I{0.0113}+G4{0.8041}
PF08032,LG+I+R4,0.0068,,"(0.1126,0.2442) (0.2664,0.6002) (0.5308,1.2071) (0.0834,2.0606)","LG+I{0.0068}+R4{0.1126,0.2442,0.2664,0.6002,0.5308,1.2071,0.0834,2.0606}"
PF08033,LG+F+I+R4,0.0073,,"(0.0427,0.1260) (0.2600,0.5406) (0.5538,1.0065) (0.1362,2.1782)","LG+F+I{0.0073}+R4{0.0427,0.1260,0.2600,0.5406,0.5538,1.0065,0.1362,2.1782}"
PF08059,LG+I+G4,0.0119,1.7171,,LG+I{0.0119}+G4{1.7171}
PF08063,LG+I+R3,0.0674,,"(0.0994,0.1213) (0.3403,0.6663) (0.4929,1.5443)","LG+I{0.0674}+R3{0.0994,0.1213,0.3403,0.6663,0.4929,1.5443}"
PF08064,LG+I+G4,0.0000,2.0282,,LG+I{0.0000}+G4{2.0282}
PF08068,LG+I+G4,0.0667,0.9849,,LG+I{0.0667}+G4{0.9849}
PF08069,LG+I+R4,0.0084,,"(0.1051,0.0195) (0.2513,0.3433) (0.4768,1.1502) (0.1585,2.2927)","LG+I{0.0084}+R4{0.1051,0.0195,0.2513,0.3433,0.4768,1.1502,0.1585,2.2927}"
PF08071,LG+I+G4,0.0419,1.9214,,LG+I{0.0419}+G4{1.9214}
PF08079,LG+I+R4,0.0000,,"(0.1401,0.1636) (0.3228,0.6468) (0.3914,1.2096) (0.1457,2.0235)","LG+I{0.0000}+R4{0.1401,0.1636,0.3228,0.6468,0.3914,1.2096,0.1457,2.0235}"
PF08082,LG+I+G4,0.0000,1.3174,,LG+I{0.0000}+G4{1.3174}
PF08083,LG+I+R3,0.0214,,"(0.5478,0.2627) (0.3446,1.3473) (0.0862,4.5441)","LG+I{0.0214}+R3{0.5478,0.2627,0.3446,1.3473,0.0862,4.5441}"
PF08084,LG+I+G4,0.0419,1.6740,,LG+I{0.0419}+G4{1.6740}
PF08100,LG+I+G4,0.0000,1.9816,,LG+I{0.0000}+G4{1.9816}
PF08142,LG+I+R4,0.0082,,"(0.0659,0.1078) (0.2182,0.4535) (0.4062,0.8711) (0.3016,1.7910)","LG+I{0.0082}+R4{0.0659,0.1078,0.2182,0.4535,0.4062,0.8711,0.3016,1.7910}"
PF08145,LG+I+R4,0.0206,,"(0.1697,0.1497) (0.2723,0.5592) (0.3103,1.1291) (0.2270,2.0786)","LG+I{0.0206}+R4{0.1697,0.1497,0.2723,0.5592,0.3103,1.1291,0.2270,2.0786}"
PF08146,LG+I+R4,0.0000,,"(0.1052,0.1213) (0.1973,0.4010) (0.2847,0.8346) (0.4128,1.6244)","LG+I{0.0000}+R4{0.1052,0.1213,0.1973,0.4010,0.2847,0.8346,0.4128,1.6244}"
PF08147,LG+I+G4,0.0214,1.9206,,LG+I{0.0214}+G4{1.9206}
PF08148,LG+I+R4,0.0043,,"(0.0924,0.1419) (0.3095,0.4530) (0.2887,1.0307) (0.3051,1.8000)","LG+I{0.0043}+R4{0.0924,0.1419,0.3095,0.4530,0.2887,1.0307,0.3051,1.8000}"
PF08152,LG+I+R4,0.0000,,"(0.0518,0.0596) (0.1348,0.3522) (0.3581,0.8292) (0.4553,1.4331)","LG+I{0.0000}+R4{0.0518,0.0596,0.1348,0.3522,0.3581,0.8292,0.4553,1.4331}"
PF08153,LG+I+G4,0.0069,1.2696,,LG+I{0.0069}+G4{1.2696}
PF08154,LG+F+I+R4,0.0000,,"(0.0735,0.1819) (0.2804,0.4932) (0.4453,0.9966) (0.2008,2.0148)","LG+F+I{0.0000}+R4{0.0735,0.1819,0.2804,0.4932,0.4453,0.9966,0.2008,2.0148}"
PF08155,LG+I+G4,0.0883,1.7801,,LG+I{0.0883}+G4{1.7801}
PF08156,LG+F+I+R4,0.0104,,"(0.0675,0.0661) (0.1985,0.4222) (0.3940,0.8776) (0.3296,1.7171)","LG+F+I{0.0104}+R4{0.0675,0.0661,0.1985,0.4222,0.3940,0.8776,0.3296,1.7171}"
PF08159,LG+I+R4,0.0160,,"(0.0525,0.0781) (0.3208,0.5366) (0.4452,1.2170) (0.1655,1.7037)","LG+I{0.0160}+R4{0.0525,0.0781,0.3208,0.5366,0.4452,1.2170,0.1655,1.7037}"
PF08164,LG+I+G4,0.0172,1.2416,,LG+I{0.0172}+G4{1.2416}
PF08170,LG+I+G4,0.0000,1.3154,,LG+I{0.0000}+G4{1.3154}
PF08207,LG+I+G4,0.0000,2.7173,,LG+I{0.0000}+G4{2.7173}
PF08212,LG+I+G4,0.0073,1.8475,,LG+I{0.0073}+G4{1.8475}
PF08213,LG+I+G4,0.0208,2.0110,,LG+I{0.0208}+G4{2.0110}
PF08214,LG+I+R4,0.0000,,"(0.0891,0.0794) (0.3086,0.3836) (0.4541,0.9834) (0.1482,2.8875)","LG+I{0.0000}+R4{0.0891,0.0794,0.3086,0.3836,0.4541,0.9834,0.1482,2.8875}"
PF08221,LG+I+G4,0.0000,2.2183,,LG+I{0.0000}+G4{2.2183}
PF08224,JTT+G4,,1.7506,,JTT+G4{1.7506}
PF08231,LG+I+R4,0.0092,,"(0.0577,0.0985) (0.2096,0.4168) (0.3541,0.8684) (0.3694,1.6229)","LG+I{0.0092}+R4{0.0577,0.0985,0.2096,0.4168,0.3541,0.8684,0.3694,1.6229}"
PF08235,LG+I+G4,0.0004,0.7942,,LG+I{0.0004}+G4{0.7942}
PF08240,LG+I+R4,0.0000,,"(0.0743,0.0720) (0.1792,0.3900) (0.2852,0.8272) (0.4612,1.4934)","LG+I{0.0000}+R4{0.0743,0.0720,0.1792,0.3900,0.2852,0.8272,0.4612,1.4934}"
PF08241,LG+I+R4,0.0000,,"(0.1052,0.1870) (0.2438,0.4728) (0.2811,0.9316) (0.3698,1.6309)","LG+I{0.0000}+R4{0.1052,0.1870,0.2438,0.4728,0.2811,0.9316,0.3698,1.6309}"
PF08242,LG+I+G4,0.0000,1.4431,,LG+I{0.0000}+G4{1.4431}
PF08243,LG+F+I+G4,0.0138,0.8769,,LG+F+I{0.0138}+G4{0.8769}
PF08244,LG+F+I+R4,0.0096,,"(0.0423,0.1614) (0.2066,0.4000) (0.3709,0.8035) (0.3706,1.6527)","LG+F+I{0.0096}+R4{0.0423,0.1614,0.2066,0.4000,0.3709,0.8035,0.3706,1.6527}"
PF08245,LG+I+R4,0.0102,,"(0.0343,0.0359) (0.1870,0.2455) (0.3034,0.6768) (0.4651,1.6073)","LG+I{0.0102}+R4{0.0343,0.0359,0.1870,0.2455,0.3034,0.6768,0.4651,1.6073}"
PF08246,LG+I+G4,0.0000,1.7865,,LG+I{0.0000}+G4{1.7865}
PF08264,LG+I+G4,0.0000,2.8159,,LG+I{0.0000}+G4{2.8159}
PF08265,LG+I+G4,0.0000,1.2391,,LG+I{0.0000}+G4{1.2391}
PF08267,LG+F+I+R4,0.0215,,"(0.1206,0.0780) (0.2326,0.3981) (0.3322,0.9415) (0.2931,1.9966)","LG+F+I{0.0215}+R4{0.1206,0.0780,0.2326,0.3981,0.3322,0.9415,0.2931,1.9966}"
PF08271,LG+I+G4,0.0743,1.7203,,LG+I{0.0743}+G4{1.7203}
PF08276,JTT+R3,,,"(0.1610,0.0921) (0.3875,0.7121) (0.4515,1.5708)","JTT+R3{0.1610,0.0921,0.3875,0.7121,0.4515,1.5708}"
PF08282,LG+F+I+R4,0.0114,,"(0.0571,0.0625) (0.1803,0.3136) (0.3991,0.7893) (0.3521,1.7746)","LG+F+I{0.0114}+R4{0.0571,0.0625,0.1803,0.3136,0.3991,0.7893,0.3521,1.7746}"
PF08292,LG+I+G4,0.0018,1.3268,,LG+I{0.0018}+G4{1.3268}
PF08294,LG+I+G4,0.0160,3.1476,,LG+I{0.0160}+G4{3.1476}
PF08295,LG+I+G4,0.0189,1.5289,,LG+I{0.0189}+G4{1.5289}
PF08302,LG+F+I+G4,0.0252,1.2782,,LG+F+I{0.0252}+G4{1.2782}
PF08312,LG+I+G4,0.0000,0.8557,,LG+I{0.0000}+G4{0.8557}
PF08320,LG+I+R4,0.0104,,"(0.1174,0.1100) (0.2439,0.4020) (0.3506,0.8769) (0.2777,2.0944)","LG+I{0.0104}+R4{0.1174,0.1100,0.2439,0.4020,0.3506,0.8769,0.2777,2.0944}"
PF08323,LG+F+I+R4,0.0000,,"(0.0804,0.0973) (0.2023,0.3628) (0.3046,0.8134) (0.4127,1.6259)","LG+F+I{0.0000}+R4{0.0804,0.0973,0.2023,0.3628,0.3046,0.8134,0.4127,1.6259}"
PF08325,LG+I+G4,0.0459,0.9918,,LG+I{0.0459}+G4{0.9918}
PF08351,LG+I+R4,0.0124,,"(0.0473,0.0989) (0.3577,0.4437) (0.3928,0.9762) (0.1899,2.3868)","LG+I{0.0124}+R4{0.0473,0.0989,0.3577,0.4437,0.3928,0.9762,0.1899,2.3868}"
PF08373,LG+F+I+G4,0.0000,2.9672,,LG+F+I{0.0000}+G4{2.9672}
PF08381,JTT+G4,,1.0848,,JTT+G4{1.0848}
PF08423,LG+I+G4,0.1311,1.3016,,LG+I{0.1311}+G4{1.3016}
PF08433,LG+I+G4,0.0180,1.4379,,LG+I{0.0180}+G4{1.4379}
PF08436,LG+I+R4,0.0561,,"(0.2173,0.0722) (0.2117,0.3560) (0.1649,1.0481) (0.3500,2.1030)","LG+I{0.0561}+R4{0.2173,0.0722,0.2117,0.3560,0.1649,1.0481,0.3500,2.1030}"
PF08442,LG+I+G4,0.0901,1.7378,,LG+I{0.0901}+G4{1.7378}
PF08446,LG+I+G4,0.0438,2.0429,,LG+I{0.0438}+G4{2.0429}
PF08448,LG+F+I+R3,0.0000,,"(0.0624,0.2096) (0.3636,0.6430) (0.5740,1.3120)","LG+F+I{0.0000}+R3{0.0624,0.2096,0.3636,0.6430,0.5740,1.3120}"
PF08458,JTT+I+G4,0.0154,2.0667,,JTT+I{0.0154}+G4{2.0667}
PF08472,JTT+I+G4,0.0205,4.3958,,JTT+I{0.0205}+G4{4.3958}
PF08477,LG+I+R4,0.0277,,"(0.1345,0.1475) (0.2393,0.5164) (0.2890,0.9745) (0.3095,1.8576)","LG+I{0.0277}+R4{0.1345,0.1475,0.2393,0.5164,0.2890,0.9745,0.3095,1.8576}"
PF08490,LG+I+R4,0.0142,,"(0.0905,0.1349) (0.2687,0.4726) (0.3567,0.9641) (0.2700,1.9149)","LG+I{0.0142}+R4{0.0905,0.1349,0.2687,0.4726,0.3567,0.9641,0.2700,1.9149}"
PF08492,LG+I+G4,0.0453,1.0760,,LG+I{0.0453}+G4{1.0760}
PF08501,LG+I+R3,0.0285,,"(0.1223,0.0778) (0.2838,0.4273) (0.5653,1.5375)","LG+I{0.0285}+R3{0.1223,0.0778,0.2838,0.4273,0.5653,1.5375}"
PF08502,LG+I+G4,0.0111,1.5302,,LG+I{0.0111}+G4{1.5302}
PF08511,LG+I+G4,0.0135,1.3090,,LG+I{0.0135}+G4{1.3090}
PF08512,LG+I+G4,0.0000,2.1401,,LG+I{0.0000}+G4{2.1401}
PF08513,LG+I+G4,0.0000,2.0276,,LG+I{0.0000}+G4{2.0276}
PF08519,LG+I+G4,0.0000,1.3121,,LG+I{0.0000}+G4{1.3121}
PF08524,LG+F+I+G4,0.0411,1.1452,,LG+F+I{0.0411}+G4{1.1452}
PF08534,LG+I+R4,0.0000,,"(0.0176,0.1068) (0.2841,0.4827) (0.3960,0.9145) (0.3023,1.6503)","LG+I{0.0000}+R4{0.0176,0.1068,0.2841,0.4827,0.3960,0.9145,0.3023,1.6503}"
PF08536,LG+I+G4,0.0445,3.1898,,LG+I{0.0445}+G4{3.1898}
PF08538,LG+I+G4,0.0783,1.6396,,LG+I{0.0783}+G4{1.6396}
PF08540,LG+I+G4,0.0946,2.5436,,LG+I{0.0946}+G4{2.5436}
PF08541,LG+I+G4,0.0000,1.4508,,LG+I{0.0000}+G4{1.4508}
PF08542,LG+I+R4,0.0000,,"(0.0670,0.1735) (0.3872,0.5241) (0.2858,1.0433) (0.2600,1.8742)","LG+I{0.0000}+R4{0.0670,0.1735,0.3872,0.5241,0.2858,1.0433,0.2600,1.8742}"
PF08544,LG+I+R4,0.0000,,"(0.0570,0.1635) (0.2461,0.4982) (0.3250,0.8682) (0.3719,1.5755)","LG+I{0.0000}+R4{0.0570,0.1635,0.2461,0.4982,0.3250,0.8682,0.3719,1.5755}"
PF08545,LG+I+R4,0.0000,,"(0.1344,0.1601) (0.3960,0.5639) (0.2954,1.2550) (0.1742,2.2066)","LG+I{0.0000}+R4{0.1344,0.1601,0.3960,0.5639,0.2954,1.2550,0.1742,2.2066}"
PF08551,LG+F+I+G4,0.0256,2.3025,,LG+F+I{0.0256}+G4{2.3025}
PF08557,LG+I+G4,0.0522,1.8239,,LG+I{0.0522}+G4{1.8239}
PF08572,LG+I+R4,0.0033,,"(0.0701,0.0392) (0.1569,0.2633) (0.3265,0.7056) (0.4432,1.6371)","LG+I{0.0033}+R4{0.0701,0.0392,0.1569,0.2633,0.3265,0.7056,0.4432,1.6371}"
PF08573,LG+I+R4,0.0019,,"(0.1044,0.0815) (0.2394,0.4009) (0.3725,0.9468) (0.2818,1.9264)","LG+I{0.0019}+R4{0.1044,0.0815,0.2394,0.4009,0.3725,0.9468,0.2818,1.9264}"
PF08585,LG+I+R4,0.0124,,"(0.0375,0.0871) (0.1964,0.3687) (0.3391,0.7706) (0.4145,1.5993)","LG+I{0.0124}+R4{0.0375,0.0871,0.1964,0.3687,0.3391,0.7706,0.4145,1.5993}"
PF08590,LG+F+I+R4,0.0000,,"(0.1771,0.1646) (0.2699,0.5629) (0.3501,1.1766) (0.2029,2.0061)","LG+F+I{0.0000}+R4{0.1771,0.1646,0.2699,0.5629,0.3501,1.1766,0.2029,2.0061}"
PF08600,JTT+G4,,1.5059,,JTT+G4{1.5059}
PF08606,LG+I+G4,0.0000,1.2621,,LG+I{0.0000}+G4{1.2621}
PF08617,LG+I+R4,0.0000,,"(0.1254,0.1709) (0.2869,0.4512) (0.2606,0.9274) (0.3271,1.8572)","LG+I{0.0000}+R4{0.1254,0.1709,0.2869,0.4512,0.2606,0.9274,0.3271,1.8572}"
PF08625,LG+I+G4,0.0000,0.8357,,LG+I{0.0000}+G4{0.8357}
PF08644,LG+I+G4,0.0119,1.6179,,LG+I{0.0119}+G4{1.6179}
PF08661,LG+I+R2,0.0086,,"(0.2928,0.4548) (0.6985,1.2409)","LG+I{0.0086}+R2{0.2928,0.4548,0.6985,1.2409}"
PF08669,LG+F+I+G4,0.0000,1.9376,,LG+F+I{0.0000}+G4{1.9376}
PF08670,LG+F+I+G4,0.0008,1.1174,,LG+F+I{0.0008}+G4{1.1174}
PF08672,LG+I+G4,0.0000,1.5564,,LG+I{0.0000}+G4{1.5564}
PF08676,LG+I+G4,0.0000,1.4135,,LG+I{0.0000}+G4{1.4135}
PF08694,LG+I+G4,0.1031,0.9624,,LG+I{0.1031}+G4{0.9624}
PF08699,LG+I+R4,0.0114,,"(0.0677,0.0752) (0.4088,0.3738) (0.1752,0.9112) (0.3369,2.0255)","LG+I{0.0114}+R4{0.0677,0.0752,0.4088,0.3738,0.1752,0.9112,0.3369,2.0255}"
PF08711,LG+I+G4,0.0000,2.1662,,LG+I{0.0000}+G4{2.1662}
PF08712,LG+I+G4,0.0000,1.5528,,LG+I{0.0000}+G4{1.5528}
PF08718,LG+I+R4,0.0048,,"(0.0719,0.1145) (0.2610,0.4020) (0.2827,0.8989) (0.3796,1.6668)","LG+I{0.0048}+R4{0.0719,0.1145,0.2610,0.4020,0.2827,0.8989,0.3796,1.6668}"
PF08719,LG+I+R4,0.0142,,"(0.0989,0.0699) (0.1863,0.3371) (0.2318,0.8510) (0.4688,1.5637)","LG+I{0.0142}+R4{0.0989,0.0699,0.1863,0.3371,0.2318,0.8510,0.4688,1.5637}"
PF08729,LG+I+G4,0.0708,1.8651,,LG+I{0.0708}+G4{1.8651}
PF08743,LG+I+G4,0.0000,1.0228,,LG+I{0.0000}+G4{1.0228}
PF08746,LG+I+R4,0.0939,,"(0.0453,0.0781) (0.0585,0.3416) (0.3204,0.7496) (0.4819,1.5280)","LG+I{0.0939}+R4{0.0453,0.0781,0.0585,0.3416,0.3204,0.7496,0.4819,1.5280}"
PF08752,LG+I+R4,0.0000,,"(0.1865,0.1638) (0.2767,0.6001) (0.3188,1.1248) (0.2181,2.0401)","LG+I{0.0000}+R4{0.1865,0.1638,0.2767,0.6001,0.3188,1.1248,0.2181,2.0401}"
PF08755,LG+I+G4,0.0159,1.7151,,LG+I{0.0159}+G4{1.7151}
PF08766,LG+I+G4,0.0000,2.0771,,LG+I{0.0000}+G4{2.0771}
PF08768,LG+F+I+R4,0.0000,,"(0.0439,0.1092) (0.1987,0.4037) (0.4140,0.8348) (0.3434,1.6581)","LG+F+I{0.0000}+R4{0.0439,0.1092,0.1987,0.4037,0.4140,0.8348,0.3434,1.6581}"
PF08771,LG+I+G4,0.0078,1.0635,,LG+I{0.0078}+G4{1.0635}
PF08772,LG+I+G4,0.0455,2.1083,,LG+I{0.0455}+G4{2.1083}
PF08774,LG+I+G4,0.0209,1.3945,,LG+I{0.0209}+G4{1.3945}
PF08777,LG+I+G4,0.0020,2.9421,,LG+I{0.0020}+G4{2.9421}
PF08781,LG+I+G4,0.0289,1.3001,,LG+I{0.0289}+G4{1.3001}
PF08783,LG+I+G4,0.0000,1.7378,,LG+I{0.0000}+G4{1.7378}
PF08784,LG+F+I+G4,0.0311,2.0005,,LG+F+I{0.0311}+G4{2.0005}
PF08785,LG+I+R4,0.0000,,"(0.1443,0.2073) (0.2807,0.5810) (0.2425,1.1128) (0.3325,1.6155)","LG+I{0.0000}+R4{0.1443,0.2073,0.2807,0.5810,0.2425,1.1128,0.3325,1.6155}"
PF08787,LG+F+I+R4,0.0040,,"(0.0217,0.0509) (0.1701,0.3057) (0.3513,0.7230) (0.4529,1.5300)","LG+F+I{0.0040}+R4{0.0217,0.0509,0.1701,0.3057,0.3513,0.7230,0.4529,1.5300}"
PF08790,LG+I+G4,0.1619,0.6926,,LG+I{0.1619}+G4{0.6926}
PF08797,LG+I+G4,0.0060,1.8165,,LG+I{0.0060}+G4{1.8165}
PF08799,LG+I+G4,0.1028,1.3095,,LG+I{0.1028}+G4{1.3095}
PF08806,LG+I+G4,0.0000,3.2591,,LG+I{0.0000}+G4{3.2591}
PF08825,LG+I+G4,0.0092,1.5891,,LG+I{0.0092}+G4{1.5891}
PF08839,LG+I+R4,0.0000,,"(0.0860,0.0697) (0.2202,0.3767) (0.3974,0.8669) (0.2964,1.9115)","LG+I{0.0000}+R4{0.0860,0.0697,0.2202,0.3767,0.3974,0.8669,0.2964,1.9115}"
PF08847,LG+I+G4,0.0276,1.0081,,LG+I{0.0276}+G4{1.0081}
PF08879,LG+I+G4,0.1312,1.7153,,LG+I{0.1312}+G4{1.7153}
PF08880,LG+F+I+G4,0.0567,2.0885,,LG+F+I{0.0567}+G4{2.0885}
PF08911,JTT+F+R4,,,"(0.0466,0.0108) (0.0917,0.2346) (0.2312,0.5672) (0.6305,1.3432)","JTT+F+R4{0.0466,0.0108,0.0917,0.2346,0.2312,0.5672,0.6305,1.3432}"
PF08920,LG+F+I+G4,0.0193,1.2005,,LG+F+I{0.0193}+G4{1.2005}
PF08934,JTT+G4,,0.8062,,JTT+G4{0.8062}
PF08969,LG+I+G4,0.0122,2.1107,,LG+I{0.0122}+G4{2.1107}
PF08991,LG+I+G4,0.0485,1.2221,,LG+I{0.0485}+G4{1.2221}
PF08996,LG+I+R4,0.0000,,"(0.0453,0.0267) (0.2480,0.2809) (0.3839,0.8062) (0.3228,1.9193)","LG+I{0.0000}+R4{0.0453,0.0267,0.2480,0.2809,0.3839,0.8062,0.3228,1.9193}"
PF09032,LG+I+G4,0.0021,1.8817,,LG+I{0.0021}+G4{1.8817}
PF09066,LG+I+R4,0.0000,,"(0.0952,0.2241) (0.1691,0.5389) (0.3721,0.9312) (0.3635,1.4882)","LG+I{0.0000}+R4{0.0952,0.2241,0.1691,0.5389,0.3721,0.9312,0.3635,1.4882}"
PF09070,LG+I+G4,0.0280,1.3385,,LG+I{0.0280}+G4{1.3385}
PF09079,LG+I+G4,0.0000,2.9899,,LG+I{0.0000}+G4{2.9899}
PF09103,LG+I+R4,0.0187,,"(0.0665,0.0714) (0.1920,0.2730) (0.3220,0.6574) (0.4007,1.8247)","LG+I{0.0187}+R4{0.0665,0.0714,0.1920,0.2730,0.3220,0.6574,0.4007,1.8247}"
PF09110,LG+I+R4,0.0000,,"(0.1398,0.1382) (0.1430,0.3840) (0.3672,0.9192) (0.3500,1.6805)","LG+I{0.0000}+R4{0.1398,0.1382,0.1430,0.3840,0.3672,0.9192,0.3500,1.6805}"
PF09111,LG+I+G4,0.0081,1.9763,,LG+I{0.0081}+G4{1.9763}
PF09117,JTT+R2,,,"(0.1763,0.1652) (0.8237,1.1786)","JTT+R2{0.1763,0.1652,0.8237,1.1786}"
PF09118,LG+I+R4,0.0056,,"(0.0611,0.0907) (0.1997,0.3458) (0.2424,0.7348) (0.4911,1.5215)","LG+I{0.0056}+R4{0.0611,0.0907,0.1997,0.3458,0.2424,0.7348,0.4911,1.5215}"
PF09133,LG+I+R3,0.0000,,"(0.1459,0.0501) (0.3303,0.5513) (0.5238,1.5475)","LG+I{0.0000}+R3{0.1459,0.0501,0.3303,0.5513,0.5238,1.5475}"
PF09138,LG+I+G4,0.0928,1.3264,,LG+I{0.0928}+G4{1.3264}
PF09169,JTT+G4,,0.8519,,JTT+G4{0.8519}
PF09173,LG+I+G4,0.0000,1.2620,,LG+I{0.0000}+G4{1.2620}
PF09177,LG+I+G4,0.0000,2.0439,,LG+I{0.0000}+G4{2.0439}
PF09180,LG+I+R4,0.0000,,"(0.1897,0.1575) (0.2298,0.4791) (0.3299,1.0725) (0.2505,2.0206)","LG+I{0.0000}+R4{0.1897,0.1575,0.2298,0.4791,0.3299,1.0725,0.2505,2.0206}"
PF09187,JTT+G4,,1.0294,,JTT+G4{1.0294}
PF09192,LG+F+I+G4,0.0097,3.4572,,LG+F+I{0.0097}+G4{3.4572}
PF09202,LG+I+G4,0.0656,2.4546,,LG+I{0.0656}+G4{2.4546}
PF09229,LG+F+I+R4,0.0000,,"(0.1253,0.1425) (0.2309,0.4643) (0.2893,0.9333) (0.3545,1.7064)","LG+F+I{0.0000}+R4{0.1253,0.1425,0.2309,0.4643,0.2893,0.9333,0.3545,1.7064}"
PF09239,LG+I+G4,0.0417,1.7459,,LG+I{0.0417}+G4{1.7459}
PF09247,LG+I+G4,0.0399,1.2696,,LG+I{0.0399}+G4{1.2696}
PF09258,LG+I+G4,0.0092,1.6342,,LG+I{0.0092}+G4{1.6342}
PF09261,LG+I+G4,0.0085,1.0097,,LG+I{0.0085}+G4{1.0097}
PF09262,LG+I+G4,0.0000,1.0688,,LG+I{0.0000}+G4{1.0688}
PF09265,JTT+R4,,,"(0.1632,0.0529) (0.2740,0.4893) (0.3446,1.1450) (0.2181,2.1212)","JTT+R4{0.1632,0.0529,0.2740,0.4893,0.3446,1.1450,0.2181,2.1212}"
PF09269,LG+I+G4,0.0000,1.4780,,LG+I{0.0000}+G4{1.4780}
PF09273,LG+I+R4,0.0000,,"(0.0988,0.1867) (0.2248,0.5101) (0.3825,1.0006) (0.2939,1.6475)","LG+I{0.0000}+R4{0.0988,0.1867,0.2248,0.5101,0.3825,1.0006,0.2939,1.6475}"
PF09280,LG+F+I+G4,0.0000,2.7772,,LG+F+I{0.0000}+G4{2.7772}
PF09282,LG+I+G4,0.1820,4.0490,,LG+I{0.1820}+G4{4.0490}
PF09285,LG+F+I+G4,0.0000,1.5376,,LG+F+I{0.0000}+G4{1.5376}
PF09296,LG+F+I+R3,0.0048,,"(0.0727,0.1807) (0.4811,0.6082) (0.4414,1.5729)","LG+F+I{0.0048}+R3{0.0727,0.1807,0.4811,0.6082,0.4414,1.5729}"
PF09297,LG+I+R3,0.0000,,"(0.1407,0.0822) (0.2766,0.5389) (0.5826,1.4406)","LG+I{0.0000}+R3{0.1407,0.0822,0.2766,0.5389,0.5826,1.4406}"
PF09298,LG+I+R4,0.0137,,"(0.1115,0.1163) (0.1992,0.3608) (0.2936,0.8577) (0.3819,1.7367)","LG+I{0.0137}+R4{0.1115,0.1163,0.1992,0.3608,0.2936,0.8577,0.3819,1.7367}"
PF09324,LG+I+G4,0.0000,1.1893,,LG+I{0.0000}+G4{1.1893}
PF09325,LG+I+G4,0.0025,3.4076,,LG+I{0.0025}+G4{3.4076}
PF09329,LG+I+G4,0.0832,1.4242,,LG+I{0.0832}+G4{1.4242}
PF09335,LG+F+I+G4,0.0000,4.3982,,LG+F+I{0.0000}+G4{4.3982}
PF09336,LG+I+G4,0.0123,1.1576,,LG+I{0.0123}+G4{1.1576}
PF09348,LG+F+I+R4,0.0074,,"(0.0939,0.1054) (0.2737,0.4564) (0.3711,1.0908) (0.2540,1.8131)","LG+F+I{0.0074}+R4{0.0939,0.1054,0.2737,0.4564,0.3711,1.0908,0.2540,1.8131}"
PF09349,LG+F+I+R4,0.0138,,"(0.1107,0.1442) (0.2673,0.4763) (0.2918,1.0032) (0.3164,1.7826)","LG+F+I{0.0138}+R4{0.1107,0.1442,0.2673,0.4763,0.2918,1.0032,0.3164,1.7826}"
PF09353,LG+F+I+R4,0.0000,,"(0.0418,0.1827) (0.2569,0.5228) (0.4325,0.8983) (0.2688,1.7472)","LG+F+I{0.0000}+R4{0.0418,0.1827,0.2569,0.5228,0.4325,0.8983,0.2688,1.7472}"
PF09358,LG+I+G4,0.0083,2.3418,,LG+I{0.0083}+G4{2.3418}
PF09360,LG+I+G4,0.0384,0.6765,,LG+I{0.0384}+G4{0.6765}
PF09368,LG+I+G4,0.0110,1.2013,,LG+I{0.0110}+G4{1.2013}
PF09369,LG+I+R4,0.0183,,"(0.0588,0.1333) (0.2697,0.4260) (0.2840,0.9295) (0.3692,1.6610)","LG+I{0.0183}+R4{0.0588,0.1333,0.2697,0.4260,0.2840,0.9295,0.3692,1.6610}"
PF09370,LG+I+G4,0.0475,1.0046,,LG+I{0.0475}+G4{1.0046}
PF09377,LG+I+R4,0.0000,,"(0.1537,0.1031) (0.1596,0.2183) (0.2694,0.4475) (0.4174,1.9856)","LG+I{0.0000}+R4{0.1537,0.1031,0.1596,0.2183,0.2694,0.4475,0.4174,1.9856}"
PF09382,LG+I+G4,0.0000,2.0554,,LG+I{0.0000}+G4{2.0554}
PF09402,LG+I+R4,0.0122,,"(0.0707,0.1179) (0.1732,0.3761) (0.4299,0.8538) (0.3140,1.7816)","LG+I{0.0122}+R4{0.0707,0.1179,0.1732,0.3761,0.4299,0.8538,0.3140,1.7816}"
PF09405,JTT+I+G4,0.0515,6.0354,,JTT+I{0.0515}+G4{6.0354}
PF09409,LG+I+G4,0.0099,1.8084,,LG+I{0.0099}+G4{1.8084}
PF09415,LG+I+G4,0.0096,1.4661,,LG+I{0.0096}+G4{1.4661}
PF09416,LG+I+G4,0.0072,1.0564,,LG+I{0.0072}+G4{1.0564}
PF09423,LG+F+I+R4,0.0263,,"(0.0824,0.1376) (0.2735,0.4409) (0.3214,0.9626) (0.2963,1.8854)","LG+F+I{0.0263}+R4{0.0824,0.1376,0.2735,0.4409,0.3214,0.9626,0.2963,1.8854}"
PF09430,LG+I+G4,0.0085,2.4894,,LG+I{0.0085}+G4{2.4894}
PF09439,LG+I+G4,0.0469,1.5743,,LG+I{0.0469}+G4{1.5743}
PF09440,LG+I+R4,0.0000,,"(0.0914,0.1130) (0.2737,0.4356) (0.4271,1.0532) (0.2078,2.0239)","LG+I{0.0000}+R4{0.0914,0.1130,0.2737,0.4356,0.4271,1.0532,0.2078,2.0239}"
PF09446,LG+F+I+G4,0.0004,1.2364,,LG+F+I{0.0004}+G4{1.2364}
PF09454,LG+I+G4,0.0000,2.3007,,LG+I{0.0000}+G4{2.3007}
PF09459,LG+F+I+R2,0.0029,,"(0.3379,0.4096) (0.6592,1.3070)","LG+F+I{0.0029}+R2{0.3379,0.4096,0.6592,1.3070}"
PF09465,JTT+G4,,0.3828,,JTT+G4{0.3828}
PF09478,LG+I+G4,0.0143,2.2012,,LG+I{0.0143}+G4{2.2012}
PF09497,LG+I+G4,0.0063,1.7045,,LG+I{0.0063}+G4{1.7045}
PF09532,JTT+R2,,,"(0.1254,0.1188) (0.8746,1.1263)","JTT+R2{0.1254,0.1188,0.8746,1.1263}"
PF09588,LG+I+G4,0.0119,1.2842,,LG+I{0.0119}+G4{1.2842}
PF09597,LG+I+G4,0.0000,1.4806,,LG+I{0.0000}+G4{1.4806}
PF09649,LG+I+G4,0.0023,1.1167,,LG+I{0.0023}+G4{1.1167}
PF09668,LG+I+G4,0.0986,1.6312,,LG+I{0.0986}+G4{1.6312}
PF09713,LG+I+G4,0.0114,1.4064,,LG+I{0.0114}+G4{1.4064}
PF09732,LG+I+G4,0.0028,0.8655,,LG+I{0.0028}+G4{0.8655}
PF09750,LG+I+G4,0.0263,1.3253,,LG+I{0.0263}+G4{1.3253}
PF09793,LG+I+G4,0.0086,2.0261,,LG+I{0.0086}+G4{2.0261}
PF09814,LG+F+I+R4,0.0111,,"(0.0646,0.1144) (0.2333,0.3883) (0.3304,0.9168) (0.3607,1.6611)","LG+F+I{0.0111}+R4{0.0646,0.1144,0.2333,0.3883,0.3304,0.9168,0.3607,1.6611}"
PF09816,LG+F+I+G4,0.0000,1.7267,,LG+F+I{0.0000}+G4{1.7267}
PF10159,LG+I+G4,0.0796,0.9231,,LG+I{0.0796}+G4{0.9231}
PF10184,LG+I+G4,0.0325,2.6978,,LG+I{0.0325}+G4{2.6978}
PF10187,LG+I+G4,0.0000,1.8355,,LG+I{0.0000}+G4{1.8355}
PF10197,LG+I+G4,0.0000,1.2693,,LG+I{0.0000}+G4{1.2693}
PF10241,LG+F+I+R4,0.0000,,"(0.0567,0.1330) (0.3578,0.5337) (0.3769,1.0273) (0.2087,1.9857)","LG+F+I{0.0000}+R4{0.0567,0.1330,0.3578,0.5337,0.3769,1.0273,0.2087,1.9857}"
PF10252,LG+I+G4,0.0063,0.7604,,LG+I{0.0063}+G4{0.7604}
PF10258,LG+I+R3,0.0000,,"(0.1563,0.1235) (0.3262,0.5588) (0.5175,1.5429)","LG+I{0.0000}+R3{0.1563,0.1235,0.3262,0.5588,0.5175,1.5429}"
PF10260,LG+I+G4,0.0419,1.5776,,LG+I{0.0419}+G4{1.5776}
PF10263,LG+I+G4,0.0189,1.0152,,LG+I{0.0189}+G4{1.0152}
PF10276,LG+I+G4,0.0924,1.6049,,LG+I{0.0924}+G4{1.6049}
PF10291,LG+F+I+G4,0.0074,2.2613,,LG+F+I{0.0074}+G4{2.2613}
PF10354,LG+I+R4,0.0026,,"(0.1404,0.1160) (0.2091,0.3362) (0.2946,0.8594) (0.3532,1.8690)","LG+I{0.0026}+R4{0.1404,0.1160,0.2091,0.3362,0.2946,0.8594,0.3532,1.8690}"
PF10357,LG+I+R4,0.0241,,"(0.0890,0.0739) (0.2292,0.4227) (0.4343,1.0635) (0.2235,1.9448)","LG+I{0.0241}+R4{0.0890,0.0739,0.2292,0.4227,0.4343,1.0635,0.2235,1.9448}"
PF10358,LG+F+I+G4,0.0000,3.4249,,LG+F+I{0.0000}+G4{3.4249}
PF10367,LG+I+G4,0.0805,1.7183,,LG+I{0.0805}+G4{1.7183}
PF10369,LG+I+G4,0.0000,1.6805,,LG+I{0.0000}+G4{1.6805}
PF10382,LG+I+G4,0.0202,1.6800,,LG+I{0.0202}+G4{1.6800}
PF10391,LG+I+G4,0.0000,1.6744,,LG+I{0.0000}+G4{1.6744}
PF10394,LG+I+R4,0.0034,,"(0.0592,0.1312) (0.1705,0.3809) (0.2584,0.7702) (0.5085,1.4322)","LG+I{0.0034}+R4{0.0592,0.1312,0.1705,0.3809,0.2584,0.7702,0.5085,1.4322}"
PF10403,LG+I+G4,0.0000,1.4801,,LG+I{0.0000}+G4{1.4801}
PF10404,LG+I+R4,0.0079,,"(0.0614,0.0814) (0.1923,0.3675) (0.2218,0.7926) (0.5165,1.4491)","LG+I{0.0079}+R4{0.0614,0.0814,0.1923,0.3675,0.2218,0.7926,0.5165,1.4491}"
PF10405,LG+I+R4,0.0000,,"(0.1412,0.1668) (0.2478,0.4944) (0.2922,1.0193) (0.3188,1.7445)","LG+I{0.0000}+R4{0.1412,0.1668,0.2478,0.4944,0.2922,1.0193,0.3188,1.7445}"
PF10406,LG+I+G4,0.0172,1.7138,,LG+I{0.0172}+G4{1.7138}
PF10409,LG+F+I+G4,0.0043,1.7108,,LG+F+I{0.0043}+G4{1.7108}
PF10415,LG+I+R4,0.0186,,"(0.1733,0.1567) (0.3190,0.5270) (0.3128,1.3152) (0.1762,2.2317)","LG+I{0.0186}+R4{0.1733,0.1567,0.3190,0.5270,0.3128,1.3152,0.1762,2.2317}"
PF10417,LG+I+G4,0.0372,2.7200,,LG+I{0.0372}+G4{2.7200}
PF10419,LG+F+I+R4,0.0072,,"(0.1051,0.1467) (0.1443,0.2952) (0.2674,0.6403) (0.4760,1.6192)","LG+F+I{0.0072}+R4{0.1051,0.1467,0.1443,0.2952,0.2674,0.6403,0.4760,1.6192}"
PF10431,LG+I+G4,0.0218,1.2851,,LG+I{0.0218}+G4{1.2851}
PF10440,LG+I+R2,0.0296,,"(0.2962,0.2999) (0.6742,1.3515)","LG+I{0.0296}+R2{0.2962,0.2999,0.6742,1.3515}"
PF10447,LG+I+G4,0.0308,1.8117,,LG+I{0.0308}+G4{1.8117}
PF10458,LG+F+I+R2,0.0005,,"(0.3441,0.2741) (0.6555,1.3818)","LG+F+I{0.0005}+R2{0.3441,0.2741,0.6555,1.3818}"
PF10469,LG+I+R4,0.0000,,"(0.0374,0.0502) (0.1419,0.2803) (0.4285,0.7646) (0.3922,1.6081)","LG+I{0.0000}+R4{0.0374,0.0502,0.1419,0.2803,0.4285,0.7646,0.3922,1.6081}"
PF10496,JTT+F+G4,,1.6805,,JTT+F+G4{1.6805}
PF10497,LG+I+G4,0.0996,0.9558,,LG+I{0.0996}+G4{0.9558}
PF10502,LG+I+G4,0.0098,1.2551,,LG+I{0.0098}+G4{1.2551}
PF10509,LG+I+G4,0.0000,0.8457,,LG+I{0.0000}+G4{0.8457}
PF10520,LG+I+G4,0.0338,0.9809,,LG+I{0.0338}+G4{0.9809}
PF10533,JTT+G4,,0.7184,,JTT+G4{0.7184}
PF10536,LG+I+G4,0.0130,1.5228,,LG+I{0.0130}+G4{1.5228}
PF10537,LG+I+G4,0.0090,1.4979,,LG+I{0.0090}+G4{1.4979}
PF10539,LG+I+G4,0.0378,1.1122,,LG+I{0.0378}+G4{1.1122}
PF10557,LG+I+G4,0.0124,1.3829,,LG+I{0.0124}+G4{1.3829}
PF10559,LG+I+G4,0.0458,1.4659,,LG+I{0.0458}+G4{1.4659}
PF10585,LG+I+R4,0.0131,,"(0.1402,0.1246) (0.1694,0.4249) (0.3964,0.9524) (0.2809,1.8974)","LG+I{0.0131}+R4{0.1402,0.1246,0.1694,0.4249,0.3964,0.9524,0.2809,1.8974}"
PF10588,LG+I+R4,0.0154,,"(0.0923,0.0665) (0.3526,0.5937) (0.3085,0.9680) (0.2312,2.1015)","LG+I{0.0154}+R4{0.0923,0.0665,0.3526,0.5937,0.3085,0.9680,0.2312,2.1015}"
PF10589,LG+I+R4,0.0167,,"(0.0908,0.0879) (0.2778,0.4348) (0.2786,0.8727) (0.3361,1.8687)","LG+I{0.0167}+R4{0.0908,0.0879,0.2778,0.4348,0.2786,0.8727,0.3361,1.8687}"
PF10590,LG+I+G4,0.0000,0.6645,,LG+I{0.0000}+G4{0.6645}
PF10596,LG+I+G4,0.0269,1.4991,,LG+I{0.0269}+G4{1.4991}
PF10597,LG+I+R3,0.0101,,"(0.5091,0.3058) (0.4298,1.2698) (0.0510,5.8541)","LG+I{0.0101}+R3{0.5091,0.3058,0.4298,1.2698,0.0510,5.8541}"
PF10598,LG+I+G4,0.0882,0.9943,,LG+I{0.0882}+G4{0.9943}
PF10607,LG+F+I+R4,0.0000,,"(0.1916,0.1256) (0.2091,0.2684) (0.2904,0.5154) (0.3089,2.4930)","LG+F+I{0.0000}+R4{0.1916,0.1256,0.2091,0.2684,0.2904,0.5154,0.3089,2.4930}"
PF10613,LG+I+G4,0.0271,1.5551,,LG+I{0.0271}+G4{1.5551}
PF10615,LG+I+R4,0.0000,,"(0.0705,0.1192) (0.2079,0.4277) (0.3458,0.8962) (0.3758,1.5774)","LG+I{0.0000}+R4{0.0705,0.1192,0.2079,0.4277,0.3458,0.8962,0.3758,1.5774}"
PF10644,LG+I+G4,0.0265,1.2892,,LG+I{0.0265}+G4{1.2892}
PF10650,LG+I+G4,0.1722,1.0862,,LG+I{0.1722}+G4{1.0862}
PF10699,LG+F+I+G4,0.0119,1.4651,,LG+F+I{0.0119}+G4{1.4651}
PF10785,LG+F+I+G4,0.0154,1.3630,,LG+F+I{0.0154}+G4{1.3630}
PF10868,JTT+R2,,,"(0.3405,0.2168) (0.6595,1.4043)","JTT+R2{0.3405,0.2168,0.6595,1.4043}"
PF10996,LG+I+R4,0.0000,,"(0.1579,0.2070) (0.2195,0.4717) (0.2486,0.9568) (0.3740,1.6736)","LG+I{0.0000}+R4{0.1579,0.2070,0.2195,0.4717,0.2486,0.9568,0.3740,1.6736}"
PF11145,JTT+F+I+R4,0.0050,,"(0.2063,0.3059) (0.4456,0.7067) (0.2841,1.3864) (0.0590,3.8644)","JTT+F+I{0.0050}+R4{0.2063,0.3059,0.4456,0.7067,0.2841,1.3864,0.0590,3.8644}"
PF11267,LG+I+G4,0.0295,1.5940,,LG+I{0.0295}+G4{1.5940}
PF11331,JTT+G4,,1.0689,,JTT+G4{1.0689}
PF11443,LG+I+G4,0.0348,1.0104,,LG+I{0.0348}+G4{1.0104}
PF11597,JTT+F+I+R4,0.0020,,"(0.0429,0.1517) (0.3390,0.4439) (0.3417,0.9854) (0.2744,1.8450)","JTT+F+I{0.0020}+R4{0.0429,0.1517,0.3390,0.4439,0.3417,0.9854,0.2744,1.8450}"
PF11708,LG+I+R4,0.0168,,"(0.1288,0.0989) (0.2399,0.4168) (0.3292,0.9934) (0.2852,1.9639)","LG+I{0.0168}+R4{0.1288,0.0989,0.2399,0.4168,0.3292,0.9934,0.2852,1.9639}"
PF11718,LG+F+I+R4,0.0043,,"(0.2338,0.0897) (0.2510,0.2615) (0.2028,0.6288) (0.3081,2.5508)","LG+F+I{0.0043}+R4{0.2338,0.0897,0.2510,0.2615,0.2028,0.6288,0.3081,2.5508}"
PF11721,LG+I+G4,0.0083,1.8599,,LG+I{0.0083}+G4{1.8599}
PF11722,LG+I+R3,0.1149,,"(0.0851,0.0399) (0.4554,0.7570) (0.3446,1.8916)","LG+I{0.1149}+R3{0.0851,0.0399,0.4554,0.7570,0.3446,1.8916}"
PF11789,LG+I+G4,0.0707,1.8127,,LG+I{0.0707}+G4{1.8127}
PF11793,JTT+G4,,1.7632,,JTT+G4{1.7632}
PF11799,LG+I+R4,0.0000,,"(0.0719,0.2373) (0.2398,0.4799) (0.3134,0.9547) (0.3748,1.5170)","LG+I{0.0000}+R4{0.0719,0.2373,0.2398,0.4799,0.3134,0.9547,0.3748,1.5170}"
PF11835,JTT+G4,,1.2546,,JTT+G4{1.2546}
PF11838,LG+F+I+R4,0.0000,,"(0.0917,0.3280) (0.2524,0.6012) (0.3426,0.9754) (0.3134,1.5447)","LG+F+I{0.0000}+R4{0.0917,0.3280,0.2524,0.6012,0.3426,0.9754,0.3134,1.5447}"
PF11861,LG+I+G4,0.0085,1.3891,,LG+I{0.0085}+G4{1.3891}
PF11875,LG+I+G4,0.0088,0.8943,,LG+I{0.0088}+G4{0.8943}
PF11904,JTT+F+I+R4,0.0153,,"(0.2269,0.1078) (0.2424,0.3542) (0.3222,0.9610) (0.1933,3.0017)","JTT+F+I{0.0153}+R4{0.2269,0.1078,0.2424,0.3542,0.3222,0.9610,0.1933,3.0017}"
PF11916,LG+I+G4,0.0280,1.2805,,LG+I{0.0280}+G4{1.2805}
PF11919,LG+I+G4,0.0077,1.4481,,LG+I{0.0077}+G4{1.4481}
PF11923,LG+I+G4,0.0210,1.5733,,LG+I{0.0210}+G4{1.5733}
PF11940,LG+I+R4,0.0174,,"(0.1265,0.1010) (0.2586,0.5218) (0.4004,1.2009) (0.1972,1.8839)","LG+I{0.0174}+R4{0.1265,0.1010,0.2586,0.5218,0.4004,1.2009,0.1972,1.8839}"
PF11987,LG+I+R4,0.0000,,"(0.0882,0.0902) (0.2704,0.4558) (0.3107,0.9085) (0.3307,1.7735)","LG+I{0.0000}+R4{0.0882,0.0902,0.2704,0.4558,0.3107,0.9085,0.3307,1.7735}"
PF12009,LG+F+I+R4,0.0000,,"(0.0938,0.1498) (0.3669,0.4732) (0.2978,0.9121) (0.2415,2.2393)","LG+F+I{0.0000}+R4{0.0938,0.1498,0.3669,0.4732,0.2978,0.9121,0.2415,2.2393}"
PF12014,LG+F+I+R4,0.0033,,"(0.1203,0.1507) (0.2812,0.3751) (0.3062,0.7880) (0.2890,2.1976)","LG+F+I{0.0033}+R4{0.1203,0.1507,0.2812,0.3751,0.3062,0.7880,0.2890,2.1976}"
PF12037,LG+I+R3,0.0106,,"(0.2901,0.2268) (0.5597,0.9239) (0.1396,2.9878)","LG+I{0.0106}+R3{0.2901,0.2268,0.5597,0.9239,0.1396,2.9878}"
PF12041,JTT+G4,,1.7240,,JTT+G4{1.7240}
PF12047,LG+I+G4,0.0007,3.4212,,LG+I{0.0007}+G4{3.4212}
PF12066,LG+I+G4,0.0170,1.9851,,LG+I{0.0170}+G4{1.9851}
PF12068,JTT+G4,,3.4182,,JTT+G4{3.4182}
PF12076,LG+I+G4,0.0270,1.4338,,LG+I{0.0270}+G4{1.4338}
PF12090,LG+F+I+R3,0.0000,,"(0.2107,0.1750) (0.4354,0.5014) (0.3538,2.1049)","LG+F+I{0.0000}+R3{0.2107,0.1750,0.4354,0.5014,0.3538,2.1049}"
PF12108,LG+I+G4,0.0000,1.8062,,LG+I{0.0000}+G4{1.8062}
PF12110,LG+I+R4,0.0019,,"(0.0654,0.1104) (0.2803,0.3806) (0.2737,0.8163) (0.3787,1.7498)","LG+I{0.0019}+R4{0.0654,0.1104,0.2803,0.3806,0.2737,0.8163,0.3787,1.7498}"
PF12134,LG+I+G4,0.0071,1.2363,,LG+I{0.0071}+G4{1.2363}
PF12142,LG+I+G4,0.0000,1.5429,,LG+I{0.0000}+G4{1.5429}
PF12143,LG+I+G4,0.0000,1.1458,,LG+I{0.0000}+G4{1.1458}
PF12146,LG+I+R4,0.0078,,"(0.0440,0.0828) (0.1822,0.3827) (0.4241,0.8716) (0.3419,1.6292)","LG+I{0.0078}+R4{0.0440,0.0828,0.1822,0.3827,0.4241,0.8716,0.3419,1.6292}"
PF12166,LG+F+I+R4,0.0044,,"(0.0865,0.1150) (0.2447,0.3427) (0.3047,0.8092) (0.3596,1.8341)","LG+F+I{0.0044}+R4{0.0865,0.1150,0.2447,0.3427,0.3047,0.8092,0.3596,1.8341}"
PF12174,LG+I+G4,0.0100,2.5587,,LG+I{0.0100}+G4{2.5587}
PF12202,LG+I+G4,0.0307,1.7958,,LG+I{0.0307}+G4{1.7958}
PF12204,LG+I+G4,0.0069,2.3673,,LG+I{0.0069}+G4{2.3673}
PF12213,LG+I+R2,0.0019,,"(0.8731,0.5728) (0.1250,3.9991)","LG+I{0.0019}+R2{0.8731,0.5728,0.1250,3.9991}"
PF12222,LG+F+I+G4,0.0104,1.4867,,LG+F+I{0.0104}+G4{1.4867}
PF12248,LG+I+G4,0.0000,2.4838,,LG+I{0.0000}+G4{2.4838}
PF12274,JTT+R4,,,"(0.0656,0.0900) (0.1052,0.4097) (0.4173,0.8320) (0.4119,1.4659)","JTT+R4{0.0656,0.0900,0.1052,0.4097,0.4173,0.8320,0.4119,1.4659}"
PF12327,LG+I+R2,0.0463,,"(0.5867,0.4667) (0.3670,1.9790)","LG+I{0.0463}+R2{0.5867,0.4667,0.3670,1.9790}"
PF12352,LG+I+R2,0.0000,,"(0.1629,0.2908) (0.8371,1.1380)","LG+I{0.0000}+R2{0.1629,0.2908,0.8371,1.1380}"
PF12371,LG+I+G4,0.0541,2.5675,,LG+I{0.0541}+G4{2.5675}
PF12481,JTT+G4,,1.2764,,JTT+G4{1.2764}
PF12490,JTT+G4,,1.8194,,JTT+G4{1.8194}
PF12513,LG+I+R4,0.0000,,"(0.3345,0.2172) (0.1774,0.7259) (0.3418,1.3729) (0.1463,2.2503)","LG+I{0.0000}+R4{0.3345,0.2172,0.1774,0.7259,0.3418,1.3729,0.1463,2.2503}"
PF12617,LG+I+G4,0.0600,0.5604,,LG+I{0.0600}+G4{0.5604}
PF12627,LG+I+R4,0.0040,,"(0.2277,0.2787) (0.2629,0.6444) (0.2336,1.1291) (0.2718,1.8521)","LG+I{0.0040}+R4{0.2277,0.2787,0.2629,0.6444,0.2336,1.1291,0.2718,1.8521}"
PF12638,LG+I+G4,0.0264,1.1229,,LG+I{0.0264}+G4{1.1229}
PF12643,LG+I+G4,0.0000,2.9760,,LG+I{0.0000}+G4{2.9760}
PF12646,LG+I+G4,0.0000,1.3207,,LG+I{0.0000}+G4{1.3207}
PF12656,LG+I+R3,0.0183,,"(0.2281,0.1546) (0.5510,1.0142) (0.2027,2.0031)","LG+I{0.0183}+R3{0.2281,0.1546,0.5510,1.0142,0.2027,2.0031}"
PF12662,LG+I+R4,0.1162,,"(0.0601,0.0354) (0.1379,0.4601) (0.1123,0.7335) (0.5735,1.4856)","LG+I{0.1162}+R4{0.0601,0.0354,0.1379,0.4601,0.1123,0.7335,0.5735,1.4856}"
PF12678,LG+I+G4,0.0552,1.0388,,LG+I{0.0552}+G4{1.0388}
PF12680,LG+F+I+R4,0.0000,,"(0.0280,0.2611) (0.1979,0.6008) (0.3128,0.8992) (0.4613,1.2845)","LG+F+I{0.0000}+R4{0.0280,0.2611,0.1979,0.6008,0.3128,0.8992,0.4613,1.2845}"
PF12697,LG+F+I+R4,0.0000,,"(0.0171,0.0981) (0.1312,0.3634) (0.3686,0.7879) (0.4831,1.3666)","LG+F+I{0.0000}+R4{0.0171,0.0981,0.1312,0.3634,0.3686,0.7879,0.4831,1.3666}"
PF12701,LG+I+G4,0.0201,1.3684,,LG+I{0.0201}+G4{1.3684}
PF12706,LG+F+I+R4,0.0044,,"(0.0386,0.0806) (0.1267,0.3368) (0.3529,0.7097) (0.4774,1.4742)","LG+F+I{0.0044}+R4{0.0386,0.0806,0.1267,0.3368,0.3529,0.7097,0.4774,1.4742}"
PF12738,LG+I+R3,0.0196,,"(0.0985,0.1142) (0.3776,0.6197) (0.5042,1.4968)","LG+I{0.0196}+R3{0.0985,0.1142,0.3776,0.6197,0.5042,1.4968}"
PF12745,LG+I+R4,0.0000,,"(0.1503,0.1725) (0.3750,0.4843) (0.3179,1.0271) (0.1569,2.9705)","LG+I{0.0000}+R4{0.1503,0.1725,0.3750,0.4843,0.3179,1.0271,0.1569,2.9705}"
PF12752,JTT+I+R4,0.0041,,"(0.0879,0.0418) (0.1256,0.2718) (0.1591,0.5613) (0.6233,1.4004)","JTT+I{0.0041}+R4{0.0879,0.0418,0.1256,0.2718,0.1591,0.5613,0.6233,1.4004}"
PF12763,LG+I+G4,0.0083,1.6603,,LG+I{0.0083}+G4{1.6603}
PF12764,JTT+F+R2,,,"(0.1622,0.0109) (0.8378,1.1915)","JTT+F+R2{0.1622,0.0109,0.8378,1.1915}"
PF12776,LG+I+G4,0.0149,3.2948,,LG+I{0.0149}+G4{3.2948}
PF12812,LG+I+G4,0.0018,2.5106,,LG+I{0.0018}+G4{2.5106}
PF12819,JTT+F+I+G4,0.0140,1.3371,,JTT+F+I{0.0140}+G4{1.3371}
PF12824,LG+I+G4,0.0089,1.7290,,LG+I{0.0089}+G4{1.7290}
PF12838,LG+I+R4,0.0096,,"(0.0366,0.0220) (0.2169,0.4122) (0.2822,0.7594) (0.4547,1.5296)","LG+I{0.0096}+R4{0.0366,0.0220,0.2169,0.4122,0.2822,0.7594,0.4547,1.5296}"
PF12842,LG+I+G4,0.0064,1.7040,,LG+I{0.0064}+G4{1.7040}
PF12848,LG+I+G4,0.0000,2.2924,,LG+I{0.0000}+G4{2.2924}
PF12850,LG+I+R4,0.0134,,"(0.0603,0.0431) (0.0851,0.2862) (0.3816,0.6698) (0.4596,1.5610)","LG+I{0.0134}+R4{0.0603,0.0431,0.0851,0.2862,0.3816,0.6698,0.4596,1.5610}"
PF12861,JTT+G4,,0.5664,,JTT+G4{0.5664}
PF12871,JTT+F+G4,,1.8262,,JTT+F+G4{1.8262}
PF12872,LG+I+G4,0.0000,2.6646,,LG+I{0.0000}+G4{2.6646}
PF12874,LG+I+R4,0.0000,,"(0.1594,0.0019) (0.1209,0.4105) (0.2813,0.9099) (0.4384,1.5834)","LG+I{0.0000}+R4{0.1594,0.0019,0.1209,0.4105,0.2813,0.9099,0.4384,1.5834}"
PF12896,LG+F+I+G4,0.0046,3.0785,,LG+F+I{0.0046}+G4{3.0785}
PF12906,LG+I+G4,0.1493,2.0085,,LG+I{0.1493}+G4{2.0085}
PF12923,LG+I+R4,0.0000,,"(0.0582,0.0927) (0.3028,0.4298) (0.5097,1.2011) (0.1293,1.9518)","LG+I{0.0000}+R4{0.0582,0.0927,0.3028,0.4298,0.5097,1.2011,0.1293,1.9518}"
PF12928,LG+I+R4,0.0069,,"(0.0570,0.0445) (0.1892,0.2065) (0.3788,0.5438) (0.3681,2.0442)","LG+I{0.0069}+R4{0.0570,0.0445,0.1892,0.2065,0.3788,0.5438,0.3681,2.0442}"
PF12932,LG+I+G4,0.0115,1.9920,,LG+I{0.0115}+G4{1.9920}
PF12937,LG+F+I+R4,0.0142,,"(0.1326,0.2045) (0.1163,0.5427) (0.3008,0.8923) (0.4360,1.4708)","LG+F+I{0.0142}+R4{0.1326,0.2045,0.1163,0.5427,0.3008,0.8923,0.4360,1.4708}"
PF12971,LG+I+G4,0.0072,1.4379,,LG+I{0.0072}+G4{1.4379}
PF12972,LG+I+R4,0.0080,,"(0.1074,0.1127) (0.2651,0.4724) (0.2713,0.9813) (0.3482,1.7128)","LG+I{0.0080}+R4{0.1074,0.1127,0.2651,0.4724,0.2713,0.9813,0.3482,1.7128}"
PF13019,LG+F+I+G4,0.0001,1.8696,,LG+F+I{0.0001}+G4{1.8696}
PF13023,LG+I+G4,0.0277,1.7570,,LG+I{0.0277}+G4{1.7570}
PF13085,LG+I+G4,0.0313,1.8004,,LG+I{0.0313}+G4{1.8004}
PF13086,LG+I+R4,0.0155,,"(0.0825,0.0878) (0.1700,0.2839) (0.3595,0.8258) (0.3724,1.7387)","LG+I{0.0155}+R4{0.0825,0.0878,0.1700,0.2839,0.3595,0.8258,0.3724,1.7387}"
PF13087,LG+I+R4,0.0044,,"(0.0740,0.0373) (0.1747,0.2433) (0.1576,0.6337) (0.5893,1.4506)","LG+I{0.0044}+R4{0.0740,0.0373,0.1747,0.2433,0.1576,0.6337,0.5893,1.4506}"
PF13091,LG+I+R4,0.0000,,"(0.0638,0.0964) (0.1931,0.4416) (0.4016,0.8739) (0.3415,1.6326)","LG+I{0.0000}+R4{0.0638,0.0964,0.1931,0.4416,0.4016,0.8739,0.3415,1.6326}"
PF13177,LG+I+G4,0.0429,1.6223,,LG+I{0.0429}+G4{1.6223}
PF13180,LG+I+G4,0.0098,2.2272,,LG+I{0.0098}+G4{2.2272}
PF13191,LG+F+I+R4,0.0000,,"(0.0274,0.0864) (0.1431,0.3947) (0.3871,0.8075) (0.4424,1.4209)","LG+F+I{0.0000}+R4{0.0274,0.0864,0.1431,0.3947,0.3871,0.8075,0.4424,1.4209}"
PF13193,LG+I+R4,0.0000,,"(0.0638,0.1258) (0.3212,0.3770) (0.3578,0.9701) (0.2571,2.0369)","LG+I{0.0000}+R4{0.0638,0.1258,0.3212,0.3770,0.3578,0.9701,0.2571,2.0369}"
PF13202,LG+I+G4,0.0393,1.5115,,LG+I{0.0393}+G4{1.5115}
PF13225,LG+I+G4,0.0945,1.2416,,LG+I{0.0945}+G4{1.2416}
PF13234,LG+I+R4,0.0000,,"(0.0356,0.1866) (0.2416,0.4441) (0.3673,0.8627) (0.3554,1.6014)","LG+I{0.0000}+R4{0.0356,0.1866,0.2416,0.4441,0.3673,0.8627,0.3554,1.6014}"
PF13236,LG+I+R4,0.0000,,"(0.1229,0.1683) (0.2317,0.4636) (0.3601,0.9222) (0.2854,1.8916)","LG+I{0.0000}+R4{0.1229,0.1683,0.2317,0.4636,0.3601,0.9222,0.2854,1.8916}"
PF13237,LG+I+R3,0.0854,,"(0.0351,0.0861) (0.2591,0.6081) (0.6204,1.3530)","LG+I{0.0854}+R3{0.0351,0.0861,0.2591,0.6081,0.6204,1.3530}"
PF13238,LG+I+R4,0.0000,,"(0.0280,0.0393) (0.1393,0.3174) (0.3905,0.7492) (0.4423,1.4972)","LG+I{0.0000}+R4{0.0280,0.0393,0.1393,0.3174,0.3905,0.7492,0.4423,1.4972}"
PF13242,LG+I+R4,0.0159,,"(0.1812,0.2017) (0.2075,0.5546) (0.2594,1.0514) (0.3361,1.7129)","LG+I{0.0159}+R4{0.1812,0.2017,0.2075,0.5546,0.2594,1.0514,0.3361,1.7129}"
PF13259,JTT+F+I+R4,0.0131,,"(0.0938,0.0809) (0.2742,0.2941) (0.2174,0.7102) (0.4015,1.8863)","JTT+F+I{0.0131}+R4{0.0938,0.0809,0.2742,0.2941,0.2174,0.7102,0.4015,1.8863}"
PF13279,LG+I+G4,0.0000,2.6641,,LG+I{0.0000}+G4{2.6641}
PF13288,LG+I+R4,0.0000,,"(0.1073,0.0668) (0.2245,0.3324) (0.1995,0.8178) (0.4687,1.6111)","LG+I{0.0000}+R4{0.1073,0.0668,0.2245,0.3324,0.1995,0.8178,0.4687,1.6111}"
PF13297,LG+I+G4,0.0617,1.1081,,LG+I{0.0617}+G4{1.1081}
PF13302,LG+F+I+R4,0.0000,,"(0.0237,0.0643) (0.1028,0.2977) (0.2892,0.6772) (0.5843,1.3213)","LG+F+I{0.0000}+R4{0.0237,0.0643,0.1028,0.2977,0.2892,0.6772,0.5843,1.3213}"
PF13307,LG+I+R4,0.0147,,"(0.0421,0.0609) (0.1640,0.2758) (0.3119,0.6777) (0.4673,1.5853)","LG+I{0.0147}+R4{0.0421,0.0609,0.1640,0.2758,0.3119,0.6777,0.4673,1.5853}"
PF13320,LG+I+G4,0.0128,2.4106,,LG+I{0.0128}+G4{2.4106}
PF13324,JTT+R3,,,"(0.0539,0.0924) (0.3037,0.5366) (0.6424,1.2953)","JTT+R3{0.0539,0.0924,0.3037,0.5366,0.6424,1.2953}"
PF13344,LG+I+R4,0.0059,,"(0.0488,0.1201) (0.2182,0.4203) (0.3538,0.8188) (0.3733,1.6412)","LG+I{0.0059}+R4{0.0488,0.1201,0.2182,0.4203,0.3538,0.8188,0.3733,1.6412}"
PF13355,LG+F+I+R4,0.0019,,"(0.0583,0.0380) (0.2273,0.4151) (0.3430,0.9613) (0.3695,1.5526)","LG+F+I{0.0019}+R4{0.0583,0.0380,0.2273,0.4151,0.3430,0.9613,0.3695,1.5526}"
PF13359,LG+I+G4,0.0000,1.7814,,LG+I{0.0000}+G4{1.7814}
PF13361,LG+F+I+G4,0.0308,1.3957,,LG+F+I{0.0308}+G4{1.3957}
PF13365,LG+F+I+R4,0.0000,,"(0.0436,0.1085) (0.1135,0.3423) (0.2025,0.6626) (0.6405,1.2838)","LG+F+I{0.0000}+R4{0.0436,0.1085,0.1135,0.3423,0.2025,0.6626,0.6405,1.2838}"
PF13368,LG+I+R4,0.0233,,"(0.0244,0.1055) (0.1996,0.4201) (0.3257,0.8753) (0.4270,1.4720)","LG+I{0.0233}+R4{0.0244,0.1055,0.1996,0.4201,0.3257,0.8753,0.4270,1.4720}"
PF13370,LG+I+G4,0.0433,1.4498,,LG+I{0.0433}+G4{1.4498}
PF13378,LG+F+I+R4,0.0036,,"(0.0748,0.1099) (0.1830,0.4457) (0.3536,0.8155) (0.3851,1.6151)","LG+F+I{0.0036}+R4{0.0748,0.1099,0.1830,0.4457,0.3536,0.8155,0.3851,1.6151}"
PF13385,LG+F+I+R4,0.0000,,"(0.0956,0.2144) (0.1200,0.4811) (0.3913,0.8716) (0.3931,1.4772)","LG+F+I{0.0000}+R4{0.0956,0.2144,0.1200,0.4811,0.3913,0.8716,0.3931,1.4772}"
PF13393,LG+F+I+R4,0.0062,,"(0.0994,0.0873) (0.2488,0.3665) (0.4066,0.8577) (0.2390,2.3067)","LG+F+I{0.0062}+R4{0.0994,0.0873,0.2488,0.3665,0.4066,0.8577,0.2390,2.3067}"
PF13401,LG+I+R4,0.0000,,"(0.0446,0.0852) (0.1528,0.3805) (0.3136,0.7431) (0.4890,1.4418)","LG+I{0.0000}+R4{0.0446,0.0852,0.1528,0.3805,0.3136,0.7431,0.4890,1.4418}"
PF13405,LG+I+R4,0.0000,,"(0.0647,0.1244) (0.1530,0.5162) (0.2694,0.7750) (0.5129,1.3730)","LG+I{0.0000}+R4{0.0647,0.1244,0.1530,0.5162,0.2694,0.7750,0.5129,1.3730}"
PF13409,LG+F+I+R4,0.0070,,"(0.0208,0.1021) (0.1250,0.3251) (0.3291,0.7151) (0.5181,1.3933)","LG+F+I{0.0070}+R4{0.0208,0.1021,0.1250,0.3251,0.3291,0.7151,0.5181,1.3933}"
PF13410,LG+F+I+R4,0.0000,,"(0.0327,0.2351) (0.2061,0.4909) (0.3362,0.9091) (0.4250,1.3777)","LG+F+I{0.0000}+R4{0.0327,0.2351,0.2061,0.4909,0.3362,0.9091,0.4250,1.3777}"
PF13417,LG+I+R4,0.0000,,"(0.0585,0.0654) (0.1458,0.3633) (0.5000,0.8641) (0.2957,1.7288)","LG+I{0.0000}+R4{0.0585,0.0654,0.1458,0.3633,0.5000,0.8641,0.2957,1.7288}"
PF13426,LG+I+R4,0.0000,,"(0.0231,0.1048) (0.2153,0.4952) (0.4589,0.8817) (0.3028,1.6063)","LG+I{0.0000}+R4{0.0231,0.1048,0.2153,0.4952,0.4589,0.8817,0.3028,1.6063}"
PF13439,LG+F+I+R4,0.0030,,"(0.0804,0.1843) (0.1295,0.4119) (0.2324,0.7563) (0.5548,1.3629)","LG+F+I{0.0030}+R4{0.0804,0.1843,0.1295,0.4119,0.2324,0.7563,0.5548,1.3629}"
PF13442,LG+I+R4,0.0230,,"(0.0078,0.0411) (0.1753,0.4051) (0.3626,0.8529) (0.4313,1.4360)","LG+I{0.0230}+R4{0.0078,0.0411,0.1753,0.4051,0.3626,0.8529,0.4313,1.4360}"
PF13445,LG+I+R4,0.0000,,"(0.1089,0.0324) (0.1783,0.3504) (0.3598,0.9038) (0.3531,1.7244)","LG+I{0.0000}+R4{0.1089,0.0324,0.1783,0.3504,0.3598,0.9038,0.3531,1.7244}"
PF13450,LG+I+G4,0.0093,2.7494,,LG+I{0.0093}+G4{2.7494}
PF13456,LG+I+G4,0.0000,1.9587,,LG+I{0.0000}+G4{1.9587}
PF13460,LG+F+I+R4,0.0000,,"(0.1070,0.2013) (0.2150,0.4814) (0.3572,0.9964) (0.3207,1.6182)","LG+F+I{0.0000}+R4{0.1070,0.2013,0.2150,0.4814,0.3572,0.9964,0.3207,1.6182}"
PF13469,LG+F+I+R4,0.0031,,"(0.0445,0.1131) (0.1983,0.3764) (0.3351,0.8093) (0.4191,1.5488)","LG+F+I{0.0031}+R4{0.0445,0.1131,0.1983,0.3764,0.3351,0.8093,0.4191,1.5488}"
PF13472,LG+F+I+R4,0.0021,,"(0.0161,0.0279) (0.0986,0.3006) (0.2358,0.6754) (0.6474,1.2521)","LG+F+I{0.0021}+R4{0.0161,0.0279,0.0986,0.3006,0.2358,0.6754,0.6474,1.2521}"
PF13474,LG+I+G4,0.0077,3.2853,,LG+I{0.0077}+G4{3.2853}
PF13476,LG+F+I+R4,0.0000,,"(0.0555,0.1076) (0.1354,0.4018) (0.4178,0.7391) (0.3913,1.6123)","LG+F+I{0.0000}+R4{0.0555,0.1076,0.1354,0.4018,0.4178,0.7391,0.3913,1.6123}"
PF13481,LG+F+I+R3,0.0042,,"(0.0559,0.1280) (0.4388,0.5950) (0.5011,1.4603)","LG+F+I{0.0042}+R3{0.0559,0.1280,0.4388,0.5950,0.5011,1.4603}"
PF13483,LG+I+G4,0.0000,1.4952,,LG+I{0.0000}+G4{1.4952}
PF13489,LG+I+G4,0.0000,2.1025,,LG+I{0.0000}+G4{2.1025}
PF13499,LG+I+R4,0.0000,,"(0.0666,0.1930) (0.1862,0.4864) (0.2925,0.8847) (0.4547,1.4027)","LG+I{0.0000}+R4{0.0666,0.1930,0.1862,0.4864,0.2925,0.8847,0.4547,1.4027}"
PF13500,LG+I+G4,0.0024,2.2701,,LG+I{0.0024}+G4{2.2701}
PF13506,LG+F+I+G4,0.0194,1.9639,,LG+F+I{0.0194}+G4{1.9639}
PF13507,LG+I+R4,0.0043,,"(0.1041,0.0680) (0.3162,0.3458) (0.2557,0.8472) (0.3197,2.0860)","LG+I{0.0043}+R4{0.1041,0.0680,0.3162,0.3458,0.2557,0.8472,0.3197,2.0860}"
PF13508,LG+F+I+R4,0.0000,,"(0.0676,0.1870) (0.0965,0.4706) (0.4056,0.8492) (0.4303,1.3887)","LG+F+I{0.0000}+R4{0.0676,0.1870,0.0965,0.4706,0.4056,0.8492,0.4303,1.3887}"
PF13510,LG+I+G4,0.0000,1.6293,,LG+I{0.0000}+G4{1.6293}
PF13519,LG+I+R4,0.0000,,"(0.0320,0.0885) (0.1171,0.3712) (0.2903,0.7223) (0.5606,1.3271)","LG+I{0.0000}+R4{0.0320,0.0885,0.1171,0.3712,0.2903,0.7223,0.5606,1.3271}"
PF13522,LG+I+G4,0.0056,1.3389,,LG+I{0.0056}+G4{1.3389}
PF13532,LG+I+R4,0.0101,,"(0.0351,0.0613) (0.1097,0.2703) (0.3588,0.7292) (0.4863,1.4528)","LG+I{0.0101}+R4{0.0351,0.0613,0.1097,0.2703,0.3588,0.7292,0.4863,1.4528}"
PF13534,LG+I+R4,0.0300,,"(0.0318,0.0444) (0.5593,0.4776) (0.2724,1.1595) (0.1066,3.9007)","LG+I{0.0300}+R4{0.0318,0.0444,0.5593,0.4776,0.2724,1.1595,0.1066,3.9007}"
PF13537,LG+I+R4,0.0047,,"(0.1144,0.0605) (0.2886,0.3386) (0.2804,0.9282) (0.3120,2.0358)","LG+I{0.0047}+R4{0.1144,0.0605,0.2886,0.3386,0.2804,0.9282,0.3120,2.0358}"
PF13541,LG+I+G4,0.0048,0.9590,,LG+I{0.0048}+G4{0.9590}
PF13558,LG+I+G4,0.0187,1.3099,,LG+I{0.0187}+G4{1.3099}
PF13561,LG+F+I+R4,0.0069,,"(0.1415,0.1535) (0.2486,0.4998) (0.2984,0.9886) (0.3045,1.8357)","LG+F+I{0.0069}+R4{0.1415,0.1535,0.2486,0.4998,0.2984,0.9886,0.3045,1.8357}"
PF13578,LG+F+I+R4,0.0087,,"(0.0266,0.0774) (0.1343,0.3202) (0.3839,0.7503) (0.4464,1.4937)","LG+F+I{0.0087}+R4{0.0266,0.0774,0.1343,0.3202,0.3839,0.7503,0.4464,1.4937}"
PF13579,LG+F+I+R4,0.0000,,"(0.0521,0.2250) (0.1718,0.4271) (0.3277,0.8040) (0.4484,1.4528)","LG+F+I{0.0000}+R4{0.0521,0.2250,0.1718,0.4271,0.3277,0.8040,0.4484,1.4528}"
PF13589,LG+I+R3,0.0158,,"(0.0886,0.0862) (0.4750,0.5134) (0.4206,1.7796)","LG+I{0.0158}+R3{0.0886,0.0862,0.4750,0.5134,0.4206,1.7796}"
PF13593,LG+F+I+G4,0.0098,1.6556,,LG+F+I{0.0098}+G4{1.6556}
PF13602,LG+I+R4,0.0000,,"(0.0461,0.1132) (0.2068,0.4297) (0.3978,0.8913) (0.3494,1.5783)","LG+I{0.0000}+R4{0.0461,0.1132,0.2068,0.4297,0.3978,0.8913,0.3494,1.5783}"
PF13603,LG+I+G4,0.0128,0.9826,,LG+I{0.0128}+G4{0.9826}
PF13616,LG+I+G4,0.0086,2.4073,,LG+I{0.0086}+G4{2.4073}
PF13621,LG+I+R4,0.0000,,"(0.0289,0.0397) (0.1567,0.2921) (0.4487,0.7298) (0.3658,1.7105)","LG+I{0.0000}+R4{0.0289,0.0397,0.1567,0.2921,0.4487,0.7298,0.3658,1.7105}"
PF13622,LG+F+I+G4,0.0000,2.4171,,LG+F+I{0.0000}+G4{2.4171}
PF13625,LG+F+I+G4,0.0000,1.5576,,LG+F+I{0.0000}+G4{1.5576}
PF13632,LG+F+I+R4,0.0000,,"(0.0549,0.1014) (0.2542,0.3215) (0.3809,0.7560) (0.3100,2.0153)","LG+F+I{0.0000}+R4{0.0549,0.1014,0.2542,0.3215,0.3809,0.7560,0.3100,2.0153}"
PF13638,LG+I+R4,0.0016,,"(0.0294,0.0276) (0.1457,0.2107) (0.2803,0.5715) (0.5430,1.4886)","LG+I{0.0016}+R4{0.0294,0.0276,0.1457,0.2107,0.2803,0.5715,0.5430,1.4886}"
PF13639,LG+I+R4,0.0063,,"(0.0664,0.0074) (0.0854,0.1667) (0.2706,0.7394) (0.5712,1.3747)","LG+I{0.0063}+R4{0.0664,0.0074,0.0854,0.1667,0.2706,0.7394,0.5712,1.3747}"
PF13640,LG+I+R4,0.0000,,"(0.0355,0.0197) (0.1248,0.1976) (0.4162,0.7113) (0.4235,1.6022)","LG+I{0.0000}+R4{0.0355,0.0197,0.1248,0.1976,0.4162,0.7113,0.4235,1.6022}"
PF13649,LG+I+R4,0.0115,,"(0.1460,0.2353) (0.3276,0.6149) (0.1923,1.0508) (0.3226,1.7423)","LG+I{0.0115}+R4{0.1460,0.2353,0.3276,0.6149,0.1923,1.0508,0.3226,1.7423}"
PF13656,LG+I+R4,0.0000,,"(0.0868,0.0865) (0.2357,0.4528) (0.3890,0.8600) (0.2885,1.9109)","LG+I{0.0000}+R4{0.0868,0.0865,0.2357,0.4528,0.3890,0.8600,0.2885,1.9109}"
PF13662,LG+I+G4,0.0093,1.7205,,LG+I{0.0093}+G4{1.7205}
PF13664,LG+F+I+G4,0.0000,1.9283,,LG+F+I{0.0000}+G4{1.9283}
PF13668,LG+F+I+R4,0.0000,,"(0.0726,0.0896) (0.2399,0.3560) (0.3527,0.9164) (0.3349,1.7466)","LG+F+I{0.0000}+R4{0.0726,0.0896,0.2399,0.3560,0.3527,0.9164,0.3349,1.7466}"
PF13671,LG+F+I+G4,0.0109,2.1077,,LG+F+I{0.0109}+G4{2.1077}
PF13673,LG+I+R3,0.0000,,"(0.0970,0.1449) (0.4054,0.6324) (0.4976,1.4661)","LG+I{0.0000}+R3{0.0970,0.1449,0.4054,0.6324,0.4976,1.4661}"
PF13676,LG+I+R4,0.0000,,"(0.0692,0.1782) (0.1862,0.4310) (0.2914,0.8751) (0.4532,1.4396)","LG+I{0.0000}+R4{0.0692,0.1782,0.1862,0.4310,0.2914,0.8751,0.4532,1.4396}"
PF13679,LG+I+R4,0.0330,,"(0.1188,0.0893) (0.2439,0.2516) (0.2820,0.7456) (0.3224,2.2265)","LG+I{0.0330}+R4{0.1188,0.0893,0.2439,0.2516,0.2820,0.7456,0.3224,2.2265}"
PF13691,LG+I+G4,0.0000,2.6031,,LG+I{0.0000}+G4{2.6031}
PF13692,LG+I+R4,0.0000,,"(0.1464,0.2671) (0.2655,0.5479) (0.2520,1.0049) (0.3361,1.6728)","LG+I{0.0000}+R4{0.1464,0.2671,0.2655,0.5479,0.2520,1.0049,0.3361,1.6728}"
PF13696,LG+I+G4,0.0528,0.6944,,LG+I{0.0528}+G4{0.6944}
PF13713,JTT+G4,,5.4379,,JTT+G4{5.4379}
PF13714,LG+F+I+R4,0.0149,,"(0.1199,0.1296) (0.2040,0.4278) (0.2703,0.8389) (0.3909,1.7151)","LG+F+I{0.0149}+R4{0.1199,0.1296,0.2040,0.4278,0.2703,0.8389,0.3909,1.7151}"
PF13716,LG+I+G4,0.0000,4.4453,,LG+I{0.0000}+G4{4.4453}
PF13720,LG+I+R4,0.0077,,"(0.0562,0.0913) (0.2207,0.4147) (0.2395,0.7615) (0.4760,1.5147)","LG+I{0.0077}+R4{0.0562,0.0913,0.2207,0.4147,0.2395,0.7615,0.4760,1.5147}"
PF13724,JTT+G4,,1.6551,,JTT+G4{1.6551}
PF13740,LG+I+G4,0.0081,2.7685,,LG+I{0.0081}+G4{2.7685}
PF13768,LG+I+G4,0.0005,4.1755,,LG+I{0.0005}+G4{4.1755}
PF13771,LG+I+R4,0.0232,,"(0.0662,0.0126) (0.1401,0.3289) (0.2778,0.7683) (0.4926,1.5013)","LG+I{0.0232}+R4{0.0662,0.0126,0.1401,0.3289,0.2778,0.7683,0.4926,1.5013}"
PF13774,LG+I+R4,0.0000,,"(0.0688,0.2341) (0.3639,0.5925) (0.2941,0.9671) (0.2731,1.7714)","LG+I{0.0000}+R4{0.0688,0.2341,0.3639,0.5925,0.2941,0.9671,0.2731,1.7714}"
PF13793,LG+I+G4,0.0065,1.1579,,LG+I{0.0065}+G4{1.1579}
PF13802,LG+F+I+R4,0.0000,,"(0.0355,0.0858) (0.1961,0.3175) (0.3008,0.6974) (0.4676,1.5504)","LG+F+I{0.0000}+R4{0.0355,0.0858,0.1961,0.3175,0.3008,0.6974,0.4676,1.5504}"
PF13806,LG+I+G4,0.0228,1.5016,,LG+I{0.0228}+G4{1.5016}
PF13821,LG+I+G4,0.0905,1.0938,,LG+I{0.0905}+G4{1.0938}
PF13832,LG+I+G4,0.0832,1.6737,,LG+I{0.0832}+G4{1.6737}
PF13833,LG+I+G4,0.0000,3.0529,,LG+I{0.0000}+G4{3.0529}
PF13837,LG+I+G4,0.0000,2.1944,,LG+I{0.0000}+G4{2.1944}
PF13847,LG+I+G4,0.0000,1.8263,,LG+I{0.0000}+G4{1.8263}
PF13848,LG+F+I+R3,0.0000,,"(0.0414,0.2507) (0.2816,0.6034) (0.6770,1.2108)","LG+F+I{0.0000}+R3{0.0414,0.2507,0.2816,0.6034,0.6770,1.2108}"
PF13850,LG+F+I+R4,0.0081,,"(0.1300,0.1974) (0.2386,0.5455) (0.4357,1.0987) (0.1877,1.9477)","LG+F+I{0.0081}+R4{0.1300,0.1974,0.2386,0.5455,0.4357,1.0987,0.1877,1.9477}"
PF13869,LG+I+G4,0.0172,2.4537,,LG+I{0.0172}+G4{2.4537}
PF13871,LG+I+G4,0.0508,1.0042,,LG+I{0.0508}+G4{1.0042}
PF13872,LG+I+G4,0.0418,1.1437,,LG+I{0.0418}+G4{1.1437}
PF13874,LG+I+R4,0.0000,,"(0.0610,0.1321) (0.2902,0.5778) (0.3599,1.0140) (0.2889,1.5899)","LG+I{0.0000}+R4{0.0610,0.1321,0.2902,0.5778,0.3599,1.0140,0.2889,1.5899}"
PF13877,LG+I+R4,0.0000,,"(0.0370,0.1622) (0.3173,0.4649) (0.3152,0.9601) (0.3305,1.6454)","LG+I{0.0000}+R4{0.0370,0.1622,0.3173,0.4649,0.3152,0.9601,0.3305,1.6454}"
PF13878,LG+I+R4,0.0474,,"(0.0910,0.0684) (0.1122,0.3607) (0.2048,0.8143) (0.5447,1.4441)","LG+I{0.0474}+R4{0.0910,0.0684,0.1122,0.3607,0.2048,0.8143,0.5447,1.4441}"
PF13880,LG+I+G4,0.0109,1.5340,,LG+I{0.0109}+G4{1.5340}
PF13881,JTT+G4,,1.7168,,JTT+G4{1.7168}
PF13883,LG+I+G4,0.0111,1.8702,,LG+I{0.0111}+G4{1.8702}
PF13891,JTT+I+R3,0.0857,,"(0.0693,0.1005) (0.1347,0.5295) (0.7103,1.2976)","JTT+I{0.0857}+R3{0.0693,0.1005,0.1347,0.5295,0.7103,1.2976}"
PF13892,LG+I+R4,0.0000,,"(0.1312,0.0544) (0.3014,0.5025) (0.3403,1.0665) (0.2271,2.1070)","LG+I{0.0000}+R4{0.1312,0.0544,0.3014,0.5025,0.3403,1.0665,0.2271,2.1070}"
PF13893,JTT+G4,,1.1811,,JTT+G4{1.1811}
PF13894,LG+I+R4,0.0000,,"(0.1145,0.0131) (0.2028,0.4995) (0.2183,0.9927) (0.4644,1.4653)","LG+I{0.0000}+R4{0.1145,0.0131,0.2028,0.4995,0.2183,0.9927,0.4644,1.4653}"
PF13898,LG+I+G4,0.0136,1.6268,,LG+I{0.0136}+G4{1.6268}
PF13899,LG+I+G4,0.0000,4.9057,,LG+I{0.0000}+G4{4.9057}
PF13901,LG+I+R4,0.0513,,"(0.1012,0.1365) (0.1518,0.3993) (0.3426,0.8620) (0.3531,1.7850)","LG+I{0.0513}+R4{0.1012,0.1365,0.1518,0.3993,0.3426,0.8620,0.3531,1.7850}"
PF13902,LG+I+R4,0.0000,,"(0.0282,0.0589) (0.4126,0.4415) (0.3462,0.9331) (0.2130,2.3157)","LG+I{0.0000}+R4{0.0282,0.0589,0.4126,0.4415,0.3462,0.9331,0.2130,2.3157}"
PF13905,LG+I+G4,0.0000,3.4714,,LG+I{0.0000}+G4{3.4714}
PF13906,LG+F+I+G4,0.0071,1.3645,,LG+F+I{0.0071}+G4{1.3645}
PF13911,LG+I+R4,0.0000,,"(0.0475,0.1296) (0.2508,0.4240) (0.4317,0.8962) (0.2700,1.8541)","LG+I{0.0000}+R4{0.0475,0.1296,0.2508,0.4240,0.4317,0.8962,0.2700,1.8541}"
PF13912,LG+I+G4,0.1033,0.6819,,LG+I{0.1033}+G4{0.6819}
PF13917,LG+I+G4,0.0762,1.7064,,LG+I{0.0762}+G4{1.7064}
PF13920,LG+I+R4,0.0294,,"(0.1215,0.0066) (0.0956,0.3596) (0.3488,0.8208) (0.4048,1.6763)","LG+I{0.0294}+R4{0.1215,0.0066,0.0956,0.3596,0.3488,0.8208,0.4048,1.6763}"
PF13921,LG+I+G4,0.0000,3.2626,,LG+I{0.0000}+G4{3.2626}
PF13923,LG+I+G4,0.1904,2.3688,,LG+I{0.1904}+G4{2.3688}
PF13925,LG+I+G4,0.0111,3.2262,,LG+I{0.0111}+G4{3.2262}
PF13932,LG+I+G4,0.0000,0.7658,,LG+I{0.0000}+G4{0.7658}
PF13943,LG+I+G4,0.0436,1.1976,,LG+I{0.0436}+G4{1.1976}
PF13947,JTT+I+R4,0.0059,,"(0.0406,0.0385) (0.0767,0.2858) (0.1796,0.6375) (0.6971,1.2365)","JTT+I{0.0059}+R4{0.0406,0.0385,0.0767,0.2858,0.1796,0.6375,0.6971,1.2365}"
PF13949,LG+I+R4,0.0000,,"(0.0810,0.1830) (0.2560,0.5291) (0.3702,0.9981) (0.2928,1.6400)","LG+I{0.0000}+R4{0.0810,0.1830,0.2560,0.5291,0.3702,0.9981,0.2928,1.6400}"
PF13959,LG+I+G4,0.0000,1.7869,,LG+I{0.0000}+G4{1.7869}
PF13962,LG+I+G4,0.0080,1.5102,,LG+I{0.0080}+G4{1.5102}
PF13966,LG+I+R4,0.0000,,"(0.0832,0.0592) (0.2387,0.3719) (0.3552,0.8289) (0.3230,1.8945)","LG+I{0.0000}+R4{0.0832,0.0592,0.2387,0.3719,0.3552,0.8289,0.3230,1.8945}"
PF14008,LG+I+G4,0.0000,1.1200,,LG+I{0.0000}+G4{1.1200}
PF14009,JTT+F+I+R4,0.0079,,"(0.0876,0.1317) (0.3607,0.4173) (0.3219,0.9662) (0.2219,2.3746)","JTT+F+I{0.0079}+R4{0.0876,0.1317,0.3607,0.4173,0.3219,0.9662,0.2219,2.3746}"
PF14111,LG+I+G4,0.0000,3.9697,,LG+I{0.0000}+G4{3.9697}
PF14159,LG+F+I+R4,0.0000,,"(0.0625,0.0440) (0.2885,0.5206) (0.4868,1.0825) (0.1622,1.9741)","LG+F+I{0.0000}+R4{0.0625,0.0440,0.2885,0.5206,0.4868,1.0825,0.1622,1.9741}"
PF14204,LG+F+I+R4,0.0000,,"(0.0753,0.1389) (0.2045,0.3875) (0.3949,0.9389) (0.3253,1.6585)","LG+F+I{0.0000}+R4{0.0753,0.1389,0.2045,0.3875,0.3949,0.9389,0.3253,1.6585}"
PF14214,LG+I+R4,0.0115,,"(0.1211,0.1825) (0.2507,0.5286) (0.4193,1.0826) (0.1974,1.9827)","LG+I{0.0115}+R4{0.1211,0.1825,0.2507,0.5286,0.4193,1.0826,0.1974,1.9827}"
PF14237,LG+I+R4,0.0000,,"(0.1364,0.1450) (0.2148,0.4823) (0.2920,0.9766) (0.3568,1.6576)","LG+I{0.0000}+R4{0.1364,0.1450,0.2148,0.4823,0.2920,0.9766,0.3568,1.6576}"
PF14260,LG+I+R4,0.0000,,"(0.0628,0.0058) (0.0716,0.2461) (0.3932,0.6963) (0.4724,1.4991)","LG+I{0.0000}+R4{0.0628,0.0058,0.0716,0.2461,0.3932,0.6963,0.4724,1.4991}"
PF14279,LG+I+G4,0.0738,1.7716,,LG+I{0.0738}+G4{1.7716}
PF14295,LG+I+G4,0.0648,2.4325,,LG+I{0.0648}+G4{2.4325}
PF14304,LG+F+I+G4,0.0639,2.1991,,LG+F+I{0.0639}+G4{2.1991}
PF14306,LG+I+G4,0.0197,1.4355,,LG+I{0.0197}+G4{1.4355}
PF14308,LG+I+G4,0.0000,1.8170,,LG+I{0.0000}+G4{1.8170}
PF14360,LG+F+I+R4,0.0000,,"(0.0934,0.0180) (0.1579,0.2643) (0.3055,0.6852) (0.4432,1.6860)","LG+F+I{0.0000}+R4{0.0934,0.0180,0.1579,0.2643,0.3055,0.6852,0.4432,1.6860}"
PF14369,JTT+G4,,1.5043,,JTT+G4{1.5043}
PF14374,LG+I+G4,0.0313,1.1179,,LG+I{0.0313}+G4{1.1179}
PF14380,JTT+I+R3,0.0564,,"(0.1216,0.2296) (0.3407,0.7199) (0.4814,1.5099)","JTT+I{0.0564}+R3{0.1216,0.2296,0.3407,0.7199,0.4814,1.5099}"
PF14381,JTT+I+G4,0.0491,1.6045,,JTT+I{0.0491}+G4{1.6045}
PF14382,LG+I+G4,0.0357,1.1808,,LG+I{0.0357}+G4{1.1808}
PF14383,JTT+G4,,0.6653,,JTT+G4{0.6653}
PF14392,JTT+I+G4,0.0923,3.2850,,JTT+I{0.0923}+G4{3.2850}
PF14413,LG+I+G4,0.0537,0.7924,,LG+I{0.0537}+G4{0.7924}
PF14416,LG+I+R4,0.0367,,"(0.0982,0.0589) (0.2861,0.4584) (0.3024,1.1055) (0.2767,1.9109)","LG+I{0.0367}+R4{0.0982,0.0589,0.2861,0.4584,0.3024,1.1055,0.2767,1.9109}"
PF14429,LG+F+I+R4,0.0000,,"(0.0683,0.1492) (0.2620,0.4487) (0.3146,0.9059) (0.3551,1.6538)","LG+F+I{0.0000}+R4{0.0683,0.1492,0.2620,0.4487,0.3146,0.9059,0.3551,1.6538}"
PF14432,LG+I,0.2671,,,LG+I{0.2671}
PF14438,LG+I+G4,0.0193,3.2577,,LG+I{0.0193}+G4{3.2577}
PF14443,LG+I+G4,0.0140,1.3668,,LG+I{0.0140}+G4{1.3668}
PF14492,LG+I+G4,0.0000,1.8100,,LG+I{0.0000}+G4{1.8100}
PF14493,LG+I+R4,0.0000,,"(0.0697,0.1342) (0.1275,0.4047) (0.3595,0.7886) (0.4433,1.4788)","LG+I{0.0000}+R4{0.0697,0.1342,0.1275,0.4047,0.3595,0.7886,0.4433,1.4788}"
PF14497,LG+I+R4,0.0000,,"(0.0347,0.1642) (0.1788,0.4456) (0.4202,0.9047) (0.3663,1.4590)","LG+I{0.0000}+R4{0.0347,0.1642,0.1788,0.4456,0.4202,0.9047,0.3663,1.4590}"
PF14498,LG+F+I+R3,0.0054,,"(0.0968,0.1562) (0.3234,0.5850) (0.5743,1.3854)","LG+F+I{0.0054}+R3{0.0968,0.1562,0.3234,0.5850,0.5743,1.3854}"
PF14500,LG+I+R4,0.0158,,"(0.1344,0.2150) (0.3245,0.6204) (0.2771,1.0672) (0.2483,1.9097)","LG+I{0.0158}+R4{0.1344,0.2150,0.3245,0.6204,0.2771,1.0672,0.2483,1.9097}"
PF14510,LG+F+I+G4,0.0000,1.1567,,LG+F+I{0.0000}+G4{1.1567}
PF14520,LG+I+G4,0.0000,2.0960,,LG+I{0.0000}+G4{2.0960}
PF14523,LG+F+I+R4,0.0000,,"(0.0956,0.2628) (0.4132,0.5512) (0.2443,0.9970) (0.2469,2.0398)","LG+F+I{0.0000}+R4{0.0956,0.2628,0.4132,0.5512,0.2443,0.9970,0.2469,2.0398}"
PF14538,LG+I+G4,0.0000,1.4962,,LG+I{0.0000}+G4{1.4962}
PF14541,LG+I+G4,0.0103,1.7296,,LG+I{0.0103}+G4{1.7296}
PF14542,LG+F+I+R4,0.0000,,"(0.1271,0.1632) (0.2751,0.4906) (0.3767,1.0378) (0.2210,2.0509)","LG+F+I{0.0000}+R4{0.1271,0.1632,0.2751,0.4906,0.3767,1.0378,0.2210,2.0509}"
PF14543,JTT+I+R4,0.0036,,"(0.1180,0.1307) (0.2521,0.5228) (0.3111,1.0187) (0.3151,1.7005)","JTT+I{0.0036}+R4{0.1180,0.1307,0.2521,0.5228,0.3111,1.0187,0.3151,1.7005}"
PF14547,LG+I+G4,0.0798,4.0717,,LG+I{0.0798}+G4{4.0717}
PF14551,LG+I+G4,0.0000,1.9912,,LG+I{0.0000}+G4{1.9912}
PF14555,LG+I+R4,0.0000,,"(0.1002,0.1296) (0.3225,0.6607) (0.3729,1.0396) (0.2043,1.8902)","LG+I{0.0000}+R4{0.1002,0.1296,0.3225,0.6607,0.3729,1.0396,0.2043,1.8902}"
PF14560,LG+I+G4,0.0000,1.9813,,LG+I{0.0000}+G4{1.9813}
PF14566,LG+I+G4,0.0088,1.5874,,LG+I{0.0088}+G4{1.5874}
PF14569,JTT+G4,,1.4834,,JTT+G4{1.4834}
PF14570,LG+I+G4,0.0405,0.7990,,LG+I{0.0405}+G4{0.7990}
PF14572,LG+I+G4,0.1241,0.8536,,LG+I{0.1241}+G4{0.8536}
PF14578,LG+I+G4,0.0004,1.2791,,LG+I{0.0004}+G4{1.2791}
PF14593,LG+I+G4,0.0010,1.2261,,LG+I{0.0010}+G4{1.2261}
PF14599,LG+I+G4,0.0951,1.3520,,LG+I{0.0951}+G4{1.3520}
PF14604,LG+I+G4,0.0080,2.5188,,LG+I{0.0080}+G4{2.5188}
PF14608,LG+I+G4,0.1538,2.7371,,LG+I{0.1538}+G4{2.7371}
PF14619,LG+I+G4,0.0397,1.5114,,LG+I{0.0397}+G4{1.5114}
PF14624,LG+I+G4,0.0009,1.1492,,LG+I{0.0009}+G4{1.1492}
PF14630,LG+F+I+R4,0.0037,,"(0.0981,0.1361) (0.2965,0.3931) (0.3335,0.9102) (0.2682,2.1126)","LG+F+I{0.0037}+R4{0.0981,0.1361,0.2965,0.3931,0.3335,0.9102,0.2682,2.1126}"
PF14633,LG+I+R4,0.0076,,"(0.1045,0.0923) (0.3643,0.4885) (0.4159,1.2784) (0.1077,2.6073)","LG+I{0.0076}+R4{0.1045,0.0923,0.3643,0.4885,0.4159,1.2784,0.1077,2.6073}"
PF14634,JTT+R4,,,"(0.1249,0.0199) (0.1242,0.4617) (0.3296,0.9380) (0.4213,1.4977)","JTT+R4{0.1249,0.0199,0.1242,0.4617,0.3296,0.9380,0.4213,1.4977}"
PF14635,LG+I,0.0362,,,LG+I{0.0362}
PF14639,LG+I,0.0268,,,LG+I{0.0268}
PF14681,LG+I+G4,0.0123,1.6881,,LG+I{0.0123}+G4{1.6881}
PF14683,LG+I+G4,0.0035,1.3841,,LG+I{0.0035}+G4{1.3841}
PF14686,LG+I+G4,0.0000,2.0241,,LG+I{0.0000}+G4{2.0241}
PF14691,LG+I+G4,0.0554,1.1684,,LG+I{0.0554}+G4{1.1684}
PF14693,LG+I+R4,0.0000,,"(0.0699,0.2901) (0.2803,0.5920) (0.3588,0.9842) (0.2910,1.5829)","LG+I{0.0000}+R4{0.0699,0.2901,0.2803,0.5920,0.3588,0.9842,0.2910,1.5829}"
PF14697,LG+I+G4,0.1333,1.2320,,LG+I{0.1333}+G4{1.2320}
PF14698,LG+I+R4,0.0000,,"(0.1375,0.0732) (0.1933,0.3809) (0.2957,0.8651) (0.3735,1.7684)","LG+I{0.0000}+R4{0.1375,0.0732,0.1933,0.3809,0.2957,0.8651,0.3735,1.7684}"
PF14700,LG+I+R4,0.0069,,"(0.0328,0.0664) (0.1752,0.3277) (0.3696,0.7486) (0.4154,1.5976)","LG+I{0.0069}+R4{0.0328,0.0664,0.1752,0.3277,0.3696,0.7486,0.4154,1.5976}"
PF14703,LG+I+G4,0.0000,1.6762,,LG+I{0.0000}+G4{1.6762}
PF14705,LG+I+G4,0.0108,1.5196,,LG+I{0.0108}+G4{1.5196}
PF14709,LG+I+R2,0.0160,,"(0.2105,0.2143) (0.7734,1.2346)","LG+I{0.0160}+R2{0.2105,0.2143,0.7734,1.2346}"
PF14714,LG+I+G4,0.0000,1.7667,,LG+I{0.0000}+G4{1.7667}
PF14716,LG+I+G4,0.0000,2.4249,,LG+I{0.0000}+G4{2.4249}
PF14732,LG+I+G4,0.0000,2.4946,,LG+I{0.0000}+G4{2.4946}
PF14748,LG+I+G4,0.0000,1.0604,,LG+I{0.0000}+G4{1.0604}
PF14749,LG+I+R4,0.0000,,"(0.0496,0.1238) (0.1646,0.4390) (0.3461,0.8695) (0.4398,1.4115)","LG+I{0.0000}+R4{0.0496,0.1238,0.1646,0.4390,0.3461,0.8695,0.4398,1.4115}"
PF14780,LG+I+G4,0.0112,2.3168,,LG+I{0.0112}+G4{2.3168}
PF14792,LG+I+G4,0.0684,1.3955,,LG+I{0.0684}+G4{1.3955}
PF14803,LG+I+G4,0.1622,2.8850,,LG+I{0.1622}+G4{2.8850}
PF14806,LG+I+G4,0.0080,0.9996,,LG+I{0.0080}+G4{0.9996}
PF14815,LG+F+I+R4,0.0000,,"(0.1396,0.1977) (0.2244,0.4899) (0.2779,0.9284) (0.3581,1.6879)","LG+F+I{0.0000}+R4{0.1396,0.1977,0.2244,0.4899,0.2779,0.9284,0.3581,1.6879}"
PF14826,LG+F+I+R4,0.0000,,"(0.1463,0.1750) (0.3010,0.6168) (0.3242,1.0913) (0.2286,1.9032)","LG+F+I{0.0000}+R4{0.1463,0.1750,0.3010,0.6168,0.3242,1.0913,0.2286,1.9032}"
PF14829,LG+I+G4,0.0693,5.2046,,LG+I{0.0693}+G4{5.2046}
PF14833,LG+F+I+R4,0.0051,,"(0.0996,0.1132) (0.4670,0.6204) (0.3990,1.4698) (0.0294,3.8337)","LG+F+I{0.0051}+R4{0.0996,0.1132,0.4670,0.6204,0.3990,1.4698,0.0294,3.8337}"
PF14844,LG+I+G4,0.0068,1.3041,,LG+I{0.0068}+G4{1.3041}
PF14845,LG+F+I+R4,0.0141,,"(0.1304,0.1129) (0.3679,0.4189) (0.3553,0.9680) (0.1324,3.6801)","LG+F+I{0.0141}+R4{0.1304,0.1129,0.3679,0.4189,0.3553,0.9680,0.1324,3.6801}"
PF14861,JTT+I+G4,0.1220,15.8000,,JTT+I{0.1220}+G4{15.8000}
PF14881,LG+I+G4,0.1058,1.1463,,LG+I{0.1058}+G4{1.1463}
PF14901,LG+I+R2,0.0746,,"(0.4362,0.3939) (0.4893,1.6927)","LG+I{0.0746}+R2{0.4362,0.3939,0.4893,1.6927}"
PF15277,LG+I+G4,0.0000,2.0994,,LG+I{0.0000}+G4{2.0994}
PF15288,JTT+R2,,,"(0.3503,0.1887) (0.6497,1.4374)","JTT+R2{0.3503,0.1887,0.6497,1.4374}"
PF15413,LG+I,0.0000,,,LG+I{0.0000}
PF15490,LG+I+G4,0.0000,1.7790,,LG+I{0.0000}+G4{1.7790}
PF15511,LG+I+G4,0.0789,2.7210,,LG+I{0.0789}+G4{2.7210}
PF15519,JTT+F+I+G4,0.0245,1.2121,,JTT+F+I{0.0245}+G4{1.2121}
PF15630,LG+I+G4,0.0233,0.9266,,LG+I{0.0233}+G4{0.9266}
PF15801,LG+I+G4,0.1344,0.8027,,LG+I{0.1344}+G4{0.8027}
PF15906,,,,,
PF15963,LG+I+G4,0.0224,1.5334,,LG+I{0.0224}+G4{1.5334}
PF15982,JTT+G4,,2.4288,,JTT+G4{2.4288}
PF15985,LG+I+G4,0.0288,2.4472,,LG+I{0.0288}+G4{2.4472}
PF16016,LG+F+I+G4,0.0000,2.3445,,LG+F+I{0.0000}+G4{2.3445}
PF16035,LG+I+R4,0.0166,,"(0.1515,0.1860) (0.3009,0.5049) (0.3381,1.2048) (0.1930,2.1381)","LG+I{0.0166}+R4{0.1515,0.1860,0.3009,0.5049,0.3381,1.2048,0.1930,2.1381}"
PF16040,LG+I+G4,0.0082,2.4545,,LG+I{0.0082}+G4{2.4545}
PF16041,LG+I+G4,0.0331,2.9983,,LG+I{0.0331}+G4{2.9983}
PF16045,LG+I+G4,0.0281,1.9162,,LG+I{0.0281}+G4{1.9162}
PF16113,LG+F+I+R4,0.0088,,"(0.1289,0.1326) (0.2302,0.4093) (0.2634,0.9100) (0.3687,1.7603)","LG+F+I{0.0088}+R4{0.1289,0.1326,0.2302,0.4093,0.2634,0.9100,0.3687,1.7603}"
PF16114,LG+I+G4,0.0743,0.9343,,LG+I{0.0743}+G4{0.9343}
PF16124,LG+I+R4,0.0048,,"(0.0424,0.0346) (0.1342,0.2967) (0.3492,0.7918) (0.4693,1.4537)","LG+I{0.0048}+R4{0.0424,0.0346,0.1342,0.2967,0.3492,0.7918,0.4693,1.4537}"
PF16131,LG+I+R4,0.0000,,"(0.1324,0.0099) (0.1663,0.3248) (0.3461,0.8756) (0.3553,1.8062)","LG+I{0.0000}+R4{0.1324,0.0099,0.1663,0.3248,0.3461,0.8756,0.3553,1.8062}"
PF16135,JTT+I+G4,0.0316,2.6049,,JTT+I{0.0316}+G4{2.6049}
PF16158,LG+I+R4,0.0003,,"(0.0909,0.0781) (0.2158,0.4319) (0.3609,0.8691) (0.3321,1.7647)","LG+I{0.0003}+R4{0.0909,0.0781,0.2158,0.4319,0.3609,0.8691,0.3321,1.7647}"
PF16188,LG+I+R4,0.0000,,"(0.2022,0.1888) (0.3215,0.6056) (0.3410,1.3439) (0.1353,2.2826)","LG+I{0.0000}+R4{0.2022,0.1888,0.3215,0.6056,0.3410,1.3439,0.1353,2.2826}"
PF16189,LG+I+R4,0.0032,,"(0.0347,0.0370) (0.1243,0.2456) (0.1997,0.5971) (0.6380,1.3306)","LG+I{0.0032}+R4{0.0347,0.0370,0.1243,0.2456,0.1997,0.5971,0.6380,1.3306}"
PF16190,LG+I+G4,0.0094,1.5515,,LG+I{0.0094}+G4{1.5515}
PF16191,LG+I+R4,0.0000,,"(0.1357,0.1782) (0.2804,0.5828) (0.2799,1.0509) (0.3041,1.7046)","LG+I{0.0000}+R4{0.1357,0.1782,0.2804,0.5828,0.2799,1.0509,0.3041,1.7046}"
PF16203,LG+I+G4,0.1360,0.7398,,LG+I{0.1360}+G4{0.7398}
PF16207,LG+I+G4,0.0000,1.1080,,LG+I{0.0000}+G4{1.1080}
PF16275,LG+I+G4,0.0000,1.2096,,LG+I{0.0000}+G4{1.2096}
PF16278,LG+I+R4,0.0124,,"(0.1306,0.1193) (0.1758,0.4587) (0.3632,0.9707) (0.3180,1.7334)","LG+I{0.0124}+R4{0.1306,0.1193,0.1758,0.4587,0.3632,0.9707,0.3180,1.7334}"
PF16282,LG+I+G4,0.0000,0.8108,,LG+I{0.0000}+G4{0.8108}
PF16320,LG+F+I+R4,0.0000,,"(0.0862,0.1206) (0.4024,0.4929) (0.3245,1.2189) (0.1869,2.1173)","LG+F+I{0.0000}+R4{0.0862,0.1206,0.4024,0.4929,0.3245,1.2189,0.1869,2.1173}"
PF16321,LG+I+G4,0.0000,1.0669,,LG+I{0.0000}+G4{1.0669}
PF16353,LG+F+I+R4,0.0000,,"(0.0211,0.0672) (0.2239,0.4024) (0.2072,0.6989) (0.5478,1.3941)","LG+F+I{0.0000}+R4{0.0211,0.0672,0.2239,0.4024,0.2072,0.6989,0.5478,1.3941}"
PF16363,LG+I+R4,0.0147,,"(0.2122,0.1436) (0.2913,0.5078) (0.2871,1.1911) (0.1946,2.4644)","LG+I{0.0147}+R4{0.2122,0.1436,0.2913,0.5078,0.2871,1.1911,0.1946,2.4644}"
PF16381,LG+F+I+G4,0.0000,2.4961,,LG+F+I{0.0000}+G4{2.4961}
PF16413,LG+I+R4,0.0114,,"(0.0982,0.0874) (0.2994,0.3290) (0.2892,0.8616) (0.3018,2.1333)","LG+I{0.0114}+R4{0.0982,0.0874,0.2994,0.3290,0.2892,0.8616,0.3018,2.1333}"
PF16414,LG+I+R4,0.0403,,"(0.0947,0.0959) (0.2123,0.3851) (0.3484,0.8859) (0.3044,1.9729)","LG+I{0.0403}+R4{0.0947,0.0959,0.2123,0.3851,0.3484,0.8859,0.3044,1.9729}"
PF16420,LG+F+I+R4,0.0109,,"(0.1160,0.1065) (0.2362,0.3648) (0.3779,0.8106) (0.2590,2.2977)","LG+F+I{0.0109}+R4{0.1160,0.1065,0.2362,0.3648,0.3779,0.8106,0.2590,2.2977}"
PF16421,LG+I+G4,0.0000,1.5996,,LG+I{0.0000}+G4{1.5996}
PF16450,LG+I+G4,0.0000,2.1310,,LG+I{0.0000}+G4{2.1310}
PF16455,LG+I+G4,0.0601,1.7834,,LG+I{0.0601}+G4{1.7834}
PF16457,LG+I+G4,0.0152,1.7807,,LG+I{0.0152}+G4{1.7807}
PF16486,LG+I+R4,0.0040,,"(0.0531,0.2047) (0.2727,0.4478) (0.3335,1.0068) (0.3368,1.5777)","LG+I{0.0040}+R4{0.0531,0.2047,0.2727,0.4478,0.3335,1.0068,0.3368,1.5777}"
PF16487,LG+I+G4,0.0058,2.2073,,LG+I{0.0058}+G4{2.2073}
PF16491,LG+F+I+R4,0.0000,,"(0.0850,0.0987) (0.2713,0.4348) (0.3932,1.0297) (0.2505,1.8712)","LG+F+I{0.0000}+R4{0.0850,0.0987,0.2713,0.4348,0.3932,1.0297,0.2505,1.8712}"
PF16543,LG+I+G4,0.0240,1.5045,,LG+I{0.0240}+G4{1.5045}
PF16544,LG+I+G4,0.0184,1.1080,,LG+I{0.0184}+G4{1.1080}
PF16550,LG+F+I+R4,0.0081,,"(0.0684,0.0940) (0.3549,0.4728) (0.4213,1.0033) (0.1473,2.7363)","LG+F+I{0.0081}+R4{0.0684,0.0940,0.3549,0.4728,0.4213,1.0033,0.1473,2.7363}"
PF16575,LG+I+R4,0.0000,,"(0.0850,0.1235) (0.1828,0.3968) (0.4152,0.8449) (0.3170,1.7860)","LG+I{0.0000}+R4{0.0850,0.1235,0.1828,0.3968,0.4152,0.8449,0.3170,1.7860}"
PF16582,LG+F+I+G4,0.0456,2.0054,,LG+F+I{0.0456}+G4{2.0054}
PF16589,LG+I+R4,0.0000,,"(0.0652,0.2174) (0.2162,0.4970) (0.3726,0.9418) (0.3460,1.5244)","LG+I{0.0000}+R4{0.0652,0.2174,0.2162,0.4970,0.3726,0.9418,0.3460,1.5244}"
PF16639,LG+I+G4,0.0557,1.1354,,LG+I{0.0557}+G4{1.1354}
PF16653,LG+I+R4,0.0021,,"(0.1351,0.1956) (0.2992,0.5005) (0.2571,1.0067) (0.3064,1.8437)","LG+I{0.0021}+R4{0.1351,0.1956,0.2992,0.5005,0.2571,1.0067,0.3064,1.8437}"
PF16656,LG+F+I+R4,0.0000,,"(0.0380,0.1036) (0.1567,0.3494) (0.3533,0.7775) (0.4520,1.4748)","LG+F+I{0.0000}+R4{0.0380,0.1036,0.1567,0.3494,0.3533,0.7775,0.4520,1.4748}"
PF16661,LG+I+R4,0.0000,,"(0.0732,0.1221) (0.4062,0.5095) (0.4144,1.1638) (0.1061,2.8436)","LG+I{0.0000}+R4{0.0732,0.1221,0.4062,0.5095,0.4144,1.1638,0.1061,2.8436}"
PF16669,LG+I+G4,0.0094,2.1986,,LG+I{0.0094}+G4{2.1986}
PF16679,LG+I+R4,0.0000,,"(0.0433,0.1813) (0.1969,0.5289) (0.4534,0.9044) (0.3063,1.5602)","LG+I{0.0000}+R4{0.0433,0.1813,0.1969,0.5289,0.4534,0.9044,0.3063,1.5602}"
PF16709,JTT+I+G4,0.2115,6.0734,,JTT+I{0.2115}+G4{6.0734}
PF16711,JTT+G4,,1.2019,,JTT+G4{1.2019}
PF16719,LG+I+G4,0.0348,1.9710,,LG+I{0.0348}+G4{1.9710}
PF16740,LG+I+G4,0.0084,5.1470,,LG+I{0.0084}+G4{5.1470}
PF16746,LG+I+G4,0.0058,3.6820,,LG+I{0.0058}+G4{3.6820}
PF16752,LG+I+R4,0.0000,,"(0.0695,0.1139) (0.1871,0.4278) (0.5204,0.9536) (0.2230,1.8647)","LG+I{0.0000}+R4{0.0695,0.1139,0.1871,0.4278,0.5204,0.9536,0.2230,1.8647}"
PF16770,LG+F+I+G4,0.0237,1.5300,,LG+F+I{0.0237}+G4{1.5300}
PF16835,LG+I+G4,0.0080,1.2151,,LG+I{0.0080}+G4{1.2151}
PF16837,LG+I+R4,0.0000,,"(0.0916,0.0993) (0.1755,0.3767) (0.3081,0.7931) (0.4248,1.6018)","LG+I{0.0000}+R4{0.0916,0.0993,0.1755,0.3767,0.3081,0.7931,0.4248,1.6018}"
PF16845,LG+I+G4,0.1114,4.1265,,LG+I{0.1114}+G4{4.1265}
PF16851,LG+I,0.2591,,,LG+I{0.2591}
PF16858,LG+I+G4,0.0497,1.7417,,LG+I{0.0497}+G4{1.7417}
PF16860,LG+I+G4,0.0845,1.5419,,LG+I{0.0845}+G4{1.5419}
PF16886,LG+F+I+R4,0.0000,,"(0.1970,0.1669) (0.2232,0.5593) (0.3031,1.0988) (0.2767,1.8407)","LG+F+I{0.0000}+R4{0.1970,0.1669,0.2232,0.5593,0.3031,1.0988,0.2767,1.8407}"
PF16899,LG+I+R4,0.0000,,"(0.1839,0.1304) (0.2131,0.3750) (0.2254,0.9028) (0.3776,1.8343)","LG+I{0.0000}+R4{0.1839,0.1304,0.2131,0.3750,0.2254,0.9028,0.3776,1.8343}"
PF16900,LG+I+G4,0.0188,2.2598,,LG+I{0.0188}+G4{2.2598}
PF16916,LG+I+R4,0.0000,,"(0.1231,0.1792) (0.3661,0.5228) (0.2989,1.1374) (0.2120,2.1071)","LG+I{0.0000}+R4{0.1231,0.1792,0.3661,0.5228,0.2989,1.1374,0.2120,2.1071}"
PF16922,LG+I+G4,0.0000,0.7155,,LG+I{0.0000}+G4{0.7155}
PF16923,LG+I+G4,0.0093,1.4098,,LG+I{0.0093}+G4{1.4098}
PF16953,LG+I+G4,0.0461,1.8376,,LG+I{0.0461}+G4{1.8376}
PF16974,LG+I+G4,0.0008,1.3854,,LG+I{0.0008}+G4{1.3854}
PF16987,JTT+R4,,,"(0.0440,0.0241) (0.2803,0.5115) (0.5139,1.0620) (0.1618,1.9148)","JTT+R4{0.0440,0.0241,0.2803,0.5115,0.5139,1.0620,0.1618,1.9148}"
PF17032,LG+I+G4,0.0654,3.0084,,LG+I{0.0654}+G4{3.0084}
PF17035,LG+I+R4,0.0000,,"(0.1720,0.2237) (0.2326,0.4675) (0.3982,1.2257) (0.1973,1.8491)","LG+I{0.0000}+R4{0.1720,0.2237,0.2326,0.4675,0.3982,1.2257,0.1973,1.8491}"
PF17042,LG+F+I+R4,0.0262,,"(0.0773,0.0783) (0.2509,0.3567) (0.3615,0.9524) (0.2841,1.9717)","LG+F+I{0.0262}+R4{0.0773,0.0783,0.2509,0.3567,0.3615,0.9524,0.2841,1.9717}"
PF17047,,,,,
PF17048,LG+I+R4,0.0099,,"(0.1715,0.1544) (0.2387,0.4963) (0.2760,1.0853) (0.3038,1.8282)","LG+I{0.0099}+R4{0.1715,0.1544,0.2387,0.4963,0.2760,1.0853,0.3038,1.8282}"
PF17123,LG+I+G4,0.1521,1.0027,,LG+I{0.1521}+G4{1.0027}
PF17146,LG+I+R4,0.0319,,"(0.0893,0.1020) (0.2351,0.4117) (0.3537,0.9532) (0.2900,1.9205)","LG+I{0.0319}+R4{0.0893,0.1020,0.2351,0.4117,0.3537,0.9532,0.2900,1.9205}"
PF17171,LG+I+G4,0.0133,1.6821,,LG+I{0.0133}+G4{1.6821}
PF17172,LG+I+G4,0.0000,3.0512,,LG+I{0.0000}+G4{3.0512}
PF17184,LG+I+R4,0.0584,,"(0.1307,0.0959) (0.2544,0.3993) (0.2829,1.0316) (0.2736,2.1714)","LG+I{0.0584}+R4{0.1307,0.0959,0.2544,0.3993,0.2829,1.0316,0.2736,2.1714}"
PF17207,LG+I+R4,0.0055,,"(0.0669,0.0229) (0.1929,0.3408) (0.3553,0.7539) (0.3795,1.7520)","LG+I{0.0055}+R4{0.0669,0.0229,0.1929,0.3408,0.3553,0.7539,0.3795,1.7520}"
PF17215,LG+I+G4,0.0394,1.0800,,LG+I{0.0394}+G4{1.0800}
PF17216,,,,,
PF17238,JTT+G4,,2.0465,,JTT+G4{2.0465}
PF17244,JTT+G4,,1.8654,,JTT+G4{1.8654}
PF17245,LG+I+R3,0.0000,,"(0.0794,0.1408) (0.5620,0.6717) (0.3586,1.7047)","LG+I{0.0000}+R3{0.0794,0.1408,0.5620,0.6717,0.3586,1.7047}"
PF17246,JTT+G4,,1.2767,,JTT+G4{1.2767}
PF17284,LG+I+G4,0.0000,1.8641,,LG+I{0.0000}+G4{1.8641}
PF17285,LG+F+I+R4,0.0024,,"(0.1274,0.1713) (0.3505,0.4215) (0.2681,0.7913) (0.2516,2.4577)","LG+F+I{0.0024}+R4{0.1274,0.1713,0.3505,0.4215,0.2681,0.7913,0.2516,2.4577}"
PF17286,LG+I+R4,0.0142,,"(0.0664,0.0627) (0.1334,0.2319) (0.4018,0.5635) (0.3841,1.9225)","LG+I{0.0142}+R4{0.0664,0.0627,0.1334,0.2319,0.4018,0.5635,0.3841,1.9225}"
PF17292,LG+I+G4,0.0090,2.7750,,LG+I{0.0090}+G4{2.7750}
PF17403,LG+I+R4,0.0065,,"(0.1406,0.1922) (0.4080,0.5861) (0.3436,1.3400) (0.1013,2.7001)","LG+I{0.0065}+R4{0.1406,0.1922,0.4080,0.5861,0.3436,1.3400,0.1013,2.7001}"
PF17404,LG+I+R4,0.0141,,"(0.1443,0.1398) (0.1985,0.5297) (0.3731,1.0235) (0.2701,1.8249)","LG+I{0.0141}+R4{0.1443,0.1398,0.1985,0.5297,0.3731,1.0235,0.2701,1.8249}"
PF17405,LG+I+R4,0.0036,,"(0.0855,0.1430) (0.2597,0.4490) (0.3078,0.8924) (0.3434,1.7370)","LG+I{0.0036}+R4{0.0855,0.1430,0.2597,0.4490,0.3078,0.8924,0.3434,1.7370}"
PF17406,LG+I+G4,0.0000,1.2350,,LG+I{0.0000}+G4{1.2350}
PF17407,LG+I+G4,0.0000,1.5879,,LG+I{0.0000}+G4{1.5879}
PF17408,LG+I+G4,0.0181,1.6182,,LG+I{0.0181}+G4{1.6182}
PF17538,JTT+G4,,0.6238,,JTT+G4{0.6238}
PF17677,LG+I+R4,0.0000,,"(0.1185,0.1479) (0.2926,0.5192) (0.2777,0.9885) (0.3112,1.7867)","LG+I{0.0000}+R4{0.1185,0.1479,0.2926,0.5192,0.2777,0.9885,0.3112,1.7867}"
PF17681,LG+F+I+R4,0.0000,,"(0.1309,0.1644) (0.2341,0.3915) (0.3072,0.8184) (0.3278,1.9382)","LG+F+I{0.0000}+R4{0.1309,0.1644,0.2341,0.3915,0.3072,0.8184,0.3278,1.9382}"
PF17682,LG+F+I+G4,0.0045,1.6246,,LG+F+I{0.0045}+G4{1.6246}
PF17684,JTT+G4,,1.3046,,JTT+G4{1.3046}
PF17733,LG+I+G4,0.0000,1.3405,,LG+I{0.0000}+G4{1.3405}
PF17759,LG+I+R4,0.0000,,"(0.0516,0.0961) (0.1277,0.3172) (0.3289,0.6555) (0.4918,1.5025)","LG+I{0.0000}+R4{0.0516,0.0961,0.1277,0.3172,0.3289,0.6555,0.4918,1.5025}"
PF17766,LG+I+R4,0.0061,,"(0.1101,0.1227) (0.1836,0.3939) (0.1881,0.7511) (0.5120,1.5095)","LG+I{0.0061}+R4{0.1101,0.1227,0.1836,0.3939,0.1881,0.7511,0.5120,1.5095}"
PF17767,LG+I+R4,0.0000,,"(0.0528,0.0771) (0.2173,0.4349) (0.3595,0.8751) (0.3705,1.5839)","LG+I{0.0000}+R4{0.0528,0.0771,0.2173,0.4349,0.3595,0.8751,0.3705,1.5839}"
PF17769,LG+I+R4,0.0734,,"(0.0870,0.0854) (0.1042,0.3381) (0.2456,0.8021) (0.4898,1.5522)","LG+I{0.0734}+R4{0.0870,0.0854,0.1042,0.3381,0.2456,0.8021,0.4898,1.5522}"
PF17772,LG+I+R3,0.0000,,"(0.1914,0.0897) (0.2997,0.5727) (0.5089,1.5940)","LG+I{0.0000}+R3{0.1914,0.0897,0.2997,0.5727,0.5089,1.5940}"
PF17773,LG+I+R4,0.0236,,"(0.1317,0.1335) (0.2698,0.4541) (0.2753,1.1114) (0.2997,1.8486)","LG+I{0.0236}+R4{0.1317,0.1335,0.2698,0.4541,0.2753,1.1114,0.2997,1.8486}"
PF17774,LG+I+G4,0.0719,1.3432,,LG+I{0.0719}+G4{1.3432}
PF17777,LG+I+G4,0.0415,3.3088,,LG+I{0.0415}+G4{3.3088}
PF17778,LG+I+G4,0.0552,1.3578,,LG+I{0.0552}+G4{1.3578}
PF17780,LG+I+G4,0.0000,3.5083,,LG+I{0.0000}+G4{3.5083}
PF17785,LG+I+G4,0.0000,1.5228,,LG+I{0.0000}+G4{1.5228}
PF17786,LG+F+I+R4,0.0000,,"(0.0814,0.2159) (0.2628,0.5143) (0.4531,1.0280) (0.2027,1.8822)","LG+F+I{0.0000}+R4{0.0814,0.2159,0.2628,0.5143,0.4531,1.0280,0.2027,1.8822}"
PF17800,LG+F+I+R4,0.0032,,"(0.1032,0.1336) (0.1668,0.3209) (0.2722,0.5904) (0.4546,1.6981)","LG+F+I{0.0032}+R4{0.1032,0.1336,0.1668,0.3209,0.2722,0.5904,0.4546,1.6981}"
PF17801,LG+I+R4,0.0000,,"(0.0340,0.1339) (0.1368,0.3921) (0.2687,0.7313) (0.5605,1.3298)","LG+I{0.0000}+R4{0.0340,0.1339,0.1368,0.3921,0.2687,0.7313,0.5605,1.3298}"
PF17807,LG+I+G4,0.0000,2.1206,,LG+I{0.0000}+G4{2.1206}
PF17808,LG+I+G4,0.0682,2.5933,,LG+I{0.0682}+G4{2.5933}
PF17814,LG+I+G4,0.0005,2.8052,,LG+I{0.0005}+G4{2.8052}
PF17815,LG+I+G4,0.0173,1.7772,,LG+I{0.0173}+G4{1.7772}
PF17820,LG+I+G4,0.0000,1.9804,,LG+I{0.0000}+G4{1.9804}
PF17830,LG+F+I+G4,0.0000,3.8033,,LG+F+I{0.0000}+G4{3.8033}
PF17832,LG+I+G4,0.0201,2.1149,,LG+I{0.0201}+G4{2.1149}
PF17833,LG+I+R3,0.0000,,"(0.0869,0.0929) (0.3179,0.5906) (0.5952,1.3511)","LG+I{0.0000}+R3{0.0869,0.0929,0.3179,0.5906,0.5952,1.3511}"
PF17834,LG+I+G4,0.0043,1.0136,,LG+I{0.0043}+G4{1.0136}
PF17835,LG+I+G4,0.0136,4.0984,,LG+I{0.0136}+G4{4.0984}
PF17842,JTT+G4,,1.1141,,JTT+G4{1.1141}
PF17846,LG+I+G4,0.0308,0.8780,,LG+I{0.0308}+G4{0.8780}
PF17849,LG+I+G4,0.0119,2.3772,,LG+I{0.0119}+G4{2.3772}
PF17855,LG+I+G4,0.0101,1.3855,,LG+I{0.0101}+G4{1.3855}
PF17856,LG+I+G4,0.0565,1.5402,,LG+I{0.0565}+G4{1.5402}
PF17862,LG+I+G4,0.0000,1.7578,,LG+I{0.0000}+G4{1.7578}
PF17863,LG+I+R4,0.0000,,"(0.0619,0.0748) (0.3162,0.4687) (0.2722,0.9914) (0.3497,1.6508)","LG+I{0.0000}+R4{0.0619,0.0748,0.3162,0.4687,0.2722,0.9914,0.3497,1.6508}"
PF17865,LG+I+G4,0.0156,1.1317,,LG+I{0.0156}+G4{1.1317}
PF17867,LG+I+R4,0.0000,,"(0.0769,0.1626) (0.2342,0.4728) (0.3018,0.8920) (0.3871,1.5696)","LG+I{0.0000}+R4{0.0769,0.1626,0.2342,0.4728,0.3018,0.8920,0.3871,1.5696}"
PF17871,LG+I+R4,0.0146,,"(0.0767,0.0898) (0.1516,0.2510) (0.2119,0.6643) (0.5452,1.4936)","LG+I{0.0146}+R4{0.0767,0.0898,0.1516,0.2510,0.2119,0.6643,0.5452,1.4936}"
PF17872,JTT+R2,,,"(0.7129,0.2990) (0.2871,2.7410)","JTT+R2{0.7129,0.2990,0.2871,2.7410}"
PF17875,LG+F+I+G4,0.0039,1.3112,,LG+F+I{0.0039}+G4{1.3112}
PF17886,LG+I+G4,0.0081,1.6272,,LG+I{0.0081}+G4{1.6272}
PF17900,LG+I+G4,0.0022,1.2043,,LG+I{0.0022}+G4{1.2043}
PF17903,LG+I+G4,0.0802,2.3802,,LG+I{0.0802}+G4{2.3802}
PF17907,LG+I,0.1615,,,LG+I{0.1615}
PF17911,LG+I+G4,0.0000,1.2067,,LG+I{0.0000}+G4{1.2067}
PF17919,LG+I+R4,0.0000,,"(0.1077,0.1632) (0.3551,0.5291) (0.2972,1.0681) (0.2401,1.9875)","LG+I{0.0000}+R4{0.1077,0.1632,0.3551,0.5291,0.2972,1.0681,0.2401,1.9875}"
PF17921,LG+I+R4,0.0000,,"(0.0852,0.0253) (0.2394,0.4717) (0.2786,0.8936) (0.3967,1.6029)","LG+I{0.0000}+R4{0.0852,0.0253,0.2394,0.4717,0.2786,0.8936,0.3967,1.6029}"
PF17927,LG+I,0.1416,,,LG+I{0.1416}
PF17942,JTT+I+G4,0.0976,1.2418,,JTT+I{0.0976}+G4{1.2418}
PF17956,LG+I+R4,0.0073,,"(0.0994,0.1506) (0.2890,0.5217) (0.3276,0.9961) (0.2768,1.8355)","LG+I{0.0073}+R4{0.0994,0.1506,0.2890,0.5217,0.3276,0.9961,0.2768,1.8355}"
PF17958,LG+I+G4,0.0204,2.8098,,LG+I{0.0204}+G4{2.8098}
PF17963,LG+F+I+R4,0.0000,,"(0.0472,0.1926) (0.1281,0.4546) (0.3231,0.7773) (0.5016,1.3588)","LG+F+I{0.0000}+R4{0.0472,0.1926,0.1281,0.4546,0.3231,0.7773,0.5016,1.3588}"
PF17967,LG+F+I+G4,0.0237,2.4436,,LG+F+I{0.0237}+G4{2.4436}
PF17979,JTT+R3,,,"(0.0880,0.0848) (0.2909,0.5733) (0.6211,1.3296)","JTT+R3{0.0880,0.0848,0.2909,0.5733,0.6211,1.3296}"
PF18004,LG+F+I+R4,0.0130,,"(0.1330,0.1164) (0.2652,0.3274) (0.3303,0.7239) (0.2585,2.5482)","LG+F+I{0.0130}+R4{0.1330,0.1164,0.2652,0.3274,0.3303,0.7239,0.2585,2.5482}"
PF18005,LG+I+G4,0.1026,1.9494,,LG+I{0.1026}+G4{1.9494}
PF18018,LG+I+R4,0.0044,,"(0.0448,0.0615) (0.1495,0.2527) (0.2576,0.6420) (0.5438,1.4604)","LG+I{0.0044}+R4{0.0448,0.0615,0.1495,0.2527,0.2576,0.6420,0.5438,1.4604}"
PF18031,LG+I+G4,0.0111,1.1732,,LG+I{0.0111}+G4{1.1732}
PF18036,LG+I+G4,0.0034,1.8244,,LG+I{0.0034}+G4{1.8244}
PF18044,LG+I,0.1996,,,LG+I{0.1996}
PF18051,LG+I+G4,0.0001,0.9848,,LG+I{0.0001}+G4{0.9848}
PF18052,JTT+R4,,,"(0.1441,0.2580) (0.2133,0.5060) (0.3114,0.8677) (0.3312,1.7655)","JTT+R4{0.1441,0.2580,0.2133,0.5060,0.3114,0.8677,0.3312,1.7655}"
PF18072,LG+I+R4,0.0389,,"(0.1145,0.0676) (0.2926,0.2639) (0.1982,1.0594) (0.3557,1.9821)","LG+I{0.0389}+R4{0.1145,0.0676,0.2926,0.2639,0.1982,1.0594,0.3557,1.9821}"
PF18076,LG+F+I+R4,0.0226,,"(0.1188,0.0445) (0.1566,0.2487) (0.2314,0.7645) (0.4706,1.6550)","LG+F+I{0.0226}+R4{0.1188,0.0445,0.1566,0.2487,0.2314,0.7645,0.4706,1.6550}"
PF18086,LG+I+G4,0.0751,1.1839,,LG+I{0.0751}+G4{1.1839}
PF18087,LG+I+G4,0.0038,2.0271,,LG+I{0.0038}+G4{2.0271}
PF18097,LG+I+G4,0.0269,1.3670,,LG+I{0.0269}+G4{1.3670}
PF18098,LG+I+G4,0.0029,1.3578,,LG+I{0.0029}+G4{1.3578}
PF18110,LG+I+G4,0.0157,2.5994,,LG+I{0.0157}+G4{2.5994}
PF18117,LG+I+G4,0.0392,1.3443,,LG+I{0.0392}+G4{1.3443}
PF18121,LG+I+G4,0.0000,2.5689,,LG+I{0.0000}+G4{2.5689}
PF18122,LG+I+G4,0.0031,2.2899,,LG+I{0.0031}+G4{2.2899}
PF18131,LG+I+G4,0.0442,4.0282,,LG+I{0.0442}+G4{4.0282}
PF18137,LG+I+G4,0.0091,1.4439,,LG+I{0.0091}+G4{1.4439}
PF18141,LG+I+G4,0.0222,2.5663,,LG+I{0.0222}+G4{2.5663}
PF18147,LG+I+G4,0.0118,1.8396,,LG+I{0.0118}+G4{1.8396}
PF18149,LG+I+G4,0.0050,1.6765,,LG+I{0.0050}+G4{1.6765}
PF18150,LG+I+G4,0.0025,1.7022,,LG+I{0.0025}+G4{1.7022}
PF18151,LG+I+G4,0.0000,2.6978,,LG+I{0.0000}+G4{2.6978}
PF18210,JTT+F+G4,,5.5358,,JTT+F+G4{5.5358}
PF18253,LG+I+G4,0.0204,2.9775,,LG+I{0.0204}+G4{2.9775}
PF18262,LG+I+G4,0.0400,1.1811,,LG+I{0.0400}+G4{1.1811}
PF18263,LG+I+G4,0.0000,2.1618,,LG+I{0.0000}+G4{2.1618}
PF18264,JTT+R2,,,"(0.4765,0.0934) (0.5235,1.8252)","JTT+R2{0.4765,0.0934,0.5235,1.8252}"
PF18265,LG+I+G4,0.0198,1.6763,,LG+I{0.0198}+G4{1.6763}
PF18266,LG+I+G4,0.0131,1.3639,,LG+I{0.0131}+G4{1.3639}
PF18290,LG+I+G4,0.0113,1.1336,,LG+I{0.0113}+G4{1.1336}
PF18296,JTT+F+R4,,,"(0.0643,0.0534) (0.2361,0.2280) (0.3634,0.5207) (0.3361,2.2415)","JTT+F+R4{0.0643,0.0534,0.2361,0.2280,0.3634,0.5207,0.3361,2.2415}"
PF18307,LG+I+G4,0.0419,1.9541,,LG+I{0.0419}+G4{1.9541}
PF18311,LG+I+G4,0.0212,1.5076,,LG+I{0.0212}+G4{1.5076}
PF18317,LG+I+G4,0.0588,1.8211,,LG+I{0.0588}+G4{1.8211}
PF18323,JTT+I+G4,0.0304,0.9281,,JTT+I{0.0304}+G4{0.9281}
PF18345,LG+I+R3,0.1043,,"(0.1176,0.3450) (0.2565,0.9261) (0.5216,1.3839)","LG+I{0.1043}+R3{0.1176,0.3450,0.2565,0.9261,0.5216,1.3839}"
PF18346,JTT+G4,,1.8328,,JTT+G4{1.8328}
PF18360,LG+I+G4,0.0122,2.5404,,LG+I{0.0122}+G4{2.5404}
PF18368,LG+I+R4,0.0000,,"(0.0839,0.1059) (0.2496,0.3796) (0.2876,0.8022) (0.3789,1.7568)","LG+I{0.0000}+R4{0.0839,0.1059,0.2496,0.3796,0.2876,0.8022,0.3789,1.7568}"
PF18376,LG+I+G4,0.0488,0.9545,,LG+I{0.0488}+G4{0.9545}
PF18400,LG+F+I+G4,0.0109,1.3773,,LG+F+I{0.0109}+G4{1.3773}
PF18401,LG+I+G4,0.0052,2.0283,,LG+I{0.0052}+G4{2.0283}
PF18402,LG+I+R4,0.0000,,"(0.0775,0.1685) (0.1832,0.4600) (0.3155,0.8405) (0.4239,1.5041)","LG+I{0.0000}+R4{0.0775,0.1685,0.1832,0.4600,0.3155,0.8405,0.4239,1.5041}"
PF18403,LG+F+I+R4,0.0035,,"(0.0568,0.1205) (0.2025,0.4202) (0.3743,0.8426) (0.3629,1.6332)","LG+F+I{0.0035}+R4{0.0568,0.1205,0.2025,0.4202,0.3743,0.8426,0.3629,1.6332}"
PF18404,LG+I+G4,0.1466,0.9170,,LG+I{0.1466}+G4{0.9170}
PF18439,LG+I+G4,0.1818,2.1352,,LG+I{0.1818}+G4{2.1352}
PF18441,JTT+G4,,1.4964,,JTT+G4{1.4964}
PF18473,LG+I+G4,0.0035,0.9848,,LG+I{0.0035}+G4{0.9848}
PF18503,LG+I+G4,0.0268,1.2595,,LG+I{0.0268}+G4{1.2595}
PF18511,LG+I+G4,0.1347,1.7099,,LG+I{0.1347}+G4{1.7099}
PF18517,LG+I+G4,0.0000,3.3703,,LG+I{0.0000}+G4{3.3703}
PF18553,LG+I+R4,0.0000,,"(0.0745,0.0751) (0.1494,0.4620) (0.3695,0.7435) (0.4066,1.6002)","LG+I{0.0000}+R4{0.0745,0.0751,0.1494,0.4620,0.3695,0.7435,0.4066,1.6002}"
PF18578,LG+I+G4,0.0612,1.6284,,LG+I{0.0612}+G4{1.6284}
PF18579,LG+I+G4,0.0197,1.3476,,LG+I{0.0197}+G4{1.3476}
PF18592,LG+I+G4,0.0378,1.2999,,LG+I{0.0378}+G4{1.2999}
PF18687,,,,,
PF18716,JTT+G4,,1.1261,,JTT+G4{1.1261}
PF18826,LG+I+G4,0.0314,0.9368,,LG+I{0.0314}+G4{0.9368}
PF18868,JTT+I+G4,0.2939,3.4343,,JTT+I{0.2939}+G4{3.4343}
PF18890,LG+I+G4,0.0101,4.0501,,LG+I{0.0101}+G4{4.0501}
PF18891,LG+I+G4,0.0000,2.0811,,LG+I{0.0000}+G4{2.0811}
PF18913,LG+I+G4,0.0047,1.4366,,LG+I{0.0047}+G4{1.4366}
PF18972,LG+I+G4,0.0063,2.0127,,LG+I{0.0063}+G4{2.0127}
PF18995,LG+F+I+R4,0.0026,,"(0.1030,0.1083) (0.2797,0.3821) (0.2805,0.8994) (0.3343,1.8838)","LG+F+I{0.0026}+R4{0.1030,0.1083,0.2797,0.3821,0.2805,0.8994,0.3343,1.8838}"
PF19026,LG+I+G4,0.0241,3.1231,,LG+I{0.0241}+G4{3.1231}
PF19031,LG+I+G4,0.0066,2.8628,,LG+I{0.0066}+G4{2.8628}
PF19036,LG+I+G4,0.0000,2.8448,,LG+I{0.0000}+G4{2.8448}
PF19037,LG+I+G4,0.0000,3.1391,,LG+I{0.0000}+G4{3.1391}
PF19038,LG+I+G4,0.0000,2.5975,,LG+I{0.0000}+G4{2.5975}
PF19160,JTT+I+R4,0.0134,,"(0.0188,0.0395) (0.1571,0.4246) (0.3472,0.7834) (0.4634,1.4254)","JTT+I{0.0134}+R4{0.0188,0.0395,0.1571,0.4246,0.3472,0.7834,0.4634,1.4254}"
PF19239,JTT+I+G4,0.0966,1.0760,,JTT+I{0.0966}+G4{1.0760}
PF19256,LG+I+R2,0.0213,,"(0.2829,0.3262) (0.6958,1.3047)","LG+I{0.0213}+R2{0.2829,0.3262,0.6958,1.3047}"
PF19269,LG+F+I+R4,0.0000,,"(0.0542,0.1496) (0.2274,0.4762) (0.2989,0.8321) (0.4195,1.5134)","LG+F+I{0.0000}+R4{0.0542,0.1496,0.2274,0.4762,0.2989,0.8321,0.4195,1.5134}"
PF19275,LG+I+G4,0.0344,1.5000,,LG+I{0.0344}+G4{1.5000}
PF19278,LG+I+G4,0.0107,0.8067,,LG+I{0.0107}+G4{0.8067}
PF19279,LG+F+I+G4,0.0551,1.4685,,LG+F+I{0.0551}+G4{1.4685}
PF19302,LG+I+G4,0.0419,1.1333,,LG+I{0.0419}+G4{1.1333}
PF19303,LG+F+I+G4,0.0836,0.9466,,LG+F+I{0.0836}+G4{0.9466}
PF19304,LG+I+R4,0.0154,,"(0.1383,0.1754) (0.3872,0.6029) (0.3081,1.2151) (0.1509,2.4373)","LG+I{0.0154}+R4{0.1383,0.1754,0.3872,0.6029,0.3081,1.2151,0.1509,2.4373}"
PF19310,LG+I+G4,0.0924,1.4739,,LG+I{0.0924}+G4{1.4739}
PF19326,LG+I+G4,0.1475,1.2027,,LG+I{0.1475}+G4{1.2027}
PF19331,JTT+G4,,1.8330,,JTT+G4{1.8330}
PF19422,JTT+I+G4,0.1360,1.1450,,JTT+I{0.1360}+G4{1.1450}
PF19432,LG+I+G4,0.0315,1.2857,,LG+I{0.0315}+G4{1.2857}
PF19530,JTT+G4,,6.3985,,JTT+G4{6.3985}
PF19584,LG+I,0.0000,,,LG+I{0.0000}
PF19633,JTT+I+G4,0.1427,1.6795,,JTT+I{0.1427}+G4{1.6795}
PF19798,LG+I,0.4152,,,LG+I{0.4152}
PF19833,LG+I,0.4537,,,LG+I{0.4537}
PF20073,JTT+G4,,1.7893,,JTT+G4{1.7893}
PF20141,JTT+G4,,1.3824,,JTT+G4{1.3824}
PF20143,LG+I+G4,0.0000,1.4088,,LG+I{0.0000}+G4{1.4088}
PF20179,LG+I+R4,0.0000,,"(0.1188,0.1913) (0.2152,0.4445) (0.3239,0.8739) (0.3421,1.7497)","LG+I{0.0000}+R4{0.1188,0.1913,0.2152,0.4445,0.3239,0.8739,0.3421,1.7497}"
PF20235,JTT+G4,,1.3097,,JTT+G4{1.3097}
PF20241,JTT+F+G4,,1.6752,,JTT+F+G4{1.6752}
PF20252,LG+I+G4,0.0000,2.1779,,LG+I{0.0000}+G4{2.1779}
PF20256,LG+I+R4,0.0000,,"(0.0878,0.1319) (0.3106,0.5205) (0.2655,0.9609) (0.3361,1.7009)","LG+I{0.0000}+R4{0.0878,0.1319,0.3106,0.5205,0.2655,0.9609,0.3361,1.7009}"
PF20258,LG+I+R3,0.0000,,"(0.0761,0.0195) (0.4622,0.4665) (0.4617,1.6956)","LG+I{0.0000}+R3{0.0761,0.0195,0.4622,0.4665,0.4617,1.6956}"
PF20259,LG+I+G4,0.0490,1.3798,,LG+I{0.0490}+G4{1.3798}
PF20260,LG+I+G4,0.0000,1.3532,,LG+I{0.0000}+G4{1.3532}
PF20268,LG+I+G4,0.0000,3.6276,,LG+I{0.0000}+G4{3.6276}
PF20297,LG+I+R4,0.0000,,"(0.0996,0.1592) (0.3391,0.5572) (0.2422,1.0572) (0.3191,1.6897)","LG+I{0.0000}+R4{0.0996,0.1592,0.3391,0.5572,0.2422,1.0572,0.3191,1.6897}"
PF20408,LG+I+G4,0.0438,1.1950,,LG+I{0.0438}+G4{1.1950}
PF20422,LG+I+G4,0.0092,1.7401,,LG+I{0.0092}+G4{1.7401}
PF20428,LG+I+G4,0.0266,3.3821,,LG+I{0.0266}+G4{3.3821}
PF20429,LG+I+R4,0.0015,,"(0.0741,0.0934) (0.2385,0.4189) (0.4300,0.9352) (0.2558,1.9195)","LG+I{0.0015}+R4{0.0741,0.0934,0.2385,0.4189,0.4300,0.9352,0.2558,1.9195}"
PF20434,LG+I+G4,0.0215,1.3680,,LG+I{0.0215}+G4{1.3680}
PF20451,JTT+I+G4,0.0633,1.4253,,JTT+I{0.0633}+G4{1.4253}
PF20452,JTT+R3,,,"(0.0383,0.1185) (0.3351,0.6143) (0.6266,1.2602)","JTT+R3{0.0383,0.1185,0.3351,0.6143,0.6266,1.2602}"
PF20470,LG+I+G4,0.0418,1.4139,,LG+I{0.0418}+G4{1.4139}
PF20474,JTT+G4,,1.2665,,JTT+G4{1.2665}
PF20510,LG+I+G4,0.0867,0.9650,,LG+I{0.0867}+G4{0.9650}
PF20511,LG+I+G4,0.0574,1.6698,,LG+I{0.0574}+G4{1.6698}
PF20512,LG+I,0.0877,,,LG+I{0.0877}
PF20520,LG+F+I+R4,0.0000,,"(0.2582,0.3745) (0.3272,0.6986) (0.2337,1.2913) (0.1808,2.0620)","LG+F+I{0.0000}+R4{0.2582,0.3745,0.3272,0.6986,0.2337,1.2913,0.1808,2.0620}"
PF20522,LG+I+G4,0.1699,1.1772,,LG+I{0.1699}+G4{1.1772}
PF20636,LG+I+R2,0.0643,,"(0.3468,0.3382) (0.5889,1.4989)","LG+I{0.0643}+R2{0.3468,0.3382,0.5889,1.4989}"
PF20637,LG+I+G4,0.0160,1.9725,,LG+I{0.0160}+G4{1.9725}
PF20638,LG+I+G4,0.0123,1.3147,,LG+I{0.0123}+G4{1.3147}
PF20644,LG+I+G4,0.0129,2.6616,,LG+I{0.0129}+G4{2.6616}
PF20645,LG+I+G4,0.0000,2.4321,,LG+I{0.0000}+G4{2.4321}
PF20656,LG+I+R2,0.0000,,"(0.3115,0.2447) (0.6885,1.3417)","LG+I{0.0000}+R2{0.3115,0.2447,0.6885,1.3417}"
PF20659,LG+I+G4,0.0605,2.0818,,LG+I{0.0605}+G4{2.0818}
PF20680,LG+F+I+G4,0.0951,1.2405,,LG+F+I{0.0951}+G4{1.2405}
PF20736,LG+I+G4,0.0146,1.6282,,LG+I{0.0146}+G4{1.6282}
PF20750,LG+I+G4,0.0131,1.2202,,LG+I{0.0131}+G4{1.2202}
PF20772,LG+I+G4,0.0133,1.3695,,LG+I{0.0133}+G4{1.3695}
PF20789,LG+F+I+R4,0.0000,,"(0.0178,0.0531) (0.2666,0.3197) (0.3141,0.7452) (0.4015,1.6931)","LG+F+I{0.0000}+R4{0.0178,0.0531,0.2666,0.3197,0.3141,0.7452,0.4015,1.6931}"
PF20791,LG+I+G4,0.0472,1.5317,,LG+I{0.0472}+G4{1.5317}
PF20811,LG+I+G4,0.0000,1.4987,,LG+I{0.0000}+G4{1.4987}
PF20908,JTT+I+G4,0.0483,2.4017,,JTT+I{0.0483}+G4{2.4017}
PF20936,LG+I+G4,0.0000,3.0344,,LG+I{0.0000}+G4{3.0344}
PF20946,LG+I+R4,0.0039,,"(0.1338,0.2055) (0.2972,0.5673) (0.4524,1.2023) (0.1128,2.3057)","LG+I{0.0039}+R4{0.1338,0.2055,0.2972,0.5673,0.4524,1.2023,0.1128,2.3057}"
PF20974,LG+I+G4,0.0204,1.6227,,LG+I{0.0204}+G4{1.6227}
PF20979,LG+I+G4,0.0880,2.0257,,LG+I{0.0880}+G4{2.0257}
PF20981,LG+I+R4,0.0126,,"(0.1302,0.1479) (0.3053,0.3977) (0.3033,0.8606) (0.2486,2.4069)","LG+I{0.0126}+R4{0.1302,0.1479,0.3053,0.3977,0.3033,0.8606,0.2486,2.4069}"
PF20985,JTT+I+G4,0.0403,1.6289,,JTT+I{0.0403}+G4{1.6289}
PF21010,LG+I+R4,0.0000,,"(0.2055,0.2464) (0.2150,0.5475) (0.2923,1.0006) (0.2873,1.8772)","LG+I{0.0000}+R4{0.2055,0.2464,0.2150,0.5475,0.2923,1.0006,0.2873,1.8772}"
PF21018,LG+I+R4,0.0000,,"(0.2233,0.0743) (0.3261,0.6165) (0.3134,1.3428) (0.1372,2.6347)","LG+I{0.0000}+R4{0.2233,0.0743,0.3261,0.6165,0.3134,1.3428,0.1372,2.6347}"
PF21021,LG+I+G4,0.0360,1.5846,,LG+I{0.0360}+G4{1.5846}
PF21023,LG+I+R4,0.0000,,"(0.2091,0.0529) (0.1962,0.4429) (0.3545,1.1515) (0.2402,2.0562)","LG+I{0.0000}+R4{0.2091,0.0529,0.1962,0.4429,0.3545,1.1515,0.2402,2.0562}"
PF21053,LG+I+G4,0.0861,1.5029,,LG+I{0.0861}+G4{1.5029}
PF21057,LG+I+G4,0.0076,1.8952,,LG+I{0.0076}+G4{1.8952}
PF21090,LG+I+R4,0.0524,,"(0.1593,0.0389) (0.0921,0.2519) (0.1798,0.6778) (0.5164,1.6436)","LG+I{0.0524}+R4{0.1593,0.0389,0.0921,0.2519,0.1798,0.6778,0.5164,1.6436}"
PF21091,LG+F+I+R4,0.0108,,"(0.1055,0.0725) (0.4251,0.5797) (0.3666,1.3114) (0.0920,2.8816)","LG+F+I{0.0108}+R4{0.1055,0.0725,0.4251,0.5797,0.3666,1.3114,0.0920,2.8816}"
PF21096,LG+I+G4,0.0322,1.8114,,LG+I{0.0322}+G4{1.8114}
PF21099,LG+I+G4,0.0092,1.1330,,LG+I{0.0092}+G4{1.1330}
PF21103,LG+I+G4,0.0269,1.7633,,LG+I{0.0269}+G4{1.7633}
PF21108,LG+I+G4,0.1058,0.8188,,LG+I{0.1058}+G4{0.8188}
PF21126,LG+I+G4,0.0205,1.3280,,LG+I{0.0205}+G4{1.3280}
PF21128,LG+I+G4,0.0000,2.6122,,LG+I{0.0000}+G4{2.6122}
PF21136,JTT+G4,,30.5847,,JTT+G4{30.5847}
PF21137,LG+I+G4,0.0233,1.2514,,LG+I{0.0233}+G4{1.2514}
PF21138,JTT+I+G4,0.0952,1.9046,,JTT+I{0.0952}+G4{1.9046}
PF21143,LG+I+G4,0.0427,1.2582,,LG+I{0.0427}+G4{1.2582}
PF21144,LG+I+G4,0.0417,1.5664,,LG+I{0.0417}+G4{1.5664}
PF21148,LG+I+G4,0.0825,1.5851,,LG+I{0.0825}+G4{1.5851}
PF21151,LG+I+G4,0.0808,1.6004,,LG+I{0.0808}+G4{1.6004}
PF21153,LG+I+G4,0.0081,1.8508,,LG+I{0.0081}+G4{1.8508}
PF21154,LG+I+G4,0.1197,1.7387,,LG+I{0.1197}+G4{1.7387}
PF21156,LG+I+G4,0.0336,1.5301,,LG+I{0.0336}+G4{1.5301}
PF21162,LG+I+R4,0.0328,,"(0.2119,0.0730) (0.2999,0.5939) (0.2639,1.2355) (0.1915,2.5082)","LG+I{0.0328}+R4{0.2119,0.0730,0.2999,0.5939,0.2639,1.2355,0.1915,2.5082}"
PF21166,LG+I+G4,0.0024,1.5987,,LG+I{0.0024}+G4{1.5987}
PF21180,LG+I+G4,0.0164,1.2312,,LG+I{0.0164}+G4{1.2312}
PF21188,LG+I+G4,0.0275,2.1796,,LG+I{0.0275}+G4{2.1796}
PF21192,LG+I+G4,0.0343,1.0688,,LG+I{0.0343}+G4{1.0688}
PF21193,LG+I+G4,0.1186,3.3595,,LG+I{0.1186}+G4{3.3595}
PF21203,LG+F+I+G4,0.0000,1.0751,,LG+F+I{0.0000}+G4{1.0751}
PF21218,,,,,
PF21223,LG+I+G4,0.0727,2.1848,,LG+I{0.0727}+G4{2.1848}
PF21224,JTT+G4,,1.8809,,JTT+G4{1.8809}
PF21228,LG+I+G4,0.0267,0.8304,,LG+I{0.0267}+G4{0.8304}
PF21230,LG+I,0.1017,,,LG+I{0.1017}
PF21235,LG+I+G4,0.0234,1.3187,,LG+I{0.0234}+G4{1.3187}
PF21236,LG+I+G4,0.0000,1.0524,,LG+I{0.0000}+G4{1.0524}
PF21237,JTT+G4,,1.3080,,JTT+G4{1.3080}
PF21238,LG+I+R3,0.1082,,"(0.1658,0.1465) (0.3285,0.7412) (0.3975,1.8420)","LG+I{0.1082}+R3{0.1658,0.1465,0.3285,0.7412,0.3975,1.8420}"
PF21240,LG+I+G4,0.1842,2.3337,,LG+I{0.1842}+G4{2.3337}
PF21260,LG+I+G4,0.0466,2.9157,,LG+I{0.0466}+G4{2.9157}
PF21262,LG+I+G4,0.0319,1.7940,,LG+I{0.0319}+G4{1.7940}
PF21266,LG+I+G4,0.0000,1.2684,,LG+I{0.0000}+G4{1.2684}
PF21282,LG+I,0.0309,,,LG+I{0.0309}
PF21292,LG+I+G4,0.0278,1.5583,,LG+I{0.0278}+G4{1.5583}
PF21307,LG+I+R4,0.0397,,"(0.0913,0.0662) (0.1477,0.2791) (0.2297,0.7270) (0.4916,1.5984)","LG+I{0.0397}+R4{0.0913,0.0662,0.1477,0.2791,0.2297,0.7270,0.4916,1.5984}"
PF21315,LG+F+I+G4,0.0670,0.7532,,LG+F+I{0.0670}+G4{0.7532}
PF21316,LG+I+G4,0.0429,1.8394,,LG+I{0.0429}+G4{1.8394}
PF21317,LG+I+G4,0.0275,1.3636,,LG+I{0.0275}+G4{1.3636}
PF21329,LG+I+G4,0.0780,1.9560,,LG+I{0.0780}+G4{1.9560}
PF21359,JTT+G4,,1.0540,,JTT+G4{1.0540}
PF21361,JTT+R3,,,"(0.1539,0.0520) (0.3870,0.6225) (0.4592,1.6358)","JTT+R3{0.1539,0.0520,0.3870,0.6225,0.4592,1.6358}"
PF21362,JTT+R4,,,"(0.2003,0.0250) (0.2138,0.4182) (0.3372,1.0563) (0.2488,2.2085)","JTT+R4{0.2003,0.0250,0.2138,0.4182,0.3372,1.0563,0.2488,2.2085}"
PF21365,LG+I+R4,0.0000,,"(0.0948,0.2185) (0.2005,0.4490) (0.2983,0.8945) (0.4064,1.5314)","LG+I{0.0000}+R4{0.0948,0.2185,0.2005,0.4490,0.2983,0.8945,0.4064,1.5314}"
PF21366,JTT+G4,,0.8633,,JTT+G4{0.8633}
PF21369,LG+I+G4,0.1131,1.3971,,LG+I{0.1131}+G4{1.3971}
PF21385,LG+I+G4,0.0673,1.1608,,LG+I{0.0673}+G4{1.1608}
PF21399,JTT+G4,,1.1903,,JTT+G4{1.1903}
PF21404,LG+I+R4,0.0269,,"(0.1720,0.0537) (0.1555,0.2852) (0.2548,0.7650) (0.3908,1.9229)","LG+I{0.0269}+R4{0.1720,0.0537,0.1555,0.2852,0.2548,0.7650,0.3908,1.9229}"
PF21405,,,,,
PF21408,LG+I+R4,0.0000,,"(0.1158,0.0789) (0.2432,0.5533) (0.3536,0.9388) (0.2874,1.8242)","LG+I{0.0000}+R4{0.1158,0.0789,0.2432,0.5533,0.3536,0.9388,0.2874,1.8242}"
PF21436,LG+I+G4,0.0125,0.8319,,LG+I{0.0125}+G4{0.8319}
PF21467,LG+I+G4,0.0000,1.0268,,LG+I{0.0000}+G4{1.0268}
PF21473,JTT+G4,,0.9315,,JTT+G4{0.9315}
PF21478,LG+I+G4,0.1261,0.8101,,LG+I{0.1261}+G4{0.8101}
PF21485,LG+I+G4,0.0733,1.0373,,LG+I{0.0733}+G4{1.0373}
PF21516,LG+I+G4,0.0457,1.0189,,LG+I{0.0457}+G4{1.0189}
PF21536,JTT+I+G4,0.0705,2.1018,,JTT+I{0.0705}+G4{2.1018}
PF21539,LG+I+G4,0.0108,2.0424,,LG+I{0.0108}+G4{2.0424}
PF21590,JTT+I+G4,0.0399,2.0042,,JTT+I{0.0399}+G4{2.0042}
PF21634,LG+I+G4,0.0153,0.8625,,LG+I{0.0153}+G4{0.8625}
PF21638,LG+F+I+G4,0.0196,1.1672,,LG+F+I{0.0196}+G4{1.1672}
PF21639,LG+I+G4,0.0000,3.2169,,LG+I{0.0000}+G4{3.2169}
PF21647,JTT+I+G4,0.0086,1.9050,,JTT+I{0.0086}+G4{1.9050}
PF21680,LG+I+R4,0.0000,,"(0.0939,0.2092) (0.2240,0.5253) (0.2715,0.9527) (0.4105,1.4714)","LG+I{0.0000}+R4{0.0939,0.2092,0.2240,0.5253,0.2715,0.9527,0.4105,1.4714}"
PF21688,LG+I+R4,0.0374,,"(0.1453,0.0978) (0.2733,0.4484) (0.2148,1.0723) (0.3292,1.9228)","LG+I{0.0374}+R4{0.1453,0.0978,0.2733,0.4484,0.2148,1.0723,0.3292,1.9228}"
PF21710,LG+I+G4,0.0188,1.6843,,LG+I{0.0188}+G4{1.6843}
PF21728,LG+I+G4,0.0297,1.9486,,LG+I{0.0297}+G4{1.9486}
PF21729,LG+I+G4,0.0605,1.5138,,LG+I{0.0605}+G4{1.5138}
PF21743,LG+I+R3,0.0242,,"(0.3856,0.1794) (0.1543,0.7636) (0.4359,1.8651)","LG+I{0.0242}+R3{0.3856,0.1794,0.1543,0.7636,0.4359,1.8651}"
PF21745,JTT+I+G4,0.0101,1.3625,,JTT+I{0.0101}+G4{1.3625}
PF21791,LG+I+G4,0.0669,0.9749,,LG+I{0.0669}+G4{0.9749}
PF21796,LG+I+G4,0.0166,2.3930,,LG+I{0.0166}+G4{2.3930}
PF21797,LG+I+G4,0.0016,1.5612,,LG+I{0.0016}+G4{1.5612}
PF21800,LG+I+G4,0.0000,1.0995,,LG+I{0.0000}+G4{1.0995}
PF21855,JTT+I+G4,0.0296,2.7592,,JTT+I{0.0296}+G4{2.7592}
PF21864,JTT+G4,,1.9467,,JTT+G4{1.9467}
PF21884,LG+I+G4,0.0236,1.1412,,LG+I{0.0236}+G4{1.1412}
PF21889,JTT+G4,,1.3743,,JTT+G4{1.3743}
PF21895,JTT+G4,,0.5790,,JTT+G4{0.5790}
PF21904,JTT+R4,,,"(0.1126,0.0679) (0.3019,0.4191) (0.4842,1.1739) (0.1013,2.9369)","JTT+R4{0.1126,0.0679,0.3019,0.4191,0.4842,1.1739,0.1013,2.9369}"
PF21913,LG+I+G4,0.0000,2.4632,,LG+I{0.0000}+G4{2.4632}
PF21933,LG+I+G4,0.0162,1.9483,,LG+I{0.0162}+G4{1.9483}
PF21938,LG+F+I+G4,0.0109,2.3685,,LG+F+I{0.0109}+G4{2.3685}
PF21948,LG+I+R4,0.0032,,"(0.1186,0.1709) (0.2795,0.5113) (0.3011,1.0365) (0.2976,1.7633)","LG+I{0.0032}+R4{0.1186,0.1709,0.2795,0.5113,0.3011,1.0365,0.2976,1.7633}"
PF21960,LG+I+G4,0.0181,1.3168,,LG+I{0.0181}+G4{1.3168}
PF21972,LG+I+R4,0.0052,,"(0.1091,0.0456) (0.3181,0.5810) (0.4804,1.2660) (0.0871,2.3194)","LG+I{0.0052}+R4{0.1091,0.0456,0.3181,0.5810,0.4804,1.2660,0.0871,2.3194}"
PF21974,LG+I+G4,0.0477,1.9073,,LG+I{0.0477}+G4{1.9073}
PF21981,LG+I+R4,0.0000,,"(0.3315,0.2983) (0.2469,0.7812) (0.2141,1.2938) (0.2076,2.0782)","LG+I{0.0000}+R4{0.3315,0.2983,0.2469,0.7812,0.2141,1.2938,0.2076,2.0782}"
PF21982,LG+I+R4,0.0000,,"(0.2816,0.2249) (0.3237,0.7277) (0.1900,1.3027) (0.2047,2.2157)","LG+I{0.0000}+R4{0.2816,0.2249,0.3237,0.7277,0.1900,1.3027,0.2047,2.2157}"
PF21989,LG+I+G4,0.0000,2.5860,,LG+I{0.0000}+G4{2.5860}
PF21999,LG+I+G4,0.0150,0.9240,,LG+I{0.0150}+G4{0.9240}
PF22039,LG+I+R4,0.0142,,"(0.1519,0.2302) (0.2085,0.5438) (0.2564,1.0778) (0.3690,1.5591)","LG+I{0.0142}+R4{0.1519,0.2302,0.2085,0.5438,0.2564,1.0778,0.3690,1.5591}"
PF22041,LG+F+I+G4,0.0065,2.7453,,LG+F+I{0.0065}+G4{2.7453}
PF22042,LG+I+G4,0.0100,1.8717,,LG+I{0.0100}+G4{1.8717}
PF22062,LG+I+G4,0.0371,1.9544,,LG+I{0.0371}+G4{1.9544}
PF22117,LG+I+G4,0.1322,0.9948,,LG+I{0.1322}+G4{0.9948}
PF22151,LG+I+G4,0.1291,0.9219,,LG+I{0.1291}+G4{0.9219}
PF22191,JTT+I+R2,0.0644,,"(0.4988,0.4192) (0.4368,1.8108)","JTT+I{0.0644}+R2{0.4988,0.4192,0.4368,1.8108}"
PF22215,JTT+G4,,1.7242,,JTT+G4{1.7242}
PF22248,LG+I+R4,0.0000,,"(0.0290,0.1054) (0.2454,0.4657) (0.3585,0.8259) (0.3671,1.5980)","LG+I{0.0000}+R4{0.0290,0.1054,0.2454,0.4657,0.3585,0.8259,0.3671,1.5980}"
PF22298,LG+I+G4,0.0145,1.1331,,LG+I{0.0145}+G4{1.1331}
PF22314,LG+I+R4,0.0244,,"(0.0762,0.0763) (0.3006,0.4140) (0.3696,1.0280) (0.2292,2.1368)","LG+I{0.0244}+R4{0.0762,0.0763,0.3006,0.4140,0.3696,1.0280,0.2292,2.1368}"
PF22366,LG+I+G4,0.0462,1.3321,,LG+I{0.0462}+G4{1.3321}
PF22379,LG+I+G4,0.0343,2.6559,,LG+I{0.0343}+G4{2.6559}
PF22421,LG+I+G4,0.0190,1.1252,,LG+I{0.0190}+G4{1.1252}
PF22456,LG+F+I+R4,0.0186,,"(0.0933,0.0914) (0.3167,0.5533) (0.3438,1.0294) (0.2276,2.0312)","LG+F+I{0.0186}+R4{0.0933,0.0914,0.3167,0.5533,0.3438,1.0294,0.2276,2.0312}"
PF22458,LG+I+R4,0.0000,,"(0.0716,0.0385) (0.2505,0.3226) (0.3644,0.9201) (0.3135,1.8540)","LG+I{0.0000}+R4{0.0716,0.0385,0.2505,0.3226,0.3644,0.9201,0.3135,1.8540}"
PF22461,LG+I+R4,0.0169,,"(0.0552,0.1161) (0.3496,0.4741) (0.2873,0.9097) (0.2911,1.9464)","LG+I{0.0169}+R4{0.0552,0.1161,0.3496,0.4741,0.2873,0.9097,0.2911,1.9464}"
PF22466,LG+I+G4,0.0350,1.7635,,LG+I{0.0350}+G4{1.7635}
PF22468,LG+I+R4,0.0000,,"(0.4550,0.3315) (0.2760,0.8692) (0.1711,1.7186) (0.0979,3.2195)","LG+I{0.0000}+R4{0.4550,0.3315,0.2760,0.8692,0.1711,1.7186,0.0979,3.2195}"
PF22486,JTT+F+R4,,,"(0.0460,0.1697) (0.2039,0.4767) (0.2798,0.8358) (0.4704,1.4057)","JTT+F+R4{0.0460,0.1697,0.2039,0.4767,0.2798,0.8358,0.4704,1.4057}"
PF22505,LG+I+G4,0.0553,0.9717,,LG+I{0.0553}+G4{0.9717}
PF22516,,,,,
PF22527,LG+I+R4,0.0508,,"(0.2030,0.0976) (0.2718,0.5115) (0.2694,1.2715) (0.2050,2.4321)","LG+I{0.0508}+R4{0.2030,0.0976,0.2718,0.5115,0.2694,1.2715,0.2050,2.4321}"
PF22528,LG+I+G4,0.0103,2.3940,,LG+I{0.0103}+G4{2.3940}
PF22534,LG+I+G4,0.0871,1.1284,,LG+I{0.0871}+G4{1.1284}
PF22536,LG+I+G4,0.0120,3.6285,,LG+I{0.0120}+G4{3.6285}
PF22562,LG+I+G4,0.0000,1.4689,,LG+I{0.0000}+G4{1.4689}
PF22586,LG+I+R4,0.0669,,"(0.0910,0.0723) (0.0639,0.5037) (0.5427,1.0057) (0.2356,1.7639)","LG+I{0.0669}+R4{0.0910,0.0723,0.0639,0.5037,0.5427,1.0057,0.2356,1.7639}"
PF22594,LG+I+R4,0.0000,,"(0.1716,0.2998) (0.2730,0.6231) (0.2822,1.0947) (0.2731,1.7190)","LG+I{0.0000}+R4{0.1716,0.2998,0.2730,0.6231,0.2822,1.0947,0.2731,1.7190}"
PF22596,LG+I+G4,0.0255,1.1776,,LG+I{0.0255}+G4{1.1776}
PF22600,LG+I+R4,0.0212,,"(0.1192,0.1175) (0.1828,0.3955) (0.2207,0.7483) (0.4562,1.6411)","LG+I{0.0212}+R4{0.1192,0.1175,0.1828,0.3955,0.2207,0.7483,0.4562,1.6411}"
PF22605,JTT+G4,,0.9843,,JTT+G4{0.9843}
PF22606,LG+I+G4,0.0189,1.1268,,LG+I{0.0189}+G4{1.1268}
PF22608,LG+I+G4,0.0810,0.7764,,LG+I{0.0810}+G4{0.7764}
PF22613,LG+I+R4,0.0202,,"(0.1137,0.1235) (0.2588,0.4220) (0.2997,0.9102) (0.3075,1.9639)","LG+I{0.0202}+R4{0.1137,0.1235,0.2588,0.4220,0.2997,0.9102,0.3075,1.9639}"
PF22614,LG+F+I+R4,0.0051,,"(0.2104,0.1060) (0.2395,0.2706) (0.3043,0.5759) (0.2407,3.0641)","LG+F+I{0.0051}+R4{0.2104,0.1060,0.2395,0.2706,0.3043,0.5759,0.2407,3.0641}"
PF22617,LG+I+G4,0.0624,0.9066,,LG+I{0.0624}+G4{0.9066}
PF22622,LG+I+R4,0.0094,,"(0.1637,0.1612) (0.4080,0.6199) (0.3408,1.4816) (0.0781,2.7625)","LG+I{0.0094}+R4{0.1637,0.1612,0.4080,0.6199,0.3408,1.4816,0.0781,2.7625}"
PF22624,LG+I+G4,0.0274,1.0936,,LG+I{0.0274}+G4{1.0936}
PF22628,LG+I+G4,0.1600,1.5769,,LG+I{0.1600}+G4{1.5769}
PF22629,LG+I+G4,0.0001,1.1178,,LG+I{0.0001}+G4{1.1178}
PF22634,LG+I+G4,0.0477,1.0888,,LG+I{0.0477}+G4{1.0888}
PF22660,LG+I+G4,0.0479,1.5089,,LG+I{0.0479}+G4{1.5089}
PF22666,LG+I+R4,0.0000,,"(0.1552,0.1588) (0.2385,0.4708) (0.3051,0.9901) (0.3013,1.8622)","LG+I{0.0000}+R4{0.1552,0.1588,0.2385,0.4708,0.3051,0.9901,0.3013,1.8622}"
PF22667,LG+I+R4,0.0205,,"(0.0780,0.0475) (0.1707,0.3092) (0.2478,0.7288) (0.4831,1.5794)","LG+I{0.0205}+R4{0.0780,0.0475,0.1707,0.3092,0.2478,0.7288,0.4831,1.5794}"
PF22669,LG+I+R4,0.0243,,"(0.1313,0.1258) (0.2597,0.5244) (0.4380,1.0864) (0.1468,2.5309)","LG+I{0.0243}+R4{0.1313,0.1258,0.2597,0.5244,0.4380,1.0864,0.1468,2.5309}"
PF22675,LG+I+G4,0.0000,1.6633,,LG+I{0.0000}+G4{1.6633}
PF22689,LG+I+G4,0.0993,0.8555,,LG+I{0.0993}+G4{0.8555}
PF22698,LG+I+R4,0.0180,,"(0.1036,0.1070) (0.2205,0.4303) (0.2991,0.8365) (0.3588,1.7943)","LG+I{0.0180}+R4{0.1036,0.1070,0.2205,0.4303,0.2991,0.8365,0.3588,1.7943}"
PF22700,LG+I+R4,0.0324,,"(0.1883,0.0511) (0.2317,0.3293) (0.2258,0.9793) (0.3218,2.1536)","LG+I{0.0324}+R4{0.1883,0.0511,0.2317,0.3293,0.2258,0.9793,0.3218,2.1536}"
PF22725,LG+F+I+R4,0.0000,,"(0.0231,0.0962) (0.2344,0.4468) (0.3274,0.8090) (0.4151,1.5133)","LG+F+I{0.0000}+R4{0.0231,0.0962,0.2344,0.4468,0.3274,0.8090,0.4151,1.5133}"
PF22732,LG+I+G4,0.0000,1.0275,,LG+I{0.0000}+G4{1.0275}
PF22741,LG+I+G4,0.0183,1.6873,,LG+I{0.0183}+G4{1.6873}
PF22754,JTT+G4,,2.8641,,JTT+G4{2.8641}
PF22770,JTT+F+I+R4,0.0028,,"(0.0789,0.1211) (0.1412,0.3374) (0.2770,0.7427) (0.5001,1.4739)","JTT+F+I{0.0028}+R4{0.0789,0.1211,0.1412,0.3374,0.2770,0.7427,0.5001,1.4739}"
PF22774,LG+F+I+R4,0.0035,,"(0.0891,0.2008) (0.2269,0.5431) (0.3545,0.9231) (0.3260,1.6309)","LG+F+I{0.0035}+R4{0.0891,0.2008,0.2269,0.5431,0.3545,0.9231,0.3260,1.6309}"
PF22776,LG+I+G4,0.0047,3.0445,,LG+I{0.0047}+G4{3.0445}
PF22782,LG+I+R4,0.0261,,"(0.0589,0.0891) (0.1677,0.3957) (0.2079,0.7876) (0.5394,1.4176)","LG+I{0.0261}+R4{0.0589,0.0891,0.1677,0.3957,0.2079,0.7876,0.5394,1.4176}"
PF22785,LG+I,0.0983,,,LG+I{0.0983}
PF22794,LG+I+R4,0.0104,,"(0.1627,0.1727) (0.2913,0.4886) (0.2274,1.0509) (0.3082,1.9163)","LG+I{0.0104}+R4{0.1627,0.1727,0.2913,0.4886,0.2274,1.0509,0.3082,1.9163}"
PF22832,LG+I,0.0742,,,LG+I{0.0742}
PF22848,LG+I+G4,0.0304,2.0597,,LG+I{0.0304}+G4{2.0597}
PF22891,LG+I+R4,0.0000,,"(0.0495,0.0192) (0.2187,0.3904) (0.4045,0.8662) (0.3273,1.7211)","LG+I{0.0000}+R4{0.0495,0.0192,0.2187,0.3904,0.4045,0.8662,0.3273,1.7211}"
PF22898,LG+I+G4,0.0000,1.3458,,LG+I{0.0000}+G4{1.3458}
PF22902,LG+I+G4,0.0087,1.5905,,LG+I{0.0087}+G4{1.5905}
PF22904,LG+I+R4,0.0046,,"(0.1673,0.1212) (0.1828,0.4106) (0.3429,1.0356) (0.3025,1.8168)","LG+I{0.0046}+R4{0.1673,0.1212,0.1828,0.4106,0.3429,1.0356,0.3025,1.8168}"
PF22906,JTT+G4,,0.8091,,JTT+G4{0.8091}
PF22908,JTT+I+R4,0.0604,,"(0.0425,0.0884) (0.1525,0.4260) (0.4198,0.9014) (0.3248,1.7023)","JTT+I{0.0604}+R4{0.0425,0.0884,0.1525,0.4260,0.4198,0.9014,0.3248,1.7023}"
PF22910,JTT+I+G4,0.0733,1.0017,,JTT+I{0.0733}+G4{1.0017}
PF22912,LG+I+R4,0.0551,,"(0.1059,0.1283) (0.3142,0.5409) (0.3018,1.1995) (0.2230,2.0377)","LG+I{0.0551}+R4{0.1059,0.1283,0.3142,0.5409,0.3018,1.1995,0.2230,2.0377}"
PF22915,LG+I+G4,0.0741,3.0610,,LG+I{0.0741}+G4{3.0610}
PF22916,LG+I+R4,0.0077,,"(0.1182,0.0869) (0.1740,0.3690) (0.3426,0.8574) (0.3575,1.7673)","LG+I{0.0077}+R4{0.1182,0.0869,0.1740,0.3690,0.3426,0.8574,0.3575,1.7673}"
PF22917,,,,,
PF22918,JTT+G4,,2.2834,,JTT+G4{2.2834}
PF22919,LG+I+G4,0.0038,1.3337,,LG+I{0.0038}+G4{1.3337}
PF22922,JTT+I+R4,0.0053,,"(0.1160,0.1245) (0.2619,0.4475) (0.3023,0.9836) (0.3145,1.8159)","JTT+I{0.0053}+R4{0.1160,0.1245,0.2619,0.4475,0.3023,0.9836,0.3145,1.8159}"
PF22924,LG+F+I+R4,0.0000,,"(0.0857,0.0476) (0.2596,0.3081) (0.3470,0.8123) (0.3076,2.0612)","LG+F+I{0.0000}+R4{0.0857,0.0476,0.2596,0.3081,0.3470,0.8123,0.3076,2.0612}"
PF22932,JTT+F+G4,,1.2784,,JTT+F+G4{1.2784}
PF22941,LG+I+G4,0.0000,1.6870,,LG+I{0.0000}+G4{1.6870}
PF22960,LG+I+G4,0.0000,1.7977,,LG+I{0.0000}+G4{1.7977}
PF22962,LG+I+R4,0.0134,,"(0.0626,0.0962) (0.2410,0.4043) (0.4307,0.9270) (0.2524,1.9703)","LG+I{0.0134}+R4{0.0626,0.0962,0.2410,0.4043,0.4307,0.9270,0.2524,1.9703}"
PF22966,JTT+F+G4,,1.4280,,JTT+F+G4{1.4280}
PF22967,LG+I+G4,0.0226,1.2638,,LG+I{0.0226}+G4{1.2638}
PF22969,LG+I+G4,0.0076,1.0828,,LG+I{0.0076}+G4{1.0828}
PF22970,JTT+F+R4,,,"(0.1325,0.1495) (0.1971,0.5633) (0.3694,1.0555) (0.3011,1.5920)","JTT+F+R4{0.1325,0.1495,0.1971,0.5633,0.3694,1.0555,0.3011,1.5920}"
PF22972,LG+I+G4,0.0191,1.4139,,LG+I{0.0191}+G4{1.4139}
PF22973,JTT+I+G4,0.0448,1.0885,,JTT+I{0.0448}+G4{1.0885}
PF22978,JTT+G4,,2.1938,,JTT+G4{2.1938}
PF22982,LG+I+R4,0.0190,,"(0.1330,0.1117) (0.2677,0.4672) (0.2159,0.8906) (0.3644,1.8324)","LG+I{0.0190}+R4{0.1330,0.1117,0.2677,0.4672,0.2159,0.8906,0.3644,1.8324}"
PF22992,JTT+I+G4,0.0081,0.4076,,JTT+I{0.0081}+G4{0.4076}
PF22995,JTT+G4,,0.6524,,JTT+G4{0.6524}
PF23001,LG+I+R4,0.0000,,"(0.1004,0.0377) (0.2475,0.2856) (0.2511,0.8161) (0.4010,1.7968)","LG+I{0.0000}+R4{0.1004,0.0377,0.2475,0.2856,0.2511,0.8161,0.4010,1.7968}"
PF23004,LG+I+G4,0.1452,1.1877,,LG+I{0.1452}+G4{1.1877}
PF23005,JTT+F+R4,,,"(0.0941,0.1065) (0.2305,0.5480) (0.5016,1.0637) (0.1738,1.8998)","JTT+F+R4{0.0941,0.1065,0.2305,0.5480,0.5016,1.0637,0.1738,1.8998}"
PF23007,JTT+I+R4,0.0104,,"(0.1842,0.2986) (0.4590,0.7093) (0.2544,1.3407) (0.0920,3.0247)","JTT+I{0.0104}+R4{0.1842,0.2986,0.4590,0.7093,0.2544,1.3407,0.0920,3.0247}"
PF23009,LG+I+G4,0.0177,2.0927,,LG+I{0.0177}+G4{2.0927}
PF23011,JTT+G4,,0.6943,,JTT+G4{0.6943}
PF23016,LG+F+I+R4,0.0000,,"(0.0459,0.0795) (0.3959,0.3905) (0.3901,1.1054) (0.1681,2.4425)","LG+F+I{0.0000}+R4{0.0459,0.0795,0.3959,0.3905,0.3901,1.1054,0.1681,2.4425}"
PF23020,JTT+G4,,1.2333,,JTT+G4{1.2333}
PF23024,LG+I+G4,0.0075,1.6978,,LG+I{0.0075}+G4{1.6978}
PF23036,LG+I+G4,0.0202,1.6744,,LG+I{0.0202}+G4{1.6744}
PF23037,LG+I+G4,0.0000,2.1025,,LG+I{0.0000}+G4{2.1025}
PF23038,JTT+G4,,1.7153,,JTT+G4{1.7153}
PF23041,JTT+I+G4,0.0094,2.0048,,JTT+I{0.0094}+G4{2.0048}
PF23042,LG+I+R4,0.0084,,"(0.0644,0.1057) (0.2463,0.4342) (0.4170,0.9356) (0.2639,1.8797)","LG+I{0.0084}+R4{0.0644,0.1057,0.2463,0.4342,0.4170,0.9356,0.2639,1.8797}"
PF23043,LG+I+G4,0.0380,1.1820,,LG+I{0.0380}+G4{1.1820}
PF23044,LG+I+G4,0.0076,1.5150,,LG+I{0.0076}+G4{1.5150}
PF23046,JTT+R4,,,"(0.1109,0.1549) (0.2255,0.5087) (0.4619,1.0521) (0.2016,1.8948)","JTT+R4{0.1109,0.1549,0.2255,0.5087,0.4619,1.0521,0.2016,1.8948}"
PF23065,JTT+I+G4,0.0684,1.0714,,JTT+I{0.0684}+G4{1.0714}
PF23080,,,,,
PF23082,JTT+R4,,,"(0.1421,0.0856) (0.3288,0.5656) (0.3873,1.2191) (0.1418,2.3255)","JTT+R4{0.1421,0.0856,0.3288,0.5656,0.3873,1.2191,0.1418,2.3255}"
PF23086,JTT+G4,,1.3736,,JTT+G4{1.3736}
PF23090,LG+I+G4,0.0748,1.2388,,LG+I{0.0748}+G4{1.2388}
PF23094,LG+I+G4,0.0229,1.1368,,LG+I{0.0229}+G4{1.1368}
PF23097,LG+I+G4,0.0412,1.1256,,LG+I{0.0412}+G4{1.1256}
PF23099,JTT+F+I+G4,0.0316,2.4209,,JTT+F+I{0.0316}+G4{2.4209}
PF23106,JTT+G4,,0.9195,,JTT+G4{0.9195}
PF23109,LG+F+I+R4,0.0040,,"(0.1972,0.2287) (0.3089,0.6004) (0.3770,1.2432) (0.1129,2.6648)","LG+F+I{0.0040}+R4{0.1972,0.2287,0.3089,0.6004,0.3770,1.2432,0.1129,2.6648}"
PF23112,LG+I+G4,0.0195,1.0958,,LG+I{0.0195}+G4{1.0958}
PF23113,LG+F+I+R4,0.0112,,"(0.1308,0.2196) (0.2606,0.4773) (0.2129,0.9237) (0.3844,1.6913)","LG+F+I{0.0112}+R4{0.1308,0.2196,0.2606,0.4773,0.2129,0.9237,0.3844,1.6913}"
PF23115,JTT+G4,,1.0367,,JTT+G4{1.0367}
PF23118,JTT+G4,,0.7481,,JTT+G4{0.7481}
PF23121,JTT+F+I+R4,0.0069,,"(0.0793,0.1295) (0.2404,0.4265) (0.3178,0.9047) (0.3556,1.6864)","JTT+F+I{0.0069}+R4{0.0793,0.1295,0.2404,0.4265,0.3178,0.9047,0.3556,1.6864}"
PF23132,JTT+G4,,2.8967,,JTT+G4{2.8967}
PF23133,JTT+F+R4,,,"(0.0799,0.0471) (0.1478,0.3299) (0.4720,0.8841) (0.3003,1.7654)","JTT+F+R4{0.0799,0.0471,0.1478,0.3299,0.4720,0.8841,0.3003,1.7654}"
PF23134,LG+I+G4,0.0332,1.7676,,LG+I{0.0332}+G4{1.7676}
PF23138,LG+I+G4,0.0000,1.7627,,LG+I{0.0000}+G4{1.7627}
PF23141,LG+I+R4,0.0125,,"(0.1413,0.1713) (0.1535,0.5672) (0.5665,1.0843) (0.1262,2.1743)","LG+I{0.0125}+R4{0.1413,0.1713,0.1535,0.5672,0.5665,1.0843,0.1262,2.1743}"
PF23143,LG+I+G4,0.0107,1.5757,,LG+I{0.0107}+G4{1.5757}
PF23156,JTT+R4,,,"(0.1642,0.1572) (0.3649,0.6340) (0.2909,1.2436) (0.1800,2.1174)","JTT+R4{0.1642,0.1572,0.3649,0.6340,0.2909,1.2436,0.1800,2.1174}"
PF23161,LG+I+R4,0.0000,,"(0.0818,0.1864) (0.2250,0.5010) (0.3926,0.9726) (0.3007,1.6305)","LG+I{0.0000}+R4{0.0818,0.1864,0.2250,0.5010,0.3926,0.9726,0.3007,1.6305}"
PF23163,LG+I+G4,0.0052,1.5192,,LG+I{0.0052}+G4{1.5192}
PF23166,JTT+R4,,,"(0.1099,0.1133) (0.1323,0.4434) (0.3906,0.9398) (0.3672,1.5298)","JTT+R4{0.1099,0.1133,0.1323,0.4434,0.3906,0.9398,0.3672,1.5298}"
PF23174,JTT+G4,,998.4406,,JTT+G4{998.4406}
PF23176,,,,,
PF23177,JTT+G4,,0.9466,,JTT+G4{0.9466}
PF23180,JTT+G4,,1.4806,,JTT+G4{1.4806}
PF23182,JTT+G4,,1.8471,,JTT+G4{1.8471}
PF23187,LG+I+G4,0.0060,1.3733,,LG+I{0.0060}+G4{1.3733}
PF23188,LG+I+G4,0.0000,1.2828,,LG+I{0.0000}+G4{1.2828}
PF23189,LG+I+G4,0.0177,1.2393,,LG+I{0.0177}+G4{1.2393}
PF23191,LG+I+R4,0.0000,,"(0.1131,0.1149) (0.2438,0.4724) (0.3818,1.0090) (0.2614,1.8616)","LG+I{0.0000}+R4{0.1131,0.1149,0.2438,0.4724,0.3818,1.0090,0.2614,1.8616}"
PF23193,JTT+G4,,1.4134,,JTT+G4{1.4134}
PF23194,LG+I+G4,0.0095,1.7215,,LG+I{0.0095}+G4{1.7215}
PF23195,JTT+F+G4,,2.1393,,JTT+F+G4{2.1393}
PF23196,JTT+G4,,1.5416,,JTT+G4{1.5416}
PF23197,JTT+G4,,1.3513,,JTT+G4{1.3513}
PF23209,JTT+F+I+G4,0.0197,1.5191,,JTT+F+I{0.0197}+G4{1.5191}
PF23218,JTT+G4,,1.5467,,JTT+G4{1.5467}
PF23228,JTT+I+G4,0.0549,1.3229,,JTT+I{0.0549}+G4{1.3229}
PF23229,LG+I+G4,0.0068,1.5726,,LG+I{0.0068}+G4{1.5726}
PF23230,,,,,
PF23242,JTT+I+G4,0.0137,1.1152,,JTT+I{0.0137}+G4{1.1152}
PF23250,LG+I+G4,0.0417,1.8790,,LG+I{0.0417}+G4{1.8790}
PF23256,LG+I+G4,0.0000,1.9528,,LG+I{0.0000}+G4{1.9528}
PF23259,LG+I+G4,0.0070,1.6477,,LG+I{0.0070}+G4{1.6477}
PF23262,,,,,
PF23269,JTT+I+G4,0.0305,1.5638,,JTT+I{0.0305}+G4{1.5638}
PF23270,LG+F+I+R4,0.0022,,"(0.0925,0.0867) (0.2476,0.4209) (0.3384,0.8398) (0.3193,1.8904)","LG+F+I{0.0022}+R4{0.0925,0.0867,0.2476,0.4209,0.3384,0.8398,0.3193,1.8904}"
PF23272,,,,,
PF23284,LG+I+R4,0.0000,,"(0.1741,0.1471) (0.2572,0.5942) (0.2334,1.1879) (0.3352,1.6235)","LG+I{0.0000}+R4{0.1741,0.1471,0.2572,0.5942,0.2334,1.1879,0.3352,1.6235}"
PF23287,LG+I+G4,0.0000,0.9863,,LG+I{0.0000}+G4{0.9863}
PF23290,LG+I+G4,0.0109,0.9977,,LG+I{0.0109}+G4{0.9977}
PF23291,LG+I+R4,0.0000,,"(0.1864,0.2382) (0.1669,0.5747) (0.3873,1.0562) (0.2594,1.7372)","LG+I{0.0000}+R4{0.1864,0.2382,0.1669,0.5747,0.3873,1.0562,0.2594,1.7372}"
PF23292,JTT+G4,,1.4768,,JTT+G4{1.4768}
PF23293,JTT+I+G4,0.1270,1.0420,,JTT+I{0.1270}+G4{1.0420}
PF23299,JTT+R4,,,"(0.2485,0.0437) (0.1648,0.4332) (0.3804,1.0612) (0.2063,2.4914)","JTT+R4{0.2485,0.0437,0.1648,0.4332,0.3804,1.0612,0.2063,2.4914}"
PF23302,LG+I+R4,0.0000,,"(0.1099,0.0972) (0.3006,0.4541) (0.3172,1.1506) (0.2723,1.7916)","LG+I{0.0000}+R4{0.1099,0.0972,0.3006,0.4541,0.3172,1.1506,0.2723,1.7916}"
PF23320,LG+I+G4,0.0420,1.9907,,LG+I{0.0420}+G4{1.9907}
PF23324,LG+I+G4,0.0252,0.9231,,LG+I{0.0252}+G4{0.9231}
PF23358,LG+I+G4,0.0127,1.1526,,LG+I{0.0127}+G4{1.1526}
PF23362,LG+I+G4,0.0000,1.7188,,LG+I{0.0000}+G4{1.7188}
PF23380,JTT+G4,,1.5310,,JTT+G4{1.5310}
PF23445,LG+I,0.1317,,,LG+I{0.1317}
PF23446,JTT+G4,,1.7791,,JTT+G4{1.7791}
PF23452,LG+I+G4,0.0617,1.5989,,LG+I{0.0617}+G4{1.5989}
PF23457,LG+I+G4,0.0128,1.8442,,LG+I{0.0128}+G4{1.8442}
PF23459,LG+I+G4,0.0000,1.6592,,LG+I{0.0000}+G4{1.6592}
PF23462,JTT+G4,,0.7314,,JTT+G4{0.7314}
PF23467,JTT+I+G4,0.0536,1.6297,,JTT+I{0.0536}+G4{1.6297}
PF23469,LG+I+G4,0.1058,2.7504,,LG+I{0.1058}+G4{2.7504}
PF23472,JTT+G4,,1.6687,,JTT+G4{1.6687}
PF23473,LG+I+R4,0.0060,,"(0.2108,0.0878) (0.2568,0.5697) (0.4249,1.2617) (0.1015,2.9465)","LG+I{0.0060}+R4{0.2108,0.0878,0.2568,0.5697,0.4249,1.2617,0.1015,2.9465}"
PF23493,LG+F+I+R3,0.0174,,"(0.0924,0.1516) (0.4511,0.6970) (0.4391,1.5295)","LG+F+I{0.0174}+R3{0.0924,0.1516,0.4511,0.6970,0.4391,1.5295}"
PF23544,LG+I+G4,0.0351,0.9328,,LG+I{0.0351}+G4{0.9328}
PF23546,LG+I+G4,0.0034,0.9556,,LG+I{0.0034}+G4{0.9556}
PF23547,JTT+G4,,1.5259,,JTT+G4{1.5259}
PF23548,JTT+I+G4,0.1421,6.7256,,JTT+I{0.1421}+G4{6.7256}
PF23549,LG+I+G4,0.0454,1.2319,,LG+I{0.0454}+G4{1.2319}
PF23551,JTT+G4,,1.6596,,JTT+G4{1.6596}
PF23555,JTT+I+G4,0.0947,7.3491,,JTT+I{0.0947}+G4{7.3491}
PF23559,JTT+F+R4,,,"(0.0806,0.1048) (0.3139,0.3490) (0.2299,0.8565) (0.3755,1.8242)","JTT+F+R4{0.0806,0.1048,0.3139,0.3490,0.2299,0.8565,0.3755,1.8242}"
PF23562,LG+I+R4,0.0000,,"(0.1437,0.1379) (0.2747,0.4749) (0.3151,1.0148) (0.2665,1.9885)","LG+I{0.0000}+R4{0.1437,0.1379,0.2747,0.4749,0.3151,1.0148,0.2665,1.9885}"
PF23563,LG+I+G4,0.0000,1.6404,,LG+I{0.0000}+G4{1.6404}
PF23569,JTT+G4,,1.6843,,JTT+G4{1.6843}
PF23571,LG+I+G4,0.0403,0.9036,,LG+I{0.0403}+G4{0.9036}
PF23572,LG+I+R4,0.0062,,"(0.0600,0.0907) (0.2553,0.3562) (0.4227,0.8980) (0.2557,2.0492)","LG+I{0.0062}+R4{0.0600,0.0907,0.2553,0.3562,0.4227,0.8980,0.2557,2.0492}"
PF23576,LG+F+I+G4,0.0000,2.0242,,LG+F+I{0.0000}+G4{2.0242}
PF23577,LG+I+G4,0.0507,2.0423,,LG+I{0.0507}+G4{2.0423}
PF23580,LG+I+G4,0.1949,0.7980,,LG+I{0.1949}+G4{0.7980}
PF23581,JTT+I+G4,0.0136,1.0599,,JTT+I{0.0136}+G4{1.0599}
PF23594,LG+I+G4,0.0540,2.3164,,LG+I{0.0540}+G4{2.3164}
PF23596,JTT+G4,,1.9407,,JTT+G4{1.9407}
PF23603,JTT+G4,,1.5794,,JTT+G4{1.5794}
PF23613,LG+I+G4,0.0101,1.4732,,LG+I{0.0101}+G4{1.4732}
PF23616,JTT+R4,,,"(0.0860,0.1653) (0.2113,0.5000) (0.3092,0.9096) (0.3935,1.5219)","JTT+R4{0.0860,0.1653,0.2113,0.5000,0.3092,0.9096,0.3935,1.5219}"
PF23643,LG+I+R4,0.0064,,"(0.0429,0.0861) (0.3088,0.4595) (0.3749,0.9565) (0.2670,1.8569)","LG+I{0.0064}+R4{0.0429,0.0861,0.3088,0.4595,0.3749,0.9565,0.2670,1.8569}"
PF23647,JTT+G4,,0.6810,,JTT+G4{0.6810}
PF23650,LG+I+G4,0.0064,0.9257,,LG+I{0.0064}+G4{0.9257}
PF23655,LG+I+G4,0.0000,1.3099,,LG+I{0.0000}+G4{1.3099}
PF23659,LG+I+R4,0.0000,,"(0.0983,0.2692) (0.3733,0.5868) (0.3309,1.0246) (0.1975,2.1037)","LG+I{0.0000}+R4{0.0983,0.2692,0.3733,0.5868,0.3309,1.0246,0.1975,2.1037}"
PF23660,JTT+R4,,,"(0.0719,0.0486) (0.1991,0.3969) (0.4311,0.8966) (0.2979,1.7823)","JTT+R4{0.0719,0.0486,0.1991,0.3969,0.4311,0.8966,0.2979,1.7823}"
PF23662,JTT+G4,,1.8966,,JTT+G4{1.8966}
PF23669,LG+I+R4,0.0000,,"(0.1117,0.1353) (0.2688,0.5550) (0.3843,1.0467) (0.2352,1.8430)","LG+I{0.0000}+R4{0.1117,0.1353,0.2688,0.5550,0.3843,1.0467,0.2352,1.8430}"
PF23671,JTT+I+G4,0.0000,2.1800,,JTT+I{0.0000}+G4{2.1800}
PF23703,LG+I+G4,0.0000,1.2798,,LG+I{0.0000}+G4{1.2798}
PF23704,JTT+G4,,1.7812,,JTT+G4{1.7812}
PF23722,LG+F+I+R4,0.0000,,"(0.0543,0.0896) (0.3087,0.4372) (0.3416,0.9088) (0.2953,1.8612)","LG+F+I{0.0000}+R4{0.0543,0.0896,0.3087,0.4372,0.3416,0.9088,0.2953,1.8612}"
PF23733,JTT+I+R4,0.1221,,"(0.1319,0.1007) (0.2134,0.5892) (0.2473,1.2213) (0.2854,1.9587)","JTT+I{0.1221}+R4{0.1319,0.1007,0.2134,0.5892,0.2473,1.2213,0.2854,1.9587}"
PF23788,JTT+G4,,0.4082,,JTT+G4{0.4082}
PF23860,LG+F+I+G4,0.0148,2.3468,,LG+F+I{0.0148}+G4{2.3468}
PF23861,LG+F+I+G4,0.0079,4.0689,,LG+F+I{0.0079}+G4{4.0689}
PF23936,JTT+R3,,,"(0.2820,0.1250) (0.4166,0.8730) (0.3014,1.9944)","JTT+R3{0.2820,0.1250,0.4166,0.8730,0.3014,1.9944}"
PF23950,JTT+R3,,,"(0.4351,0.3375) (0.4944,0.9584) (0.0705,5.3786)","JTT+R3{0.4351,0.3375,0.4944,0.9584,0.0705,5.3786}"
PF24046,JTT+I+G4,0.0375,2.5382,,JTT+I{0.0375}+G4{2.5382}
PF24053,JTT+R4,,,"(0.0381,0.0325) (0.1794,0.4453) (0.4206,0.8699) (0.3618,1.5283)","JTT+R4{0.0381,0.0325,0.1794,0.4453,0.4206,0.8699,0.3618,1.5283}"
PF24055,LG+I+G4,0.0099,1.6149,,LG+I{0.0099}+G4{1.6149}
PF24057,JTT+F+I+R4,0.0365,,"(0.2221,0.1741) (0.1991,0.5892) (0.3424,1.2302) (0.1998,2.1157)","JTT+F+I{0.0365}+R4{0.2221,0.1741,0.1991,0.5892,0.3424,1.2302,0.1998,2.1157}"
PF24065,LG+I+G4,0.0276,0.7785,,LG+I{0.0276}+G4{0.7785}
PF24068,LG+I+R4,0.0087,,"(0.1231,0.1223) (0.2721,0.4908) (0.3597,1.0576) (0.2364,1.9925)","LG+I{0.0087}+R4{0.1231,0.1223,0.2721,0.4908,0.3597,1.0576,0.2364,1.9925}"
PF24079,JTT+G4,,1.2836,,JTT+G4{1.2836}
PF24080,LG+I+G4,0.0018,1.0754,,LG+I{0.0018}+G4{1.0754}
PF24093,JTT+I+G4,0.0289,1.5675,,JTT+I{0.0289}+G4{1.5675}
PF24095,JTT+F+I+G4,0.0059,2.4090,,JTT+F+I{0.0059}+G4{2.4090}
PF24101,LG+I+R4,0.0000,,"(0.0743,0.1601) (0.2027,0.5371) (0.3437,0.9315) (0.3792,1.4742)","LG+I{0.0000}+R4{0.0743,0.1601,0.2027,0.5371,0.3437,0.9315,0.3792,1.4742}"
PF24160,JTT+R4,,,"(0.0902,0.0731) (0.3409,0.4610) (0.4045,1.1489) (0.1643,2.2605)","JTT+R4{0.0902,0.0731,0.3409,0.4610,0.4045,1.1489,0.1643,2.2605}"
PF24294,JTT+I+G4,0.0418,2.1099,,JTT+I{0.0418}+G4{2.1099}
PF24300,,,,,
PF24347,JTT+I+G4,0.0228,1.5430,,JTT+I{0.0228}+G4{1.5430}
PF24358,JTT+F+G4,,2.6382,,JTT+F+G4{2.6382}
PF24384,JTT+R4,,,"(0.1260,0.1316) (0.2782,0.4364) (0.2849,1.0289) (0.3108,1.8300)","JTT+R4{0.1260,0.1316,0.2782,0.4364,0.2849,1.0289,0.3108,1.8300}"
PF24385,LG+I+R4,0.0228,,"(0.1561,0.1521) (0.2879,0.5296) (0.3157,1.2047) (0.2175,2.0386)","LG+I{0.0228}+R4{0.1561,0.1521,0.2879,0.5296,0.3157,1.2047,0.2175,2.0386}"
PF24394,JTT+F+R4,,,"(0.0996,0.1829) (0.1956,0.5090) (0.4207,0.9102) (0.2841,1.7575)","JTT+F+R4{0.0996,0.1829,0.1956,0.5090,0.4207,0.9102,0.2841,1.7575}"
PF24425,JTT+I+G4,0.0329,1.3960,,JTT+I{0.0329}+G4{1.3960}
PF24426,JTT+G4,,1.1186,,JTT+G4{1.1186}
PF24427,JTT+G4,,2.0581,,JTT+G4{2.0581}
PF24435,JTT+G4,,1.2117,,JTT+G4{1.2117}
PF24437,LG+I+G4,0.0381,1.2463,,LG+I{0.0381}+G4{1.2463}
PF24471,JTT+G4,,2.2702,,JTT+G4{2.2702}
PF24474,JTT+I+G4,0.0155,2.2377,,JTT+I{0.0155}+G4{2.2377}
PF24475,JTT+G4,,1.3137,,JTT+G4{1.3137}
PF24497,JTT+G4,,1.5034,,JTT+G4{1.5034}
PF24500,JTT+G4,,1.5780,,JTT+G4{1.5780}
PF24501,LG+I+G4,0.0724,1.4681,,LG+I{0.0724}+G4{1.4681}
PF24526,JTT+G4,,1.0514,,JTT+G4{1.0514}
PF24530,LG+F+I+G4,0.0000,2.2208,,LG+F+I{0.0000}+G4{2.2208}
PF24538,LG+I+G4,0.0080,1.4352,,LG+I{0.0080}+G4{1.4352}
PF24541,LG+F+I+R4,0.0000,,"(0.0930,0.1514) (0.1848,0.4209) (0.2985,0.8450) (0.4236,1.5482)","LG+F+I{0.0000}+R4{0.0930,0.1514,0.1848,0.4209,0.2985,0.8450,0.4236,1.5482}"
PF24542,LG+F+I+G4,0.0112,1.4091,,LG+F+I{0.0112}+G4{1.4091}
PF24557,JTT+G4,,1.4439,,JTT+G4{1.4439}
PF24559,JTT+G4,,1.0438,,JTT+G4{1.0438}
PF24560,LG+I+R4,0.0220,,"(0.2407,0.0699) (0.1040,0.4338) (0.3543,1.1354) (0.2790,1.9204)","LG+I{0.0220}+R4{0.2407,0.0699,0.1040,0.4338,0.3543,1.1354,0.2790,1.9204}"
PF24570,JTT+R4,,,"(0.0626,0.0926) (0.3131,0.5492) (0.4561,1.1244) (0.1682,1.8396)","JTT+R4{0.0626,0.0926,0.3131,0.5492,0.4561,1.1244,0.1682,1.8396}"
PF24572,JTT+I+G4,0.1208,2.0635,,JTT+I{0.1208}+G4{2.0635}
PF24577,JTT+I+G4,0.0542,1.1554,,JTT+I{0.0542}+G4{1.1554}
PF24583,JTT+G4,,1.6404,,JTT+G4{1.6404}
PF24590,JTT+R4,,,"(0.1184,0.1471) (0.2757,0.5279) (0.3103,1.0564) (0.2956,1.7226)","JTT+R4{0.1184,0.1471,0.2757,0.5279,0.3103,1.0564,0.2956,1.7226}"
PF24609,JTT+G4,,0.4461,,JTT+G4{0.4461}
PF24620,JTT+G4,,1.5415,,JTT+G4{1.5415}
PF24621,LG+I+R4,0.0029,,"(0.1347,0.0299) (0.1618,0.3209) (0.2514,0.6846) (0.4493,1.7183)","LG+I{0.0029}+R4{0.1347,0.0299,0.1618,0.3209,0.2514,0.6846,0.4493,1.7183}"
PF24637,JTT+G4,,1.1627,,JTT+G4{1.1627}
PF24638,JTT+G4,,1.6766,,JTT+G4{1.6766}
PF24641,JTT+G4,,2.2819,,JTT+G4{2.2819}
PF24655,JTT+G4,,1.1970,,JTT+G4{1.1970}
PF24657,JTT+I+G4,0.0113,1.8970,,JTT+I{0.0113}+G4{1.8970}
PF24658,JTT+G4,,1.1199,,JTT+G4{1.1199}
PF24659,JTT+G4,,2.9532,,JTT+G4{2.9532}
PF24662,JTT+G4,,1.0232,,JTT+G4{1.0232}
PF24663,JTT+G4,,3.0513,,JTT+G4{3.0513}
PF24669,LG+I+G4,0.0245,1.7016,,LG+I{0.0245}+G4{1.7016}
PF24670,JTT+G4,,1.4832,,JTT+G4{1.4832}
PF24679,JTT+G4,,1.9270,,JTT+G4{1.9270}
PF24682,JTT+G4,,1.4662,,JTT+G4{1.4662}
PF24685,JTT+I+G4,0.0357,1.9243,,JTT+I{0.0357}+G4{1.9243}
PF24708,LG+I,0.2807,,,LG+I{0.2807}
PF24747,,,,,
PF24756,JTT+G4,,1.3095,,JTT+G4{1.3095}
PF24763,LG+I+G4,0.0831,1.0466,,LG+I{0.0831}+G4{1.0466}
PF24765,JTT+I+G4,0.0544,1.5491,,JTT+I{0.0544}+G4{1.5491}
PF24766,JTT+G4,,0.9748,,JTT+G4{0.9748}
PF24767,JTT+G4,,0.9690,,JTT+G4{0.9690}
PF24769,JTT+G4,,3.4013,,JTT+G4{3.4013}
PF24788,JTT+G4,,0.5725,,JTT+G4{0.5725}
PF24789,JTT+I+G4,0.0407,1.2992,,JTT+I{0.0407}+G4{1.2992}
PF24790,JTT+G4,,1.4082,,JTT+G4{1.4082}
PF24791,,,,,
PF24804,LG+I+G4,0.1919,0.8701,,LG+I{0.1919}+G4{0.8701}
PF24810,LG+I+G4,0.0575,1.2181,,LG+I{0.0575}+G4{1.2181}
PF24818,JTT+I+G4,0.0842,1.5535,,JTT+I{0.0842}+G4{1.5535}
PF24823,JTT+F+I+G4,0.0202,2.4390,,JTT+F+I{0.0202}+G4{2.4390}
PF24824,LG+I+G4,0.0132,1.5119,,LG+I{0.0132}+G4{1.5119}
PF24842,LG+I+G4,0.0000,1.2082,,LG+I{0.0000}+G4{1.2082}
PF24847,LG+I+G4,0.0163,1.1844,,LG+I{0.0163}+G4{1.1844}
PF24851,JTT+G4,,1.8851,,JTT+G4{1.8851}
PF24861,JTT+I+R4,0.0085,,"(0.0704,0.1367) (0.2506,0.5269) (0.4234,0.9628) (0.2471,1.8237)","JTT+I{0.0085}+R4{0.0704,0.1367,0.2506,0.5269,0.4234,0.9628,0.2471,1.8237}"
PF24862,LG+I+G4,0.0278,1.9551,,LG+I{0.0278}+G4{1.9551}
PF24865,LG+I+G4,0.0546,1.4572,,LG+I{0.0546}+G4{1.4572}
PF24867,LG+F+I+G4,0.0191,1.0634,,LG+F+I{0.0191}+G4{1.0634}
PF24868,JTT+G4,,0.7787,,JTT+G4{0.7787}
PF24869,LG+I+G4,0.0421,1.3526,,LG+I{0.0421}+G4{1.3526}
PF24874,LG+F+I+R4,0.0037,,"(0.1300,0.1781) (0.3071,0.5039) (0.3512,1.0679) (0.2080,2.1498)","LG+F+I{0.0037}+R4{0.1300,0.1781,0.3071,0.5039,0.3512,1.0679,0.2080,2.1498}"
PF24877,LG+I+R4,0.0299,,"(0.1253,0.0583) (0.2550,0.3143) (0.2284,0.7805) (0.3613,2.0321)","LG+I{0.0299}+R4{0.1253,0.0583,0.2550,0.3143,0.2284,0.7805,0.3613,2.0321}"
PF24882,LG+I+G4,0.0286,1.4061,,LG+I{0.0286}+G4{1.4061}
PF24890,JTT+G4,,1.0496,,JTT+G4{1.0496}
PF24896,JTT+I+G4,0.0344,1.3570,,JTT+I{0.0344}+G4{1.3570}
PF24899,LG+I+G4,0.0001,1.1294,,LG+I{0.0001}+G4{1.1294}
PF24904,LG+I+G4,0.1515,1.3817,,LG+I{0.1515}+G4{1.3817}
PF24906,LG+I+R4,0.0000,,"(0.2034,0.0034) (0.2175,0.4841) (0.3226,0.9561) (0.2565,2.2828)","LG+I{0.0000}+R4{0.2034,0.0034,0.2175,0.4841,0.3226,0.9561,0.2565,2.2828}"
PF24914,JTT+G4,,1.0773,,JTT+G4{1.0773}
PF24918,JTT+G4,,1.3903,,JTT+G4{1.3903}
PF24921,JTT+I+G4,0.1564,1.4883,,JTT+I{0.1564}+G4{1.4883}
PF24922,JTT+G4,,1.8854,,JTT+G4{1.8854}
PF24926,JTT+G4,,0.9596,,JTT+G4{0.9596}
PF24930,JTT+G4,,1.5035,,JTT+G4{1.5035}
PF24931,JTT+G4,,1.0714,,JTT+G4{1.0714}
PF24932,JTT+G4,,1.1786,,JTT+G4{1.1786}
PF24933,JTT+G4,,2.1463,,JTT+G4{2.1463}
PF24938,JTT+I+G4,0.0312,1.0960,,JTT+I{0.0312}+G4{1.0960}
PF24947,LG+I+G4,0.0715,1.1146,,LG+I{0.0715}+G4{1.1146}
PF24948,LG+I+G4,0.0661,0.9810,,LG+I{0.0661}+G4{0.9810}
PF24956,LG+I,0.1067,,,LG+I{0.1067}
PF24974,JTT+I+G4,0.0397,2.9863,,JTT+I{0.0397}+G4{2.9863}
PF24986,LG+I+G4,0.0187,2.4900,,LG+I{0.0187}+G4{2.4900}
PF24994,JTT+I+G4,0.0259,0.9087,,JTT+I{0.0259}+G4{0.9087}
PF24997,JTT+G4,,0.9329,,JTT+G4{0.9329}
PF25003,LG+I+G4,0.0040,1.7312,,LG+I{0.0040}+G4{1.7312}
PF25005,LG+I+G4,0.0000,1.7898,,LG+I{0.0000}+G4{1.7898}
PF25011,LG+I+G4,0.0401,1.3293,,LG+I{0.0401}+G4{1.3293}
PF25014,JTT+R4,,,"(0.1549,0.1620) (0.3618,0.5439) (0.3276,1.1270) (0.1557,2.6259)","JTT+R4{0.1549,0.1620,0.3618,0.5439,0.3276,1.1270,0.1557,2.6259}"
PF25015,LG+I+R4,0.0000,,"(0.1170,0.1428) (0.2845,0.5380) (0.4313,1.1317) (0.1673,2.0460)","LG+I{0.0000}+R4{0.1170,0.1428,0.2845,0.5380,0.4313,1.1317,0.1673,2.0460}"
PF25017,LG+I+G4,0.0934,1.1515,,LG+I{0.0934}+G4{1.1515}
PF25029,JTT+G4,,1.4273,,JTT+G4{1.4273}
PF25036,LG+F+I+G4,0.0102,2.3529,,LG+F+I{0.0102}+G4{2.3529}
PF25037,LG+I+R4,0.0197,,"(0.0435,0.1052) (0.2622,0.5088) (0.4677,1.0191) (0.2069,1.8628)","LG+I{0.0197}+R4{0.0435,0.1052,0.2622,0.5088,0.4677,1.0191,0.2069,1.8628}"
PF25041,LG+I+G4,0.0078,0.9647,,LG+I{0.0078}+G4{0.9647}
PF25042,JTT+I+G4,0.0496,1.9608,,JTT+I{0.0496}+G4{1.9608}
PF25043,LG+F+I+G4,0.0215,0.9441,,LG+F+I{0.0215}+G4{0.9441}
PF25051,LG+I+G4,0.0000,1.6331,,LG+I{0.0000}+G4{1.6331}
PF25052,JTT+I+R2,0.0923,,"(0.1896,0.4863) (0.7181,1.2642)","JTT+I{0.0923}+R2{0.1896,0.4863,0.7181,1.2642}"
PF25054,JTT+I+G4,0.0452,0.6479,,JTT+I{0.0452}+G4{0.6479}
PF25055,JTT+I+G4,0.0062,2.7123,,JTT+I{0.0062}+G4{2.7123}
PF25070,JTT+F+I+G4,0.0161,1.7933,,JTT+F+I{0.0161}+G4{1.7933}
PF25071,JTT+F+G4,,1.9208,,JTT+F+G4{1.9208}
PF25072,LG+I+G4,0.1036,0.8520,,LG+I{0.1036}+G4{0.8520}
PF25073,JTT+F+G4,,0.5658,,JTT+F+G4{0.5658}
PF25074,JTT+G4,,1.1525,,JTT+G4{1.1525}
PF25079,LG+I+G4,0.0453,1.0266,,LG+I{0.0453}+G4{1.0266}
PF25086,JTT+G4,,0.8525,,JTT+G4{0.8525}
PF25088,LG+F+I+R4,0.0000,,"(0.0565,0.0672) (0.2433,0.3664) (0.2599,0.8278) (0.4402,1.5717)","LG+F+I{0.0000}+R4{0.0565,0.0672,0.2433,0.3664,0.2599,0.8278,0.4402,1.5717}"
PF25089,JTT+R4,,,"(0.1303,0.0790) (0.2270,0.4236) (0.3565,0.9856) (0.2862,1.8944)","JTT+R4{0.1303,0.0790,0.2270,0.4236,0.3565,0.9856,0.2862,1.8944}"
PF25091,JTT+G4,,1.1936,,JTT+G4{1.1936}
PF25092,LG+I+G4,0.0918,1.1584,,LG+I{0.0918}+G4{1.1584}
PF25095,LG+I+G4,0.0016,0.9026,,LG+I{0.0016}+G4{0.9026}
PF25099,JTT+I+G4,0.0103,1.6329,,JTT+I{0.0103}+G4{1.6329}
PF25103,JTT+G4,,0.6684,,JTT+G4{0.6684}
PF25104,JTT+F+R4,,,"(0.1247,0.1964) (0.3334,0.5817) (0.4442,1.1662) (0.0977,2.6968)","JTT+F+R4{0.1247,0.1964,0.3334,0.5817,0.4442,1.1662,0.0977,2.6968}"
PF25118,LG+I+R4,0.0000,,"(0.0640,0.0808) (0.1682,0.3034) (0.3053,0.7702) (0.4625,1.5322)","LG+I{0.0000}+R4{0.0640,0.0808,0.1682,0.3034,0.3053,0.7702,0.4625,1.5322}"
PF25121,LG+I+G4,0.0708,1.3327,,LG+I{0.0708}+G4{1.3327}
PF25122,JTT+G4,,0.9366,,JTT+G4{0.9366}
PF25123,JTT+G4,,0.6586,,JTT+G4{0.6586}
PF25133,LG+I+G4,0.0285,2.6802,,LG+I{0.0285}+G4{2.6802}
PF25147,LG+F+I+G4,0.0155,1.4848,,LG+F+I{0.0155}+G4{1.4848}
PF25156,LG+I+R4,0.0000,,"(0.0961,0.1273) (0.2249,0.4039) (0.2724,0.9446) (0.4066,1.5730)","LG+I{0.0000}+R4{0.0961,0.1273,0.2249,0.4039,0.2724,0.9446,0.4066,1.5730}"
PF25158,JTT+G4,,1.1058,,JTT+G4{1.1058}
PF25160,JTT+I+G4,0.2984,1.9619,,JTT+I{0.2984}+G4{1.9619}
PF25220,LG+I+G4,0.0032,0.9698,,LG+I{0.0032}+G4{0.9698}
PF25236,JTT+G4,,0.5880,,JTT+G4{0.5880}
PF25237,JTT+G4,,1.3620,,JTT+G4{1.3620}
PF25238,LG+I+R4,0.0177,,"(0.1003,0.1577) (0.3171,0.5010) (0.3475,1.1823) (0.2173,1.9069)","LG+I{0.0177}+R4{0.1003,0.1577,0.3171,0.5010,0.3475,1.1823,0.2173,1.9069}"
PF25240,JTT+R4,,,"(0.0602,0.2346) (0.4268,0.6957) (0.4016,1.1411) (0.1113,2.0711)","JTT+R4{0.0602,0.2346,0.4268,0.6957,0.4016,1.1411,0.1113,2.0711}"
PF25242,JTT+I+G4,0.0176,1.5983,,JTT+I{0.0176}+G4{1.5983}
PF25243,JTT+G4,,1.1794,,JTT+G4{1.1794}
PF25246,JTT+I+G4,0.0353,1.5990,,JTT+I{0.0353}+G4{1.5990}
PF25255,LG+I+G4,0.0000,1.6348,,LG+I{0.0000}+G4{1.6348}
PF25268,JTT+I+G4,0.2098,1.8242,,JTT+I{0.2098}+G4{1.8242}
PF25276,JTT+I+G4,0.0541,0.9812,,JTT+I{0.0541}+G4{0.9812}
PF25280,JTT+R4,,,"(0.1852,0.1212) (0.3838,0.5097) (0.3197,1.4358) (0.1114,2.9003)","JTT+R4{0.1852,0.1212,0.3838,0.5097,0.3197,1.4358,0.1114,2.9003}"
PF25282,,,,,
PF25285,LG+I+G4,0.0575,1.1375,,LG+I{0.0575}+G4{1.1375}
PF25286,JTT+G4,,1.4918,,JTT+G4{1.4918}
PF25288,JTT+G4,,1.6474,,JTT+G4{1.6474}
PF25299,LG+I+R4,0.0041,,"(0.2495,0.0266) (0.1915,0.6194) (0.5116,1.4452) (0.0433,3.1238)","LG+I{0.0041}+R4{0.2495,0.0266,0.1915,0.6194,0.5116,1.4452,0.0433,3.1238}"
PF25304,LG+I+G4,0.0078,1.5508,,LG+I{0.0078}+G4{1.5508}
PF25306,JTT+G4,,2.0865,,JTT+G4{2.0865}
PF25316,JTT+I+G4,0.0089,1.1335,,JTT+I{0.0089}+G4{1.1335}
PF25333,JTT+F+R4,,,"(0.0285,0.0919) (0.1356,0.3468) (0.3759,0.7834) (0.4600,1.4258)","JTT+F+R4{0.0285,0.0919,0.1356,0.3468,0.3759,0.7834,0.4600,1.4258}"
PF25334,JTT+G4,,1.9957,,JTT+G4{1.9957}
PF25335,JTT+R4,,,"(0.1097,0.1493) (0.3705,0.4955) (0.3574,1.0382) (0.1624,2.6414)","JTT+R4{0.1097,0.1493,0.3705,0.4955,0.3574,1.0382,0.1624,2.6414}"
PF25349,JTT+I+G4,0.0265,1.6917,,JTT+I{0.0265}+G4{1.6917}
PF25350,JTT+G4,,2.3432,,JTT+G4{2.3432}
PF25352,JTT+R4,,,"(0.0431,0.0710) (0.2133,0.4701) (0.3773,0.8992) (0.3663,1.5219)","JTT+R4{0.0431,0.0710,0.2133,0.4701,0.3773,0.8992,0.3663,1.5219}"
PF25361,LG+I+G4,0.0000,1.4102,,LG+I{0.0000}+G4{1.4102}
PF25368,JTT+R4,,,"(0.1601,0.1163) (0.3170,0.5230) (0.3960,1.1490) (0.1269,2.8415)","JTT+R4{0.1601,0.1163,0.3170,0.5230,0.3960,1.1490,0.1269,2.8415}"
PF25369,JTT+G4,,4.2225,,JTT+G4{4.2225}
PF25370,JTT+I+G4,0.2041,1.3506,,JTT+I{0.2041}+G4{1.3506}
PF25372,JTT+G4,,1.2128,,JTT+G4{1.2128}
PF25373,LG+I+R4,0.0014,,"(0.0709,0.0263) (0.2326,0.3215) (0.2663,0.8422) (0.4288,1.6304)","LG+I{0.0014}+R4{0.0709,0.0263,0.2326,0.3215,0.2663,0.8422,0.4288,1.6304}"
PF25376,LG+I+G4,0.0000,1.6741,,LG+I{0.0000}+G4{1.6741}
PF25378,LG+I+G4,0.0000,1.8576,,LG+I{0.0000}+G4{1.8576}
PF25386,JTT+G4,,1.0387,,JTT+G4{1.0387}
PF25397,JTT+I+G4,0.1957,1.4461,,JTT+I{0.1957}+G4{1.4461}
PF25398,LG+I+G4,0.0150,1.7694,,LG+I{0.0150}+G4{1.7694}
PF25403,LG+I+R4,0.0259,,"(0.1182,0.0861) (0.1640,0.4805) (0.3292,0.9545) (0.3627,1.6456)","LG+I{0.0259}+R4{0.1182,0.0861,0.1640,0.4805,0.3292,0.9545,0.3627,1.6456}"
PF25418,JTT+G4,,1.5235,,JTT+G4{1.5235}
PF25419,LG+I+G4,0.1371,1.3406,,LG+I{0.1371}+G4{1.3406}
PF25428,JTT+I+G4,0.0349,2.8274,,JTT+I{0.0349}+G4{2.8274}
PF25430,LG+I+R4,0.0361,,"(0.1206,0.1952) (0.2063,0.5638) (0.4231,1.0895) (0.2139,1.8663)","LG+I{0.0361}+R4{0.1206,0.1952,0.2063,0.5638,0.4231,1.0895,0.2139,1.8663}"
PF25431,LG+I+R4,0.0000,,"(0.0717,0.0290) (0.1975,0.3161) (0.5188,1.0728) (0.2119,1.7879)","LG+I{0.0000}+R4{0.0717,0.0290,0.1975,0.3161,0.5188,1.0728,0.2119,1.7879}"
PF25432,LG+I+G4,0.0000,4.3066,,LG+I{0.0000}+G4{4.3066}
PF25433,JTT+I+G4,0.1884,0.9507,,JTT+I{0.1884}+G4{0.9507}
PF25436,JTT+G4,,0.5436,,JTT+G4{0.5436}
PF25437,JTT+I+G4,0.0174,0.9503,,JTT+I{0.0174}+G4{0.9503}
PF25446,JTT+G4,,0.8637,,JTT+G4{0.8637}
PF25455,LG+I+R4,0.0000,,"(0.0394,0.0954) (0.1862,0.4080) (0.2878,0.8578) (0.4866,1.3838)","LG+I{0.0000}+R4{0.0394,0.0954,0.1862,0.4080,0.2878,0.8578,0.4866,1.3838}"
PF25466,JTT+R4,,,"(0.0635,0.0696) (0.3446,0.5570) (0.3992,1.1236) (0.1927,1.8429)","JTT+R4{0.0635,0.0696,0.3446,0.5570,0.3992,1.1236,0.1927,1.8429}"
PF25467,LG+I+G4,0.0138,1.1709,,LG+I{0.0138}+G4{1.1709}
PF25471,LG+F+I+G4,0.0000,1.6292,,LG+F+I{0.0000}+G4{1.6292}
PF25475,JTT+I+G4,0.0197,2.7036,,JTT+I{0.0197}+G4{2.7036}
PF25476,LG+I+G4,0.0307,1.4625,,LG+I{0.0307}+G4{1.4625}
PF25481,LG+I+R4,0.0000,,"(0.0340,0.0716) (0.2392,0.4679) (0.4457,0.9720) (0.2811,1.6097)","LG+I{0.0000}+R4{0.0340,0.0716,0.2392,0.4679,0.4457,0.9720,0.2811,1.6097}"
PF25483,LG+F+I+G4,0.0240,1.8463,,LG+F+I{0.0240}+G4{1.8463}
PF25487,LG+I+G4,0.0594,1.3284,,LG+I{0.0594}+G4{1.3284}
PF25489,LG+I+G4,0.0761,0.9925,,LG+I{0.0761}+G4{0.9925}
PF25490,JTT+G4,,1.4770,,JTT+G4{1.4770}
PF25498,JTT+G4,,1.1937,,JTT+G4{1.1937}
PF25500,JTT+G4,,1.3345,,JTT+G4{1.3345}
PF25502,JTT+I+G4,0.0104,1.9650,,JTT+I{0.0104}+G4{1.9650}
PF25507,JTT+I+G4,0.0205,1.1690,,JTT+I{0.0205}+G4{1.1690}
PF25512,LG+I+G4,0.0830,1.0156,,LG+I{0.0830}+G4{1.0156}
PF25516,LG+I+G4,0.0000,2.9792,,LG+I{0.0000}+G4{2.9792}
PF25529,JTT+R4,,,"(0.1314,0.2031) (0.2473,0.5295) (0.3441,1.0645) (0.2773,1.7172)","JTT+R4{0.1314,0.2031,0.2473,0.5295,0.3441,1.0645,0.2773,1.7172}"
PF25531,JTT+G4,,0.6275,,JTT+G4{0.6275}
PF25556,JTT+I+G4,0.1875,1.4546,,JTT+I{0.1875}+G4{1.4546}
PF25557,JTT+R4,,,"(0.1128,0.0999) (0.4045,0.7055) (0.4300,1.3586) (0.0527,2.2615)","JTT+R4{0.1128,0.0999,0.4045,0.7055,0.4300,1.3586,0.0527,2.2615}"
PF25565,JTT+F+R4,,,"(0.0818,0.1662) (0.3093,0.5377) (0.3412,1.0012) (0.2677,1.7872)","JTT+F+R4{0.0818,0.1662,0.3093,0.5377,0.3412,1.0012,0.2677,1.7872}"
PF25568,JTT+F+G4,,1.0684,,JTT+F+G4{1.0684}
PF25585,LG+I+R4,0.0346,,"(0.0417,0.0718) (0.1062,0.3935) (0.2640,0.7126) (0.5535,1.3860)","LG+I{0.0346}+R4{0.0417,0.0718,0.1062,0.3935,0.2640,0.7126,0.5535,1.3860}"
PF25596,LG+I+G4,0.0465,0.8361,,LG+I{0.0465}+G4{0.8361}
PF25608,JTT+G4,,0.6878,,JTT+G4{0.6878}
PF25669,LG+I+G4,0.0198,1.1361,,LG+I{0.0198}+G4{1.1361}
PF25764,LG+I+R4,0.0000,,"(0.2524,0.3121) (0.4113,0.7439) (0.2857,1.3970) (0.0506,4.2718)","LG+I{0.0000}+R4{0.2524,0.3121,0.4113,0.7439,0.2857,1.3970,0.0506,4.2718}"
PF25785,LG+I+R4,0.0000,,"(0.1197,0.1134) (0.1984,0.4248) (0.3131,0.8970) (0.3688,1.6844)","LG+I{0.0000}+R4{0.1197,0.1134,0.1984,0.4248,0.3131,0.8970,0.3688,1.6844}"
PF25790,LG+I+R4,0.0000,,"(0.0299,0.0979) (0.1624,0.3873) (0.3440,0.8483) (0.4637,1.3852)","LG+I{0.0000}+R4{0.0299,0.0979,0.1624,0.3873,0.3440,0.8483,0.4637,1.3852}"
PF25793,LG+I+G4,0.0259,1.0662,,LG+I{0.0259}+G4{1.0662}
PF25794,LG+I+G4,0.0598,1.2203,,LG+I{0.0598}+G4{1.2203}
PF25797,JTT+I+R4,0.0064,,"(0.1230,0.1619) (0.3268,0.5559) (0.3312,1.0585) (0.2126,2.1068)","JTT+I{0.0064}+R4{0.1230,0.1619,0.3268,0.5559,0.3312,1.0585,0.2126,2.1068}"
PF25809,LG+I+R4,0.0209,,"(0.0416,0.0510) (0.1527,0.3192) (0.2939,0.7520) (0.4910,1.4831)","LG+I{0.0209}+R4{0.0416,0.0510,0.1527,0.3192,0.2939,0.7520,0.4910,1.4831}"
PF25813,JTT+R4,,,"(0.3005,0.0533) (0.1516,0.5776) (0.4638,1.4262) (0.0842,2.7904)","JTT+R4{0.3005,0.0533,0.1516,0.5776,0.4638,1.4262,0.0842,2.7904}"
PF25819,JTT+G4,,0.7722,,JTT+G4{0.7722}
PF25821,JTT+G4,,0.8237,,JTT+G4{0.8237}
PF25826,JTT+I+G4,0.0212,1.7022,,JTT+I{0.0212}+G4{1.7022}
PF25829,JTT+G4,,0.8197,,JTT+G4{0.8197}
