file,model,I,alpha,rates,alisim_model
YFL036W,LG+I+R4,0.0029,,"(0.1209,0.1820) (0.3677,0.5632) (0.2729,1.0728) (0.2356,2.0291)","LG+I{0.0029}+R4{0.1209,0.1820,0.3677,0.5632,0.2729,1.0728,0.2356,2.0291}"
YGR131W,LG+F+I+G4,0.0278,1.5693,,LG+F+I{0.0278}+G4{1.5693}
YLR438W,LG+I+R4,0.0278,,"(0.4305,0.0585) (0.2891,0.6440) (0.1647,2.0558) (0.0878,5.1222)","LG+I{0.0278}+R4{0.4305,0.0585,0.2891,0.6440,0.1647,2.0558,0.0878,5.1222}"
YJR057W,LG+I+G4,0.1929,0.8689,,LG+I{0.1929}+G4{0.8689}
YNR058W,LG+I+G4,0.0330,1.2303,,LG+I{0.0330}+G4{1.2303}
YLR368W,LG+I+G4,0.0000,1.8735,,LG+I{0.0000}+G4{1.8735}
YBR250W,LG+I+G4,0.0000,0.9631,,LG+I{0.0000}+G4{0.9631}
YCR014C,LG+I+G4,0.0000,0.9140,,LG+I{0.0000}+G4{0.9140}
YBR091C,LG+I+G4,0.0556,0.8867,,LG+I{0.0556}+G4{0.8867}
YGR010W,LG+I+R4,0.0151,,"(0.6307,0.1309) (0.2309,0.9151) (0.0944,3.8216) (0.0289,11.9468)","LG+I{0.0151}+R4{0.6307,0.1309,0.2309,0.9151,0.0944,3.8216,0.0289,11.9468}"
YCR016W,LG+I+G4,0.0014,0.6532,,LG+I{0.0014}+G4{0.6532}
YJR135W-A,LG+I+G4,0.0000,0.9883,,LG+I{0.0000}+G4{0.9883}
YJL158C,LG+I+G4,0.0932,0.7531,,LG+I{0.0932}+G4{0.7531}
YER175C,LG+I+R4,0.0030,,"(0.3907,0.1152) (0.2274,0.4926) (0.2360,1.5865) (0.1429,3.2786)","LG+I{0.0030}+R4{0.3907,0.1152,0.2274,0.4926,0.2360,1.5865,0.1429,3.2786}"
YKL182W,LG+I+R4,0.0063,,"(0.1369,0.0543) (0.4440,0.5755) (0.3265,1.4135) (0.0863,3.1916)","LG+I{0.0063}+R4{0.1369,0.0543,0.4440,0.5755,0.3265,1.4135,0.0863,3.1916}"
YOL075C,LG+I+G4,0.1944,0.8220,,LG+I{0.1944}+G4{0.8220}
YLR286C,LG+I+R4,0.0013,,"(0.2018,0.0419) (0.2450,0.4461) (0.3630,1.0959) (0.1889,2.5648)","LG+I{0.0013}+R4{0.2018,0.0419,0.2450,0.4461,0.3630,1.0959,0.1889,2.5648}"
YDL007W,LG+I+G4,0.1395,1.0931,,LG+I{0.1395}+G4{1.0931}
YGL011C,LG+I+G4,0.0919,1.0878,,LG+I{0.0919}+G4{1.0878}
YOR128C,LG+I+G4,0.1677,0.7135,,LG+I{0.1677}+G4{0.7135}
YDR440W,LG+I+G4,0.1141,0.8998,,LG+I{0.1141}+G4{0.8998}
YCL045C,LG+I+G4,0.0000,1.4432,,LG+I{0.0000}+G4{1.4432}
YDL215C,LG+I+G4,0.0000,0.8484,,LG+I{0.0000}+G4{0.8484}
YFR009W,LG+I+G4,0.2488,0.8062,,LG+I{0.2488}+G4{0.8062}
YML022W,LG+I+R4,0.0082,,"(0.4420,0.1560) (0.2243,0.7333) (0.1526,1.4645) (0.1729,3.1411)","LG+I{0.0082}+R4{0.4420,0.1560,0.2243,0.7333,0.1526,1.4645,0.1729,3.1411}"
YHR052W,LG+I+G4,0.0000,3.9272,,LG+I{0.0000}+G4{3.9272}
YGL067W,LG+I+G4,0.1991,1.3628,,LG+I{0.1991}+G4{1.3628}
YMR216C,LG+I+G4,0.1614,0.8011,,LG+I{0.1614}+G4{0.8011}
YKL174C,LG+F+I+R4,0.0024,,"(0.2017,0.2006) (0.3715,0.5542) (0.2763,1.1982) (0.1481,2.8525)","LG+F+I{0.0024}+R4{0.2017,0.2006,0.3715,0.5542,0.2763,1.1982,0.1481,2.8525}"
YNL261W,LG+F+I+G4,0.0000,1.3493,,LG+F+I{0.0000}+G4{1.3493}
YNL262W,LG+I+G4,0.0423,0.4832,,LG+I{0.0423}+G4{0.4832}
YLR376C,LG+I+G4,0.0185,1.2681,,LG+I{0.0185}+G4{1.2681}
YPL083C,LG+I+G4,0.0804,0.6976,,LG+I{0.0804}+G4{0.6976}
YLR135W,LG+I+G4,0.0000,1.9483,,LG+I{0.0000}+G4{1.9483}
YDL100C,LG+I+R4,0.0000,,"(0.3598,0.2809) (0.3239,0.6349) (0.2032,1.5151) (0.1131,3.4083)","LG+I{0.0000}+R4{0.3598,0.2809,0.3239,0.6349,0.2032,1.5151,0.1131,3.4083}"
YHR208W,LG+I+G4,0.2212,0.9072,,LG+I{0.2212}+G4{0.9072}
YOR022C,LG+I+G4,0.0458,0.8004,,LG+I{0.0458}+G4{0.8004}
YJR138W,LG+I+G4,0.0313,1.2250,,LG+I{0.0313}+G4{1.2250}
YKL186C,LG+I+G4,0.0200,2.6020,,LG+I{0.0200}+G4{2.6020}
YIL067C,LG+I+G4,0.0198,0.9073,,LG+I{0.0198}+G4{0.9073}
YLR359W,LG+I+G4,0.3990,0.7988,,LG+I{0.3990}+G4{0.7988}
YER017C,LG+I+G4,0.3461,0.6846,,LG+I{0.3461}+G4{0.6846}
YNL207W,LG+I+G4,0.0389,1.1039,,LG+I{0.0389}+G4{1.1039}
YDR076W,LG+I+G4,0.0000,1.4469,,LG+I{0.0000}+G4{1.4469}
YDL092W,LG+I+G4,0.0280,1.0712,,LG+I{0.0280}+G4{1.0712}
YBL027W,LG+I+G4,0.0180,1.2220,,LG+I{0.0180}+G4{1.2220}
YGL070C,LG+I+G4,0.0015,0.5807,,LG+I{0.0015}+G4{0.5807}
YBL038W,LG+I+G4,0.2104,1.0266,,LG+I{0.2104}+G4{1.0266}
YGL119W,LG+I+G4,0.0961,0.8377,,LG+I{0.0961}+G4{0.8377}
YOL032W,LG+I+G4,0.0600,1.4852,,LG+I{0.0600}+G4{1.4852}
YPR047W,LG+I+G4,0.1592,0.6274,,LG+I{0.1592}+G4{0.6274}
YKL210W,LG+F+I+G4,0.1183,1.0293,,LG+F+I{0.1183}+G4{1.0293}
YER155C,LG+I+G4,0.0000,0.7414,,LG+I{0.0000}+G4{0.7414}
YDR197W,LG+I+R4,0.0000,,"(0.2361,0.2714) (0.2580,0.5156) (0.2545,1.1036) (0.2513,2.0770)","LG+I{0.0000}+R4{0.2361,0.2714,0.2580,0.5156,0.2545,1.1036,0.2513,2.0770}"
YNL321W,LG+F+I+G4,0.0051,0.9825,,LG+F+I{0.0051}+G4{0.9825}
YOR298C-A,LG+I+G4,0.0175,0.7262,,LG+I{0.0175}+G4{0.7262}
YFR037C,LG+I+G4,0.1219,1.1617,,LG+I{0.1219}+G4{1.1617}
YJL176C,LG+I+G4,0.0175,2.0235,,LG+I{0.0175}+G4{2.0235}
YJR058C,LG+I+G4,0.0000,0.7655,,LG+I{0.0000}+G4{0.7655}
YDL127W,LG+I+G4,0.0000,0.9850,,LG+I{0.0000}+G4{0.9850}
YLR170C,JTT+R2,,,"(0.4170,0.2009) (0.5830,1.5716)","JTT+R2{0.4170,0.2009,0.5830,1.5716}"
YIL124W,LG+I+R4,0.0045,,"(0.1962,0.1148) (0.3044,0.6028) (0.3326,1.1708) (0.1623,2.4932)","LG+I{0.0045}+R4{0.1962,0.1148,0.3044,0.6028,0.3326,1.1708,0.1623,2.4932}"
YMR243C,LG+I+G4,0.1122,1.0383,,LG+I{0.1122}+G4{1.0383}
YGL122C,LG+I+G4,0.0000,0.8695,,LG+I{0.0000}+G4{0.8695}
YPL178W,LG+I+G4,0.0000,1.1505,,LG+I{0.0000}+G4{1.1505}
YGR013W,LG+I+G4,0.0000,5.4235,,LG+I{0.0000}+G4{5.4235}
YPL262W,LG+I+G4,0.2406,0.6557,,LG+I{0.2406}+G4{0.6557}
YDR183W,LG+I+G4,0.0000,1.2579,,LG+I{0.0000}+G4{1.2579}
YCR033W,LG+I+G4,0.0000,0.9001,,LG+I{0.0000}+G4{0.9001}
YLR212C,LG+I+G4,0.1047,1.1698,,LG+I{0.1047}+G4{1.1698}
YFL037W,LG+I+R4,0.0245,,"(0.3228,0.0294) (0.3773,0.4075) (0.1791,1.7870) (0.0964,5.3603)","LG+I{0.0245}+R4{0.3228,0.0294,0.3773,0.4075,0.1791,1.7870,0.0964,5.3603}"
YGL202W,LG+I+G4,0.0731,1.0752,,LG+I{0.0731}+G4{1.0752}
YOL086W-A,LG+I+G4,0.0000,1.3786,,LG+I{0.0000}+G4{1.3786}
YPR033C,LG+I+R4,0.0000,,"(0.5941,0.1058) (0.2008,0.9248) (0.1503,2.7099) (0.0548,6.2796)","LG+I{0.0000}+R4{0.5941,0.1058,0.2008,0.9248,0.1503,2.7099,0.0548,6.2796}"
YAL053W,LG+I+G4,0.0495,1.4101,,LG+I{0.0495}+G4{1.4101}
YPL033C,LG+I+G4,0.0061,1.5511,,LG+I{0.0061}+G4{1.5511}
YHR059W,LG+I+G4,0.0424,1.5097,,LG+I{0.0424}+G4{1.5097}
YJR019C,LG+I+G4,0.0154,0.9154,,LG+I{0.0154}+G4{0.9154}
YHR137W,LG+F+I+R4,0.0000,,"(0.1461,0.2772) (0.4063,0.6483) (0.3454,1.2045) (0.1021,2.7415)","LG+F+I{0.0000}+R4{0.1461,0.2772,0.4063,0.6483,0.3454,1.2045,0.1021,2.7415}"
YHR190W,LG+I+G4,0.1049,0.8445,,LG+I{0.1049}+G4{0.8445}
YML121W,LG+I+R4,0.0248,,"(0.3992,0.1025) (0.2517,0.4712) (0.1592,1.4665) (0.1651,3.6777)","LG+I{0.0248}+R4{0.3992,0.1025,0.2517,0.4712,0.1592,1.4665,0.1651,3.6777}"
YPR056W,LG+F+I+G4,0.0542,0.9797,,LG+F+I{0.0542}+G4{0.9797}
YBR034C,LG+I+G4,0.2375,0.7929,,LG+I{0.2375}+G4{0.7929}
YPL166W,LG+I+G4,0.0000,1.2411,,LG+I{0.0000}+G4{1.2411}
YBR103W,LG+I+G4,0.0000,0.7037,,LG+I{0.0000}+G4{0.7037}
YCL033C,LG+I+G4,0.1313,0.9791,,LG+I{0.1313}+G4{0.9791}
YPL009C,LG+I+G4,0.0000,1.2240,,LG+I{0.0000}+G4{1.2240}
YJR055W,LG+I+G4,0.0000,0.7730,,LG+I{0.0000}+G4{0.7730}
YJL187C,LG+I+R4,0.0176,,"(0.2690,0.0422) (0.3294,0.5032) (0.2881,1.5608) (0.0959,3.8921)","LG+I{0.0176}+R4{0.2690,0.0422,0.3294,0.5032,0.2881,1.5608,0.0959,3.8921}"
YHR040W,JTT+G4,,0.8033,,JTT+G4{0.8033}
YLR106C,LG+I+G4,0.1768,1.1306,,LG+I{0.1768}+G4{1.1306}
YPR088C,LG+I+G4,0.1284,1.0674,,LG+I{0.1284}+G4{1.0674}
YGR092W,LG+I+R4,0.0013,,"(0.6083,0.1994) (0.2563,1.1599) (0.1235,3.6986) (0.0106,11.7467)","LG+I{0.0013}+R4{0.6083,0.1994,0.2563,1.1599,0.1235,3.6986,0.0106,11.7467}"
YBR221C,LG+I+G4,0.4375,1.3587,,LG+I{0.4375}+G4{1.3587}
YOR006C,LG+I+G4,0.1322,0.6026,,LG+I{0.1322}+G4{0.6026}
YBR222C,LG+I+G4,0.0112,0.7320,,LG+I{0.0112}+G4{0.7320}
YOR005C,LG+I+G4,0.0058,0.8613,,LG+I{0.0058}+G4{0.8613}
YER148W,LG+I,0.0000,,,LG+I{0.0000}
YDR007W,LG+I+G4,0.1379,0.9940,,LG+I{0.1379}+G4{0.9940}
YDR088C,LG+I+G4,0.0081,1.7364,,LG+I{0.0081}+G4{1.7364}
YKL211C,LG+I+G4,0.1999,0.7287,,LG+I{0.1999}+G4{0.7287}
YML014W,LG+I+G4,0.2071,0.7164,,LG+I{0.2071}+G4{0.7164}
YDL238C,LG+I+G4,0.1077,0.7558,,LG+I{0.1077}+G4{0.7558}
YKL184W,LG+I+R4,0.0000,,"(0.3387,0.0787) (0.2701,0.5247) (0.2633,1.4386) (0.1279,3.5398)","LG+I{0.0000}+R4{0.3387,0.0787,0.2701,0.5247,0.2633,1.4386,0.1279,3.5398}"
YJR074W,LG+I+G4,0.0569,0.9678,,LG+I{0.0569}+G4{0.9678}
YKL067W,LG+I+G4,0.2782,0.8164,,LG+I{0.2782}+G4{0.8164}
YJR060W,LG+I+G4,0.2106,0.9504,,LG+I{0.2106}+G4{0.9504}
YML059C,LG+I+G4,0.0000,1.0145,,LG+I{0.0000}+G4{1.0145}
YKL183W,LG+F+I+G4,0.0000,2.0051,,LG+F+I{0.0000}+G4{2.0051}
YLR433C,LG+I+G4,0.1512,0.7706,,LG+I{0.1512}+G4{0.7706}
YBL103C,LG+I+R4,0.0000,,"(0.4755,0.2749) (0.3287,0.7509) (0.1422,1.5454) (0.0536,7.5164)","LG+I{0.0000}+R4{0.4755,0.2749,0.3287,0.7509,0.1422,1.5454,0.0536,7.5164}"
YBR048W,LG+I+R2,0.0000,,"(0.6316,0.1910) (0.3684,2.3870)","LG+I{0.0000}+R2{0.6316,0.1910,0.3684,2.3870}"
YGR068C,LG+I+G4,0.0000,1.8182,,LG+I{0.0000}+G4{1.8182}
YDR330W,LG+I+G4,0.0327,1.1421,,LG+I{0.0327}+G4{1.1421}
YNL286W,LG+I+G4,0.0209,1.0311,,LG+I{0.0209}+G4{1.0311}
YFR022W,LG+I+G4,0.0000,1.7266,,LG+I{0.0000}+G4{1.7266}
YFR030W,LG+I+G4,0.1745,0.9720,,LG+I{0.1745}+G4{0.9720}
YOR356W,LG+I+G4,0.2471,0.9611,,LG+I{0.2471}+G4{0.9611}
YMR012W,LG+I+G4,0.0215,1.2934,,LG+I{0.0215}+G4{1.2934}
YML079W,LG+I+G4,0.0000,1.1987,,LG+I{0.0000}+G4{1.1987}
YAL041W,LG+I+G4,0.0347,1.5261,,LG+I{0.0347}+G4{1.5261}
YGL049C,LG+I+R4,0.0000,,"(0.0946,0.0504) (0.2467,0.4951) (0.3108,0.9700) (0.3480,1.6429)","LG+I{0.0000}+R4{0.0946,0.0504,0.2467,0.4951,0.3108,0.9700,0.3480,1.6429}"
YMR165C,LG+I+G4,0.0284,1.0160,,LG+I{0.0284}+G4{1.0160}
YMR296C,LG+F+I+G4,0.0560,1.0517,,LG+F+I{0.0560}+G4{1.0517}
YBR182C,LG+I+G4,0.0040,0.5390,,LG+I{0.0040}+G4{0.5390}
YLR243W,LG+I+G4,0.1772,1.1229,,LG+I{0.1772}+G4{1.1229}
YIR026C,LG+I+R4,0.0000,,"(0.0666,0.1187) (0.4000,0.5105) (0.3551,1.0961) (0.1783,2.2359)","LG+I{0.0000}+R4{0.0666,0.1187,0.4000,0.5105,0.3551,1.0961,0.1783,2.2359}"
YMR042W,LG+I+G4,0.1389,1.2948,,LG+I{0.1389}+G4{1.2948}
YDR341C,LG+I+G4,0.0426,1.0987,,LG+I{0.0426}+G4{1.0987}
YLR249W,LG+I+G4,0.0421,1.1625,,LG+I{0.0421}+G4{1.1625}
YHR171W,LG+I+G4,0.0327,0.9638,,LG+I{0.0327}+G4{0.9638}
YHR172W,LG+F+I+R4,0.0052,,"(0.1468,0.2062) (0.3829,0.5820) (0.2882,1.1707) (0.1769,2.3149)","LG+F+I{0.0052}+R4{0.1468,0.2062,0.3829,0.5820,0.2882,1.1707,0.1769,2.3149}"
YHR170W,LG+I+G4,0.0000,1.3601,,LG+I{0.0000}+G4{1.3601}
YDR132C,LG+I+G4,0.1459,0.8954,,LG+I{0.1459}+G4{0.8954}
YJL092W,LG+F+I+R4,0.0000,,"(0.1701,0.0939) (0.2716,0.3921) (0.2688,1.0188) (0.2895,2.0851)","LG+F+I{0.0000}+R4{0.1701,0.0939,0.2716,0.3921,0.2688,1.0188,0.2895,2.0851}"
YLR201C,LG+I+G4,0.0495,1.1876,,LG+I{0.0495}+G4{1.1876}
YGR002C,LG+I+R4,0.0000,,"(0.1928,0.1228) (0.1950,0.4371) (0.2461,0.9665) (0.3661,1.7841)","LG+I{0.0000}+R4{0.1928,0.1228,0.1950,0.4371,0.2461,0.9665,0.3661,1.7841}"
YHL015W,LG+I+G4,0.0939,0.6129,,LG+I{0.0939}+G4{0.6129}
YKR009C,LG+I+G4,0.1811,0.7728,,LG+I{0.1811}+G4{0.7728}
YDL064W,LG+I+R4,0.0140,,"(0.3417,0.0520) (0.3364,0.5556) (0.2441,1.9835) (0.0638,4.8756)","LG+I{0.0140}+R4{0.3417,0.0520,0.3364,0.5556,0.2441,1.9835,0.0638,4.8756}"
YGR246C,LG+I+G4,0.0547,1.1801,,LG+I{0.0547}+G4{1.1801}
YGL023C,LG+I+G4,0.0435,0.7300,,LG+I{0.0435}+G4{0.7300}
YGR245C,LG+I+G4,0.0432,0.8107,,LG+I{0.0432}+G4{0.8107}
YDR323C,LG+I+G4,0.0348,0.8796,,LG+I{0.0348}+G4{0.8796}
YDR294C,LG+I+G4,0.1454,0.7402,,LG+I{0.1454}+G4{0.7402}
YHL021C,LG+I+G4,0.0149,0.9044,,LG+I{0.0149}+G4{0.9044}
YDR036C,LG+I+G4,0.1806,1.4027,,LG+I{0.1806}+G4{1.4027}
YDR313C,LG+I+R4,0.0000,,"(0.3549,0.0746) (0.1870,0.4724) (0.2259,1.3211) (0.2323,2.5263)","LG+I{0.0000}+R4{0.3549,0.0746,0.1870,0.4724,0.2259,1.3211,0.2323,2.5263}"
YJL060W,LG+F+I+G4,0.0886,0.8264,,LG+F+I{0.0886}+G4{0.8264}
YFL004W,LG+I+G4,0.0692,0.9596,,LG+I{0.0692}+G4{0.9596}
YML054C,LG+I+G4,0.1365,1.3146,,LG+I{0.1365}+G4{1.3146}
YCR102C,LG+I+G4,0.0000,1.1932,,LG+I{0.0000}+G4{1.1932}
YNL177C,LG+I+G4,0.0000,0.9238,,LG+I{0.0000}+G4{0.9238}
YGR024C,LG+I+G4,0.2309,0.9432,,LG+I{0.2309}+G4{0.9432}
YBL069W,LG+I+G4,0.0192,1.5078,,LG+I{0.0192}+G4{1.5078}
YKR070W,LG+I+G4,0.1532,0.7031,,LG+I{0.1532}+G4{0.7031}
YKR069W,LG+I+R4,0.0010,,"(0.4568,0.1045) (0.2733,0.7314) (0.1939,2.0337) (0.0750,4.7743)","LG+I{0.0010}+R4{0.4568,0.1045,0.2733,0.7314,0.1939,2.0337,0.0750,4.7743}"
YER143W,LG+I+G4,0.0197,1.0203,,LG+I{0.0197}+G4{1.0203}
YBR263W,LG+I+G4,0.2200,0.6463,,LG+I{0.2200}+G4{0.6463}
YGL135W,LG+I+G4,0.4727,0.8469,,LG+I{0.4727}+G4{0.8469}
YFR038W,LG+I+R4,0.0186,,"(0.3645,0.0941) (0.2251,0.5653) (0.1899,1.3802) (0.2019,2.8552)","LG+I{0.0186}+R4{0.3645,0.0941,0.2251,0.5653,0.1899,1.3802,0.2019,2.8552}"
YBL095W,LG+I+G4,0.0000,1.5089,,LG+I{0.0000}+G4{1.5089}
YBR245C,LG+I+G4,0.3121,0.8212,,LG+I{0.3121}+G4{0.8212}
YOL004W,LG+I+G4,0.0477,1.0293,,LG+I{0.0477}+G4{1.0293}
YDL166C,LG+I+R4,0.0094,,"(0.2770,0.1068) (0.2730,0.5036) (0.2501,1.3221) (0.1904,2.6381)","LG+I{0.0094}+R4{0.2770,0.1068,0.2730,0.5036,0.2501,1.3221,0.1904,2.6381}"
YNL241C,LG+I+G4,0.1710,0.9051,,LG+I{0.1710}+G4{0.9051}
YPL255W,LG+F+I+G4,0.0000,2.8937,,LG+F+I{0.0000}+G4{2.8937}
YLR075W,LG+I+G4,0.4766,0.8348,,LG+I{0.4766}+G4{0.8348}
YMR244C-A,LG+I+G4,0.0000,2.7477,,LG+I{0.0000}+G4{2.7477}
YLR209C,LG+I+R4,0.0000,,"(0.3979,0.0966) (0.1823,0.5534) (0.2320,1.2667) (0.1878,3.0180)","LG+I{0.0000}+R4{0.3979,0.0966,0.1823,0.5534,0.2320,1.2667,0.1878,3.0180}"
YGR133W,LG+I+G4,0.0000,1.5774,,LG+I{0.0000}+G4{1.5774}
YDR533C,LG+I+G4,0.0131,1.8746,,LG+I{0.0131}+G4{1.8746}
YJR099W,LG+I+G4,0.0752,1.0489,,LG+I{0.0752}+G4{1.0489}
YMR179W,LG+I+G4,0.0283,1.0083,,LG+I{0.0283}+G4{1.0083}
Q0050,LG+F+I+G4,0.0000,1.3515,,LG+F+I{0.0000}+G4{1.3515}
YGL244W,LG+I+G4,0.0298,1.7195,,LG+I{0.0298}+G4{1.7195}
YGL205W,LG+I+G4,0.0241,1.4119,,LG+I{0.0241}+G4{1.4119}
YHL018W,LG+I+G4,0.0000,2.8258,,LG+I{0.0000}+G4{2.8258}
YGR095C,LG+I+G4,0.0196,1.0395,,LG+I{0.0196}+G4{1.0395}
YBR114W,LG+I+G4,0.1569,0.7951,,LG+I{0.1569}+G4{0.7951}
YOR191W,LG+F+I+G4,0.0713,1.0273,,LG+F+I{0.0713}+G4{1.0273}
YDL227C,LG+I+R4,0.0000,,"(0.0787,0.1527) (0.2775,0.4826) (0.2899,0.9148) (0.3539,1.6640)","LG+I{0.0000}+R4{0.0787,0.1527,0.2775,0.4826,0.2899,0.9148,0.3539,1.6640}"
YHL010C,JTT+R3,,,"(0.7162,0.3057) (0.1474,1.1717) (0.1364,4.4599)","JTT+R3{0.7162,0.3057,0.1474,1.1717,0.1364,4.4599}"
YGL203C,LG+I+R4,0.0099,,"(0.1987,0.0822) (0.2819,0.4447) (0.2476,1.0582) (0.2619,2.2768)","LG+I{0.0099}+R4{0.1987,0.0822,0.2819,0.4447,0.2476,1.0582,0.2619,2.2768}"
YLR093C,LG+I+G4,0.0000,3.9427,,LG+I{0.0000}+G4{3.9427}
YMR229C,LG+I+G4,0.0000,1.6774,,LG+I{0.0000}+G4{1.6774}
YJL057C,LG+I+G4,0.0000,0.7580,,LG+I{0.0000}+G4{0.7580}
YHR112C,LG+F+I+R4,0.0000,,"(0.1988,0.3965) (0.3636,0.7218) (0.3029,1.2270) (0.1347,2.1316)","LG+F+I{0.0000}+R4{0.1988,0.3965,0.3636,0.7218,0.3029,1.2270,0.1347,2.1316}"
YDR058C,LG+I+G4,0.0242,0.7632,,LG+I{0.0242}+G4{0.7632}
YNL299W,LG+I+G4,0.0568,0.8732,,LG+I{0.0568}+G4{0.8732}
YNL245C,LG+I+G4,0.0000,1.0704,,LG+I{0.0000}+G4{1.0704}
YNL244C,JTT+G4,,0.3124,,JTT+G4{0.3124}
YAL001C,LG+I+R4,0.0000,,"(0.0776,0.0844) (0.3482,0.5241) (0.3433,1.1105) (0.2309,1.8613)","LG+I{0.0000}+R4{0.0776,0.0844,0.3482,0.5241,0.3433,1.1105,0.2309,1.8613}"
YOL027C,LG+I+G4,0.0898,0.8747,,LG+I{0.0898}+G4{0.8747}
YMR049C,LG+I+R4,0.0005,,"(0.5615,0.1625) (0.2777,1.1110) (0.1122,2.6503) (0.0480,6.3051)","LG+I{0.0005}+R4{0.5615,0.1625,0.2777,1.1110,0.1122,2.6503,0.0480,6.3051}"
YEL061C,JTT+F+G4,,18.1948,,JTT+F+G4{18.1948}
YDL079C,LG+I+R4,0.0016,,"(0.3702,0.1190) (0.2147,0.5013) (0.2262,1.2161) (0.1873,3.0601)","LG+I{0.0016}+R4{0.3702,0.1190,0.2147,0.5013,0.2262,1.2161,0.1873,3.0601}"
YOR197W,LG+I+R4,0.0142,,"(0.2741,0.0866) (0.2507,0.4861) (0.2107,1.2531) (0.2503,2.3588)","LG+I{0.0142}+R4{0.2741,0.0866,0.2507,0.4861,0.2107,1.2531,0.2503,2.3588}"
YBR139W,LG+I+R4,0.0039,,"(0.2408,0.0927) (0.2122,0.3754) (0.2848,1.0655) (0.2583,2.3016)","LG+I{0.0039}+R4{0.2408,0.0927,0.2122,0.3754,0.2848,1.0655,0.2583,2.3016}"
YGL030W,LG+I+G4,0.1269,0.9450,,LG+I{0.1269}+G4{0.9450}
YER061C,LG+I+G4,0.0583,0.9222,,LG+I{0.0583}+G4{0.9222}
YKL185W,JTT+I+G4,0.4611,0.6633,,JTT+I{0.4611}+G4{0.6633}
YOR151C,LG+I+G4,0.1797,0.7007,,LG+I{0.1797}+G4{0.7007}
YDL106C,LG+I+G4,0.0000,2.5383,,LG+I{0.0000}+G4{2.5383}
YOL040C,LG+I+G4,0.1424,0.9168,,LG+I{0.1424}+G4{0.9168}
YGR058W,LG+I+G4,0.0000,1.2998,,LG+I{0.0000}+G4{1.2998}
YDR171W,LG+F+I+G4,0.0000,2.7419,,LG+F+I{0.0000}+G4{2.7419}
YBR072W,LG+F+I+G4,0.0000,1.3932,,LG+F+I{0.0000}+G4{1.3932}
YLR253W,LG+I+R4,0.0000,,"(0.4736,0.1207) (0.2183,0.6218) (0.2130,1.7649) (0.0951,4.5334)","LG+I{0.0000}+R4{0.4736,0.1207,0.2183,0.6218,0.2130,1.7649,0.0951,4.5334}"
YBR031W,LG+I+G4,0.0859,1.1060,,LG+I{0.0859}+G4{1.1060}
YJL087C,LG+I+G4,0.0595,1.2018,,LG+I{0.0595}+G4{1.2018}
YPR100W,LG+I+G4,0.0674,1.1209,,LG+I{0.0674}+G4{1.1209}
YGR170W,LG+I+G4,0.0000,4.0184,,LG+I{0.0000}+G4{4.0184}
YDL028C,LG+I+G4,0.1363,0.8237,,LG+I{0.1363}+G4{0.8237}
YBR025C,LG+I+G4,0.1097,0.8346,,LG+I{0.1097}+G4{0.8346}
YBR189W,LG+I+G4,0.4365,0.6179,,LG+I{0.4365}+G4{0.6179}
YKL085W,LG+I+G4,0.2127,0.9267,,LG+I{0.2127}+G4{0.9267}
YCL035C,LG+I+G4,0.0000,1.1883,,LG+I{0.0000}+G4{1.1883}
YMR178W,LG+I+R4,0.0000,,"(0.3389,0.1257) (0.3199,0.6448) (0.2200,1.5469) (0.1212,3.3893)","LG+I{0.0000}+R4{0.3389,0.1257,0.3199,0.6448,0.2200,1.5469,0.1212,3.3893}"
YHL014C,LG+I+G4,0.1297,1.3502,,LG+I{0.1297}+G4{1.3502}
YDL010W,LG+I+G4,0.0000,2.0103,,LG+I{0.0000}+G4{2.0103}
YNR037C,LG+I+G4,0.0461,0.9999,,LG+I{0.0461}+G4{0.9999}
YPL196W,LG+F+I+G4,0.0000,1.3111,,LG+F+I{0.0000}+G4{1.3111}
YER042W,LG+I+R4,0.0000,,"(0.3126,0.1049) (0.3679,0.7268) (0.2486,1.5970) (0.0710,4.2661)","LG+I{0.0000}+R4{0.3126,0.1049,0.3679,0.7268,0.2486,1.5970,0.0710,4.2661}"
YJL088W,LG+I+G4,0.0231,0.6789,,LG+I{0.0231}+G4{0.6789}
YJR084W,LG+I+G4,0.0000,3.0286,,LG+I{0.0000}+G4{3.0286}
YMR060C,LG+I+G4,0.0000,3.2794,,LG+I{0.0000}+G4{3.2794}
YDR388W,LG+I+G4,0.1373,0.9553,,LG+I{0.1373}+G4{0.9553}
YOR074C,LG+I+G4,0.2826,0.7680,,LG+I{0.2826}+G4{0.7680}
YGL123W,LG+I+G4,0.2319,1.4250,,LG+I{0.2319}+G4{1.4250}
YLR389C,LG+F+I+R4,0.0000,,"(0.1865,0.1122) (0.3410,0.5516) (0.2395,1.1330) (0.2331,2.2298)","LG+F+I{0.0000}+R4{0.1865,0.1122,0.3410,0.5516,0.2395,1.1330,0.2331,2.2298}"
YLR116W,LG+I+R4,0.0000,,"(0.2750,0.0867) (0.3087,0.5974) (0.2392,1.6521) (0.1771,2.2391)","LG+I{0.0000}+R4{0.2750,0.0867,0.3087,0.5974,0.2392,1.6521,0.1771,2.2391}"
YDR140W,LG+I+G4,0.0860,1.1430,,LG+I{0.0860}+G4{1.1430}
YHR098C,LG+I+G4,0.2574,0.6487,,LG+I{0.2574}+G4{0.6487}
YIL109C,LG+I+G4,0.2626,0.7261,,LG+I{0.2626}+G4{0.7261}
YDL078C,LG+I+G4,0.1740,0.6730,,LG+I{0.1740}+G4{0.6730}
YKL025C,JTT+G4,,0.9494,,JTT+G4{0.9494}
YDR386W,LG+I+G4,0.0000,1.7541,,LG+I{0.0000}+G4{1.7541}
YOR355W,LG+I+G4,0.0147,0.5863,,LG+I{0.0147}+G4{0.5863}
YOL098C,LG+F+I+R4,0.0046,,"(0.1354,0.0875) (0.3247,0.4297) (0.2820,1.0559) (0.2533,2.1747)","LG+F+I{0.0046}+R4{0.1354,0.0875,0.3247,0.4297,0.2820,1.0559,0.2533,2.1747}"
YFR005C,LG+I+R4,0.0011,,"(0.3354,0.1728) (0.3968,0.8099) (0.2372,1.9990) (0.0296,4.9590)","LG+I{0.0011}+R4{0.3354,0.1728,0.3968,0.8099,0.2372,1.9990,0.0296,4.9590}"
YDR125C,LG+I+R4,0.0000,,"(0.1605,0.0910) (0.3554,0.5116) (0.3239,1.1390) (0.1603,2.7123)","LG+I{0.0000}+R4{0.1605,0.0910,0.3554,0.5116,0.3239,1.1390,0.1603,2.7123}"
YAL002W,LG+I+G4,0.0476,1.3137,,LG+I{0.0476}+G4{1.3137}
YCR059C,LG+I+G4,0.0000,1.4638,,LG+I{0.0000}+G4{1.4638}
YGR123C,LG+I+G4,0.0000,0.7157,,LG+I{0.0000}+G4{0.7157}
YGL110C,LG+I+G4,0.0000,2.7643,,LG+I{0.0000}+G4{2.7643}
YPL259C,LG+I+G4,0.0000,1.4842,,LG+I{0.0000}+G4{1.4842}
YMR218C,LG+F+I+R4,0.0000,,"(0.0913,0.1412) (0.2813,0.4769) (0.3829,0.9742) (0.2445,1.9631)","LG+F+I{0.0000}+R4{0.0913,0.1412,0.2813,0.4769,0.3829,0.9742,0.2445,1.9631}"
YOR250C,LG+I+G4,0.0299,1.4065,,LG+I{0.0299}+G4{1.4065}
YDR253C,JTT+G4,,2.2152,,JTT+G4{2.2152}
YGL026C,LG+I+G4,0.1084,0.8007,,LG+I{0.1084}+G4{0.8007}
YBR102C,LG+I+G4,0.0000,1.5290,,LG+I{0.0000}+G4{1.5290}
YDL060W,LG+I+G4,0.0136,1.2260,,LG+I{0.0136}+G4{1.2260}
YPR135W,LG+I+G4,0.0000,1.5641,,LG+I{0.0000}+G4{1.5641}
YBR212W,LG+I+R4,0.0000,,"(0.3754,0.1971) (0.2419,0.6124) (0.2680,1.6022) (0.1147,3.0387)","LG+I{0.0000}+R4{0.3754,0.1971,0.2419,0.6124,0.2680,1.6022,0.1147,3.0387}"
YGR254W,LG+I,0.5840,,,LG+I{0.5840}
YDR517W,LG+I+G4,0.0252,1.4088,,LG+I{0.0252}+G4{1.4088}
YBL085W,LG+I+G4,0.0001,0.8884,,LG+I{0.0001}+G4{0.8884}
YLR421C,LG+I+G4,0.0472,1.2239,,LG+I{0.0472}+G4{1.2239}
YER171W,LG+I+G4,0.1263,0.7169,,LG+I{0.1263}+G4{0.7169}
YGL251C,LG+I+G4,0.0666,0.9108,,LG+I{0.0666}+G4{0.9108}
YGR271W,LG+I+G4,0.3402,0.6933,,LG+I{0.3402}+G4{0.6933}
YER172C,LG+I+R3,0.0000,,"(0.1054,0.1564) (0.3748,0.6846) (0.5199,1.3984)","LG+I{0.0000}+R3{0.1054,0.1564,0.3748,0.6846,0.5199,1.3984}"
YBR136W,LG+I+G4,0.0000,1.6260,,LG+I{0.0000}+G4{1.6260}
YOR288C,LG+I+G4,0.0717,0.7229,,LG+I{0.0717}+G4{0.7229}
YBR135W,LG+I+R3,0.0000,,"(0.7152,0.2100) (0.1176,1.2588) (0.1672,4.1972)","LG+I{0.0000}+R3{0.7152,0.2100,0.1176,1.2588,0.1672,4.1972}"
YJL168C,JTT+G4,,1.7258,,JTT+G4{1.7258}
YGL187C,LG+I+G4,0.0539,1.3661,,LG+I{0.0539}+G4{1.3661}
YGL175C,LG+I+R3,0.0000,,"(0.4581,0.3112) (0.4344,0.8319) (0.1075,4.6146)","LG+I{0.0000}+R3{0.4581,0.3112,0.4344,0.8319,0.1075,4.6146}"
YLR084C,LG+F+I+G4,0.0030,1.1642,,LG+F+I{0.0030}+G4{1.1642}
YKL214C,LG+I+G4,0.0555,3.3629,,LG+I{0.0555}+G4{3.3629}
YDL236W,LG+I+G4,0.0212,0.6873,,LG+I{0.0212}+G4{0.6873}
YCR095C,LG+I+G4,0.0298,1.7916,,LG+I{0.0298}+G4{1.7916}
YNL218W,LG+I+G4,0.0000,0.8919,,LG+I{0.0000}+G4{0.8919}
YNL099C,LG+I+G4,0.0020,0.7150,,LG+I{0.0020}+G4{0.7150}
YNL032W,LG+I+G4,0.2028,0.8182,,LG+I{0.2028}+G4{0.8182}
YKL192C,LG+I+G4,0.1231,1.1782,,LG+I{0.1231}+G4{1.1782}
YNL016W,LG+I+G4,0.0234,1.3476,,LG+I{0.0234}+G4{1.3476}
YPL122C,LG+I+G4,0.0899,1.1037,,LG+I{0.0899}+G4{1.1037}
YPR179C,LG+F+I+R4,0.0000,,"(0.0858,0.1416) (0.3293,0.4998) (0.3596,0.9825) (0.2253,2.0863)","LG+F+I{0.0000}+R4{0.0858,0.1416,0.3293,0.4998,0.3596,0.9825,0.2253,2.0863}"
YER152C,LG+I+G4,0.0115,0.8395,,LG+I{0.0115}+G4{0.8395}
YNR057C,LG+I+G4,0.1229,1.1161,,LG+I{0.1229}+G4{1.1161}
YBR074W,LG+I+G4,0.0302,0.9065,,LG+I{0.0302}+G4{0.9065}
YDL086W,LG+I+R4,0.0000,,"(0.3512,0.0519) (0.2926,0.5415) (0.2740,1.7110) (0.0823,4.3081)","LG+I{0.0000}+R4{0.3512,0.0519,0.2926,0.5415,0.2740,1.7110,0.0823,4.3081}"
YOR131C,LG+I+G4,0.0369,0.8785,,LG+I{0.0369}+G4{0.8785}
YAL019W,LG+I+G4,0.2158,0.6481,,LG+I{0.2158}+G4{0.6481}
YJL050W,LG+I+G4,0.4094,0.5767,,LG+I{0.4094}+G4{0.5767}
YDL088C,LG+I+G4,0.0291,1.5125,,LG+I{0.0291}+G4{1.5125}
YDR454C,LG+I+G4,0.2541,0.7828,,LG+I{0.2541}+G4{0.7828}
YGR256W,LG+I+G4,0.3945,0.5687,,LG+I{0.3945}+G4{0.5687}
YDR297W,LG+I+G4,0.2638,0.8264,,LG+I{0.2638}+G4{0.8264}
YPR091C,LG+F+I+G4,0.0000,2.4546,,LG+F+I{0.0000}+G4{2.4546}
YAL038W,LG+I+G4,0.2392,0.6505,,LG+I{0.2392}+G4{0.6505}
YDL164C,LG+I+G4,0.2108,0.8026,,LG+I{0.2108}+G4{0.8026}
YMR323W,LG+I+G4,0.2603,0.9055,,LG+I{0.2603}+G4{0.9055}
YIR027C,LG+I+G4,0.2009,0.8347,,LG+I{0.2009}+G4{0.8347}
YOR138C,LG+I+G4,0.0000,1.1156,,LG+I{0.0000}+G4{1.1156}
YGR030C,LG+I+G4,0.0000,3.0936,,LG+I{0.0000}+G4{3.0936}
YOL006C,LG+I+G4,0.1898,0.7310,,LG+I{0.1898}+G4{0.7310}
YDL114W,LG+I+G4,0.0181,1.5687,,LG+I{0.0181}+G4{1.5687}
YKR066C,LG+I+R4,0.0145,,"(0.2362,0.0753) (0.2430,0.4165) (0.3327,1.2156) (0.1736,2.7455)","LG+I{0.0145}+R4{0.2362,0.0753,0.2430,0.4165,0.3327,1.2156,0.1736,2.7455}"
YLR426W,LG+I+G4,0.0258,0.9509,,LG+I{0.0258}+G4{0.9509}
YPR107C,LG+I+G4,0.0000,0.8109,,LG+I{0.0000}+G4{0.8109}
YNL191W,LG+I+R4,0.0000,,"(0.6081,0.1441) (0.3010,1.4526) (0.0673,3.9403) (0.0236,8.8918)","LG+I{0.0000}+R4{0.6081,0.1441,0.3010,1.4526,0.0673,3.9403,0.0236,8.8918}"
YPR019W,LG+I+G4,0.0024,1.0478,,LG+I{0.0024}+G4{1.0478}
YNL036W,LG+I+G4,0.0603,1.3100,,LG+I{0.0603}+G4{1.3100}
YHR132C,LG+I+G4,0.0000,1.7777,,LG+I{0.0000}+G4{1.7777}
YML109W,LG+I+R3,0.0000,,"(0.6845,0.2090) (0.2725,1.9889) (0.0430,7.3251)","LG+I{0.0000}+R3{0.6845,0.2090,0.2725,1.9889,0.0430,7.3251}"
YHR115C,LG+I+G4,0.0458,0.4087,,LG+I{0.0458}+G4{0.4087}
YDR052C,LG+I+G4,0.0000,2.0464,,LG+I{0.0000}+G4{2.0464}
YBR096W,LG+I+G4,0.0818,1.5066,,LG+I{0.0818}+G4{1.5066}
YOL022C,LG+I+G4,0.0833,0.8300,,LG+I{0.0833}+G4{0.8300}
YOL023W,LG+I+G4,0.0000,1.5204,,LG+I{0.0000}+G4{1.5204}
YOR340C,LG+I+G4,0.0000,6.8591,,LG+I{0.0000}+G4{6.8591}
YOL111C,LG+I+G4,0.0000,1.2477,,LG+I{0.0000}+G4{1.2477}
YGR244C,LG+I+G4,0.1403,0.8074,,LG+I{0.1403}+G4{0.8074}
YLR275W,LG+I+G4,0.0000,1.0546,,LG+I{0.0000}+G4{1.0546}
YFR028C,LG+I+G4,0.1521,0.6408,,LG+I{0.1521}+G4{0.6408}
YLR274W,LG+I+G4,0.0503,1.2055,,LG+I{0.0503}+G4{1.2055}
YPR086W,LG+I+G4,0.2282,0.9072,,LG+I{0.2282}+G4{0.9072}
YMR306W,LG+F+I+R4,0.0000,,"(0.1504,0.0940) (0.3580,0.5041) (0.2864,1.1741) (0.2052,2.2859)","LG+F+I{0.0000}+R4{0.1504,0.0940,0.3580,0.5041,0.2864,1.1741,0.2052,2.2859}"
YER030W,JTT+I+G4,0.0856,1.1697,,JTT+I{0.0856}+G4{1.1697}
YGR032W,LG+I+G4,0.1528,1.2487,,LG+I{0.1528}+G4{1.2487}
YIL030C,LG+I+G4,0.0000,0.8492,,LG+I{0.0000}+G4{0.8492}
YDR054C,LG+I+G4,0.1023,0.9486,,LG+I{0.1023}+G4{0.9486}
YEL064C,LG+F+I+R4,0.0073,,"(0.3131,0.1072) (0.2830,0.4707) (0.2169,1.2833) (0.1796,3.0892)","LG+F+I{0.0073}+R4{0.3131,0.1072,0.2830,0.4707,0.2169,1.2833,0.1796,3.0892}"
YBR284W,LG+F+I+R4,0.0057,,"(0.3520,0.1400) (0.2505,0.4492) (0.2298,1.1794) (0.1619,3.5024)","LG+F+I{0.0057}+R4{0.3520,0.1400,0.2505,0.4492,0.2298,1.1794,0.1619,3.5024}"
YNL005C,LG+F+I+G4,0.0000,0.6194,,LG+F+I{0.0000}+G4{0.6194}
YCL008C,LG+I+R4,0.0000,,"(0.1190,0.0929) (0.3043,0.4457) (0.4207,1.1487) (0.1560,2.3725)","LG+I{0.0000}+R4{0.1190,0.0929,0.3043,0.4457,0.4207,1.1487,0.1560,2.3725}"
YIL039W,LG+I+G4,0.1004,0.8785,,LG+I{0.1004}+G4{0.8785}
YLR175W,LG+I+G4,0.3762,0.8707,,LG+I{0.3762}+G4{0.8707}
YGL200C,LG+I+G4,0.1215,0.9382,,LG+I{0.1215}+G4{0.9382}
YLR303W,LG+F+I+G4,0.0869,0.9615,,LG+F+I{0.0869}+G4{0.9615}
YGR116W,LG+I+G4,0.0144,1.1072,,LG+I{0.0144}+G4{1.1072}
YGR192C,LG+I+G4,0.1421,0.8436,,LG+I{0.1421}+G4{0.8436}
YGL087C,LG+I+G4,0.1186,0.7262,,LG+I{0.1186}+G4{0.7262}
YDL004W,LG+I+R2,0.0000,,"(0.2289,0.0259) (0.7711,1.2892)","LG+I{0.0000}+R2{0.2289,0.0259,0.7711,1.2892}"
YPL148C,LG+I+G4,0.1307,1.1537,,LG+I{0.1307}+G4{1.1537}
YDR375C,LG+I+G4,0.1397,0.8159,,LG+I{0.1397}+G4{0.8159}
YOR027W,LG+I+G4,0.0182,1.0733,,LG+I{0.0182}+G4{1.0733}
YIL094C,LG+I+R4,0.0000,,"(0.6147,0.1190) (0.1455,0.8855) (0.1417,2.3607) (0.0981,4.7233)","LG+I{0.0000}+R4{0.6147,0.1190,0.1455,0.8855,0.1417,2.3607,0.0981,4.7233}"
YNL022C,LG+I+G4,0.0132,1.3560,,LG+I{0.0132}+G4{1.3560}
YBL064C,LG+I+G4,0.1769,0.8939,,LG+I{0.1769}+G4{0.8939}
YNL023C,LG+I+G4,0.0000,1.4059,,LG+I{0.0000}+G4{1.4059}
YJR046W,LG+I+G4,0.0000,0.9978,,LG+I{0.0000}+G4{0.9978}
YCL040W,LG+I+G4,0.1087,0.8334,,LG+I{0.1087}+G4{0.8334}
YFR053C,LG+I+G4,0.1463,0.8992,,LG+I{0.1463}+G4{0.8992}
YER052C,LG+I+G4,0.2902,0.9363,,LG+I{0.2902}+G4{0.9363}
YDR408C,LG+I+G4,0.0766,0.5578,,LG+I{0.0766}+G4{0.5578}
YHR022C,LG+I+G4,0.0159,2.2750,,LG+I{0.0159}+G4{2.2750}
YOR351C,LG+I+G4,0.0742,0.8702,,LG+I{0.0742}+G4{0.8702}
YEL041W,LG+I+G4,0.0586,0.8172,,LG+I{0.0586}+G4{0.8172}
YFR014C,LG+I+R4,0.0000,,"(0.3976,0.1689) (0.2406,0.5473) (0.2290,1.3092) (0.1328,3.7758)","LG+I{0.0000}+R4{0.3976,0.1689,0.2406,0.5473,0.2290,1.3092,0.1328,3.7758}"
YKL171W,LG+I+G4,0.0170,0.8506,,LG+I{0.0170}+G4{0.8506}
YOR204W,LG+I+G4,0.4013,0.7746,,LG+I{0.4013}+G4{0.7746}
YMR291W,LG+I+G4,0.0787,0.9668,,LG+I{0.0787}+G4{0.9668}
YHR147C,LG+I+G4,0.0714,1.0109,,LG+I{0.0714}+G4{1.0109}
YFR020W,JTT+G4,,3.4448,,JTT+G4{3.4448}
YCL014W,LG+I+G4,0.0000,3.0114,,LG+I{0.0000}+G4{3.0114}
YNL298W,LG+I+G4,0.0000,3.3555,,LG+I{0.0000}+G4{3.3555}
YHL007C,LG+I+G4,0.0000,1.0951,,LG+I{0.0000}+G4{1.0951}
YGR203W,LG+I+G4,0.0423,1.3273,,LG+I{0.0423}+G4{1.3273}
YDR452W,LG+I+G4,0.1213,0.7798,,LG+I{0.1213}+G4{0.7798}
YLR455W,LG+I+G4,0.0164,0.9782,,LG+I{0.0164}+G4{0.9782}
YEL034W,LG+I+R2,0.0083,,"(0.7886,0.2112) (0.2031,4.1044)","LG+I{0.0083}+R2{0.7886,0.2112,0.2031,4.1044}"
YLR203C,LG+I+G4,0.1147,0.8337,,LG+I{0.1147}+G4{0.8337}
YGL073W,LG+I+R4,0.0068,,"(0.3974,0.0973) (0.2557,0.6073) (0.2343,1.5994) (0.1058,4.0752)","LG+I{0.0068}+R4{0.3974,0.0973,0.2557,0.6073,0.2343,1.5994,0.1058,4.0752}"
YNL141W,LG+I+G4,0.1034,0.8048,,LG+I{0.1034}+G4{0.8048}
YBR200W,JTT+R2,,,"(0.4948,0.5875) (0.5052,1.4040)","JTT+R2{0.4948,0.5875,0.5052,1.4040}"
YNL274C,LG+I+G4,0.0920,1.0327,,LG+I{0.0920}+G4{1.0327}
YDR228C,LG+F+I+G4,0.0000,4.8205,,LG+F+I{0.0000}+G4{4.8205}
YGL185C,LG+I+G4,0.0670,1.2926,,LG+I{0.0670}+G4{1.2926}
YDR148C,LG+I+G4,0.1958,0.8539,,LG+I{0.1958}+G4{0.8539}
YCR081W,LG+I+G4,0.0000,0.9368,,LG+I{0.0000}+G4{0.9368}
YDL146W,LG+I+G4,0.0728,0.7248,,LG+I{0.0728}+G4{0.7248}
YIL042C,LG+I+G4,0.1225,1.1806,,LG+I{0.1225}+G4{1.1806}
YHR122W,LG+I+G4,0.2468,0.5872,,LG+I{0.2468}+G4{0.5872}
YER129W,LG+I+R4,0.0000,,"(0.4526,0.1555) (0.2394,0.6057) (0.2094,1.7925) (0.0986,4.1499)","LG+I{0.0000}+R4{0.4526,0.1555,0.2394,0.6057,0.2094,1.7925,0.0986,4.1499}"
YKL048C,LG+I+G4,0.0644,1.3333,,LG+I{0.0644}+G4{1.3333}
YLR306W,LG+I+G4,0.0770,0.6563,,LG+I{0.0770}+G4{0.6563}
YBR198C,LG+I+G4,0.0630,1.6639,,LG+I{0.0630}+G4{1.6639}
YGR253C,LG+I+G4,0.1947,0.5748,,LG+I{0.1947}+G4{0.5748}
YMR022W,LG+I+G4,0.0000,2.1670,,LG+I{0.0000}+G4{2.1670}
YMR020W,LG+I+R4,0.0072,,"(0.1333,0.0881) (0.2835,0.4271) (0.3261,1.0347) (0.2498,2.1202)","LG+I{0.0072}+R4{0.1333,0.0881,0.2835,0.4271,0.3261,1.0347,0.2498,2.1202}"
YLR127C,LG+I+G4,0.0000,1.0934,,LG+I{0.0000}+G4{1.0934}
YHR034C,LG+F+I+G4,0.0000,1.6389,,LG+F+I{0.0000}+G4{1.6389}
YIL021W,LG+I+G4,0.2291,1.0198,,LG+I{0.2291}+G4{1.0198}
YDR057W,LG+I+G4,0.0000,6.0592,,LG+I{0.0000}+G4{6.0592}
YOR285W,LG+I+G4,0.0580,0.8664,,LG+I{0.0580}+G4{0.8664}
YNL106C,LG+F+I+R4,0.0000,,"(0.1410,0.0452) (0.2551,0.4294) (0.3778,0.9856) (0.2261,2.2631)","LG+F+I{0.0000}+R4{0.1410,0.0452,0.2551,0.4294,0.3778,0.9856,0.2261,2.2631}"
YBL026W,LG+I+G4,0.1124,1.1860,,LG+I{0.1124}+G4{1.1860}
YIL002C,LG+I+G4,0.1193,1.3429,,LG+I{0.1193}+G4{1.3429}
YGR061C,LG+I+R4,0.0326,,"(0.1716,0.0325) (0.2442,0.4176) (0.3081,1.1146) (0.2435,2.2549)","LG+I{0.0326}+R4{0.1716,0.0325,0.2442,0.4176,0.3081,1.1146,0.2435,2.2549}"
YAL035W,LG+I+G4,0.4469,0.6292,,LG+I{0.4469}+G4{0.6292}
YHR182W,LG+I,0.1564,,,LG+I{0.1564}
YFL023W,LG+I+G4,0.0000,1.2885,,LG+I{0.0000}+G4{1.2885}
YJL072C,LG+I+G4,0.1880,2.3784,,LG+I{0.1880}+G4{2.3784}
YOR262W,LG+I+G4,0.1514,1.0309,,LG+I{0.1514}+G4{1.0309}
YDR282C,LG+I+G4,0.0210,1.1050,,LG+I{0.0210}+G4{1.1050}
YEL039C,LG+I+R4,0.0042,,"(0.5496,0.1157) (0.1641,0.8723) (0.2381,2.1190) (0.0440,6.5569)","LG+I{0.0042}+R4{0.5496,0.1157,0.1641,0.8723,0.2381,2.1190,0.0440,6.5569}"
YBR230C,LG+I+G4,0.0424,2.3603,,LG+I{0.0424}+G4{2.3603}
YBL022C,LG+I+G4,0.2088,0.9853,,LG+I{0.2088}+G4{0.9853}
YBL021C,LG+I+R3,0.0065,,"(0.4690,0.1108) (0.3562,0.6539) (0.1684,4.2471)","LG+I{0.0065}+R3{0.4690,0.1108,0.3562,0.6539,0.1684,4.2471}"
YBR236C,LG+I+G4,0.0127,0.8503,,LG+I{0.0127}+G4{0.8503}
YLR427W,LG+I+R3,0.0636,,"(0.2258,0.0868) (0.4135,1.0257) (0.2971,1.8722)","LG+I{0.0636}+R3{0.2258,0.0868,0.4135,1.0257,0.2971,1.8722}"
YEL031W,LG+I+G4,0.0000,1.4837,,LG+I{0.0000}+G4{1.4837}
YPL104W,LG+I+G4,0.0000,1.0167,,LG+I{0.0000}+G4{1.0167}
YDR519W,LG+I+G4,0.0349,0.5686,,LG+I{0.0349}+G4{0.5686}
YNL135C,LG+I+G4,0.1162,0.6493,,LG+I{0.1162}+G4{0.6493}
YDL097C,LG+I+G4,0.0000,0.4692,,LG+I{0.0000}+G4{0.4692}
YCL047C,LG+I+G4,0.0000,1.5064,,LG+I{0.0000}+G4{1.5064}
YJR104C,LG+I+G4,0.1917,0.8597,,LG+I{0.1917}+G4{0.8597}
YML118W,LG+I+G4,0.0397,0.7581,,LG+I{0.0397}+G4{0.7581}
YAL051W,LG+I+R4,0.0000,,"(0.3683,0.1133) (0.2604,0.4708) (0.2054,1.6400) (0.1659,3.0066)","LG+I{0.0000}+R4{0.3683,0.1133,0.2604,0.4708,0.2054,1.6400,0.1659,3.0066}"
YOR207C,LG+I+G4,0.2631,0.9978,,LG+I{0.2631}+G4{0.9978}
YBR117C,LG+I+G4,0.1098,1.0109,,LG+I{0.1098}+G4{1.0109}
YGR118W,LG+I+R2,0.0190,,"(0.8095,0.3409) (0.1714,4.2240)","LG+I{0.0190}+R2{0.8095,0.3409,0.1714,4.2240}"
YNL082W,LG+I+G4,0.1798,1.0987,,LG+I{0.1798}+G4{1.0987}
YDR286C,LG+I+R4,0.0000,,"(0.1968,0.0865) (0.2760,0.5318) (0.2691,1.1300) (0.2581,2.0615)","LG+I{0.0000}+R4{0.1968,0.0865,0.2760,0.5318,0.2691,1.1300,0.2581,2.0615}"
YML092C,LG+I+G4,0.0013,0.7244,,LG+I{0.0013}+G4{0.7244}
YJL033W,LG+I+R4,0.0192,,"(0.3659,0.0770) (0.2545,0.5588) (0.2407,1.6499) (0.1196,3.6154)","LG+I{0.0192}+R4{0.3659,0.0770,0.2545,0.5588,0.2407,1.6499,0.1196,3.6154}"
YGR286C,LG+I+G4,0.2488,0.8299,,LG+I{0.2488}+G4{0.8299}
YGR056W,LG+I+R4,0.0000,,"(0.3608,0.1649) (0.3600,0.8804) (0.2204,1.6939) (0.0588,4.2566)","LG+I{0.0000}+R4{0.3608,0.1649,0.3600,0.8804,0.2204,1.6939,0.0588,4.2566}"
YER003C,LG+I+G4,0.3752,0.8282,,LG+I{0.3752}+G4{0.8282}
YDR320C,LG+I+G4,0.0000,1.3962,,LG+I{0.0000}+G4{1.3962}
YDR354W,LG+I+G4,0.1247,0.8414,,LG+I{0.1247}+G4{0.8414}
YGL033W,LG+I+G4,0.0000,1.0982,,LG+I{0.0000}+G4{1.0982}
YDR321W,LG+I+G4,0.0000,1.1151,,LG+I{0.0000}+G4{1.1151}
YBR020W,LG+I+G4,0.0000,1.2476,,LG+I{0.0000}+G4{1.2476}
YDR247W,LG+F+I+G4,0.0684,1.1951,,LG+F+I{0.0684}+G4{1.1951}
YLR118C,LG+I+G4,0.0036,1.3559,,LG+I{0.0036}+G4{1.3559}
YLL007C,LG+F+I+G4,0.0000,1.2937,,LG+F+I{0.0000}+G4{1.2937}
YLL008W,LG+I+G4,0.1725,0.8263,,LG+I{0.1725}+G4{0.8263}
YOR319W,LG+I+G4,0.0672,0.8778,,LG+I{0.0672}+G4{0.8778}
YLR386W,JTT+I+G4,0.0125,1.5923,,JTT+I{0.0125}+G4{1.5923}
YBR046C,LG+I+G4,0.1119,1.3580,,LG+I{0.1119}+G4{1.3580}
YER047C,LG+I+R4,0.0259,,"(0.4417,0.0599) (0.2999,0.5720) (0.1586,1.9859) (0.0739,6.5904)","LG+I{0.0259}+R4{0.4417,0.0599,0.2999,0.5720,0.1586,1.9859,0.0739,6.5904}"
YDR056C,LG+I+R3,0.0000,,"(0.5089,0.4284) (0.3171,0.8080) (0.1741,3.0208)","LG+I{0.0000}+R3{0.5089,0.4284,0.3171,0.8080,0.1741,3.0208}"
YDR068W,LG+F+I+G4,0.0398,1.6752,,LG+F+I{0.0398}+G4{1.6752}
YER165W,LG+F+I+R4,0.0000,,"(0.2521,0.3290) (0.3075,0.5706) (0.2804,1.2293) (0.1600,2.4807)","LG+F+I{0.0000}+R4{0.2521,0.3290,0.3075,0.5706,0.2804,1.2293,0.1600,2.4807}"
YNL185C,LG+I+G4,0.1612,1.3247,,LG+I{0.1612}+G4{1.3247}
YPR173C,LG+I+G4,0.0502,0.8477,,LG+I{0.0502}+G4{0.8477}
YDR020C,LG+I+G4,0.0276,0.8806,,LG+I{0.0276}+G4{0.8806}
YNL292W,LG+I+G4,0.1550,0.8925,,LG+I{0.1550}+G4{0.8925}
YOL110W,LG+I+G4,0.0000,2.3041,,LG+I{0.0000}+G4{2.3041}
YDR063W,LG+I+G4,0.0000,1.0535,,LG+I{0.0000}+G4{1.0535}
YDL066W,LG+I+G4,0.2445,0.6206,,LG+I{0.2445}+G4{0.6206}
YGL232W,LG+I+G4,0.0208,1.6738,,LG+I{0.0208}+G4{1.6738}
YML088W,LG+I+G4,0.0000,1.1514,,LG+I{0.0000}+G4{1.1514}
YKL084W,LG+I+G4,0.0000,2.2070,,LG+I{0.0000}+G4{2.2070}
YPR003C,LG+I+G4,0.0488,0.9363,,LG+I{0.0488}+G4{0.9363}
YDL014W,LG+I+R4,0.0000,,"(0.7331,0.1730) (0.1583,1.2998) (0.0820,4.5400) (0.0267,11.0793)","LG+I{0.0000}+R4{0.7331,0.1730,0.1583,1.2998,0.0820,4.5400,0.0267,11.0793}"
YNL254C,LG+I+G4,0.0000,2.0586,,LG+I{0.0000}+G4{2.0586}
YDR376W,LG+I+R4,0.0000,,"(0.4058,0.1208) (0.4302,0.9603) (0.1000,2.3408) (0.0639,4.7507)","LG+I{0.0000}+R4{0.4058,0.1208,0.4302,0.9603,0.1000,2.3408,0.0639,4.7507}"
YOR032C,LG+I+G4,0.0000,0.7797,,LG+I{0.0000}+G4{0.7797}
YOR113W,JTT+R2,,,"(0.7542,0.3998) (0.2458,2.8422)","JTT+R2{0.7542,0.3998,0.2458,2.8422}"
YBR062C,JTT+G4,,0.6477,,JTT+G4{0.6477}
YCR027C,LG+I+G4,0.0315,1.0524,,LG+I{0.0315}+G4{1.0524}
YEL019C,LG+F+I+G4,0.0000,11.2229,,LG+F+I{0.0000}+G4{11.2229}
YNL256W,LG+I+G4,0.0191,1.0099,,LG+I{0.0191}+G4{1.0099}
YGR152C,LG+I+R4,0.0253,,"(0.3565,0.0557) (0.2668,0.3865) (0.2307,1.4256) (0.1206,4.5453)","LG+I{0.0253}+R4{0.3565,0.0557,0.2668,0.3865,0.2307,1.4256,0.1206,4.5453}"
YNL098C,LG+I+G4,0.1114,0.7777,,LG+I{0.1114}+G4{0.7777}
YHR148W,LG+I+G4,0.0000,1.1187,,LG+I{0.0000}+G4{1.1187}
YPR110C,LG+I+G4,0.1196,0.8790,,LG+I{0.1196}+G4{0.8790}
YGR090W,LG+I+G4,0.0368,1.2732,,LG+I{0.0368}+G4{1.2732}
YLL003W,LG+I+G4,0.0000,2.9451,,LG+I{0.0000}+G4{2.9451}
YBR227C,LG+I+R3,0.0000,,"(0.4784,0.2297) (0.3926,1.1105) (0.1290,3.5196)","LG+I{0.0000}+R3{0.4784,0.2297,0.3926,1.1105,0.1290,3.5196}"
YOR336W,LG+F+I+R4,0.0000,,"(0.0481,0.0698) (0.2879,0.5231) (0.3999,0.9622) (0.2641,1.7466)","LG+F+I{0.0000}+R4{0.0481,0.0698,0.2879,0.5231,0.3999,0.9622,0.2641,1.7466}"
YPL023C,LG+I+G4,0.1190,0.8435,,LG+I{0.1190}+G4{0.8435}
YDR139C,LG+I+G4,0.0140,1.5200,,LG+I{0.0140}+G4{1.5200}
YGL125W,LG+I+G4,0.2068,0.7368,,LG+I{0.2068}+G4{0.7368}
YIL148W,LG+I+R2,0.0000,,"(0.0558,0.4622) (0.9442,1.0318)","LG+I{0.0000}+R2{0.0558,0.4622,0.9442,1.0318}"
YMR276W,LG+I+G4,0.0000,0.9607,,LG+I{0.0000}+G4{0.9607}
YCR035C,LG+I+G4,0.0000,1.8535,,LG+I{0.0000}+G4{1.8535}
YKR017C,LG+I+G4,0.0000,1.2743,,LG+I{0.0000}+G4{1.2743}
YHR179W,LG+I+R4,0.0000,,"(0.2447,0.2050) (0.3396,0.7059) (0.3216,1.4049) (0.0940,2.7458)","LG+I{0.0000}+R4{0.2447,0.2050,0.3396,0.7059,0.3216,1.4049,0.0940,2.7458}"
YJR016C,LG+I+G4,0.1684,0.7899,,LG+I{0.1684}+G4{0.7899}
YPR190C,LG+F+I+G4,0.0130,1.4721,,LG+F+I{0.0130}+G4{1.4721}
YGR248W,LG+I+G4,0.0974,0.8045,,LG+I{0.0974}+G4{0.8045}
YCR073W-A,LG+I+R4,0.0000,,"(0.0813,0.2149) (0.3809,0.5702) (0.3599,1.0528) (0.1779,2.1724)","LG+I{0.0000}+R4{0.0813,0.2149,0.3809,0.5702,0.3599,1.0528,0.1779,2.1724}"
YJL162C,LG+I+G4,0.0804,1.1711,,LG+I{0.0804}+G4{1.1711}
YMR161W,LG+I+G4,0.1098,0.8343,,LG+I{0.1098}+G4{0.8343}
YIL150C,LG+I+G4,0.0000,1.8114,,LG+I{0.0000}+G4{1.8114}
YKL010C,LG+I+R4,0.0105,,"(0.2734,0.1010) (0.2187,0.4735) (0.2468,1.1453) (0.2507,2.3383)","LG+I{0.0105}+R4{0.2734,0.1010,0.2187,0.4735,0.2468,1.1453,0.2507,2.3383}"
YPL082C,LG+I+G4,0.2749,0.7247,,LG+I{0.2749}+G4{0.7247}
YDR270W,LG+I+G4,0.0000,0.8382,,LG+I{0.0000}+G4{0.8382}
YKL167C,LG+I+G4,0.0263,1.2870,,LG+I{0.0263}+G4{1.2870}
YHL002W,LG+I+G4,0.0000,1.0609,,LG+I{0.0000}+G4{1.0609}
YBR295W,LG+I+G4,0.0000,1.5054,,LG+I{0.0000}+G4{1.5054}
YGL113W,LG+F+I+G4,0.0000,7.7534,,LG+F+I{0.0000}+G4{7.7534}
YAL017W,LG+I+R3,0.0117,,"(0.6163,0.2553) (0.2874,1.2833) (0.0846,5.6024)","LG+I{0.0117}+R3{0.6163,0.2553,0.2874,1.2833,0.0846,5.6024}"
YPR184W,LG+I+G4,0.0881,0.7839,,LG+I{0.0881}+G4{0.7839}
YFL025C,LG+I+G4,0.0679,0.8751,,LG+I{0.0679}+G4{0.8751}
YBR162C,LG+I+G4,0.0220,0.8516,,LG+I{0.0220}+G4{0.8516}
YBL039C,LG+I+G4,0.2246,0.4072,,LG+I{0.2246}+G4{0.4072}
YMR293C,LG+I+R4,0.0075,,"(0.2400,0.1087) (0.2647,0.4663) (0.2239,1.1423) (0.2639,2.2537)","LG+I{0.0075}+R4{0.2400,0.1087,0.2647,0.4663,0.2239,1.1423,0.2639,2.2537}"
YDL017W,LG+I+G4,0.0723,0.8388,,LG+I{0.0723}+G4{0.8388}
YBR065C,LG+I+G4,0.1379,1.6735,,LG+I{0.1379}+G4{1.6735}
YJL164C,LG+I+G4,0.0012,2.1948,,LG+I{0.0012}+G4{2.1948}
YIL022W,LG+I+G4,0.0875,1.2675,,LG+I{0.0875}+G4{1.2675}
YDR143C,LG+I+G4,0.0000,4.4471,,LG+I{0.0000}+G4{4.4471}
YGL252C,LG+I+R4,0.0121,,"(0.3152,0.1991) (0.2825,0.5233) (0.2317,1.0424) (0.1585,3.4562)","LG+I{0.0121}+R4{0.3152,0.1991,0.2825,0.5233,0.2317,1.0424,0.1585,3.4562}"
YGR274C,LG+I+R2,0.0000,,"(0.6132,0.0763) (0.3868,2.4642)","LG+I{0.0000}+R2{0.6132,0.0763,0.3868,2.4642}"
YER122C,LG+I+G4,0.0939,0.7668,,LG+I{0.0939}+G4{0.7668}
YKL128C,LG+I+G4,0.0152,1.6089,,LG+I{0.0152}+G4{1.6089}
YPL133C,JTT+G4,,0.8049,,JTT+G4{0.8049}
YJR130C,LG+I+G4,0.0128,0.7809,,LG+I{0.0128}+G4{0.7809}
YBR213W,LG+I+G4,0.0580,0.9363,,LG+I{0.0580}+G4{0.9363}
YBR145W,LG+I+G4,0.1306,0.6320,,LG+I{0.1306}+G4{0.6320}
YNR036C,LG+I+G4,0.1285,0.6336,,LG+I{0.1285}+G4{0.6336}
YML005W,LG+I+G4,0.2520,0.7136,,LG+I{0.2520}+G4{0.7136}
YGR201C,LG+I+R4,0.0000,,"(0.1797,0.1404) (0.2860,0.6084) (0.3351,1.1778) (0.1992,2.0384)","LG+I{0.0000}+R4{0.1797,0.1404,0.2860,0.6084,0.3351,1.1778,0.1992,2.0384}"
YBL058W,LG+I+G4,0.0305,0.8997,,LG+I{0.0305}+G4{0.8997}
YOL051W,LG+F+I+R4,0.0000,,"(0.0613,0.0504) (0.1997,0.4323) (0.4223,0.8416) (0.3167,1.7533)","LG+F+I{0.0000}+R4{0.0613,0.0504,0.1997,0.4323,0.4223,0.8416,0.3167,1.7533}"
YML060W,LG+I+G4,0.1171,0.7318,,LG+I{0.1171}+G4{0.7318}
YIL038C,LG+I+R4,0.0047,,"(0.1338,0.1258) (0.2827,0.5446) (0.2912,1.0540) (0.2876,1.8160)","LG+I{0.0047}+R4{0.1338,0.1258,0.2827,0.5446,0.2912,1.0540,0.2876,1.8160}"
YML117W,LG+F+I+R2,0.0000,,"(0.5814,0.7502) (0.4186,1.3469)","LG+F+I{0.0000}+R2{0.5814,0.7502,0.4186,1.3469}"
YOL021C,LG+I+G4,0.0605,0.9751,,LG+I{0.0605}+G4{0.9751}
YER164W,LG+I+G4,0.1327,1.0269,,LG+I{0.1327}+G4{1.0269}
YIL144W,LG+I+G4,0.0000,2.0642,,LG+I{0.0000}+G4{2.0642}
YNL040W,LG+I+G4,0.0000,1.1924,,LG+I{0.0000}+G4{1.1924}
YEL012W,LG+I+G4,0.0625,0.6398,,LG+I{0.0625}+G4{0.6398}
YDR129C,LG+I+R4,0.0000,,"(0.6238,0.1741) (0.2331,1.0016) (0.1044,2.7352) (0.0387,9.6223)","LG+I{0.0000}+R4{0.6238,0.1741,0.2331,1.0016,0.1044,2.7352,0.0387,9.6223}"
YGL166W,JTT+G4,,0.8859,,JTT+G4{0.8859}
YMR021C,JTT+R2,,,"(0.6788,0.2172) (0.3212,2.6542)","JTT+R2{0.6788,0.2172,0.3212,2.6542}"
YLR401C,LG+I+G4,0.1333,1.9949,,LG+I{0.1333}+G4{1.9949}
YBR054W,LG+F+I+G4,0.0387,1.2831,,LG+F+I{0.0387}+G4{1.2831}
YLR420W,LG+I+G4,0.2355,1.1307,,LG+I{0.2355}+G4{1.1307}
YER086W,LG+I+G4,0.1864,0.8182,,LG+I{0.1864}+G4{0.8182}
YJL012C,LG+I+R4,0.0000,,"(0.6733,0.1120) (0.1083,0.9201) (0.1554,2.4807) (0.0630,6.9731)","LG+I{0.0000}+R4{0.6733,0.1120,0.1083,0.9201,0.1554,2.4807,0.0630,6.9731}"
YCR088W,LG+I+G4,0.0000,1.3371,,LG+I{0.0000}+G4{1.3371}
YBL078C,LG+I+R4,0.0000,,"(0.3433,0.1123) (0.4214,0.5271) (0.1580,1.7195) (0.0773,6.0514)","LG+I{0.0000}+R4{0.3433,0.1123,0.4214,0.5271,0.1580,1.7195,0.0773,6.0514}"
YGR166W,LG+F+I+R4,0.0000,,"(0.0374,0.1406) (0.1379,0.3859) (0.3577,0.7542) (0.4670,1.4385)","LG+F+I{0.0000}+R4{0.0374,0.1406,0.1379,0.3859,0.3577,0.7542,0.4670,1.4385}"
YDR128W,LG+I,0.2930,,,LG+I{0.2930}
YLR035C,LG+I+G4,0.0086,0.9600,,LG+I{0.0086}+G4{0.9600}
YGR103W,LG+I+G4,0.0876,0.9928,,LG+I{0.0876}+G4{0.9928}
YPL164C,LG+I+G4,0.0000,1.1217,,LG+I{0.0000}+G4{1.1217}
YCR028C-A,LG+I+G4,0.0000,2.4814,,LG+I{0.0000}+G4{2.4814}
YMR167W,LG+I+G4,0.1884,0.7592,,LG+I{0.1884}+G4{0.7592}
YKR092C,LG+I+G4,0.1685,0.6131,,LG+I{0.1685}+G4{0.6131}
YBL099W,LG+I+G4,0.1067,0.5637,,LG+I{0.1067}+G4{0.5637}
YNL168C,LG+I+G4,0.1136,0.7548,,LG+I{0.1136}+G4{0.7548}
YBR235W,LG+F+I+G4,0.1463,0.7606,,LG+F+I{0.1463}+G4{0.7606}
YJL145W,LG+I+R4,0.0000,,"(0.2072,0.0385) (0.1782,0.3877) (0.4003,1.0896) (0.2142,2.2718)","LG+I{0.0000}+R4{0.2072,0.0385,0.1782,0.3877,0.4003,1.0896,0.2142,2.2718}"
YMR233W,LG+I+G4,0.0000,1.7016,,LG+I{0.0000}+G4{1.7016}
YAL048C,LG+I+R4,0.0000,,"(0.4262,0.2554) (0.2897,0.7317) (0.2173,1.7264) (0.0669,4.5476)","LG+I{0.0000}+R4{0.4262,0.2554,0.2897,0.7317,0.2173,1.7264,0.0669,4.5476}"
YKL029C,LG+I+G4,0.0860,0.6718,,LG+I{0.0860}+G4{0.6718}
YEL037C,LG+I+G4,0.0433,1.4938,,LG+I{0.0433}+G4{1.4938}
YIL130W,JTT+R3,,,"(0.3739,0.2573) (0.5586,1.0420) (0.0675,4.7663)","JTT+R3{0.3739,0.2573,0.5586,1.0420,0.0675,4.7663}"
YPL248C,JTT+G4,,0.7272,,JTT+G4{0.7272}
YJR137C,LG+I+G4,0.0915,0.8755,,LG+I{0.0915}+G4{0.8755}
YKL015W,LG+I+G4,0.0000,0.8656,,LG+I{0.0000}+G4{0.8656}
YMR019W,JTT+G4,,0.6849,,JTT+G4{0.6849}
YLR098C,JTT+G4,,1.2172,,JTT+G4{1.2172}
YIL008W,LG+I+G4,0.2967,1.2069,,LG+I{0.2967}+G4{1.2069}
YBR297W,JTT+G4,,0.9113,,JTT+G4{0.9113}
YBR150C,JTT+G4,,0.8377,,JTT+G4{0.8377}
YKL024C,LG+I+R4,0.0000,,"(0.4968,0.1352) (0.2221,0.7011) (0.1715,1.9388) (0.1096,4.0555)","LG+I{0.0000}+R4{0.4968,0.1352,0.2221,0.7011,0.1715,1.9388,0.1096,4.0555}"
YER178W,LG+I+G4,0.3210,0.8761,,LG+I{0.3210}+G4{0.8761}
YNR074C,LG+I+G4,0.0237,1.5335,,LG+I{0.0237}+G4{1.5335}
YJL078C,LG+I+G4,0.0000,0.8004,,LG+I{0.0000}+G4{0.8004}
YJR017C,LG+I+G4,0.1666,10.3255,,LG+I{0.1666}+G4{10.3255}
YIR035C,LG+I+G4,0.0060,1.0973,,LG+I{0.0060}+G4{1.0973}
YFR018C,LG+I+G4,0.0940,1.0943,,LG+I{0.0940}+G4{1.0943}
YBL014C,LG+F+I+R4,0.0000,,"(0.0620,0.1965) (0.1782,0.4369) (0.2566,0.8022) (0.5032,1.3992)","LG+F+I{0.0000}+R4{0.0620,0.1965,0.1782,0.4369,0.2566,0.8022,0.5032,1.3992}"
YOL005C,LG+I+G4,0.1874,1.0397,,LG+I{0.1874}+G4{1.0397}
YOR261C,LG+I+G4,0.0435,0.6410,,LG+I{0.0435}+G4{0.6410}
YDR103W,LG+F+I+G4,0.0000,5.2089,,LG+F+I{0.0000}+G4{5.2089}
YJR141W,LG+I+G4,0.0234,1.0760,,LG+I{0.0234}+G4{1.0760}
YDL240W,LG+I+G4,0.0452,1.0642,,LG+I{0.0452}+G4{1.0642}
YDR291W,LG+I+G4,0.0020,0.6560,,LG+I{0.0020}+G4{0.6560}
YDL205C,LG+I+G4,0.1664,0.7883,,LG+I{0.1664}+G4{0.7883}
YGR060W,LG+I+G4,0.2770,0.7624,,LG+I{0.2770}+G4{0.7624}
YDR146C,LG+I+G4,0.0000,0.7057,,LG+I{0.0000}+G4{0.7057}
YGL256W,LG+I+G4,0.0128,1.0929,,LG+I{0.0128}+G4{1.0929}
YJR072C,LG+I+G4,0.2598,0.5930,,LG+I{0.2598}+G4{0.5930}
YKR014C,LG+I+R4,0.0000,,"(0.5371,0.1719) (0.2083,0.8887) (0.2179,2.2494) (0.0368,6.3205)","LG+I{0.0000}+R4{0.5371,0.1719,0.2083,0.8887,0.2179,2.2494,0.0368,6.3205}"
YMR001C,LG+I+G4,0.1878,0.7274,,LG+I{0.1878}+G4{0.7274}
YMR009W,LG+I+G4,0.1616,1.2105,,LG+I{0.1616}+G4{1.2105}
YDL165W,LG+I+G4,0.0769,0.8781,,LG+I{0.0769}+G4{0.8781}
YDR506C,LG+I+G4,0.0558,0.7105,,LG+I{0.0558}+G4{0.7105}
YFR031C,LG+F+I+G4,0.1263,0.7983,,LG+F+I{0.1263}+G4{0.7983}
YJR154W,LG+I+R4,0.0023,,"(0.2066,0.1455) (0.3722,0.5308) (0.2957,1.2500) (0.1232,3.2685)","LG+I{0.0023}+R4{0.2066,0.1455,0.3722,0.5308,0.2957,1.2500,0.1232,3.2685}"
YBL045C,LG+I+G4,0.0190,1.4019,,LG+I{0.0190}+G4{1.4019}
YNL126W,LG+F+I+G4,0.0000,1.3266,,LG+F+I{0.0000}+G4{1.3266}
YDR232W,LG+I+G4,0.2848,0.8290,,LG+I{0.2848}+G4{0.8290}
YPR025C,LG+I+G4,0.0145,1.4991,,LG+I{0.0145}+G4{1.4991}
YPL245W,LG+I+G4,0.1208,0.7299,,LG+I{0.1208}+G4{0.7299}
YBL091C,LG+I+R4,0.0000,,"(0.3750,0.0640) (0.2467,0.5363) (0.2672,1.5788) (0.1111,3.7957)","LG+I{0.0000}+R4{0.3750,0.0640,0.2467,0.5363,0.2672,1.5788,0.1111,3.7957}"
YJL121C,LG+I+G4,0.1772,0.7008,,LG+I{0.1772}+G4{0.7008}
YBL091C-A,LG+I+G4,0.0000,0.9874,,LG+I{0.0000}+G4{0.9874}
YAR007C,LG+I+G4,0.0394,1.7351,,LG+I{0.0394}+G4{1.7351}
YGL184C,LG+I+G4,0.1089,0.8454,,LG+I{0.1089}+G4{0.8454}
YBR084W,LG+F+I+G4,0.1342,0.9255,,LG+F+I{0.1342}+G4{0.9255}
YGL183C,LG+I+G4,0.0009,1.2033,,LG+I{0.0009}+G4{1.2033}
YAL012W,LG+I+G4,0.2134,0.7806,,LG+I{0.2134}+G4{0.7806}
YGR154C,LG+I+G4,0.0580,0.9158,,LG+I{0.0580}+G4{0.9158}
YGR132C,LG+I+G4,0.1598,0.4890,,LG+I{0.1598}+G4{0.4890}
YOR251C,LG+I+G4,0.0996,0.8012,,LG+I{0.0996}+G4{0.8012}
YER087W,LG+I+G4,0.1117,1.1189,,LG+I{0.1117}+G4{1.1189}
YOR258W,LG+I+G4,0.1078,1.0032,,LG+I{0.1078}+G4{1.0032}
YGR231C,LG+I+G4,0.3601,0.6704,,LG+I{0.3601}+G4{0.6704}
YLR032W,LG+I+G4,0.0000,2.1304,,LG+I{0.0000}+G4{2.1304}
YBL087C,LG+I+R3,0.0000,,"(0.8050,0.2128) (0.1589,3.1992) (0.0361,8.8836)","LG+I{0.0000}+R3{0.8050,0.2128,0.1589,3.1992,0.0361,8.8836}"
YHR062C,LG+F+I+G4,0.0000,1.6389,,LG+F+I{0.0000}+G4{1.6389}
YML112W,LG+I+G4,0.0375,0.7958,,LG+I{0.0375}+G4{0.7958}
YGL212W,LG+I+G4,0.0754,1.2766,,LG+I{0.0754}+G4{1.2766}
YPR024W,LG+I+G4,0.4185,0.6064,,LG+I{0.4185}+G4{0.6064}
YMR100W,JTT+G4,,0.7844,,JTT+G4{0.7844}
YPL252C,LG+I+G4,0.2456,0.9169,,LG+I{0.2456}+G4{0.9169}
YKL028W,LG+I+G4,0.0559,2.0305,,LG+I{0.0559}+G4{2.0305}
YLR105C,LG+I+G4,0.1381,1.3687,,LG+I{0.1381}+G4{1.3687}
YER159C,LG+I+G4,0.0745,1.0989,,LG+I{0.0745}+G4{1.0989}
YOL013C,LG+I+G4,0.0000,0.7348,,LG+I{0.0000}+G4{0.7348}
YBR204C,LG+I+G4,0.0000,1.0001,,LG+I{0.0000}+G4{1.0001}
YBR129C,LG+I+G4,0.0000,1.6785,,LG+I{0.0000}+G4{1.6785}
YHR216W,LG+I+G4,0.3366,0.8280,,LG+I{0.3366}+G4{0.8280}
YDR098C,LG+I+R4,0.0029,,"(0.1341,0.1000) (0.3652,0.4774) (0.4534,1.3491) (0.0445,4.5112)","LG+I{0.0029}+R4{0.1341,0.1000,0.3652,0.4774,0.4534,1.3491,0.0445,4.5112}"
YDR238C,LG+I+G4,0.0925,0.7934,,LG+I{0.0925}+G4{0.7934}
YNL045W,LG+I+G4,0.0000,0.8074,,LG+I{0.0000}+G4{0.8074}
YNL094W,LG+I+G4,0.0922,0.6873,,LG+I{0.0922}+G4{0.6873}
YLR151C,LG+I+R4,0.0000,,"(0.1955,0.0315) (0.3638,0.5493) (0.3849,1.5204) (0.0558,3.7428)","LG+I{0.0000}+R4{0.1955,0.0315,0.3638,0.5493,0.3849,1.5204,0.0558,3.7428}"
YLR383W,LG+F+I+R4,0.0000,,"(0.1519,0.0576) (0.2912,0.3924) (0.3053,1.0474) (0.2516,2.2146)","LG+F+I{0.0000}+R4{0.1519,0.0576,0.2912,0.3924,0.3053,1.0474,0.2516,2.2146}"
YOR007C,LG+I+G4,0.0000,2.0893,,LG+I{0.0000}+G4{2.0893}
YML069W,LG+I+G4,0.0566,1.1555,,LG+I{0.0566}+G4{1.1555}
YLR423C,LG+F+I+R4,0.0035,,"(0.1455,0.1436) (0.1500,0.3996) (0.3101,0.8765) (0.3910,1.6557)","LG+F+I{0.0035}+R4{0.1455,0.1436,0.1500,0.3996,0.3101,0.8765,0.3910,1.6557}"
YBR177C,LG+I+R4,0.0135,,"(0.1477,0.0906) (0.3418,0.5009) (0.2493,1.0142) (0.2477,2.2706)","LG+I{0.0135}+R4{0.1477,0.0906,0.3418,0.5009,0.2493,1.0142,0.2477,2.2706}"
YER176W,LG+I+R4,0.0000,,"(0.2042,0.1398) (0.4109,0.6369) (0.2953,1.4342) (0.0896,3.1958)","LG+I{0.0000}+R4{0.2042,0.1398,0.4109,0.6369,0.2953,1.4342,0.0896,3.1958}"
YLL060C,LG+I+G4,0.0000,5.7455,,LG+I{0.0000}+G4{5.7455}
YDR038C,LG+F+I,0.0000,,,LG+F+I{0.0000}
YAL023C,LG+I+G4,0.0295,0.6770,,LG+I{0.0295}+G4{0.6770}
YCL009C,LG+I+G4,0.2045,0.3793,,LG+I{0.2045}+G4{0.3793}
YAL029C,LG+I+R4,0.0254,,"(0.4567,0.0488) (0.2527,0.6362) (0.1858,1.9835) (0.0794,5.6490)","LG+I{0.0254}+R4{0.4567,0.0488,0.2527,0.6362,0.1858,1.9835,0.0794,5.6490}"
YAL015C,LG+I+G4,0.1017,0.7828,,LG+I{0.1017}+G4{0.7828}
YAL021C,LG+I+G4,0.0089,1.1517,,LG+I{0.0089}+G4{1.1517}
YIR021W,LG+F+I+R4,0.0000,,"(0.0889,0.1470) (0.2243,0.4114) (0.3402,0.8667) (0.3466,1.7307)","LG+F+I{0.0000}+R4{0.0889,0.1470,0.2243,0.4114,0.3402,0.8667,0.3466,1.7307}"
YIR022W,LG+I+G4,0.2285,0.7654,,LG+I{0.2285}+G4{0.7654}
YPR062W,LG+I+R4,0.0005,,"(0.4551,0.1526) (0.3170,0.8902) (0.1441,1.9446) (0.0833,4.4207)","LG+I{0.0005}+R4{0.4551,0.1526,0.3170,0.8902,0.1441,1.9446,0.0833,4.4207}"
YBR097W,LG+I+G4,0.0574,1.0574,,LG+I{0.0574}+G4{1.0574}
YDR168W,LG+I+G4,0.0000,0.6780,,LG+I{0.0000}+G4{0.6780}
YGR282C,LG+F+I+G4,0.0000,1.2131,,LG+F+I{0.0000}+G4{1.2131}
YPL226W,LG+I+G4,0.0000,1.3149,,LG+I{0.0000}+G4{1.3149}
YGR279C,LG+I+G4,0.0640,0.8523,,LG+I{0.0640}+G4{0.8523}
YPR129W,LG+I+G4,0.0000,0.9519,,LG+I{0.0000}+G4{0.9519}
YGL027C,LG+I+G4,0.0183,1.3069,,LG+I{0.0183}+G4{1.3069}
YLL040C,LG+F+I+G4,0.0223,1.3381,,LG+F+I{0.0223}+G4{1.3381}
YBL017C,LG+I+G4,0.0237,1.2206,,LG+I{0.0237}+G4{1.2206}
YCR061W,LG+I+G4,0.0090,1.7927,,LG+I{0.0090}+G4{1.7927}
YJL084C,LG+I+G4,0.0000,1.4421,,LG+I{0.0000}+G4{1.4421}
YDR061W,LG+I+R4,0.0324,,"(0.1359,0.0544) (0.3165,0.4115) (0.2132,1.0502) (0.3021,2.1136)","LG+I{0.0324}+R4{0.1359,0.0544,0.3165,0.4115,0.2132,1.0502,0.3021,2.1136}"
YDR062W,LG+I+G4,0.1565,0.8745,,LG+I{0.1565}+G4{0.8745}
YNL312W,LG+I+G4,0.0000,1.4651,,LG+I{0.0000}+G4{1.4651}
YNL310C,LG+I+G4,0.0000,0.7650,,LG+I{0.0000}+G4{0.7650}
YDR266C,LG+I+G4,0.0161,0.7816,,LG+I{0.0161}+G4{0.7816}
YBR154C,LG+I+G4,0.0593,1.4188,,LG+I{0.0593}+G4{1.4188}
YGR181W,LG+I+G4,0.0487,0.8482,,LG+I{0.0487}+G4{0.8482}
YBL041W,LG+I+G4,0.1387,0.9018,,LG+I{0.1387}+G4{0.9018}
YMR300C,LG+I+G4,0.3050,0.7090,,LG+I{0.3050}+G4{0.7090}
YLR323C,LG+I+G4,0.0000,0.8350,,LG+I{0.0000}+G4{0.8350}
YGR007W,LG+I+G4,0.2334,0.7557,,LG+I{0.2334}+G4{0.7557}
YPL138C,LG+I+G4,0.0000,1.3901,,LG+I{0.0000}+G4{1.3901}
YPR031W,LG+I+G4,0.0096,0.7582,,LG+I{0.0096}+G4{0.7582}
YBR143C,LG+I+G4,0.3551,0.8366,,LG+I{0.3551}+G4{0.8366}
YKL034W,LG+F+I+R4,0.0027,,"(0.1702,0.1563) (0.3729,0.5618) (0.2639,1.1222) (0.1902,2.4590)","LG+F+I{0.0027}+R4{0.1702,0.1563,0.3729,0.5618,0.2639,1.1222,0.1902,2.4590}"
YBR115C,LG+I+G4,0.1582,0.9237,,LG+I{0.1582}+G4{0.9237}
YOL061W,LG+I+G4,0.0437,0.6017,,LG+I{0.0437}+G4{0.6017}
YBR127C,LG+I+R2,0.0000,,"(0.7925,0.3972) (0.2075,3.3027)","LG+I{0.0000}+R2{0.7925,0.3972,0.2075,3.3027}"
YER075C,LG+F+I+G4,0.0000,1.0070,,LG+F+I{0.0000}+G4{1.0070}
YBL068W,LG+I+G4,0.0628,0.7128,,LG+I{0.0628}+G4{0.7128}
YBR215W,LG+I+G4,0.1733,0.8080,,LG+I{0.1733}+G4{0.8080}
YKL216W,LG+I+R2,0.0057,,"(0.8228,0.3948) (0.1716,3.9357)","LG+I{0.0057}+R2{0.8228,0.3948,0.1716,3.9357}"
YBR217W,LG+I+G4,0.0000,1.6804,,LG+I{0.0000}+G4{1.6804}
YNL232W,LG+I+R3,0.0164,,"(0.1707,0.1173) (0.3031,0.6393) (0.5098,1.5422)","LG+I{0.0164}+R3{0.1707,0.1173,0.3031,0.6393,0.5098,1.5422}"
YGL058W,LG+I+R3,0.0000,,"(0.6164,0.1417) (0.2281,1.0453) (0.1555,4.3351)","LG+I{0.0000}+R3{0.6164,0.1417,0.2281,1.0453,0.1555,4.3351}"
YOR116C,LG+I+G4,0.1809,0.8793,,LG+I{0.1809}+G4{0.8793}
YOL071W,LG+I+G4,0.1705,0.6879,,LG+I{0.1705}+G4{0.6879}
YGR044C,JTT+G4,,0.7261,,JTT+G4{0.7261}
YDL230W,LG+I+R4,0.0070,,"(0.2931,0.0858) (0.2285,0.4979) (0.2211,1.1910) (0.2503,2.3881)","LG+I{0.0070}+R4{0.2931,0.0858,0.2285,0.4979,0.2211,1.1910,0.2503,2.3881}"
YOR181W,LG+I+G4,0.0000,0.7760,,LG+I{0.0000}+G4{0.7760}
YLR287C,LG+F+I+G4,0.0000,1.4055,,LG+F+I{0.0000}+G4{1.4055}
YBR039W,LG+I+G4,0.0000,1.6883,,LG+I{0.0000}+G4{1.6883}
YIL113W,LG+I+G4,0.0000,1.8880,,LG+I{0.0000}+G4{1.8880}
YML131W,LG+F+I+G4,0.0114,0.9226,,LG+F+I{0.0114}+G4{0.9226}
YKL088W,LG+I+R4,0.0000,,"(0.2815,0.1906) (0.3998,0.6833) (0.2438,1.5596) (0.0750,3.9065)","LG+I{0.0000}+R4{0.2815,0.1906,0.3998,0.6833,0.2438,1.5596,0.0750,3.9065}"
YDR196C,LG+I+G4,0.1175,1.1185,,LG+I{0.1175}+G4{1.1185}
YJL124C,LG+I+G4,0.0031,1.0313,,LG+I{0.0031}+G4{1.0313}
YOR159C,LG+I+G4,0.1080,0.6259,,LG+I{0.1080}+G4{0.6259}
YER146W,LG+I+G4,0.0506,1.0055,,LG+I{0.0506}+G4{1.0055}
YOL038W,LG+I+R4,0.0000,,"(0.3689,0.1299) (0.3445,0.6092) (0.2295,1.8203) (0.0571,5.6844)","LG+I{0.0000}+R4{0.3689,0.1299,0.3445,0.6092,0.2295,1.8203,0.0571,5.6844}"
YFL017W-A,LG+I+G4,0.0844,1.7413,,LG+I{0.0844}+G4{1.7413}
YNL147W,LG+I+G4,0.0853,1.3879,,LG+I{0.0853}+G4{1.3879}
YKR090W,LG+I+R3,0.0000,,"(0.5568,0.2133) (0.2087,1.0261) (0.2346,2.8443)","LG+I{0.0000}+R3{0.5568,0.2133,0.2087,1.0261,0.2346,2.8443}"
YDL037C,LG+F+I+G4,0.0000,3.7638,,LG+F+I{0.0000}+G4{3.7638}
YMR211W,LG+I+G4,0.0170,1.4480,,LG+I{0.0170}+G4{1.4480}
YLR417W,LG+I+G4,0.0000,0.9473,,LG+I{0.0000}+G4{0.9473}
YHR074W,LG+I+R4,0.0311,,"(0.5039,0.0503) (0.2483,0.7640) (0.1340,2.3711) (0.0828,5.6432)","LG+I{0.0311}+R4{0.5039,0.0503,0.2483,0.7640,0.1340,2.3711,0.0828,5.6432}"
YCR066W,LG+I+G4,0.0000,0.8455,,LG+I{0.0000}+G4{0.8455}
YFL022C,LG+I+G4,0.0081,0.9862,,LG+I{0.0081}+G4{0.9862}
YEL023C,LG+I+G4,0.0233,0.8900,,LG+I{0.0233}+G4{0.8900}
YCR036W,LG+I+R4,0.0000,,"(0.3290,0.0698) (0.3410,0.5743) (0.2195,1.7259) (0.1106,3.6393)","LG+I{0.0000}+R4{0.3290,0.0698,0.3410,0.5743,0.2195,1.7259,0.1106,3.6393}"
YKR002W,LG+I+G4,0.0792,0.8311,,LG+I{0.0792}+G4{0.8311}
YER023W,LG+I+R4,0.0000,,"(0.1591,0.0961) (0.3744,0.5063) (0.3672,1.2659) (0.0992,3.3276)","LG+I{0.0000}+R4{0.1591,0.0961,0.3744,0.5063,0.3672,1.2659,0.0992,3.3276}"
YMR234W,LG+I+G4,0.0000,0.8794,,LG+I{0.0000}+G4{0.8794}
YMR133W,LG+I+R4,0.0000,,"(0.1269,0.1606) (0.6658,0.6579) (0.1546,1.6884) (0.0527,5.3252)","LG+I{0.0000}+R4{0.1269,0.1606,0.6658,0.6579,0.1546,1.6884,0.0527,5.3252}"
YDR214W,LG+F+I+G4,0.0000,0.9893,,LG+F+I{0.0000}+G4{0.9893}
YDR502C,LG+I+G4,0.0278,0.2936,,LG+I{0.0278}+G4{0.2936}
YDL168W,LG+I+R4,0.0000,,"(0.0331,0.2264) (0.1526,0.4690) (0.5928,0.9620) (0.2216,1.5826)","LG+I{0.0000}+R4{0.0331,0.2264,0.1526,0.4690,0.5928,0.9620,0.2216,1.5826}"
YHL033C,LG+I+R4,0.0000,,"(0.4456,0.0874) (0.2498,0.5376) (0.2370,2.0838) (0.0676,4.9243)","LG+I{0.0000}+R4{0.4456,0.0874,0.2498,0.5376,0.2370,2.0838,0.0676,4.9243}"
YJL035C,LG+I+G4,0.0959,0.7753,,LG+I{0.0959}+G4{0.7753}
YGR155W,LG+I+G4,0.2145,2.1123,,LG+I{0.2145}+G4{2.1123}
YER007C-A,LG+I+G4,0.0000,2.2986,,LG+I{0.0000}+G4{2.2986}
YIR002C,LG+I+G4,0.0655,0.3050,,LG+I{0.0655}+G4{0.3050}
YOR165W,LG+I+G4,0.2265,0.8299,,LG+I{0.2265}+G4{0.8299}
YMR162C,LG+I+G4,0.2048,0.7210,,LG+I{0.2048}+G4{0.7210}
YJL102W,LG+I+R4,0.0000,,"(0.4029,0.0864) (0.2485,0.5531) (0.2514,1.6616) (0.0972,4.2171)","LG+I{0.0000}+R4{0.4029,0.0864,0.2485,0.5531,0.2514,1.6616,0.0972,4.2171}"
YPR070W,LG+I+R3,0.0086,,"(0.6017,0.1501) (0.2825,1.5315) (0.1072,4.4490)","LG+I{0.0086}+R3{0.6017,0.1501,0.2825,1.5315,0.1072,4.4490}"
YGR028W,LG+I+G4,0.0809,1.2917,,LG+I{0.0809}+G4{1.2917}
YLR033W,LG+I+G4,0.0000,2.4565,,LG+I{0.0000}+G4{2.4565}
YMR129W,LG+I+G4,0.0151,1.6800,,LG+I{0.0151}+G4{1.6800}
YMR128W,LG+I+R4,0.0141,,"(0.4979,0.0676) (0.2460,0.6580) (0.1718,2.1993) (0.0702,6.0805)","LG+I{0.0141}+R4{0.4979,0.0676,0.2460,0.6580,0.1718,2.1993,0.0702,6.0805}"
YOL041C,LG+I+G4,0.1133,0.7090,,LG+I{0.1133}+G4{0.7090}
YIL147C,LG+I+R4,0.0000,,"(0.5916,0.1455) (0.2167,0.6117) (0.1160,1.7675) (0.0757,7.6121)","LG+I{0.0000}+R4{0.5916,0.1455,0.2167,0.6117,0.1160,1.7675,0.0757,7.6121}"
YDR092W,LG+I+R3,0.0180,,"(0.6303,0.1525) (0.2130,1.0798) (0.1386,4.8597)","LG+I{0.0180}+R3{0.6303,0.1525,0.2130,1.0798,0.1386,4.8597}"
YDR177W,LG+I+G4,0.0428,0.4978,,LG+I{0.0428}+G4{0.4978}
YBR082C,JTT+R3,,,"(0.7066,0.2054) (0.2314,1.7866) (0.0621,7.1145)","JTT+R3{0.7066,0.2054,0.2314,1.7866,0.0621,7.1145}"
YBR208C,LG+I+G4,0.1737,0.8026,,LG+I{0.1737}+G4{0.8026}
YJR123W,LG+I+G4,0.3667,0.8002,,LG+I{0.3667}+G4{0.8002}
YNR029C,LG+I+G4,0.1589,0.7792,,LG+I{0.1589}+G4{0.7792}
YHR019C,LG+I+G4,0.0000,0.9210,,LG+I{0.0000}+G4{0.9210}
YHR020W,LG+I+G4,0.4192,0.6844,,LG+I{0.4192}+G4{0.6844}
YHR018C,LG+I+G4,0.3104,0.6363,,LG+I{0.3104}+G4{0.6363}
YAL054C,LG+I+R4,0.0000,,"(0.4603,0.1036) (0.2427,0.5450) (0.2535,1.8952) (0.0434,7.8186)","LG+I{0.0000}+R4{0.4603,0.1036,0.2427,0.5450,0.2535,1.8952,0.0434,7.8186}"
YDR404C,LG+I+G4,0.1625,0.9016,,LG+I{0.1625}+G4{0.9016}
YLR026C,LG+I+R2,0.0000,,"(0.6408,0.3277) (0.3592,2.1993)","LG+I{0.0000}+R2{0.6408,0.3277,0.3592,2.1993}"
YGR240C,LG+I+R4,0.0000,,"(0.1187,0.2046) (0.3365,0.6385) (0.3049,1.0875) (0.2398,1.7897)","LG+I{0.0000}+R4{0.1187,0.2046,0.3365,0.6385,0.3049,1.0875,0.2398,1.7897}"
YPR098C,LG+F+I+G4,0.0000,2.3378,,LG+F+I{0.0000}+G4{2.3378}
YBL023C,LG+I+G4,0.0760,1.2498,,LG+I{0.0760}+G4{1.2498}
YLR299W,LG+I+G4,0.0016,1.1077,,LG+I{0.0016}+G4{1.1077}
YOR201C,JTT+F+R4,,,"(0.2500,1.0000) (0.2500,1.0000) (0.2500,1.0000) (0.2500,1.0001)","JTT+F+R4{0.2500,1.0000,0.2500,1.0000,0.2500,1.0000,0.2500,1.0001}"
YPR182W,LG+I+G4,0.1428,1.2759,,LG+I{0.1428}+G4{1.2759}
YDR378C,LG+I+G4,0.0000,1.0523,,LG+I{0.0000}+G4{1.0523}
YBL003C,LG+I+G4,0.0800,0.6302,,LG+I{0.0800}+G4{0.6302}
YOL012C,LG+I+G4,0.1305,0.6280,,LG+I{0.1305}+G4{0.6280}
YMR078C,LG+I+G4,0.1135,1.2737,,LG+I{0.1135}+G4{1.2737}
YJR063W,LG+I+G4,0.2295,0.8583,,LG+I{0.2295}+G4{0.8583}
YLR316C,LG+I+G4,0.0000,1.2109,,LG+I{0.0000}+G4{1.2109}
YPL006W,LG+I+G4,0.1239,0.7713,,LG+I{0.1239}+G4{0.7713}
Q0075,LG+I+G4,0.0056,1.4236,,LG+I{0.0056}+G4{1.4236}
YLL042C,LG+I+G4,0.0000,1.7375,,LG+I{0.0000}+G4{1.7375}
YJL103C,LG+I+G4,0.0000,1.1660,,LG+I{0.0000}+G4{1.1660}
YGR252W,LG+I+G4,0.0873,1.0368,,LG+I{0.0873}+G4{1.0368}
YJL167W,LG+I+G4,0.2243,0.7384,,LG+I{0.2243}+G4{0.7384}
YBR153W,LG+I+R4,0.0217,,"(0.2065,0.0354) (0.2900,0.4023) (0.2431,1.1126) (0.2388,2.5363)","LG+I{0.0217}+R4{0.2065,0.0354,0.2900,0.4023,0.2431,1.1126,0.2388,2.5363}"
YEL011W,LG+I+G4,0.0000,0.9467,,LG+I{0.0000}+G4{0.9467}
YKL116C,LG+I+R4,0.0275,,"(0.2151,0.0567) (0.3048,0.5133) (0.2028,1.1514) (0.2499,2.3927)","LG+I{0.0275}+R4{0.2151,0.0567,0.3048,0.5133,0.2028,1.1514,0.2499,2.3927}"
YEL046C,LG+I+R4,0.0076,,"(0.2805,0.0788) (0.3060,0.5132) (0.2417,1.2784) (0.1641,3.1179)","LG+I{0.0076}+R4{0.2805,0.0788,0.3060,0.5132,0.2417,1.2784,0.1641,3.1179}"
YLR329W,LG+F+I+R3,0.0052,,"(0.1027,0.1939) (0.3916,0.5977) (0.5006,1.4905)","LG+F+I{0.0052}+R3{0.1027,0.1939,0.3916,0.5977,0.5006,1.4905}"
YGR097W,LG+F+I+R4,0.0000,,"(0.1222,0.1739) (0.3425,0.6213) (0.2712,1.1220) (0.2640,1.7484)","LG+F+I{0.0000}+R4{0.1222,0.1739,0.3425,0.6213,0.2712,1.1220,0.2640,1.7484}"
YEL044W,LG+I+G4,0.0000,1.0104,,LG+I{0.0000}+G4{1.0104}
YIL105C,LG+I+G4,0.0090,1.1124,,LG+I{0.0090}+G4{1.1124}
YIL007C,LG+I+G4,0.0031,0.8828,,LG+I{0.0031}+G4{0.8828}
YPL022W,LG+I+G4,0.0000,1.1924,,LG+I{0.0000}+G4{1.1924}
YOR283W,LG+I+G4,0.0294,0.6980,,LG+I{0.0294}+G4{0.6980}
YDL021W,LG+I+G4,0.0135,0.6948,,LG+I{0.0135}+G4{0.6948}
YHR069C,LG+I+G4,0.1501,1.1078,,LG+I{0.1501}+G4{1.1078}
YHR116W,LG+I+G4,0.0006,1.0207,,LG+I{0.0006}+G4{1.0207}
YKR080W,LG+I+G4,0.0000,1.0223,,LG+I{0.0000}+G4{1.0223}
YKR099W,LG+I+G4,0.0000,0.6775,,LG+I{0.0000}+G4{0.6775}
YKR079C,LG+I+R4,0.0000,,"(0.1838,0.1315) (0.2559,0.5983) (0.4675,1.2342) (0.0928,2.6481)","LG+I{0.0000}+R4{0.1838,0.1315,0.2559,0.5983,0.4675,1.2342,0.0928,2.6481}"
YCR047C,LG+I+G4,0.2741,0.9075,,LG+I{0.2741}+G4{0.9075}
YCR032W,LG+I+G4,0.0000,1.1546,,LG+I{0.0000}+G4{1.1546}
YGR128C,LG+F+I+R4,0.0000,,"(0.0760,0.1157) (0.3505,0.4462) (0.2962,0.9266) (0.2773,2.0208)","LG+F+I{0.0000}+R4{0.0760,0.1157,0.3505,0.4462,0.2962,0.9266,0.2773,2.0208}"
YBR033W,LG+I+G4,0.2582,0.5270,,LG+I{0.2582}+G4{0.5270}
YDR182W,LG+I+R4,0.0071,,"(0.2425,0.0852) (0.2416,0.4436) (0.2595,1.1293) (0.2492,2.3237)","LG+I{0.0071}+R4{0.2425,0.0852,0.2416,0.4436,0.2595,1.1293,0.2492,2.3237}"
YER020W,LG+I+R4,0.0045,,"(0.3156,0.0983) (0.2993,0.4527) (0.2151,1.2500) (0.1655,3.4114)","LG+I{0.0045}+R4{0.3156,0.0983,0.2993,0.4527,0.2151,1.2500,0.1655,3.4114}"
YMR003W,LG+I+G4,0.0000,1.3717,,LG+I{0.0000}+G4{1.3717}
YLR178C,LG+I+G4,0.0000,1.3616,,LG+I{0.0000}+G4{1.3616}
YLR146C,LG+I+R4,0.0000,,"(0.4926,0.1145) (0.2380,0.8528) (0.1202,1.6271) (0.1492,3.6523)","LG+I{0.0000}+R4{0.4926,0.1145,0.2380,0.8528,0.1202,1.6271,0.1492,3.6523}"
YJL036W,LG+I+G4,0.0000,1.0938,,LG+I{0.0000}+G4{1.0938}
YBL019W,LG+I+G4,0.0165,0.8186,,LG+I{0.0165}+G4{0.8186}
YLR262C,LG+I+G4,0.2614,0.6112,,LG+I{0.2614}+G4{0.6112}
YKR008W,LG+I+G4,0.0188,0.9528,,LG+I{0.0188}+G4{0.9528}
YHR154W,LG+I+R4,0.0000,,"(0.1157,0.1069) (0.3140,0.5430) (0.4483,1.0917) (0.1220,2.6859)","LG+I{0.0000}+R4{0.1157,0.1069,0.3140,0.5430,0.4483,1.0917,0.1220,2.6859}"
YOR358W,JTT+R4,,,"(0.5344,0.0665) (0.1900,0.4351) (0.1512,1.4205) (0.1244,5.3632)","JTT+R4{0.5344,0.0665,0.1900,0.4351,0.1512,1.4205,0.1244,5.3632}"
YLR191W,LG+I+G4,0.0577,1.3029,,LG+I{0.0577}+G4{1.3029}
YHR114W,LG+I+R4,0.0000,,"(0.2568,0.1248) (0.2993,0.4457) (0.2295,1.3919) (0.2143,2.4033)","LG+I{0.0000}+R4{0.2568,0.1248,0.2993,0.4457,0.2295,1.3919,0.2143,2.4033}"
YHR102W,LG+I+R4,0.0013,,"(0.3344,0.0925) (0.3511,0.6588) (0.2159,1.7667) (0.0973,3.6624)","LG+I{0.0013}+R4{0.3344,0.0925,0.3511,0.6588,0.2159,1.7667,0.0973,3.6624}"
YAR019C,LG+I+G4,0.0927,0.7615,,LG+I{0.0927}+G4{0.7615}
YDR523C,LG+I+G4,0.0894,0.7851,,LG+I{0.0894}+G4{0.7851}
YJL095W,LG+I+G4,0.0599,0.5562,,LG+I{0.0599}+G4{0.5562}
YBR022W,LG+I+G4,0.0000,1.3669,,LG+I{0.0000}+G4{1.3669}
YGL171W,LG+I+G4,0.1281,1.1239,,LG+I{0.1281}+G4{1.1239}
YOL065C,LG+I+G4,0.0819,1.3725,,LG+I{0.0819}+G4{1.3725}
YOR217W,LG+I+G4,0.0996,0.9633,,LG+I{0.0996}+G4{0.9633}
YDL030W,LG+I+G4,0.0000,1.1560,,LG+I{0.0000}+G4{1.1560}
YBR264C,LG+I+R4,0.0046,,"(0.5109,0.1479) (0.2709,0.8820) (0.1676,2.1319) (0.0458,7.1565)","LG+I{0.0046}+R4{0.5109,0.1479,0.2709,0.8820,0.1676,2.1319,0.0458,7.1565}"
YOR089C,LG+I+G4,0.3825,0.5869,,LG+I{0.3825}+G4{0.5869}
YOR087W,LG+F+I+G4,0.0776,0.8539,,LG+F+I{0.0776}+G4{0.8539}
YKR060W,LG+I+G4,0.0000,3.2593,,LG+I{0.0000}+G4{3.2593}
YGL009C,LG+I+G4,0.1197,0.8030,,LG+I{0.1197}+G4{0.8030}
YPL101W,LG+F+I+G4,0.0252,1.1973,,LG+F+I{0.0252}+G4{1.1973}
YPL246C,LG+F+I+R4,0.0012,,"(0.1883,0.1681) (0.3243,0.5791) (0.3393,1.3242) (0.1469,2.2556)","LG+F+I{0.0012}+R4{0.1883,0.1681,0.3243,0.5791,0.3393,1.3242,0.1469,2.2556}"
YGR033C,LG+F+I+G4,0.0000,1.3843,,LG+F+I{0.0000}+G4{1.3843}
YDL190C,LG+I+G4,0.2266,0.6722,,LG+I{0.2266}+G4{0.6722}
YKL196C,LG+I+G4,0.0382,0.7432,,LG+I{0.0382}+G4{0.7432}
YOR211C,LG+I+R4,0.0000,,"(0.5109,0.0592) (0.1752,0.6041) (0.2545,1.9091) (0.0593,6.3696)","LG+I{0.0000}+R4{0.5109,0.0592,0.1752,0.6041,0.2545,1.9091,0.0593,6.3696}"
YDL209C,LG+I+G4,0.1927,1.4541,,LG+I{0.1927}+G4{1.4541}
YPL123C,LG+I+G4,0.1109,0.9265,,LG+I{0.1109}+G4{0.9265}
YMR149W,LG+F+I+R4,0.0000,,"(0.1160,0.0462) (0.1914,0.2725) (0.4504,0.9196) (0.2423,2.1806)","LG+F+I{0.0000}+R4{0.1160,0.0462,0.1914,0.2725,0.4504,0.9196,0.2423,2.1806}"
YDR288W,LG+I+R4,0.0000,,"(0.1076,0.1884) (0.3173,0.6197) (0.4649,1.0751) (0.1102,2.5711)","LG+I{0.0000}+R4{0.1076,0.1884,0.3173,0.6197,0.4649,1.0751,0.1102,2.5711}"
YHR201C,LG+I+G4,0.0238,0.8824,,LG+I{0.0238}+G4{0.8824}
YIL078W,LG+I+G4,0.0209,0.9534,,LG+I{0.0209}+G4{0.9534}
YJR090C,LG+I+G4,0.0196,1.1238,,LG+I{0.0196}+G4{1.1238}
YJR143C,LG+I+G4,0.0001,0.7267,,LG+I{0.0001}+G4{0.7267}
YHR134W,LG+I+G4,0.0353,1.0901,,LG+I{0.0353}+G4{1.0901}
YPL214C,LG+I+G4,0.1505,0.9465,,LG+I{0.1505}+G4{0.9465}
YFR004W,JTT+G4,,0.2435,,JTT+G4{0.2435}
YMR188C,LG+I+G4,0.0379,0.8034,,LG+I{0.0379}+G4{0.8034}
YIL116W,LG+I+R4,0.0192,,"(0.3233,0.0637) (0.2527,0.5470) (0.2558,1.3375) (0.1490,3.3497)","LG+I{0.0192}+R4{0.3233,0.0637,0.2527,0.5470,0.2558,1.3375,0.1490,3.3497}"
YKL151C,LG+I+G4,0.0669,1.0135,,LG+I{0.0669}+G4{1.0135}
Q0105,LG+I,0.0000,,,LG+I{0.0000}
YFR024C-A,LG+I+G4,0.0348,0.6426,,LG+I{0.0348}+G4{0.6426}
YMR228W,LG+F+I+G4,0.0000,2.8109,,LG+F+I{0.0000}+G4{2.8109}
YER007W,LG+I+R4,0.0000,,"(0.2423,0.0753) (0.2083,0.4719) (0.3879,1.2331) (0.1616,2.5077)","LG+I{0.0000}+R4{0.2423,0.0753,0.2083,0.4719,0.3879,1.2331,0.1616,2.5077}"
YBL086C,LG+I+G4,0.0329,1.9010,,LG+I{0.0329}+G4{1.9010}
YPL204W,LG+I+G4,0.2819,0.9076,,LG+I{0.2819}+G4{0.9076}
YCR069W,LG+I+G4,0.0856,1.3362,,LG+I{0.0856}+G4{1.3362}
YPL128C,LG+I+G4,0.0005,0.6572,,LG+I{0.0005}+G4{0.6572}
YPL064C,LG+I+G4,0.0000,1.6422,,LG+I{0.0000}+G4{1.6422}
YDR155C,LG+I+G4,0.1366,0.6747,,LG+I{0.1366}+G4{0.6747}
YDR304C,LG+I+G4,0.2218,0.8228,,LG+I{0.2218}+G4{0.8228}
YLR216C,LG+I+G4,0.0328,0.7059,,LG+I{0.0328}+G4{0.7059}
YJR032W,LG+I+G4,0.0405,1.0837,,LG+I{0.0405}+G4{1.0837}
YDR158W,LG+I+G4,0.2768,0.7258,,LG+I{0.2768}+G4{0.7258}
YDR116C,LG+I+G4,0.0000,1.5184,,LG+I{0.0000}+G4{1.5184}
YML086C,LG+I+G4,0.1157,0.8584,,LG+I{0.1157}+G4{0.8584}
YDR117C,LG+I+G4,0.0000,1.8915,,LG+I{0.0000}+G4{1.8915}
YDR226W,LG+I+G4,0.4014,0.7573,,LG+I{0.4014}+G4{0.7573}
YER170W,LG+I+G4,0.1752,0.8106,,LG+I{0.1752}+G4{0.8106}
YLR022C,LG+I+G4,0.0699,0.7050,,LG+I{0.0699}+G4{0.7050}
YGR285C,LG+I+G4,0.1562,0.8245,,LG+I{0.1562}+G4{0.8245}
YMR277W,LG+I+G4,0.0647,1.4108,,LG+I{0.0647}+G4{1.4108}
YKR087C,LG+F+I+R4,0.0000,,"(0.2433,0.4195) (0.3957,0.7493) (0.2222,1.2711) (0.1387,2.2992)","LG+F+I{0.0000}+R4{0.2433,0.4195,0.3957,0.7493,0.2222,1.2711,0.1387,2.2992}"
YGL141W,LG+I+G4,0.0469,1.0810,,LG+I{0.0469}+G4{1.0810}
YHR198C,LG+I+G4,0.0001,0.9809,,LG+I{0.0001}+G4{0.9809}
YNR050C,LG+F+I+R4,0.0000,,"(0.1163,0.1977) (0.4178,0.5646) (0.3239,1.0951) (0.1420,2.7217)","LG+F+I{0.0000}+R4{0.1163,0.1977,0.4178,0.5646,0.3239,1.0951,0.1420,2.7217}"
YOR001W,LG+I+G4,0.0000,1.3626,,LG+I{0.0000}+G4{1.3626}
YPL016W,LG+I+G4,0.0000,2.9484,,LG+I{0.0000}+G4{2.9484}
YAL049C,LG+I+G4,0.0626,1.0041,,LG+I{0.0626}+G4{1.0041}
YJR139C,LG+F+I+R4,0.0000,,"(0.2037,0.0399) (0.3236,0.3620) (0.3058,1.1959) (0.1669,3.0491)","LG+F+I{0.0000}+R4{0.2037,0.0399,0.3236,0.3620,0.3058,1.1959,0.1669,3.0491}"
YCR093W,LG+I+R4,0.0000,,"(0.1638,0.2264) (0.3374,0.5790) (0.3789,1.1616) (0.1199,2.7312)","LG+I{0.0000}+R4{0.1638,0.2264,0.3374,0.5790,0.3789,1.1616,0.1199,2.7312}"
YDR394W,LG+I+G4,0.1618,0.4039,,LG+I{0.1618}+G4{0.4039}
YKR044W,LG+I+R2,0.0242,,"(0.6498,0.5478) (0.3260,1.9752)","LG+I{0.0242}+R2{0.6498,0.5478,0.3260,1.9752}"
YMR038C,LG+F+I+R4,0.0000,,"(0.0843,0.0747) (0.4788,0.3974) (0.3440,1.3804) (0.0928,3.5392)","LG+F+I{0.0000}+R4{0.0843,0.0747,0.4788,0.3974,0.3440,1.3804,0.0928,3.5392}"
YOR367W,LG+I+G4,0.0426,0.7520,,LG+I{0.0426}+G4{0.7520}
YGR071C,JTT+G4,,2.1247,,JTT+G4{2.1247}
YML067C,LG+I+G4,0.0000,3.0135,,LG+I{0.0000}+G4{3.0135}
YIR032C,LG+I+G4,0.0000,1.1314,,LG+I{0.0000}+G4{1.1314}
YGR264C,LG+F+I+G4,0.0000,1.1680,,LG+F+I{0.0000}+G4{1.1680}
YDR397C,LG+I+G4,0.1752,1.4755,,LG+I{0.1752}+G4{1.4755}
YBR019C,LG+I+G4,0.2056,0.5426,,LG+I{0.2056}+G4{0.5426}
YKL194C,LG+I+R4,0.0568,,"(0.2957,0.0519) (0.1637,0.4376) (0.2192,1.2264) (0.2646,2.4347)","LG+I{0.0568}+R4{0.2957,0.0519,0.1637,0.4376,0.2192,1.2264,0.2646,2.4347}"
YDR389W,LG+F+I+G4,0.0000,1.2501,,LG+F+I{0.0000}+G4{1.2501}
YHR008C,LG+I+G4,0.0001,3.3113,,LG+I{0.0001}+G4{3.3113}
YML107C,LG+I+R2,0.0000,,"(0.2118,0.1293) (0.7882,1.2339)","LG+I{0.0000}+R2{0.2118,0.1293,0.7882,1.2339}"
Q0130,JTT+F+G4,,11.0908,,JTT+F+G4{11.0908}
YEL021W,LG+I+G4,0.1246,0.7489,,LG+I{0.1246}+G4{0.7489}
YAR002C-A,LG+I+G4,0.0404,1.7669,,LG+I{0.0404}+G4{1.7669}
YHR111W,LG+I+G4,0.2212,1.0680,,LG+I{0.2212}+G4{1.0680}
YCR024C,LG+I+G4,0.0377,1.6948,,LG+I{0.0377}+G4{1.6948}
YEL020C,LG+I+G4,0.1907,0.8507,,LG+I{0.1907}+G4{0.8507}
YEL022W,LG+I+R4,0.0000,,"(0.3197,0.1355) (0.3659,0.6064) (0.2011,1.6687) (0.1133,3.5242)","LG+I{0.0000}+R4{0.3197,0.1355,0.3659,0.6064,0.2011,1.6687,0.1133,3.5242}"
YIR031C,LG+I+G4,0.0634,0.7964,,LG+I{0.0634}+G4{0.7964}
YJR004C,LG+I+R4,0.0000,,"(0.0960,0.1725) (0.1803,0.5290) (0.3958,0.9872) (0.3280,1.5165)","LG+I{0.0000}+R4{0.0960,0.1725,0.1803,0.5290,0.3958,0.9872,0.3280,1.5165}"
YEL015W,LG+I+G4,0.0000,1.1255,,LG+I{0.0000}+G4{1.1255}
YHR120W,LG+I+G4,0.0000,1.1163,,LG+I{0.0000}+G4{1.1163}
YGR104C,LG+I+G4,0.0000,1.8644,,LG+I{0.0000}+G4{1.8644}
YGR043C,LG+F+I+G4,0.2110,0.7304,,LG+F+I{0.2110}+G4{0.7304}
YJL001W,LG+I+G4,0.1994,0.8338,,LG+I{0.1994}+G4{0.8338}
YGR105W,LG+F+I+R2,0.0000,,"(0.3963,0.1668) (0.6037,1.5468)","LG+F+I{0.0000}+R2{0.3963,0.1668,0.6037,1.5468}"
YLR398C,LG+I+G4,0.0000,0.9430,,LG+I{0.0000}+G4{0.9430}
YDR381W,LG+I+G4,0.0000,2.7658,,LG+I{0.0000}+G4{2.7658}
YPL069C,LG+I+G4,0.1352,0.8227,,LG+I{0.1352}+G4{0.8227}
YHR119W,LG+I+G4,0.0000,2.6836,,LG+I{0.0000}+G4{2.6836}
YBR132C,LG+F+I+G4,0.0245,1.2412,,LG+F+I{0.0245}+G4{1.2412}
YOR303W,LG+I+G4,0.2338,0.7750,,LG+I{0.2338}+G4{0.7750}
YBR094W,LG+I+G4,0.0491,0.7492,,LG+I{0.0491}+G4{0.7492}
YOR362C,LG+I+G4,0.0808,0.8238,,LG+I{0.0808}+G4{0.8238}
YOL026C,LG+I+G4,0.0324,0.4914,,LG+I{0.0324}+G4{0.4914}
YHR189W,LG+I+G4,0.0000,0.9987,,LG+I{0.0000}+G4{0.9987}
YGL153W,LG+I+G4,0.1243,1.5860,,LG+I{0.1243}+G4{1.5860}
YKL188C,LG+F+I+R4,0.0000,,"(0.1625,0.2437) (0.2988,0.6579) (0.3594,1.1445) (0.1794,1.9654)","LG+F+I{0.0000}+R4{0.1625,0.2437,0.2988,0.6579,0.3594,1.1445,0.1794,1.9654}"
YGR206W,LG+I+G4,0.0228,3.9887,,LG+I{0.0228}+G4{3.9887}
YLR301W,LG+I+R4,0.0000,,"(0.0770,0.2332) (0.2758,0.5744) (0.3835,0.9685) (0.2637,1.7148)","LG+I{0.0000}+R4{0.0770,0.2332,0.2758,0.5744,0.3835,0.9685,0.2637,1.7148}"
YNL275W,LG+I+G4,0.0279,0.7215,,LG+I{0.0279}+G4{0.7215}
YMR284W,LG+I+G4,0.0000,1.9692,,LG+I{0.0000}+G4{1.9692}
YOR157C,LG+I+G4,0.3705,0.8304,,LG+I{0.3705}+G4{0.8304}
YKL107W,LG+I+G4,0.0235,1.4275,,LG+I{0.0235}+G4{1.4275}
YKL012W,LG+I+G4,0.1931,1.6415,,LG+I{0.1931}+G4{1.6415}
YML061C,LG+I+G4,0.0000,0.6719,,LG+I{0.0000}+G4{0.6719}
YMR247C,LG+I+G4,0.0000,1.5630,,LG+I{0.0000}+G4{1.5630}
YDR069C,LG+F+I+G4,0.0000,2.2074,,LG+F+I{0.0000}+G4{2.2074}
YHR151C,LG+F+I+G4,0.0071,1.9354,,LG+F+I{0.0071}+G4{1.9354}
YDL120W,LG+I+G4,0.1168,0.9464,,LG+I{0.1168}+G4{0.9464}
YER068W,LG+I+G4,0.0405,0.5115,,LG+I{0.0405}+G4{0.5115}
YNL129W,LG+I+G4,0.0000,0.6942,,LG+I{0.0000}+G4{0.6942}
YDL051W,LG+I+R2,0.0000,,"(0.6772,0.2830) (0.3228,2.5044)","LG+I{0.0000}+R2{0.6772,0.2830,0.3228,2.5044}"
YDL101C,LG+F+I+R4,0.0000,,"(0.2255,0.3732) (0.3206,0.6936) (0.3006,1.1973) (0.1533,2.1764)","LG+F+I{0.0000}+R4{0.2255,0.3732,0.3206,0.6936,0.3006,1.1973,0.1533,2.1764}"
YCL037C,LG+I+G4,0.0244,0.7079,,LG+I{0.0244}+G4{0.7079}
YHR035W,LG+F+I+R4,0.0000,,"(0.2484,0.1281) (0.2275,0.5506) (0.3881,1.2111) (0.1360,2.7417)","LG+F+I{0.0000}+R4{0.2484,0.1281,0.2275,0.5506,0.3881,1.2111,0.1360,2.7417}"
YNL132W,LG+I+R3,0.0000,,"(0.4851,0.1483) (0.4391,0.8928) (0.0759,7.0668)","LG+I{0.0000}+R3{0.4851,0.1483,0.4391,0.8928,0.0759,7.0668}"
YDL208W,LG+I+G4,0.1481,0.4157,,LG+I{0.1481}+G4{0.4157}
YBR214W,LG+I+G4,0.2045,2.1418,,LG+I{0.2045}+G4{2.1418}
YOL146W,LG+I+G4,0.0000,1.6495,,LG+I{0.0000}+G4{1.6495}
YGR119C,LG+I+G4,0.0000,1.2955,,LG+I{0.0000}+G4{1.2955}
YGR120C,LG+F+I+G4,0.0000,2.7876,,LG+F+I{0.0000}+G4{2.7876}
YLR430W,LG+F+I+G4,0.0000,3.0782,,LG+F+I{0.0000}+G4{3.0782}
YIL162W,LG+F+I+G4,0.0000,2.2117,,LG+F+I{0.0000}+G4{2.2117}
YFL003C,LG+I+G4,0.0000,2.1569,,LG+I{0.0000}+G4{2.1569}
YBR239C,LG+I+R4,0.0000,,"(0.3604,0.0698) (0.2920,0.5842) (0.1821,1.8595) (0.1655,2.8135)","LG+I{0.0000}+R4{0.3604,0.0698,0.2920,0.5842,0.1821,1.8595,0.1655,2.8135}"
YIL062C,LG+F+I+G4,0.0000,1.9276,,LG+F+I{0.0000}+G4{1.9276}
YGR184C,LG+I+R4,0.0000,,"(0.1423,0.2533) (0.2444,0.6516) (0.3988,1.0922) (0.2144,1.7212)","LG+I{0.0000}+R4{0.1423,0.2533,0.2444,0.6516,0.3988,1.0922,0.2144,1.7212}"
YDR047W,LG+I+G4,0.1718,0.7087,,LG+I{0.1718}+G4{0.7087}
YOL152W,LG+F+I+G4,0.0944,1.6037,,LG+F+I{0.0944}+G4{1.6037}
YDR049W,LG+I+G4,0.0902,1.0604,,LG+I{0.0902}+G4{1.0604}
YOL124C,LG+I+G4,0.0071,0.6616,,LG+I{0.0071}+G4{0.6616}
YKL213C,LG+I+G4,0.0594,1.0844,,LG+I{0.0594}+G4{1.0844}
YDL056W,LG+I+R4,0.0000,,"(0.6119,0.1890) (0.2673,1.2476) (0.1027,3.1585) (0.0181,12.4899)","LG+I{0.0000}+R4{0.6119,0.1890,0.2673,1.2476,0.1027,3.1585,0.0181,12.4899}"
YLR182W,LG+I+G4,0.0000,2.3674,,LG+I{0.0000}+G4{2.3674}
YKL220C,LG+F+I+R4,0.0000,,"(0.1487,0.0890) (0.4073,0.6133) (0.3087,1.2186) (0.1353,2.6668)","LG+F+I{0.0000}+R4{0.1487,0.0890,0.4073,0.6133,0.3087,1.2186,0.1353,2.6668}"
YIL070C,LG+F+I+R4,0.0000,,"(0.0883,0.1259) (0.2683,0.4507) (0.3231,0.9624) (0.3202,1.7393)","LG+F+I{0.0000}+R4{0.0883,0.1259,0.2683,0.4507,0.3231,0.9624,0.3202,1.7393}"
YLR056W,LG+I,0.0000,,,LG+I{0.0000}
YFL029C,LG+I+R4,0.0027,,"(0.4570,0.1065) (0.2674,0.6734) (0.1511,1.8682) (0.1218,4.0135)","LG+I{0.0027}+R4{0.4570,0.1065,0.2674,0.6734,0.1511,1.8682,0.1218,4.0135}"
YJL094C,LG+I+G4,0.0908,0.8625,,LG+I{0.0908}+G4{0.8625}
YGR158C,LG+I+R4,0.0000,,"(0.1142,0.0344) (0.2200,0.4859) (0.4328,1.0633) (0.2330,1.8412)","LG+I{0.0000}+R4{0.1142,0.0344,0.2200,0.4859,0.4328,1.0633,0.2330,1.8412}"
YLR126C,LG+I+G4,0.0603,0.9035,,LG+I{0.0603}+G4{0.9035}
YGR195W,LG+I+G4,0.0000,1.3482,,LG+I{0.0000}+G4{1.3482}
YBR018C,LG+I+R4,0.0016,,"(0.5581,0.1585) (0.1571,0.8375) (0.2366,2.0530) (0.0465,6.3260)","LG+I{0.0016}+R4{0.5581,0.1585,0.1571,0.8375,0.2366,2.0530,0.0465,6.3260}"
YFL002C,LG+I+G4,0.2127,0.9101,,LG+I{0.2127}+G4{0.9101}
YOR239W,LG+I+G4,0.1618,0.9152,,LG+I{0.1618}+G4{0.9152}
YNR046W,LG+I+G4,0.0000,1.4809,,LG+I{0.0000}+G4{1.4809}
YOR132W,LG+I+G4,0.0058,1.0760,,LG+I{0.0058}+G4{1.0760}
YBR186W,LG+I+G4,0.0000,1.5012,,LG+I{0.0000}+G4{1.5012}
YNL223W,LG+I+R4,0.0119,,"(0.2203,0.0530) (0.2789,0.4259) (0.3162,1.2477) (0.1727,2.7513)","LG+I{0.0119}+R4{0.2203,0.0530,0.2789,0.4259,0.3162,1.2477,0.1727,2.7513}"
YMR189W,LG+I+G4,0.2378,0.8427,,LG+I{0.2378}+G4{0.8427}
YNL221C,LG+I+G4,0.0721,1.0524,,LG+I{0.0721}+G4{1.0524}
YPL131W,LG+I+G4,0.0403,1.2611,,LG+I{0.0403}+G4{1.2611}
YNL075W,LG+I+G4,0.2344,1.0038,,LG+I{0.2344}+G4{1.0038}
YMR080C,LG+I+G4,0.1748,0.9490,,LG+I{0.1748}+G4{0.9490}
YLR027C,LG+I+G4,0.0214,0.7055,,LG+I{0.0214}+G4{0.7055}
YKL106W,LG+I+G4,0.1809,0.9418,,LG+I{0.1809}+G4{0.9418}
YKL049C,LG+F+I+G4,0.0000,1.5778,,LG+F+I{0.0000}+G4{1.5778}
YBR010W,LG+I,0.8040,,,LG+I{0.8040}
YMR267W,LG+I+R4,0.0000,,"(0.0532,0.1313) (0.3284,0.5785) (0.4084,1.0266) (0.2100,1.8276)","LG+I{0.0000}+R4{0.0532,0.1313,0.3284,0.5785,0.4084,1.0266,0.2100,1.8276}"
YBR011C,LG+I+G4,0.4363,0.5886,,LG+I{0.4363}+G4{0.5886}
YBR111C,LG+I+G4,0.0000,0.7335,,LG+I{0.0000}+G4{0.7335}
YAL034C,LG+I+R4,0.0000,,"(0.4345,0.0913) (0.2753,0.5736) (0.1983,1.9047) (0.0919,4.6198)","LG+I{0.0000}+R4{0.4345,0.0913,0.2753,0.5736,0.1983,1.9047,0.0919,4.6198}"
YDR243C,LG+I+G4,0.0789,0.7597,,LG+I{0.0789}+G4{0.7597}
YCL011C,LG+I+G4,0.0726,1.0501,,LG+I{0.0726}+G4{1.0501}
YHR065C,LG+I+G4,0.2708,0.9602,,LG+I{0.2708}+G4{0.9602}
YFR019W,JTT+I+G4,0.2325,0.6666,,JTT+I{0.2325}+G4{0.6666}
YNL026W,LG+F+I+R4,0.0000,,"(0.1716,0.2091) (0.2906,0.5668) (0.3121,1.1003) (0.2257,2.0202)","LG+F+I{0.0000}+R4{0.1716,0.2091,0.2906,0.5668,0.3121,1.1003,0.2257,2.0202}"
YCL010C,LG+I+G4,0.0112,1.3233,,LG+I{0.0112}+G4{1.3233}
YNL027W,LG+I+R3,0.0000,,"(0.6580,0.1416) (0.1570,1.3590) (0.1850,3.7482)","LG+I{0.0000}+R3{0.6580,0.1416,0.1570,1.3590,0.1850,3.7482}"
YOR257W,LG+I+G4,0.1298,0.9510,,LG+I{0.1298}+G4{0.9510}
YOL139C,LG+I+R4,0.0034,,"(0.2923,0.1237) (0.3403,0.5343) (0.2463,1.5945) (0.1176,3.3092)","LG+I{0.0034}+R4{0.2923,0.1237,0.3403,0.5343,0.2463,1.5945,0.1176,3.3092}"
YPL173W,LG+I+R4,0.0018,,"(0.1031,0.1936) (0.2510,0.4789) (0.4102,1.0206) (0.2338,1.8867)","LG+I{0.0018}+R4{0.1031,0.1936,0.2510,0.4789,0.4102,1.0206,0.2338,1.8867}"
YBR109C,LG+I+G4,0.0000,1.7871,,LG+I{0.0000}+G4{1.7871}
YKL055C,LG+I+G4,0.0000,1.2983,,LG+I{0.0000}+G4{1.2983}
YLR144C,LG+I+R4,0.0013,,"(0.1032,0.1272) (0.1853,0.4742) (0.3180,0.9035) (0.3921,1.5599)","LG+I{0.0013}+R4{0.1032,0.1272,0.1853,0.4742,0.3180,0.9035,0.3921,1.5599}"
YGL044C,LG+I+R4,0.0000,,"(0.1214,0.1001) (0.5882,0.5234) (0.2307,1.4120) (0.0596,5.9407)","LG+I{0.0000}+R4{0.1214,0.1001,0.5882,0.5234,0.2307,1.4120,0.0596,5.9407}"
YGR156W,LG+I+R2,0.0000,,"(0.6283,0.4031) (0.3717,2.0089)","LG+I{0.0000}+R2{0.6283,0.4031,0.3717,2.0089}"
YOR272W,LG+I+G4,0.1085,1.2479,,LG+I{0.1085}+G4{1.2479}
YHR143W-A,LG+I+G4,0.2459,1.3939,,LG+I{0.2459}+G4{1.3939}
YDR322W,LG+I+G4,0.0301,1.5292,,LG+I{0.0301}+G4{1.5292}
YMR041C,LG+I+G4,0.0121,0.8171,,LG+I{0.0121}+G4{0.8171}
YBL018C,LG+I+R3,0.0000,,"(0.3057,0.3326) (0.4855,0.8738) (0.2087,2.2713)","LG+I{0.0000}+R3{0.3057,0.3326,0.4855,0.8738,0.2087,2.2713}"
YLR382C,LG+I+G4,0.0000,1.9440,,LG+I{0.0000}+G4{1.9440}
YEL026W,LG+I+G4,0.3621,0.8434,,LG+I{0.3621}+G4{0.8434}
YGL207W,LG+F+I+G4,0.0094,1.0724,,LG+F+I{0.0094}+G4{1.0724}
YGL022W,LG+F+I+R4,0.0131,,"(0.5198,0.0767) (0.2490,0.7979) (0.1485,2.4877) (0.0696,5.6312)","LG+F+I{0.0131}+R4{0.5198,0.0767,0.2490,0.7979,0.1485,2.4877,0.0696,5.6312}"
YGR163W,LG+I+R4,0.0004,,"(0.3254,0.1458) (0.4359,0.7248) (0.2294,2.2071) (0.0089,14.6734)","LG+I{0.0004}+R4{0.3254,0.1458,0.4359,0.7248,0.2294,2.2071,0.0089,14.6734}"
YOR075W,LG+I+G4,0.0000,1.8926,,LG+I{0.0000}+G4{1.8926}
YMR313C,LG+I+G4,0.0694,1.5739,,LG+I{0.0694}+G4{1.5739}
YOR246C,LG+I+G4,0.0000,0.7720,,LG+I{0.0000}+G4{0.7720}
YKR089C,LG+I+G4,0.0339,0.9787,,LG+I{0.0339}+G4{0.9787}
YHR200W,LG+I+G4,0.0224,0.8309,,LG+I{0.0224}+G4{0.8309}
YEL063C,LG+F+I+R4,0.0072,,"(0.2561,0.1491) (0.3374,0.5351) (0.2051,1.1980) (0.1943,2.7570)","LG+F+I{0.0072}+R4{0.2561,0.1491,0.3374,0.5351,0.2051,1.1980,0.1943,2.7570}"
YDR160W,LG+F+I+R4,0.0030,,"(0.2663,0.2402) (0.3038,0.6138) (0.2486,1.1106) (0.1782,2.6568)","LG+F+I{0.0030}+R4{0.2663,0.2402,0.3038,0.6138,0.2486,1.1106,0.1782,2.6568}"
YOR348C,LG+F+I+R4,0.0005,,"(0.1719,0.1715) (0.3205,0.5244) (0.3091,1.0954) (0.1981,2.3421)","LG+F+I{0.0005}+R4{0.1719,0.1715,0.3205,0.5244,0.3091,1.0954,0.1981,2.3421}"
YPR067W,LG+I+G4,0.2763,0.8721,,LG+I{0.2763}+G4{0.8721}
YLL061W,LG+F+I+R4,0.0154,,"(0.3072,0.1611) (0.3268,0.5577) (0.2182,1.4108) (0.1323,3.4789)","LG+F+I{0.0154}+R4{0.3072,0.1611,0.3268,0.5577,0.2182,1.4108,0.1323,3.4789}"
YOR142W,LG+I+G4,0.0772,0.5918,,LG+I{0.0772}+G4{0.5918}
YKR039W,LG+F+I+G4,0.0432,0.7645,,LG+F+I{0.0432}+G4{0.7645}
YBR068C,LG+F+I+G4,0.0089,1.1164,,LG+F+I{0.0089}+G4{1.1164}
YMR137C,LG+I+G4,0.0000,2.3434,,LG+I{0.0000}+G4{2.3434}
YGR234W,LG+I+G4,0.0362,0.9778,,LG+I{0.0362}+G4{0.9778}
YGL196W,LG+I+G4,0.0223,0.8005,,LG+I{0.0223}+G4{0.8005}
YLR452C,LG+I+G4,0.0000,1.1597,,LG+I{0.0000}+G4{1.1597}
YBL063W,LG+I+G4,0.0505,0.6216,,LG+I{0.0505}+G4{0.6216}
YKL079W,LG+I+G4,0.0447,1.0362,,LG+I{0.0447}+G4{1.0362}
YGL216W,LG+I+G4,0.2089,0.7444,,LG+I{0.2089}+G4{0.7444}
YPL155C,LG+I+G4,0.1958,0.8747,,LG+I{0.1958}+G4{0.8747}
YHL022C,LG+I+G4,0.0000,1.0304,,LG+I{0.0000}+G4{1.0304}
YOL088C,LG+I+G4,0.0179,1.7240,,LG+I{0.0179}+G4{1.7240}
YPR141C,LG+I+G4,0.1378,0.6990,,LG+I{0.1378}+G4{0.6990}
YBL089W,LG+F+I+G4,0.0556,0.8602,,LG+F+I{0.0556}+G4{0.8602}
YDL105W,LG+I+G4,0.0000,1.3127,,LG+I{0.0000}+G4{1.3127}
YEL060C,LG+I+G4,0.0195,1.2335,,LG+I{0.0195}+G4{1.2335}
YCR045C,LG+I+G4,0.0380,0.9229,,LG+I{0.0380}+G4{0.9229}
YCL043C,LG+I+G4,0.0081,0.9556,,LG+I{0.0081}+G4{0.9556}
YGL106W,LG+I+G4,0.0001,0.7887,,LG+I{0.0001}+G4{0.7887}
YPL059W,LG+I+R3,0.0000,,"(0.7448,0.2250) (0.1995,2.0259) (0.0556,7.6951)","LG+I{0.0000}+R3{0.7448,0.2250,0.1995,2.0259,0.0556,7.6951}"
YGL047W,LG+I+G4,0.0361,0.8557,,LG+I{0.0361}+G4{0.8557}
YML098W,LG+I+G4,0.0000,2.4250,,LG+I{0.0000}+G4{2.4250}
YLR241W,LG+I+R4,0.0028,,"(0.3687,0.1541) (0.2792,0.6647) (0.1737,1.3926) (0.1756,2.9362)","LG+I{0.0028}+R4{0.3687,0.1541,0.2792,0.6647,0.1737,1.3926,0.1756,2.9362}"
YNL138W,LG+F+I+G4,0.0176,1.3877,,LG+F+I{0.0176}+G4{1.3877}
YNR043W,LG+I+G4,0.3071,0.6213,,LG+I{0.3071}+G4{0.6213}
YCR084C,JTT+G4,,1.3666,,JTT+G4{1.3666}
YDR418W,LG+I+R2,0.0000,,"(0.8393,0.2836) (0.1607,4.7405)","LG+I{0.0000}+R2{0.8393,0.2836,0.1607,4.7405}"
YGR129W,LG+I+R4,0.0000,,"(0.0716,0.0760) (0.4205,0.5548) (0.4110,1.2756) (0.0968,2.4469)","LG+I{0.0000}+R4{0.0716,0.0760,0.4205,0.5548,0.4110,1.2756,0.0968,2.4469}"
YDR035W,LG+I+G4,0.3658,0.6782,,LG+I{0.3658}+G4{0.6782}
YLR340W,LG+I+G4,0.3129,0.5742,,LG+I{0.3129}+G4{0.5742}
YBL076C,LG+I+G4,0.2798,0.9280,,LG+I{0.2798}+G4{0.9280}
YBL066C,LG+I+R4,0.0000,,"(0.3391,0.0777) (0.4057,0.7327) (0.2208,1.9330) (0.0345,7.2328)","LG+I{0.0000}+R4{0.3391,0.0777,0.4057,0.7327,0.2208,1.9330,0.0345,7.2328}"
YOR036W,JTT+F+R4,,,"(0.1513,0.3416) (0.4598,0.7689) (0.2831,1.2927) (0.1059,2.1613)","JTT+F+R4{0.1513,0.3416,0.4598,0.7689,0.2831,1.2927,0.1059,2.1613}"
YBR249C,LG+I+G4,0.3556,0.8393,,LG+I{0.3556}+G4{0.8393}
YBL054W,LG+I+G4,0.0000,0.6671,,LG+I{0.0000}+G4{0.6671}
Q0060,LG+F+I+G4,0.0000,6.1480,,LG+F+I{0.0000}+G4{6.1480}
YBR248C,LG+I+G4,0.0000,1.3205,,LG+I{0.0000}+G4{1.3205}
YKL145W,LG+I+G4,0.0987,0.2737,,LG+I{0.0987}+G4{0.2737}
YGR135W,LG+I+R4,0.0000,,"(0.4109,0.1214) (0.3362,0.7025) (0.1346,1.7679) (0.1183,4.0251)","LG+I{0.0000}+R4{0.4109,0.1214,0.3362,0.7025,0.1346,1.7679,0.1183,4.0251}"
YDR172W,LG+I+G4,0.2252,0.5274,,LG+I{0.2252}+G4{0.5274}
YER069W,LG+I+G4,0.1247,0.6605,,LG+I{0.1247}+G4{0.6605}
YDL085W,LG+I+G4,0.1117,1.0403,,LG+I{0.1117}+G4{1.0403}
YML021C,LG+I+R4,0.0000,,"(0.5058,0.1760) (0.2490,0.8962) (0.1625,1.9363) (0.0828,4.5098)","LG+I{0.0000}+R4{0.5058,0.1760,0.2490,0.8962,0.1625,1.9363,0.0828,4.5098}"
YAR023C,LG+I+G4,0.0000,1.7585,,LG+I{0.0000}+G4{1.7585}
YKL069W,LG+I+G4,0.2244,0.6862,,LG+I{0.2244}+G4{0.6862}
YLR195C,LG+I+G4,0.1124,0.9291,,LG+I{0.1124}+G4{0.9291}
YPR104C,LG+I+G4,0.0000,1.1014,,LG+I{0.0000}+G4{1.1014}
YMR186W,LG+I+G4,0.3555,0.7646,,LG+I{0.3555}+G4{0.7646}
YIL131C,LG+I+R3,0.0000,,"(0.5719,0.2012) (0.2765,1.3160) (0.1515,3.4383)","LG+I{0.0000}+R3{0.5719,0.2012,0.2765,1.3160,0.1515,3.4383}"
YFR041C,LG+I+G4,0.1125,1.0797,,LG+I{0.1125}+G4{1.0797}
YMR207C,LG+I+G4,0.2952,0.8216,,LG+I{0.2952}+G4{0.8216}
YER057C,LG+I+G4,0.0711,1.2795,,LG+I{0.0711}+G4{1.2795}
YDR326C,LG+I+G4,0.0000,1.6887,,LG+I{0.0000}+G4{1.6887}
YFR027W,LG+I+G4,0.1224,0.7300,,LG+I{0.1224}+G4{0.7300}
YKL003C,LG+I+G4,0.0526,1.2535,,LG+I{0.0526}+G4{1.2535}
YBL047C,LG+I+R4,0.0000,,"(0.2810,0.1421) (0.3828,0.7070) (0.2671,1.6410) (0.0691,3.6340)","LG+I{0.0000}+R4{0.2810,0.1421,0.3828,0.7070,0.2671,1.6410,0.0691,3.6340}"
Q0085,LG+I+G4,0.0000,2.3297,,LG+I{0.0000}+G4{2.3297}
YDL185W,LG+I+G4,0.2694,0.5277,,LG+I{0.2694}+G4{0.5277}
YMR190C,LG+I+G4,0.1459,0.8666,,LG+I{0.1459}+G4{0.8666}
YOL054W,LG+I+G4,0.0000,0.8328,,LG+I{0.0000}+G4{0.8328}
YER021W,LG+I+R4,0.0131,,"(0.3889,0.0954) (0.3707,0.5613) (0.1382,1.5267) (0.0892,6.0998)","LG+I{0.0131}+R4{0.3889,0.0954,0.3707,0.5613,0.1382,1.5267,0.0892,6.0998}"
YDL131W,LG+I+G4,0.1969,0.6210,,LG+I{0.1969}+G4{0.6210}
YBR276C,LG+I+G4,0.0010,0.5784,,LG+I{0.0010}+G4{0.5784}
YLL057C,LG+I+R4,0.0012,,"(0.1834,0.1027) (0.2749,0.4554) (0.3065,1.0753) (0.2342,2.2484)","LG+I{0.0012}+R4{0.1834,0.1027,0.2749,0.4554,0.3065,1.0753,0.2342,2.2484}"
YBR229C,LG+F+I+G4,0.0715,0.8865,,LG+F+I{0.0715}+G4{0.8865}
YHR121W,LG+I+G4,0.0000,3.5242,,LG+I{0.0000}+G4{3.5242}
YGR172C,LG+F+I+G4,0.0938,0.9428,,LG+F+I{0.0938}+G4{0.9428}
YJL073W,LG+I+G4,0.0272,1.0547,,LG+I{0.0272}+G4{1.0547}
YLR090W,JTT+I+G4,0.1904,1.2328,,JTT+I{0.1904}+G4{1.2328}
YOL033W,LG+I+G4,0.1925,0.7637,,LG+I{0.1925}+G4{0.7637}
YOL034W,LG+F+I+R4,0.0131,,"(0.1791,0.1053) (0.2436,0.4560) (0.2461,0.9733) (0.3181,1.9820)","LG+F+I{0.0131}+R4{0.1791,0.1053,0.2436,0.4560,0.2461,0.9733,0.3181,1.9820}"
YMR214W,LG+I+G4,0.1796,1.3274,,LG+I{0.1796}+G4{1.3274}
YNL064C,LG+I+G4,0.0481,0.5896,,LG+I{0.0481}+G4{0.5896}
YJR001W,LG+F+I+G4,0.0351,0.8851,,LG+F+I{0.0351}+G4{0.8851}
YOR145C,LG+I+G4,0.0838,0.7724,,LG+I{0.0838}+G4{0.7724}
YDL132W,LG+I+G4,0.1226,0.9231,,LG+I{0.1226}+G4{0.9231}
YLR205C,LG+I+G4,0.1020,1.0360,,LG+I{0.1020}+G4{1.0360}
YGR003W,LG+I+G4,0.0022,0.9054,,LG+I{0.0022}+G4{0.9054}
YHL031C,LG+I+G4,0.0527,0.7722,,LG+I{0.0527}+G4{0.7722}
YNL072W,LG+I+G4,0.2341,0.8423,,LG+I{0.2341}+G4{0.8423}
YNL071W,LG+I+G4,0.2911,0.9088,,LG+I{0.2911}+G4{0.9088}
YJR086W,LG+I+G4,0.0768,1.9463,,LG+I{0.0768}+G4{1.9463}
YGR140W,LG+I+G4,0.0000,3.6106,,LG+I{0.0000}+G4{3.6106}
YGL120C,LG+I+G4,0.4395,0.6737,,LG+I{0.4395}+G4{0.6737}
YNR011C,LG+I+G4,0.0987,0.5619,,LG+I{0.0987}+G4{0.5619}
YER013W,LG+I+G4,0.0000,1.1344,,LG+I{0.0000}+G4{1.1344}
YBR087W,LG+F+I+G4,0.0576,0.6980,,LG+F+I{0.0576}+G4{0.6980}
YKR086W,LG+I+G4,0.2436,0.6714,,LG+I{0.2436}+G4{0.6714}
YLR318W,LG+F+I+G4,0.0000,1.0422,,LG+F+I{0.0000}+G4{1.0422}
YGR100W,LG+I+G4,0.0253,1.2672,,LG+I{0.0253}+G4{1.2672}
YPL047W,LG+I+G4,0.0000,6.3512,,LG+I{0.0000}+G4{6.3512}
YOR117W,LG+I+G4,0.1256,0.5866,,LG+I{0.1256}+G4{0.5866}
YDR255C,LG+I+G4,0.0000,1.6966,,LG+I{0.0000}+G4{1.6966}
YDR109C,LG+I+G4,0.0544,1.0712,,LG+I{0.0544}+G4{1.0712}
YPR049C,LG+F+I+G4,0.0000,1.9312,,LG+F+I{0.0000}+G4{1.9312}
YLR197W,LG+I+G4,0.1122,0.9951,,LG+I{0.1122}+G4{0.9951}
YGR101W,LG+F+I+G4,0.0364,1.2104,,LG+F+I{0.0364}+G4{1.2104}
YGL045W,LG+I+G4,0.0710,2.0475,,LG+I{0.0710}+G4{2.0475}
YPR112C,LG+I+G4,0.1242,1.7627,,LG+I{0.1242}+G4{1.7627}
YFL018C,LG+F+I+R4,0.0310,,"(0.3403,0.0721) (0.2286,0.5173) (0.2093,1.3552) (0.1908,3.0065)","LG+F+I{0.0310}+R4{0.3403,0.0721,0.2286,0.5173,0.2093,1.3552,0.1908,3.0065}"
YJR061W,LG+I+G4,0.0000,1.0728,,LG+I{0.0000}+G4{1.0728}
YDL144C,LG+I+G4,0.0000,1.2207,,LG+I{0.0000}+G4{1.2207}
YBR052C,LG+I+G4,0.0116,1.1014,,LG+I{0.0116}+G4{1.1014}
YMR036C,LG+I+R4,0.0014,,"(0.5093,0.1214) (0.2399,0.8978) (0.1433,1.9255) (0.1062,4.2077)","LG+I{0.0014}+R4{0.5093,0.1214,0.2399,0.8978,0.1433,1.9255,0.1062,4.2077}"
YMR158W,LG+I+G4,0.0347,0.8540,,LG+I{0.0347}+G4{0.8540}
YDR123C,LG+I+G4,0.1541,2.5177,,LG+I{0.1541}+G4{2.5177}
YGR159C,LG+I+G4,0.0621,0.8499,,LG+I{0.0621}+G4{0.8499}
YDR041W,LG+I+G4,0.0260,1.7284,,LG+I{0.0260}+G4{1.7284}
YDL046W,LG+I+G4,0.0001,0.7753,,LG+I{0.0001}+G4{0.7753}
YDR251W,LG+I+R4,0.0000,,"(0.1462,0.3497) (0.3960,0.6378) (0.3010,1.1726) (0.1568,2.1896)","LG+I{0.0000}+R4{0.1462,0.3497,0.3960,0.6378,0.3010,1.1726,0.1568,2.1896}"
YKL094W,LG+I+G4,0.0000,1.3389,,LG+I{0.0000}+G4{1.3389}
YNL200C,LG+I+R4,0.0000,,"(0.3436,0.2174) (0.3089,0.5665) (0.2192,1.2236) (0.1283,3.7572)","LG+I{0.0000}+R4{0.3436,0.2174,0.3089,0.5665,0.2192,1.2236,0.1283,3.7572}"
YFR034C,LG+I+R4,0.0000,,"(0.4644,0.0956) (0.2614,0.5705) (0.1739,2.1010) (0.1003,4.3990)","LG+I{0.0000}+R4{0.4644,0.0956,0.2614,0.5705,0.1739,2.1010,0.1003,4.3990}"
YJR113C,LG+I+G4,0.0000,1.1174,,LG+I{0.0000}+G4{1.1174}
YML008C,LG+I+G4,0.1015,0.2890,,LG+I{0.1015}+G4{0.2890}
YOL078W,LG+I,0.5201,,,LG+I{0.5201}
YNL175C,LG+I+R4,0.0000,,"(0.2290,0.2638) (0.1856,0.6723) (0.5283,1.2419) (0.0572,2.7772)","LG+I{0.0000}+R4{0.2290,0.2638,0.1856,0.6723,0.5283,1.2419,0.0572,2.7772}"
YDL057W,LG+I+G4,0.0000,0.9640,,LG+I{0.0000}+G4{0.9640}
YDL160C,LG+I+G4,0.2827,0.7218,,LG+I{0.2827}+G4{0.7218}
YBR073W,LG+I+G4,0.0862,0.9053,,LG+I{0.0862}+G4{0.9053}
YKR062W,LG+I+G4,0.0000,0.9537,,LG+I{0.0000}+G4{0.9537}
YGL163C,LG+I+G4,0.2406,0.7060,,LG+I{0.2406}+G4{0.7060}
YER009W,LG+I+G4,0.1425,0.8957,,LG+I{0.1425}+G4{0.8957}
YNR051C,LG+F+I+G4,0.0158,1.1563,,LG+F+I{0.0158}+G4{1.1563}
YIL126W,LG+I+G4,0.3722,0.6810,,LG+I{0.3722}+G4{0.6810}
YBR185C,LG+I+G4,0.0000,1.4288,,LG+I{0.0000}+G4{1.4288}
YKL104C,LG+I+G4,0.3457,0.8191,,LG+I{0.3457}+G4{0.8191}
YJL063C,LG+I+G4,0.0000,1.2976,,LG+I{0.0000}+G4{1.2976}
YOR148C,LG+I+G4,0.0535,0.9897,,LG+I{0.0535}+G4{0.9897}
YCR019W,LG+I+G4,0.0773,1.0643,,LG+I{0.0773}+G4{1.0643}
YNL113W,LG+I+G4,0.0089,0.4479,,LG+I{0.0089}+G4{0.4479}
YBL032W,LG+I+G4,0.0546,1.4980,,LG+I{0.0546}+G4{1.4980}
YMR039C,LG+I+G4,0.0150,1.1056,,LG+I{0.0150}+G4{1.1056}
YKR085C,LG+F+I+G4,0.0105,1.2237,,LG+F+I{0.0105}+G4{1.2237}
YPL040C,LG+I+G4,0.1896,0.8284,,LG+I{0.1896}+G4{0.8284}
YBR233W,LG+I+G4,0.0000,2.0969,,LG+I{0.0000}+G4{2.0969}
YDR031W,LG+I+G4,0.0000,2.8033,,LG+I{0.0000}+G4{2.8033}
YMR301C,LG+I+G4,0.1640,0.7434,,LG+I{0.1640}+G4{0.7434}
YCL029C,LG+I+R4,0.0000,,"(0.1591,0.1889) (0.4790,0.6015) (0.2275,1.4489) (0.1344,2.6199)","LG+I{0.0000}+R4{0.1591,0.1889,0.4790,0.6015,0.2275,1.4489,0.1344,2.6199}"
YPR035W,LG+I+G4,0.3027,1.2298,,LG+I{0.3027}+G4{1.2298}
YBL005W,LG+I,0.0000,,,LG+I{0.0000}
YBL080C,LG+I+G4,0.1934,0.8202,,LG+I{0.1934}+G4{0.8202}
YPL181W,LG+I+G4,0.0000,0.7660,,LG+I{0.0000}+G4{0.7660}
YKL005C,LG+I+R3,0.0000,,"(0.7803,0.3393) (0.1332,1.2725) (0.0865,6.5398)","LG+I{0.0000}+R3{0.7803,0.3393,0.1332,1.2725,0.0865,6.5398}"
YJL105W,JTT+G4,,0.3269,,JTT+G4{0.3269}
YPL154C,LG+I+G4,0.0272,0.7856,,LG+I{0.0272}+G4{0.7856}
YGR085C,LG+I,0.4844,,,LG+I{0.4844}
YPR103W,LG+I+G4,0.2290,0.4268,,LG+I{0.2290}+G4{0.4268}
YOR080W,JTT+R2,,,"(0.6411,0.5132) (0.3589,1.8696)","JTT+R2{0.6411,0.5132,0.3589,1.8696}"
YDL001W,LG+I+R4,0.0110,,"(0.3780,0.0808) (0.3189,0.4771) (0.2056,1.8854) (0.0865,4.9659)","LG+I{0.0110}+R4{0.3780,0.0808,0.3189,0.4771,0.2056,1.8854,0.0865,4.9659}"
YFR048W,LG+I+G4,0.0761,0.8603,,LG+I{0.0761}+G4{0.8603}
YCR005C,LG+I+G4,0.3497,0.8826,,LG+I{0.3497}+G4{0.8826}
YER125W,LG+I+R3,0.0000,,"(0.5011,0.2347) (0.3343,1.1860) (0.1646,2.9517)","LG+I{0.0000}+R3{0.5011,0.2347,0.3343,1.1860,0.1646,2.9517}"
YGL008C,LG+I+G4,0.3217,0.5710,,LG+I{0.3217}+G4{0.5710}
YPR001W,LG+I+G4,0.1391,0.7885,,LG+I{0.1391}+G4{0.7885}
YDR219C,LG+I+G4,0.0000,1.4536,,LG+I{0.0000}+G4{1.4536}
YDL070W,LG+I+G4,0.1045,0.9242,,LG+I{0.1045}+G4{0.9242}
YDL074C,JTT+G4,,998.5861,,JTT+G4{998.5861}
YHR090C,LG+I+G4,0.1800,0.6572,,LG+I{0.1800}+G4{0.6572}
YML101C,LG+I+R2,0.0000,,"(0.9030,0.3412) (0.0970,7.1353)","LG+I{0.0000}+R2{0.9030,0.3412,0.0970,7.1353}"
YMR262W,LG+I+G4,0.0665,0.9547,,LG+I{0.0665}+G4{0.9547}
YGL161C,LG+F+I+G4,0.0117,1.5859,,LG+F+I{0.0117}+G4{1.5859}
YKR081C,LG+I+G4,0.0000,1.1155,,LG+I{0.0000}+G4{1.1155}
YNL083W,LG+I+G4,0.0000,1.4375,,LG+I{0.0000}+G4{1.4375}
YNR053C,LG+I+G4,0.1018,0.9472,,LG+I{0.1018}+G4{0.9472}
YOL142W,LG+I+G4,0.0769,2.3774,,LG+I{0.0769}+G4{2.3774}
YNL251C,LG+I+G4,0.0000,0.9531,,LG+I{0.0000}+G4{0.9531}
YPL010W,LG+I+G4,0.0633,1.2181,,LG+I{0.0633}+G4{1.2181}
YHR155W,LG+I+G4,0.0217,1.3739,,LG+I{0.0217}+G4{1.3739}
YAL042W,LG+I+G4,0.0814,1.2559,,LG+I{0.0814}+G4{1.2559}
YPL001W,LG+I+G4,0.0271,1.0266,,LG+I{0.0271}+G4{1.0266}
YBL007C,LG+I+G4,0.0313,0.8414,,LG+I{0.0313}+G4{0.8414}
YJR126C,LG+I+G4,0.0000,1.0380,,LG+I{0.0000}+G4{1.0380}
YOR256C,LG+F+I+G4,0.0119,1.4892,,LG+F+I{0.0119}+G4{1.4892}
YMR198W,LG+F+I+G4,0.0000,1.3945,,LG+F+I{0.0000}+G4{1.3945}
YAR008W,LG+I+G4,0.0001,0.8195,,LG+I{0.0001}+G4{0.8195}
YOR216C,LG+I+G4,0.0000,1.0996,,LG+I{0.0000}+G4{1.0996}
YML072C,LG+I+G4,0.0457,2.4268,,LG+I{0.0457}+G4{2.4268}
YOR215C,LG+I+R4,0.0000,,"(0.4208,0.3002) (0.2637,0.7339) (0.1866,1.4114) (0.1289,3.2322)","LG+I{0.0000}+R4{0.4208,0.3002,0.2637,0.7339,0.1866,1.4114,0.1289,3.2322}"
YDL174C,LG+I+G4,0.1469,0.9332,,LG+I{0.1469}+G4{0.9332}
YER043C,LG+I+R4,0.0332,,"(0.5311,0.0447) (0.2639,0.6870) (0.1038,2.8133) (0.0679,7.4016)","LG+I{0.0332}+R4{0.5311,0.0447,0.2639,0.6870,0.1038,2.8133,0.0679,7.4016}"
YNR049C,LG+I+G4,0.0000,1.1761,,LG+I{0.0000}+G4{1.1761}
YNL076W,LG+I+G4,0.0000,0.8357,,LG+I{0.0000}+G4{0.8357}
YPL043W,LG+I+G4,0.0537,0.8295,,LG+I{0.0537}+G4{0.8295}
YLL001W,LG+F+I+G4,0.2759,0.6331,,LG+F+I{0.2759}+G4{0.6331}
YIL118W,JTT+R4,,,"(0.5784,0.0610) (0.2221,0.5587) (0.1135,2.0643) (0.0861,7.0459)","JTT+R4{0.5784,0.0610,0.2221,0.5587,0.1135,2.0643,0.0861,7.0459}"
YLR005W,LG+I+R3,0.0000,,"(0.6434,0.2976) (0.1464,1.1011) (0.2102,3.0793)","LG+I{0.0000}+R3{0.6434,0.2976,0.1464,1.1011,0.2102,3.0793}"
YIL033C,LG+I+G4,0.0000,1.0046,,LG+I{0.0000}+G4{1.0046}
YBL055C,LG+I+G4,0.1174,0.9130,,LG+I{0.1174}+G4{0.9130}
YDL212W,LG+I+G4,0.0095,1.2359,,LG+I{0.0095}+G4{1.2359}
YLR229C,LG+I+R4,0.0000,,"(0.4529,0.0546) (0.3558,0.5601) (0.1825,3.5127) (0.0088,15.3878)","LG+I{0.0000}+R4{0.4529,0.0546,0.3558,0.5601,0.1825,3.5127,0.0088,15.3878}"
YNL090W,LG+I+G4,0.3228,0.6953,,LG+I{0.3228}+G4{0.6953}
YPR165W,LG+I+R4,0.0174,,"(0.3970,0.1147) (0.2795,0.4479) (0.1690,1.2799) (0.1371,4.4704)","LG+I{0.0174}+R4{0.3970,0.1147,0.2795,0.4479,0.1690,1.2799,0.1371,4.4704}"
YKR055W,LG+I+G4,0.0156,1.0711,,LG+I{0.0156}+G4{1.0711}
YNL180C,LG+I+G4,0.1087,0.4699,,LG+I{0.1087}+G4{0.4699}
YGL169W,LG+I+G4,0.2056,0.8255,,LG+I{0.2056}+G4{0.8255}
YGR281W,LG+I+G4,0.0860,0.8202,,LG+I{0.0860}+G4{0.8202}
YMR270C,LG+I+G4,0.0000,0.8971,,LG+I{0.0000}+G4{0.8971}
YGL146C,LG+I+G4,0.0501,4.6111,,LG+I{0.0501}+G4{4.6111}
YMR087W,LG+I+R4,0.0016,,"(0.0689,0.1483) (0.3574,0.5496) (0.3051,0.9990) (0.2670,1.8299)","LG+I{0.0016}+R4{0.0689,0.1483,0.3574,0.5496,0.3051,0.9990,0.2670,1.8299}"
YER019W,LG+I+G4,0.1080,0.8191,,LG+I{0.1080}+G4{0.8191}
YKR056W,LG+I+G4,0.0000,1.5469,,LG+I{0.0000}+G4{1.5469}
YDR021W,LG+I+G4,0.1832,0.8407,,LG+I{0.1832}+G4{0.8407}
YJL138C,LG+I+R3,0.0000,,"(0.6982,0.2520) (0.2653,1.8594) (0.0365,9.0679)","LG+I{0.0000}+R3{0.6982,0.2520,0.2653,1.8594,0.0365,9.0679}"
YOL108C,LG+I+G4,0.1292,1.1593,,LG+I{0.1292}+G4{1.1593}
YOL058W,LG+I+G4,0.2824,0.6967,,LG+I{0.2824}+G4{0.6967}
YMR015C,LG+I+G4,0.2136,0.8897,,LG+I{0.2136}+G4{0.8897}
YMR268C,LG+I+G4,0.0000,1.4253,,LG+I{0.0000}+G4{1.4253}
YJR012C,LG+I+G4,0.0000,1.1658,,LG+I{0.0000}+G4{1.1658}
YFL028C,LG+I+G4,0.1272,1.1731,,LG+I{0.1272}+G4{1.1731}
YBR283C,LG+I+G4,0.0000,0.9117,,LG+I{0.0000}+G4{0.9117}
YOR213C,LG+I+G4,0.0513,0.8497,,LG+I{0.0513}+G4{0.8497}
YLR007W,LG+I+G4,0.0471,0.9773,,LG+I{0.0471}+G4{0.9773}
YKL078W,LG+I+R4,0.0000,,"(0.1488,0.1148) (0.3585,0.5555) (0.3616,1.2527) (0.1312,2.5221)","LG+I{0.0000}+R4{0.1488,0.1148,0.3585,0.5555,0.3616,1.2527,0.1312,2.5221}"
YML012W,LG+I+G4,0.0128,1.4218,,LG+I{0.0128}+G4{1.4218}
YLR240W,LG+I+G4,0.0000,1.9078,,LG+I{0.0000}+G4{1.9078}
YER065C,LG+F+I+G4,0.2562,0.8952,,LG+F+I{0.2562}+G4{0.8952}
YOL084W,LG+F+I+R4,0.0000,,"(0.0577,0.1282) (0.3311,0.4916) (0.3974,1.0465) (0.2138,1.9362)","LG+F+I{0.0000}+R4{0.0577,0.1282,0.3311,0.4916,0.3974,1.0465,0.2138,1.9362}"
YPR006C,LG+I+G4,0.1276,0.8365,,LG+I{0.1276}+G4{0.8365}
YGR109W-B,JTT+G4,,16.1304,,JTT+G4{16.1304}
YFL001W,LG+I+G4,0.0953,0.6272,,LG+I{0.0953}+G4{0.6272}
YMR266W,LG+I+G4,0.0377,1.2891,,LG+I{0.0377}+G4{1.2891}
YDR460W,JTT+G4,,0.6228,,JTT+G4{0.6228}
YLL006W,LG+I+G4,0.0105,1.2562,,LG+I{0.0105}+G4{1.2562}
YGR202C,LG+I+R4,0.0000,,"(0.5531,0.0656) (0.2292,0.8776) (0.1558,2.4658) (0.0619,6.1113)","LG+I{0.0000}+R4{0.5531,0.0656,0.2292,0.8776,0.1558,2.4658,0.0619,6.1113}"
YDL231C,LG+I+R4,0.0030,,"(0.1662,0.1574) (0.3918,0.5043) (0.3145,1.2676) (0.1244,3.0356)","LG+I{0.0030}+R4{0.1662,0.1574,0.3918,0.5043,0.3145,1.2676,0.1244,3.0356}"
YML015C,LG+I+G4,0.0145,1.5101,,LG+I{0.0145}+G4{1.5101}
YIL139C,LG+I+G4,0.0000,2.0922,,LG+I{0.0000}+G4{2.0922}
YPR023C,LG+I+G4,0.0000,0.8908,,LG+I{0.0000}+G4{0.8908}
YJL030W,LG+I+G4,0.0066,0.8983,,LG+I{0.0066}+G4{0.8983}
YOR057W,LG+I+G4,0.0688,2.0011,,LG+I{0.0688}+G4{2.0011}
YDR237W,LG+I+G4,0.0000,1.4503,,LG+I{0.0000}+G4{1.4503}
YHR073W,LG+I+G4,0.0906,0.7796,,LG+I{0.0906}+G4{0.7796}
YDR272W,LG+I+G4,0.0379,0.7970,,LG+I{0.0379}+G4{0.7970}
YER012W,LG+I+G4,0.0683,0.9811,,LG+I{0.0683}+G4{0.9811}
YOR210W,LG+I+R2,0.0000,,"(0.8418,0.2373) (0.1582,5.0593)","LG+I{0.0000}+R2{0.8418,0.2373,0.1582,5.0593}"
YBR256C,LG+I+G4,0.1108,0.7249,,LG+I{0.1108}+G4{0.7249}
YMR250W,LG+I+R4,0.0071,,"(0.4311,0.0955) (0.2309,0.7047) (0.2123,1.7531) (0.1186,3.5730)","LG+I{0.0071}+R4{0.4311,0.0955,0.2309,0.7047,0.2123,1.7531,0.1186,3.5730}"
YMR220W,LG+I+G4,0.1956,0.7312,,LG+I{0.1956}+G4{0.7312}
YGR194C,LG+I+G4,0.0000,1.2328,,LG+I{0.0000}+G4{1.2328}
YLR173W,LG+F+I+R4,0.0000,,"(0.0617,0.3396) (0.4010,0.6975) (0.2427,1.0250) (0.2947,1.5292)","LG+F+I{0.0000}+R4{0.0617,0.3396,0.4010,0.6975,0.2427,1.0250,0.2947,1.5292}"
YOR341W,LG+I+G4,0.1128,0.9827,,LG+I{0.1128}+G4{0.9827}
YOR037W,LG+I+G4,0.0108,0.7782,,LG+I{0.0108}+G4{0.7782}
YMR113W,LG+I+G4,0.0326,0.7987,,LG+I{0.0326}+G4{0.7987}
YNL220W,LG+I+R4,0.0057,,"(0.4964,0.1307) (0.1808,0.6346) (0.1479,1.5950) (0.1692,3.4544)","LG+I{0.0057}+R4{0.4964,0.1307,0.1808,0.6346,0.1479,1.5950,0.1692,3.4544}"
YIL160C,LG+I+G4,0.1615,0.9761,,LG+I{0.1615}+G4{0.9761}
YKR078W,LG+I+G4,0.0000,1.1945,,LG+I{0.0000}+G4{1.1945}
YNL039W,LG+I+G4,0.0826,0.9635,,LG+I{0.0826}+G4{0.9635}
YIL149C,LG+I+R4,0.0027,,"(0.1525,0.0770) (0.2639,0.4026) (0.3195,1.0740) (0.2613,2.0620)","LG+I{0.0027}+R4{0.1525,0.0770,0.2639,0.4026,0.3195,1.0740,0.2613,2.0620}"
YFL030W,LG+F+I+G4,0.0128,0.9354,,LG+F+I{0.0128}+G4{0.9354}
YGL234W,LG+I+G4,0.1187,0.6297,,LG+I{0.1187}+G4{0.6297}
YIL151C,LG+I+G4,0.0000,1.3752,,LG+I{0.0000}+G4{1.3752}
YER081W,LG+I+G4,0.2461,0.6613,,LG+I{0.2461}+G4{0.6613}
YLR412W,LG+F+I+G4,0.0000,1.0342,,LG+F+I{0.0000}+G4{1.0342}
YHR089C,LG+I+G4,0.1566,0.6040,,LG+I{0.1566}+G4{0.6040}
YOR039W,LG+I+G4,0.1279,0.8809,,LG+I{0.1279}+G4{0.8809}
YGL019W,LG+I+G4,0.0912,1.0945,,LG+I{0.0912}+G4{1.0945}
YBR098W,LG+I+G4,0.0000,2.0476,,LG+I{0.0000}+G4{2.0476}
YML097C,LG+I+G4,0.0219,1.3333,,LG+I{0.0219}+G4{1.3333}
YGL063W,LG+I+G4,0.0952,0.6697,,LG+I{0.0952}+G4{0.6697}
YJL110C,LG+I+G4,0.5581,0.8758,,LG+I{0.5581}+G4{0.8758}
YNL320W,LG+I+G4,0.0742,0.8603,,LG+I{0.0742}+G4{0.8603}
YMR182C,LG+I+G4,0.2675,1.1076,,LG+I{0.2675}+G4{1.1076}
YMR090W,LG+I+G4,0.0000,2.1284,,LG+I{0.0000}+G4{2.1284}
YLR419W,LG+I+G4,0.0383,0.9819,,LG+I{0.0383}+G4{0.9819}
YER040W,LG+I+R3,0.0000,,"(0.6870,0.1253) (0.1767,1.4281) (0.1364,4.8520)","LG+I{0.0000}+R3{0.6870,0.1253,0.1767,1.4281,0.1364,4.8520}"
YKR006C,LG+F+I+G4,0.0000,0.9004,,LG+F+I{0.0000}+G4{0.9004}
YPR186C,LG+I+G4,0.0713,0.9168,,LG+I{0.0713}+G4{0.9168}
YOL077C,LG+I+G4,0.0781,0.6925,,LG+I{0.0781}+G4{0.6925}
YGR067C,LG+I+G4,0.0000,0.7625,,LG+I{0.0000}+G4{0.7625}
YLR377C,LG+I+G4,0.1574,0.7220,,LG+I{0.1574}+G4{0.7220}
YKL154W,LG+I+R4,0.0000,,"(0.1287,0.0480) (0.3275,0.4669) (0.3132,1.0306) (0.2305,2.2473)","LG+I{0.0000}+R4{0.1287,0.0480,0.3275,0.4669,0.3132,1.0306,0.2305,2.2473}"
YOR234C,LG+I+G4,0.1229,0.8531,,LG+I{0.1229}+G4{0.8531}
YJL201W,LG+I+G4,0.0000,1.1874,,LG+I{0.0000}+G4{1.1874}
YGL078C,LG+I+G4,0.2638,0.8480,,LG+I{0.2638}+G4{0.8480}
YOR369C,LG+I+G4,0.0805,0.7711,,LG+I{0.0805}+G4{0.7711}
YDL084W,LG+I+G4,0.3416,0.7657,,LG+I{0.3416}+G4{0.7657}
YOR361C,LG+I+G4,0.0000,4.7919,,LG+I{0.0000}+G4{4.7919}
YMR024W,LG+I+G4,0.0000,0.8460,,LG+I{0.0000}+G4{0.8460}
YDR374C,LG+I+G4,0.0000,1.0954,,LG+I{0.0000}+G4{1.0954}
YFL055W,LG+I+R4,0.0000,,"(0.1403,0.1928) (0.2271,0.5260) (0.3667,1.0455) (0.2659,1.7679)","LG+I{0.0000}+R4{0.1403,0.1928,0.2271,0.5260,0.3667,1.0455,0.2659,1.7679}"
YBR023C,LG+I+G4,0.0415,1.1290,,LG+I{0.0415}+G4{1.1290}
YOR125C,LG+I+R4,0.0000,,"(0.5077,0.0836) (0.2496,0.7339) (0.1927,2.4927) (0.0500,5.8830)","LG+I{0.0000}+R4{0.5077,0.0836,0.2496,0.7339,0.1927,2.4927,0.0500,5.8830}"
YDR489W,LG+I+G4,0.0000,0.9516,,LG+I{0.0000}+G4{0.9516}
YPR013C,LG+I+G4,0.0688,0.5121,,LG+I{0.0688}+G4{0.5121}
YNL118C,LG+I+G4,0.0491,0.7327,,LG+I{0.0491}+G4{0.7327}
YOL138C,LG+I+R3,0.0102,,"(0.3203,0.0764) (0.4851,1.0921) (0.1843,2.4183)","LG+I{0.0102}+R3{0.3203,0.0764,0.4851,1.0921,0.1843,2.4183}"
YIL035C,LG+I+G4,0.1530,0.7734,,LG+I{0.1530}+G4{0.7734}
YOR119C,LG+I+G4,0.2423,0.8145,,LG+I{0.2423}+G4{0.8145}
YBR123C,LG+I+G4,0.0244,1.4595,,LG+I{0.0244}+G4{1.4595}
YCR068W,LG+I+G4,0.0000,1.4059,,LG+I{0.0000}+G4{1.4059}
YGR070W,LG+I+R3,0.0041,,"(0.4540,0.2095) (0.4059,0.8084) (0.1360,4.2409)","LG+I{0.0041}+R3{0.4540,0.2095,0.4059,0.8084,0.1360,4.2409}"
YDL246C,LG+I+G4,0.2236,1.1197,,LG+I{0.2236}+G4{1.1197}
YDR299W,LG+I+G4,0.0662,1.3663,,LG+I{0.0662}+G4{1.3663}
YLL026W,LG+I+G4,0.2749,0.7986,,LG+I{0.2749}+G4{0.7986}
YDR207C,JTT+R2,,,"(0.8212,0.5487) (0.1788,3.0722)","JTT+R2{0.8212,0.5487,0.1788,3.0722}"
YDR182W-A,LG+I+G4,0.0242,0.9431,,LG+I{0.0242}+G4{0.9431}
YAL060W,LG+I+G4,0.0786,1.0280,,LG+I{0.0786}+G4{1.0280}
YDR485C,LG+I+G4,0.0492,2.2987,,LG+I{0.0492}+G4{2.2987}
YHR051W,LG+I+G4,0.0000,2.6086,,LG+I{0.0000}+G4{2.6086}
YBR049C,LG+I+G4,0.0597,2.7554,,LG+I{0.0597}+G4{2.7554}
YIL010W,LG+I+R4,0.0118,,"(0.1642,0.0470) (0.3263,0.4278) (0.3226,1.2225) (0.1751,2.6177)","LG+I{0.0118}+R4{0.1642,0.0470,0.3263,0.4278,0.3226,1.2225,0.1751,2.6177}"
YMR199W,LG+I+G4,0.0000,1.4738,,LG+I{0.0000}+G4{1.4738}
YBR281C,LG+I+G4,0.0000,2.1184,,LG+I{0.0000}+G4{2.1184}
YDR118W,LG+F+I+G4,0.0000,2.5254,,LG+F+I{0.0000}+G4{2.5254}
YPL084W,LG+F+I+R4,0.0081,,"(0.1127,0.1067) (0.1418,0.3539) (0.3508,0.7995) (0.3867,1.7000)","LG+F+I{0.0081}+R4{0.1127,0.1067,0.1418,0.3539,0.3508,0.7995,0.3867,1.7000}"
YNR006W,LG+I+G4,0.2382,1.2032,,LG+I{0.2382}+G4{1.2032}
YMR213W,LG+I+G4,0.1937,1.1201,,LG+I{0.1937}+G4{1.1201}
YCL032W,LG+I+G4,0.0000,1.8097,,LG+I{0.0000}+G4{1.8097}
YOR274W,LG+I+G4,0.0839,0.8995,,LG+I{0.0839}+G4{0.8995}
YPR065W,LG+I,0.2916,,,LG+I{0.2916}
YKL195W,LG+I+G4,0.0000,0.6289,,LG+I{0.0000}+G4{0.6289}
YDR213W,JTT+G4,,0.6590,,JTT+G4{0.6590}
YMR183C,LG+F+I+G4,0.0000,1.6907,,LG+F+I{0.0000}+G4{1.6907}
YOR275C,LG+F+I+G4,0.0000,1.7150,,LG+F+I{0.0000}+G4{1.7150}
YEL024W,LG+I+R2,0.0000,,"(0.7746,0.2131) (0.2254,3.7050)","LG+I{0.0000}+R2{0.7746,0.2131,0.2254,3.7050}"
YDR464W,JTT+G4,,102.5539,,JTT+G4{102.5539}
YHR068W,LG+I+G4,0.2352,0.7227,,LG+I{0.2352}+G4{0.7227}
YDR265W,JTT+G4,,0.4660,,JTT+G4{0.4660}
YLR361C,LG+F+I+G4,0.0174,1.1544,,LG+F+I{0.0174}+G4{1.1544}
YJR036C,LG+I+R4,0.0098,,"(0.1720,0.0707) (0.2412,0.4162) (0.3429,0.9945) (0.2341,2.3345)","LG+I{0.0098}+R4{0.1720,0.0707,0.2412,0.4162,0.3429,0.9945,0.2341,2.3345}"
YDR316W,LG+I+G4,0.0425,0.7310,,LG+I{0.0425}+G4{0.7310}
YDR419W,LG+I+R4,0.0029,,"(0.1677,0.1411) (0.2820,0.5639) (0.2774,1.1185) (0.2699,1.8784)","LG+I{0.0029}+R4{0.1677,0.1411,0.2820,0.5639,0.2774,1.1185,0.2699,1.8784}"
YOL123W,LG+I+G4,0.1119,0.7297,,LG+I{0.1119}+G4{0.7297}
YDR409W,LG+I+G4,0.0000,0.6664,,LG+I{0.0000}+G4{0.6664}
YJR066W,LG+I+G4,0.0000,0.9995,,LG+I{0.0000}+G4{0.9995}
YHR165C,LG+I+G4,0.1280,0.8877,,LG+I{0.1280}+G4{0.8877}
YDL154W,LG+F+I+G4,0.0027,1.4082,,LG+F+I{0.0027}+G4{1.4082}
YBR194W,LG+I+G4,0.1998,3.3808,,LG+I{0.1998}+G4{3.3808}
YBR260C,LG+I+R4,0.0000,,"(0.1553,0.0422) (0.3787,0.5020) (0.3300,1.3499) (0.1359,2.6331)","LG+I{0.0000}+R4{0.1553,0.0422,0.3787,0.5020,0.3300,1.3499,0.1359,2.6331}"
YLR355C,LG+I+G4,0.2580,0.8518,,LG+I{0.2580}+G4{0.8518}
YDL170W,LG+I+G4,0.0000,0.5734,,LG+I{0.0000}+G4{0.5734}
YHR003C,LG+I+G4,0.0385,0.8410,,LG+I{0.0385}+G4{0.8410}
YJL177W,LG+F+I+R4,0.0000,,"(0.2500,0.9990) (0.2500,0.9997) (0.2500,1.0000) (0.2500,1.0013)","LG+F+I{0.0000}+R4{0.2500,0.9990,0.2500,0.9997,0.2500,1.0000,0.2500,1.0013}"
YHR079C,LG+I+R4,0.0010,,"(0.4592,0.1604) (0.3438,0.8819) (0.1327,2.1866) (0.0633,5.2622)","LG+I{0.0010}+R4{0.4592,0.1604,0.3438,0.8819,0.1327,2.1866,0.0633,5.2622}"
YPL115C,LG+I+G4,0.0000,1.5447,,LG+I{0.0000}+G4{1.5447}
YGR147C,LG+I+G4,0.0665,0.8934,,LG+I{0.0665}+G4{0.8934}
YJL197W,LG+I+R4,0.0000,,"(0.3146,0.4151) (0.2258,0.6633) (0.2274,1.1795) (0.2322,1.9440)","LG+I{0.0000}+R4{0.3146,0.4151,0.2258,0.6633,0.2274,1.1795,0.2322,1.9440}"
YMR315W,LG+I+G4,0.1157,0.9551,,LG+I{0.1157}+G4{0.9551}
YKL122C,LG+I+G4,0.0000,1.5432,,LG+I{0.0000}+G4{1.5432}
YDR379W,JTT+R4,,,"(0.4216,0.3759) (0.3772,0.8183) (0.1455,1.9111) (0.0557,4.5722)","JTT+R4{0.4216,0.3759,0.3772,0.8183,0.1455,1.9111,0.0557,4.5722}"
YMR027W,LG+F+I+G4,0.0621,0.9078,,LG+F+I{0.0621}+G4{0.9078}
YGR005C,LG+I+G4,0.0997,1.3584,,LG+I{0.0997}+G4{1.3584}
YGL006W,LG+I+G4,0.0560,1.1213,,LG+I{0.0560}+G4{1.1213}
YPL028W,LG+F+I+G4,0.1211,1.2876,,LG+F+I{0.1211}+G4{1.2876}
YPL153C,LG+I+R4,0.0000,,"(0.3477,0.1028) (0.4096,0.6623) (0.1553,2.0001) (0.0874,4.3764)","LG+I{0.0000}+R4{0.3477,0.1028,0.4096,0.6623,0.1553,2.0001,0.0874,4.3764}"
YAR042W,LG+I+G4,0.1158,0.9948,,LG+I{0.1158}+G4{0.9948}
YJL068C,LG+F+I+G4,0.0697,0.8434,,LG+F+I{0.0697}+G4{0.8434}
YDL043C,JTT+I+G4,0.1230,1.0986,,JTT+I{0.1230}+G4{1.0986}
YDR034C,LG+I+G4,0.0000,0.8207,,LG+I{0.0000}+G4{0.8207}
YOR223W,LG+I+G4,0.0000,1.0252,,LG+I{0.0000}+G4{1.0252}
YCL052C,LG+I+R4,0.0053,,"(0.1181,0.0437) (0.1653,0.3169) (0.5100,0.9826) (0.2013,2.1921)","LG+I{0.0053}+R4{0.1181,0.0437,0.1653,0.3169,0.5100,0.9826,0.2013,2.1921}"
YDL045C,LG+I+G4,0.0891,0.7973,,LG+I{0.0891}+G4{0.7973}
YGR193C,LG+I+G4,0.1551,1.1268,,LG+I{0.1551}+G4{1.1268}
YBR001C,LG+I+G4,0.1084,0.7729,,LG+I{0.1084}+G4{0.7729}
YBR003W,LG+I+G4,0.0371,0.5032,,LG+I{0.0371}+G4{0.5032}
YLL019C,LG+I+G4,0.0000,1.2982,,LG+I{0.0000}+G4{1.2982}
YNL250W,LG+I+G4,0.0781,0.9564,,LG+I{0.0781}+G4{0.9564}
YGL085W,LG+I+G4,0.0000,0.9484,,LG+I{0.0000}+G4{0.9484}
YPL183W-A,LG+I+G4,0.0140,1.0400,,LG+I{0.0140}+G4{1.0400}
YNL178W,LG+I+G4,0.0393,0.6366,,LG+I{0.0393}+G4{0.6366}
YFR031C-A,JTT+G4,,0.3534,,JTT+G4{0.3534}
YIR033W,LG+I+G4,0.1156,1.0576,,LG+I{0.1156}+G4{1.0576}
YGR037C,LG+F+I+G4,0.0589,1.0193,,LG+F+I{0.0589}+G4{1.0193}
YGR125W,LG+I+G4,0.0578,0.9395,,LG+I{0.0578}+G4{0.9395}
YDL189W,LG+I+G4,0.0135,0.9934,,LG+I{0.0135}+G4{0.9934}
YDR283C,LG+I+G4,0.0459,1.4643,,LG+I{0.0459}+G4{1.4643}
YLR425W,LG+I+G4,0.0000,2.4545,,LG+I{0.0000}+G4{2.4545}
YPR018W,LG+I+G4,0.0000,1.8689,,LG+I{0.0000}+G4{1.8689}
YHL003C,LG+I+G4,0.1417,0.8117,,LG+I{0.1417}+G4{0.8117}
YMR242C,LG+I+G4,0.2461,0.6511,,LG+I{0.2461}+G4{0.6511}
YLL027W,LG+I+G4,0.0921,0.6474,,LG+I{0.0921}+G4{0.6474}
YPL234C,LG+I+G4,0.2510,0.7637,,LG+I{0.2510}+G4{0.7637}
YEL027W,LG+I+G4,0.3064,0.7533,,LG+I{0.3064}+G4{0.7533}
YDR081C,LG+I+R4,0.0000,,"(0.1065,0.1225) (0.3693,0.4723) (0.4772,1.2140) (0.0470,4.9604)","LG+I{0.0000}+R4{0.1065,0.1225,0.3693,0.4723,0.4772,1.2140,0.0470,4.9604}"
YCR020C-A,LG+I+G4,0.0000,0.9825,,LG+I{0.0000}+G4{0.9825}
YDR258C,LG+I+R3,0.0115,,"(0.6356,0.2742) (0.2144,1.1528) (0.1384,4.1799)","LG+I{0.0115}+R3{0.6356,0.2742,0.2144,1.1528,0.1384,4.1799}"
YLL050C,LG+F+I+G4,0.0588,0.5995,,LG+F+I{0.0588}+G4{0.5995}
YER029C,LG+I+G4,0.1009,2.9223,,LG+I{0.1009}+G4{2.9223}
YIL091C,LG+I+G4,0.0718,1.2564,,LG+I{0.0718}+G4{1.2564}
YGR124W,LG+I+G4,0.2168,0.6795,,LG+I{0.2168}+G4{0.6795}
YNL102W,LG+I+G4,0.0482,0.9588,,LG+I{0.0482}+G4{0.9588}
YER062C,LG+I+G4,0.0937,0.7533,,LG+I{0.0937}+G4{0.7533}
YLR390W-A,LG+I+G4,0.0000,1.1755,,LG+I{0.0000}+G4{1.1755}
YCL026C-A,LG+I+G4,0.0000,1.6566,,LG+I{0.0000}+G4{1.6566}
YPL210C,LG+I+G4,0.2297,1.0027,,LG+I{0.2297}+G4{1.0027}
YPR004C,LG+F+I+R4,0.0047,,"(0.1678,0.1066) (0.2335,0.4718) (0.4437,1.1575) (0.1503,2.3841)","LG+F+I{0.0047}+R4{0.1678,0.1066,0.2335,0.4718,0.4437,1.1575,0.1503,2.3841}"
YNR032C-A,LG+I+G4,0.0017,0.9214,,LG+I{0.0017}+G4{0.9214}
YBL001C,LG+I+G4,0.0682,0.8932,,LG+I{0.0682}+G4{0.8932}
YER116C,LG+I+R3,0.0000,,"(0.2358,0.0157) (0.5273,0.9693) (0.2369,2.0479)","LG+I{0.0000}+R3{0.2358,0.0157,0.5273,0.9693,0.2369,2.0479}"
YJL128C,LG+I+G4,0.2145,0.7597,,LG+I{0.2145}+G4{0.7597}
YDL159W,LG+I+G4,0.1462,0.8978,,LG+I{0.1462}+G4{0.8978}
YOR231W,LG+I+R4,0.0000,,"(0.3682,0.0664) (0.2652,0.4947) (0.2446,1.5364) (0.1220,3.8397)","LG+I{0.0000}+R4{0.3682,0.0664,0.2652,0.4947,0.2446,1.5364,0.1220,3.8397}"
YLR422W,LG+F+I+G4,0.0077,1.5963,,LG+F+I{0.0077}+G4{1.5963}
YOR233W,LG+I+G4,0.2189,0.7416,,LG+I{0.2189}+G4{0.7416}
YLR006C,LG+I+G4,0.1245,1.6323,,LG+I{0.1245}+G4{1.6323}
YPL266W,LG+I+R4,0.0023,,"(0.5733,0.1776) (0.2555,0.9878) (0.1026,2.4193) (0.0663,5.9955)","LG+I{0.0023}+R4{0.5733,0.1776,0.2555,0.9878,0.1026,2.4193,0.0663,5.9955}"
YNL240C,LG+F+I+R4,0.0000,,"(0.1032,0.2500) (0.3482,0.5586) (0.3564,1.0477) (0.1921,2.1146)","LG+F+I{0.0000}+R4{0.1032,0.2500,0.3482,0.5586,0.3564,1.0477,0.1921,2.1146}"
YPL235W,LG+I+G4,0.2354,0.6848,,LG+I{0.2354}+G4{0.6848}
YBR155W,LG+I+G4,0.0000,4.8433,,LG+I{0.0000}+G4{4.8433}
YDR190C,LG+I+R4,0.0159,,"(0.4674,0.0842) (0.3061,0.5510) (0.1574,2.1989) (0.0532,8.3755)","LG+I{0.0159}+R4{0.4674,0.0842,0.3061,0.5510,0.1574,2.1989,0.0532,8.3755}"
YNL291C,LG+F+I+G4,0.1140,1.0774,,LG+F+I{0.1140}+G4{1.0774}
YNL181W,LG+I+G4,0.0903,0.9750,,LG+I{0.0903}+G4{0.9750}
YPL111W,LG+I+R4,0.0121,,"(0.2985,0.0795) (0.3536,0.5611) (0.2029,1.4630) (0.1329,3.6201)","LG+I{0.0121}+R4{0.2985,0.0795,0.3536,0.5611,0.2029,1.4630,0.1329,3.6201}"
YDR273W,LG+I+G4,0.0000,1.0967,,LG+I{0.0000}+G4{1.0967}
YFR050C,LG+I+R4,0.0083,,"(0.3260,0.1369) (0.2771,0.6792) (0.2446,1.4567) (0.1441,2.8514)","LG+I{0.0083}+R4{0.3260,0.1369,0.2771,0.6792,0.2446,1.4567,0.1441,2.8514}"
YOL094C,LG+I+G4,0.2646,0.6389,,LG+I{0.2646}+G4{0.6389}
YJR068W,LG+I+G4,0.2720,0.7037,,LG+I{0.2720}+G4{0.7037}
YDR498C,LG+I+G4,0.0000,1.5484,,LG+I{0.0000}+G4{1.5484}
YNL290W,LG+I+G4,0.0000,0.9676,,LG+I{0.0000}+G4{0.9676}
YDR392W,LG+I+R4,0.0039,,"(0.4022,0.0976) (0.2286,0.5443) (0.3105,1.8807) (0.0548,4.6077)","LG+I{0.0039}+R4{0.4022,0.0976,0.2286,0.5443,0.3105,1.8807,0.0548,4.6077}"
YPR066W,LG+I+R4,0.0035,,"(0.3658,0.1074) (0.2994,0.5134) (0.2539,1.5708) (0.0773,5.2793)","LG+I{0.0035}+R4{0.3658,0.1074,0.2994,0.5134,0.2539,1.5708,0.0773,5.2793}"
YGL115W,JTT+G4,,0.6536,,JTT+G4{0.6536}
YER184C,JTT+R2,,,"(0.4623,0.1402) (0.5377,1.7391)","JTT+R2{0.4623,0.1402,0.5377,1.7391}"
YOL080C,LG+I+G4,0.0000,0.9192,,LG+I{0.0000}+G4{0.9192}
YOL125W,LG+I+G4,0.1108,1.2845,,LG+I{0.1108}+G4{1.2845}
YDL031W,LG+I+G4,0.2872,0.8765,,LG+I{0.2872}+G4{0.8765}
YJR097W,JTT+G4,,6.6548,,JTT+G4{6.6548}
YER133W,LG+I+G4,0.1497,0.5368,,LG+I{0.1497}+G4{0.5368}
YDR104C,LG+I+G4,0.0000,1.5736,,LG+I{0.0000}+G4{1.5736}
YLR451W,LG+I+G4,0.2356,0.7543,,LG+I{0.2356}+G4{0.7543}
YCR018C,LG+I+G4,0.0000,0.5479,,LG+I{0.0000}+G4{0.5479}
YER025W,LG+I+R3,0.0000,,"(0.8381,0.2397) (0.1118,2.6885) (0.0502,9.9425)","LG+I{0.0000}+R3{0.8381,0.2397,0.1118,2.6885,0.0502,9.9425}"
YML106W,LG+I+G4,0.1747,0.8400,,LG+I{0.1747}+G4{0.8400}
YJL172W,LG+I+G4,0.0000,1.3342,,LG+I{0.0000}+G4{1.3342}
YKL001C,LG+I+G4,0.0128,0.5117,,LG+I{0.0128}+G4{0.5117}
YKL126W,LG+I+R4,0.0000,,"(0.6507,0.1642) (0.1488,1.0017) (0.1358,2.5984) (0.0647,6.0460)","LG+I{0.0000}+R4{0.6507,0.1642,0.1488,1.0017,0.1358,2.5984,0.0647,6.0460}"
YBR028C,LG+I+R4,0.0136,,"(0.2483,0.0370) (0.4138,0.5257) (0.2498,1.8399) (0.0746,4.2088)","LG+I{0.0136}+R4{0.2483,0.0370,0.4138,0.5257,0.2498,1.8399,0.0746,4.2088}"
YHL035C,LG+I+R4,0.0235,,"(0.3870,0.0661) (0.2397,0.6654) (0.2158,1.5338) (0.1340,3.6109)","LG+I{0.0235}+R4{0.3870,0.0661,0.2397,0.6654,0.2158,1.5338,0.1340,3.6109}"
YPL209C,LG+I+R4,0.0031,,"(0.3077,0.1807) (0.2813,0.5156) (0.2434,1.2099) (0.1645,3.0694)","LG+I{0.0031}+R4{0.3077,0.1807,0.2813,0.5156,0.2434,1.2099,0.1645,3.0694}"
YPL203W,LG+I+R4,0.0000,,"(0.5106,0.1150) (0.2502,0.6178) (0.1772,2.0141) (0.0620,6.9318)","LG+I{0.0000}+R4{0.5106,0.1150,0.2502,0.6178,0.1772,2.0141,0.0620,6.9318}"
YHR205W,JTT+G4,,0.7983,,JTT+G4{0.7983}
YBR083W,LG+I+R4,0.0000,,"(0.3699,0.1162) (0.3028,0.4464) (0.2762,1.6015) (0.0511,7.4270)","LG+I{0.0000}+R4{0.3699,0.1162,0.3028,0.4464,0.2762,1.6015,0.0511,7.4270}"
YFL041W,LG+I+R2,0.0231,,"(0.8405,0.3276) (0.1364,5.3131)","LG+I{0.0231}+R2{0.8405,0.3276,0.1364,5.3131}"
YBR077C,LG+I+G4,0.0038,1.8048,,LG+I{0.0038}+G4{1.8048}
YLR069C,LG+I+G4,0.4396,0.7581,,LG+I{0.4396}+G4{0.7581}
YLR407W,LG+I+G4,0.0000,998.0284,,LG+I{0.0000}+G4{998.0284}
YMR226C,LG+I+G4,0.0961,0.8773,,LG+I{0.0961}+G4{0.8773}
YJR107W,LG+I+G4,0.0096,1.2570,,LG+I{0.0096}+G4{1.2570}
YPR183W,LG+I+R4,0.0000,,"(0.4705,0.1570) (0.2204,0.7079) (0.2016,1.6408) (0.1075,4.0856)","LG+I{0.0000}+R4{0.4705,0.1570,0.2204,0.7079,0.2016,1.6408,0.1075,4.0856}"
YGL143C,LG+F+I+G4,0.0169,1.5952,,LG+F+I{0.0169}+G4{1.5952}
YDR390C,LG+I+G4,0.0968,0.7712,,LG+I{0.0968}+G4{0.7712}
YBR237W,LG+I+G4,0.1576,0.8586,,LG+I{0.1576}+G4{0.8586}
YNL112W,LG+I+R4,0.0106,,"(0.5702,0.1256) (0.2153,0.5373) (0.1563,2.5404) (0.0476,8.7329)","LG+I{0.0106}+R4{0.5702,0.1256,0.2153,0.5373,0.1563,2.5404,0.0476,8.7329}"
YGL160W,LG+F+I+G4,0.0000,1.0633,,LG+F+I{0.0000}+G4{1.0633}
YFR044C,LG+I+G4,0.0022,0.6507,,LG+I{0.0022}+G4{0.6507}
Q0250,LG+I+G4,0.1399,0.7753,,LG+I{0.1399}+G4{0.7753}
YBR142W,LG+I+G4,0.0000,1.3471,,LG+I{0.0000}+G4{1.3471}
YER142C,LG+I+G4,0.0836,0.9183,,LG+I{0.0836}+G4{0.9183}
YML099C,LG+I+R4,0.0000,,"(0.5205,0.0975) (0.1869,0.5507) (0.2420,1.9888) (0.0505,7.2220)","LG+I{0.0000}+R4{0.5205,0.0975,0.1869,0.5507,0.2420,1.9888,0.0505,7.2220}"
YBR240C,LG+I+G4,0.0000,0.9254,,LG+I{0.0000}+G4{0.9254}
YPL170W,LG+I+G4,0.1547,1.1882,,LG+I{0.1547}+G4{1.1882}
YOR093C,LG+I+G4,0.0000,1.2120,,LG+I{0.0000}+G4{1.2120}
YCL036W,LG+I+G4,0.0000,1.2146,,LG+I{0.0000}+G4{1.2146}
YJR010W,LG+I+G4,0.2040,0.9621,,LG+I{0.2040}+G4{0.9621}
YKL114C,LG+I+R4,0.0000,,"(0.2927,0.0699) (0.3554,0.5057) (0.2114,1.4782) (0.1405,3.4691)","LG+I{0.0000}+R4{0.2927,0.0699,0.3554,0.5057,0.2114,1.4782,0.1405,3.4691}"
YGL037C,LG+I+G4,0.1357,0.9122,,LG+I{0.1357}+G4{0.9122}
YGL092W,LG+I+R4,0.0011,,"(0.1784,0.1334) (0.3624,0.5336) (0.3272,1.3361) (0.1308,2.6418)","LG+I{0.0011}+R4{0.1784,0.1334,0.3624,0.5336,0.3272,1.3361,0.1308,2.6418}"
YNL217W,LG+I+G4,0.0528,0.9288,,LG+I{0.0528}+G4{0.9288}
YKL068W,LG+I+G4,0.0055,1.3225,,LG+I{0.0055}+G4{1.3225}
YOR060C,LG+I+G4,0.0000,2.9717,,LG+I{0.0000}+G4{2.9717}
YGL040C,LG+I+G4,0.1808,0.7728,,LG+I{0.1808}+G4{0.7728}
YCL057C-A,LG+I+G4,0.1225,0.9315,,LG+I{0.1225}+G4{0.9315}
YDR424C,LG+I+G4,0.0000,0.9916,,LG+I{0.0000}+G4{0.9916}
YLR281C,LG+I+R2,0.0000,,"(0.6857,0.4823) (0.3143,2.1292)","LG+I{0.0000}+R2{0.6857,0.4823,0.3143,2.1292}"
YDR443C,LG+F+I+G4,0.0139,1.8260,,LG+F+I{0.0139}+G4{1.8260}
YGR277C,LG+I+G4,0.1086,0.8931,,LG+I{0.1086}+G4{0.8931}
YIL082W-A,LG+I,0.0000,,,LG+I{0.0000}
YJL025W,LG+I+G4,0.0000,1.2833,,LG+I{0.0000}+G4{1.2833}
YBR055C,LG+I+G4,0.1028,0.8358,,LG+I{0.1028}+G4{0.8358}
YKL209C,LG+I+G4,0.0532,1.1986,,LG+I{0.0532}+G4{1.1986}
YEL040W,LG+I+R4,0.0000,,"(0.2810,0.1329) (0.2788,0.6274) (0.2826,1.3852) (0.1576,2.5141)","LG+I{0.0000}+R4{0.2810,0.1329,0.2788,0.6274,0.2826,1.3852,0.1576,2.5141}"
YDR436W,LG+I+G4,0.3825,0.5849,,LG+I{0.3825}+G4{0.5849}
YLR107W,LG+I+R4,0.0085,,"(0.2783,0.0836) (0.3380,0.6612) (0.2315,1.4514) (0.1437,2.9028)","LG+I{0.0085}+R4{0.2783,0.0836,0.3380,0.6612,0.2315,1.4514,0.1437,2.9028}"
YLL021W,JTT+F+R4,,,"(0.3940,0.1528) (0.2622,0.5465) (0.2043,1.4061) (0.1394,3.6520)","JTT+F+R4{0.3940,0.1528,0.2622,0.5465,0.2043,1.4061,0.1394,3.6520}"
YGR276C,LG+I+G4,0.0489,0.8576,,LG+I{0.0489}+G4{0.8576}
YMR073C,LG+I+G4,0.0000,0.7453,,LG+I{0.0000}+G4{0.7453}
YJL109C,LG+I+G4,0.0235,0.9781,,LG+I{0.0235}+G4{0.9781}
YDL225W,LG+I+G4,0.0347,0.8899,,LG+I{0.0347}+G4{0.8899}
YOR339C,LG+I+G4,0.0492,0.4696,,LG+I{0.0492}+G4{0.4696}
YNL124W,LG+I+G4,0.0000,1.4609,,LG+I{0.0000}+G4{1.4609}
YNL111C,LG+I+G4,0.0252,1.0960,,LG+I{0.0252}+G4{1.0960}
YHR169W,LG+I+G4,0.2126,0.8442,,LG+I{0.2126}+G4{0.8442}
YLR188W,LG+I+G4,0.0567,0.7220,,LG+I{0.0567}+G4{0.7220}
YHR168W,LG+I+G4,0.2065,1.2803,,LG+I{0.2065}+G4{1.2803}
YLL036C,LG+I+G4,0.0000,1.1513,,LG+I{0.0000}+G4{1.1513}
YCR002C,LG+I+G4,0.1473,1.1616,,LG+I{0.1473}+G4{1.1616}
YJL016W,LG+I+G4,0.0000,2.1393,,LG+I{0.0000}+G4{2.1393}
YDR421W,LG+I+G4,0.0000,0.8261,,LG+I{0.0000}+G4{0.8261}
YJL080C,LG+I+G4,0.0000,1.5552,,LG+I{0.0000}+G4{1.5552}
YMR194C-B,LG+I+G4,0.1259,0.5946,,LG+I{0.1259}+G4{0.5946}
YMR035W,LG+I+R3,0.0487,,"(0.1440,0.0757) (0.4174,0.7125) (0.3899,1.7741)","LG+I{0.0487}+R3{0.1440,0.0757,0.4174,0.7125,0.3899,1.7741}"
YIL031W,LG+I+G4,0.0266,1.1426,,LG+I{0.0266}+G4{1.1426}
YHL032C,LG+I+G4,0.1133,1.0063,,LG+I{0.1133}+G4{1.0063}
YMR230W,LG+I+G4,0.2428,1.3670,,LG+I{0.2428}+G4{1.3670}
YIL155C,LG+I+G4,0.1993,1.0582,,LG+I{0.1993}+G4{1.0582}
YGR145W,LG+I+G4,0.0816,0.8584,,LG+I{0.0816}+G4{0.8584}
YMR150C,LG+I+G4,0.1541,1.1828,,LG+I{0.1541}+G4{1.1828}
YGR059W,LG+I+G4,0.0069,0.8784,,LG+I{0.0069}+G4{0.8784}
YOL030W,LG+I+G4,0.0949,0.7973,,LG+I{0.0949}+G4{0.7973}
YKR084C,LG+I+G4,0.0000,4.9239,,LG+I{0.0000}+G4{4.9239}
YJL217W,LG+I+G4,0.0248,2.2733,,LG+I{0.0248}+G4{2.2733}
YPL270W,LG+I+R4,0.0000,,"(0.1481,0.1524) (0.3759,0.5120) (0.3491,1.2780) (0.1269,2.6699)","LG+I{0.0000}+R4{0.1481,0.1524,0.3759,0.5120,0.3491,1.2780,0.1269,2.6699}"
YPL007C,LG+I+G4,0.0000,1.3951,,LG+I{0.0000}+G4{1.3951}
YOL132W,LG+I+G4,0.1200,0.7932,,LG+I{0.1200}+G4{0.7932}
YKL140W,LG+I+G4,0.1424,0.8535,,LG+I{0.1424}+G4{0.8535}
YMR192W,LG+I+G4,0.0259,1.2646,,LG+I{0.0259}+G4{1.2646}
YMR215W,LG+I+G4,0.1101,0.9178,,LG+I{0.1101}+G4{0.9178}
YBR118W,LG+I,0.8430,,,LG+I{0.8430}
YJL190C,LG+I+R3,0.0000,,"(0.5737,0.2134) (0.3088,1.0142) (0.1175,4.8027)","LG+I{0.0000}+R3{0.5737,0.2134,0.3088,1.0142,0.1175,4.8027}"
YDR351W,JTT+F+R4,,,"(0.0201,0.0809) (0.2280,0.4292) (0.4025,0.8672) (0.3494,1.5783)","JTT+F+R4{0.0201,0.0809,0.2280,0.4292,0.4025,0.8672,0.3494,1.5783}"
YCR105W,LG+I+G4,0.0609,0.9703,,LG+I{0.0609}+G4{0.9703}
YKL215C,LG+F+I+G4,0.0241,1.0295,,LG+F+I{0.0241}+G4{1.0295}
YBR172C,LG+I+G4,0.0000,0.6881,,LG+I{0.0000}+G4{0.6881}
YDL171C,LG+I+R4,0.0174,,"(0.5020,0.0643) (0.2594,0.7651) (0.1728,2.2540) (0.0484,7.8492)","LG+I{0.0174}+R4{0.5020,0.0643,0.2594,0.7651,0.1728,2.2540,0.0484,7.8492}"
YPL088W,LG+I+G4,0.0352,1.0446,,LG+I{0.0352}+G4{1.0446}
YJR024C,LG+I+G4,0.0382,0.6189,,LG+I{0.0382}+G4{0.6189}
YLR343W,LG+F+I+R4,0.0000,,"(0.1406,0.3324) (0.3728,0.5904) (0.2768,1.0869) (0.2097,2.0610)","LG+F+I{0.0000}+R4{0.1406,0.3324,0.3728,0.5904,0.2768,1.0869,0.2097,2.0610}"
YCR107W,LG+I+G4,0.1097,1.3130,,LG+I{0.1097}+G4{1.3130}
YHR164C,LG+I+R4,0.0000,,"(0.4862,0.1800) (0.2602,0.8797) (0.1828,2.0475) (0.0708,4.3689)","LG+I{0.0000}+R4{0.4862,0.1800,0.2602,0.8797,0.1828,2.0475,0.0708,4.3689}"
YLR018C,LG+I+G4,0.0000,1.6624,,LG+I{0.0000}+G4{1.6624}
YMR278W,LG+I+G4,0.0009,0.6650,,LG+I{0.0009}+G4{0.6650}
YPL190C,LG+I+G4,0.0000,1.1478,,LG+I{0.0000}+G4{1.1478}
YER054C,LG+I+R4,0.0257,,"(0.0706,0.0394) (0.1859,0.3581) (0.2894,0.8525) (0.4284,1.5965)","LG+I{0.0257}+R4{0.0706,0.0394,0.1859,0.3581,0.2894,0.8525,0.4284,1.5965}"
YBR131W,LG+I+G4,0.0000,2.3673,,LG+I{0.0000}+G4{2.3673}
YKL090W,LG+I+G4,0.0000,2.9844,,LG+I{0.0000}+G4{2.9844}
YMR176W,JTT+R2,,,"(0.7191,0.2372) (0.2809,2.9527)","JTT+R2{0.7191,0.2372,0.2809,2.9527}"
YDL135C,LG+I+G4,0.0000,1.2132,,LG+I{0.0000}+G4{1.2132}
YDR051C,LG+I+G4,0.1480,0.7614,,LG+I{0.1480}+G4{0.7614}
YDR096W,LG+I+G4,0.0494,0.5862,,LG+I{0.0494}+G4{0.5862}
YPL199C,LG+I+G4,0.0000,1.1508,,LG+I{0.0000}+G4{1.1508}
YER173W,LG+I+G4,0.0000,1.4371,,LG+I{0.0000}+G4{1.4371}
YDR050C,LG+F+I+G4,0.1731,0.8923,,LG+F+I{0.1731}+G4{0.8923}
YPR095C,LG+I+G4,0.0657,1.0554,,LG+I{0.0657}+G4{1.0554}
YMR314W,LG+I+G4,0.0814,0.7439,,LG+I{0.0814}+G4{0.7439}
YGR042W,LG+I+G4,0.0000,1.2163,,LG+I{0.0000}+G4{1.2163}
YJR119C,LG+I+G4,0.0000,1.4908,,LG+I{0.0000}+G4{1.4908}
YGR180C,LG+I+R4,0.0011,,"(0.5274,0.2060) (0.3228,0.8447) (0.0978,2.5982) (0.0509,7.1678)","LG+I{0.0011}+R4{0.5274,0.2060,0.3228,0.8447,0.0978,2.5982,0.0509,7.1678}"
YHR202W,LG+I+G4,0.0868,0.9525,,LG+I{0.0868}+G4{0.9525}
YER123W,LG+I+G4,0.2559,0.6914,,LG+I{0.2559}+G4{0.6914}
YFL007W,LG+I+G4,0.0121,1.2679,,LG+I{0.0121}+G4{1.2679}
YDL047W,LG+I+G4,0.3116,0.8911,,LG+I{0.3116}+G4{0.8911}
YBR059C,LG+I+R4,0.0097,,"(0.2868,0.0833) (0.2535,0.4883) (0.2317,1.1813) (0.2183,2.6508)","LG+I{0.0097}+R4{0.2868,0.0833,0.2535,0.4883,0.2317,1.1813,0.2183,2.6508}"
YBR060C,LG+I+G4,0.0169,1.1045,,LG+I{0.0169}+G4{1.1045}
YLR345W,LG+I+G4,0.0010,0.4924,,LG+I{0.0010}+G4{0.4924}
YMR309C,LG+I+G4,0.0276,1.6199,,LG+I{0.0276}+G4{1.6199}
YBL049W,LG+I+G4,0.1411,1.0473,,LG+I{0.1411}+G4{1.0473}
YLR278C,LG+I+G4,0.0000,0.7423,,LG+I{0.0000}+G4{0.7423}
YCL027W,LG+I+G4,0.0000,1.5596,,LG+I{0.0000}+G4{1.5596}
YOR091W,LG+I+G4,0.0004,0.7545,,LG+I{0.0004}+G4{0.7545}
YDL049C,LG+I+G4,0.0000,1.1166,,LG+I{0.0000}+G4{1.1166}
YIL107C,LG+F+I+R4,0.0051,,"(0.1410,0.0504) (0.3300,0.4145) (0.3165,1.0792) (0.2075,2.4802)","LG+F+I{0.0051}+R4{0.1410,0.0504,0.3300,0.4145,0.3165,1.0792,0.2075,2.4802}"
YLR014C,LG+I+G4,0.0000,0.7522,,LG+I{0.0000}+G4{0.7522}
YML096W,LG+I+G4,0.0908,0.8932,,LG+I{0.0908}+G4{0.8932}
YAL044C,LG+I+G4,0.0000,0.7824,,LG+I{0.0000}+G4{0.7824}
YDR280W,LG+I+G4,0.0358,0.9775,,LG+I{0.0358}+G4{0.9775}
YJL208C,LG+I+G4,0.1549,0.7318,,LG+I{0.1549}+G4{0.7318}
YGR266W,LG+I+R4,0.0000,,"(0.3433,0.0910) (0.2089,0.5264) (0.3524,1.4229) (0.0954,3.7476)","LG+I{0.0000}+R4{0.3433,0.0910,0.2089,0.5264,0.3524,1.4229,0.0954,3.7476}"
YHR178W,LG+I+G4,0.0000,1.0442,,LG+I{0.0000}+G4{1.0442}
YBL074C,LG+I+G4,0.0120,1.2448,,LG+I{0.0120}+G4{1.2448}
YPR022C,LG+I+R2,0.0000,,"(0.7278,0.1573) (0.2722,3.2534)","LG+I{0.0000}+R2{0.7278,0.1573,0.2722,3.2534}"
YDR429C,LG+I+G4,0.0500,1.7412,,LG+I{0.0500}+G4{1.7412}
YFL009W,LG+I+R4,0.0000,,"(0.0739,0.1015) (0.3521,0.5838) (0.3874,1.0404) (0.1866,2.0569)","LG+I{0.0000}+R4{0.0739,0.1015,0.3521,0.5838,0.3874,1.0404,0.1866,2.0569}"
YIL046W,LG+I+G4,0.1910,0.7735,,LG+I{0.1910}+G4{0.7735}
YDL134C,LG+I+G4,0.3523,0.6950,,LG+I{0.3523}+G4{0.6950}
YNL037C,LG+I+G4,0.0305,0.5372,,LG+I{0.0305}+G4{0.5372}
YOR136W,LG+I+G4,0.2547,0.8160,,LG+I{0.2547}+G4{0.8160}
YIL096C,JTT+F+G4,,2.3527,,JTT+F+G4{2.3527}
YNR032W,LG+I+G4,0.2238,0.7210,,LG+I{0.2238}+G4{0.7210}
YKL146W,LG+F+I+G4,0.0764,0.7194,,LG+F+I{0.0764}+G4{0.7194}
YGR188C,LG+I+G4,0.0000,2.1832,,LG+I{0.0000}+G4{2.1832}
YKL144C,LG+I+G4,0.0322,1.5921,,LG+I{0.0322}+G4{1.5921}
YLR247C,LG+F+I+G4,0.0487,0.9002,,LG+F+I{0.0487}+G4{0.9002}
YIR042C,LG+I+G4,0.0565,1.4005,,LG+I{0.0565}+G4{1.4005}
YER063W,LG+I+R4,0.0000,,"(0.3607,0.0897) (0.0875,0.6065) (0.3918,1.4345) (0.1601,2.2032)","LG+I{0.0000}+R4{0.3607,0.0897,0.0875,0.6065,0.3918,1.4345,0.1601,2.2032}"
YDR349C,LG+F+I+R4,0.0009,,"(0.1290,0.2049) (0.3047,0.5707) (0.3165,1.0778) (0.2490,1.8417)","LG+F+I{0.0009}+R4{0.1290,0.2049,0.3047,0.5707,0.3165,1.0778,0.2490,1.8417}"
YAL040C,LG+I+G4,0.0000,1.1292,,LG+I{0.0000}+G4{1.1292}
YDL155W,LG+I+G4,0.0700,1.0423,,LG+I{0.0700}+G4{1.0423}
YML064C,LG+I+R4,0.0000,,"(0.4097,0.2282) (0.4020,0.8330) (0.1286,2.0067) (0.0597,5.2568)","LG+I{0.0000}+R4{0.4097,0.2282,0.4020,0.8330,0.1286,2.0067,0.0597,5.2568}"
YGL158W,LG+I+R4,0.0000,,"(0.4254,0.1440) (0.2984,0.6081) (0.1908,1.8306) (0.0854,4.7772)","LG+I{0.0000}+R4{0.4254,0.1440,0.2984,0.6081,0.1908,1.8306,0.0854,4.7772}"
YIL143C,LG+I+G4,0.1192,0.5856,,LG+I{0.1192}+G4{0.5856}
YGL156W,LG+I+G4,0.0807,1.1778,,LG+I{0.0807}+G4{1.1778}
YJL194W,LG+F+I+G4,0.0270,0.9375,,LG+F+I{0.0270}+G4{0.9375}
YOL149W,LG+I+G4,0.0620,1.7200,,LG+I{0.0620}+G4{1.7200}
YGR108W,LG+I+G4,0.0649,0.8996,,LG+I{0.0649}+G4{0.8996}
YGL147C,LG+I+G4,0.2125,0.8087,,LG+I{0.2125}+G4{0.8087}
YHL017W,LG+I+R4,0.0059,,"(0.1134,0.0522) (0.2883,0.3760) (0.3361,1.0659) (0.2562,2.0582)","LG+I{0.0059}+R4{0.1134,0.0522,0.2883,0.3760,0.3361,1.0659,0.2562,2.0582}"
YLR442C,LG+I+R4,0.0000,,"(0.1046,0.2445) (0.3625,0.5712) (0.3622,1.1091) (0.1706,2.1428)","LG+I{0.0000}+R4{0.1046,0.2445,0.3625,0.5712,0.3622,1.1091,0.1706,2.1428}"
YMR239C,LG+F+I+G4,0.0000,3.4035,,LG+F+I{0.0000}+G4{3.4035}
YDR399W,LG+I+G4,0.1123,0.5214,,LG+I{0.1123}+G4{0.5214}
YJL149W,LG+I+G4,0.0280,1.3906,,LG+I{0.0280}+G4{1.3906}
YPR172W,LG+I+G4,0.1234,0.9850,,LG+I{0.1234}+G4{0.9850}
YJR105W,LG+F+I+G4,0.1612,0.9021,,LG+F+I{0.1612}+G4{0.9021}
YOR048C,LG+I+G4,0.0991,0.8562,,LG+I{0.0991}+G4{0.8562}
YDR217C,LG+I+G4,0.0017,0.9787,,LG+I{0.0017}+G4{0.9787}
YOR236W,LG+I+G4,0.0981,0.7304,,LG+I{0.0981}+G4{0.7304}
YOR008C,LG+I+G4,0.1538,1.4374,,LG+I{0.1538}+G4{1.4374}
YNR015W,LG+I+G4,0.1029,0.9381,,LG+I{0.1029}+G4{0.9381}
YPL127C,LG+I+G4,0.0143,1.1094,,LG+I{0.0143}+G4{1.1094}
YHR038W,LG+I+G4,0.0000,2.2625,,LG+I{0.0000}+G4{2.2625}
YKL059C,LG+I+G4,0.0207,0.8320,,LG+I{0.0207}+G4{0.8320}
YJR116W,LG+F+I+G4,0.0438,0.9499,,LG+F+I{0.0438}+G4{0.9499}
YAR009C,LG+I+G4,0.0005,2.0000,,LG+I{0.0005}+G4{2.0000}
YER118C,LG+I+G4,0.0000,1.1509,,LG+I{0.0000}+G4{1.1509}
YLR176C,LG+I+R3,0.0069,,"(0.1587,0.1212) (0.5778,0.7536) (0.2566,2.1255)","LG+I{0.0069}+R3{0.1587,0.1212,0.5778,0.7536,0.2566,2.1255}"
YDR520C,JTT+R2,,,"(0.7002,0.4609) (0.2998,2.2593)","JTT+R2{0.7002,0.4609,0.2998,2.2593}"
YGR031W,LG+I+G4,0.0474,0.8876,,LG+I{0.0474}+G4{0.8876}
YJL127C,LG+I+G4,0.0372,0.5042,,LG+I{0.0372}+G4{0.5042}
YOR046C,LG+I+G4,0.2354,0.9041,,LG+I{0.2354}+G4{0.9041}
YDR111C,LG+I+G4,0.1654,0.9016,,LG+I{0.1654}+G4{0.9016}
YGL173C,LG+I+G4,0.1153,0.9216,,LG+I{0.1153}+G4{0.9216}
YFL059W,LG+I+G4,0.2004,0.7087,,LG+I{0.2004}+G4{0.7087}
YNR038W,LG+I+G4,0.1204,0.9526,,LG+I{0.1204}+G4{0.9526}
YPR106W,LG+F+I+G4,0.0000,1.3517,,LG+F+I{0.0000}+G4{1.3517}
YPR167C,LG+I+G4,0.1599,0.8478,,LG+I{0.1599}+G4{0.8478}
YPR127W,LG+I+G4,0.0003,1.1651,,LG+I{0.0003}+G4{1.1651}
YOR056C,LG+I+G4,0.1086,0.8966,,LG+I{0.1086}+G4{0.8966}
YJR035W,LG+I+G4,0.3124,0.7384,,LG+I{0.3124}+G4{0.7384}
YKL043W,LG+I+G4,0.0000,0.8901,,LG+I{0.0000}+G4{0.8901}
YDL033C,LG+I+G4,0.0039,0.6752,,LG+I{0.0039}+G4{0.6752}
YER048C,LG+I+G4,0.1155,0.8824,,LG+I{0.1155}+G4{0.8824}
YHR042W,LG+I+G4,0.1594,1.0012,,LG+I{0.1594}+G4{1.0012}
YGL227W,LG+I+R4,0.0000,,"(0.0845,0.1102) (0.2596,0.4306) (0.3182,0.9737) (0.3377,1.6853)","LG+I{0.0000}+R4{0.0845,0.1102,0.2596,0.4306,0.3182,0.9737,0.3377,1.6853}"
YNR012W,LG+I+G4,0.1117,0.8395,,LG+I{0.1117}+G4{0.8395}
YDR481C,LG+I+G4,0.0568,0.8043,,LG+I{0.0568}+G4{0.8043}
YKL124W,LG+I+R3,0.0456,,"(0.3133,0.1100) (0.2305,0.8922) (0.4106,1.8506)","LG+I{0.0456}+R3{0.3133,0.1100,0.2305,0.8922,0.4106,1.8506}"
YNL206C,LG+I+G4,0.0000,2.2687,,LG+I{0.0000}+G4{2.2687}
YBL051C,JTT+R2,,,"(0.8281,0.2922) (0.1719,4.4091)","JTT+R2{0.8281,0.2922,0.1719,4.4091}"
YGL258W-A,LG+I,0.1335,,,LG+I{0.1335}
YGL064C,LG+I+G4,0.0617,1.0267,,LG+I{0.0617}+G4{1.0267}
YJL005W,LG+F+I+G4,0.0000,8.3470,,LG+F+I{0.0000}+G4{8.3470}
YGL018C,LG+I+G4,0.1267,0.7312,,LG+I{0.1267}+G4{0.7312}
YCR091W,JTT+R4,,,"(0.6156,0.1311) (0.2273,1.1414) (0.1296,3.4400) (0.0274,7.7963)","JTT+R4{0.6156,0.1311,0.2273,1.1414,0.1296,3.4400,0.0274,7.7963}"
YER091C,LG+F+I+G4,0.2856,1.1029,,LG+F+I{0.2856}+G4{1.1029}
YGR208W,LG+I+R4,0.0078,,"(0.2447,0.1662) (0.3172,0.5188) (0.2274,1.2302) (0.2029,2.5380)","LG+I{0.0078}+R4{0.2447,0.1662,0.3172,0.5188,0.2274,1.2302,0.2029,2.5380}"
YEL058W,LG+I+G4,0.0528,0.5844,,LG+I{0.0528}+G4{0.5844}
YDR194C,LG+I+G4,0.1177,0.8549,,LG+I{0.1177}+G4{0.8549}
YEL075C,LG+I,0.1442,,,LG+I{0.1442}
YGL079W,LG+F+I+G4,0.0000,0.8654,,LG+F+I{0.0000}+G4{0.8654}
YLL041C,LG+I+G4,0.4166,0.7567,,LG+I{0.4166}+G4{0.7567}
YBR251W,LG+I+G4,0.0091,0.8452,,LG+I{0.0091}+G4{0.8452}
YDR248C,LG+I+R4,0.0070,,"(0.2528,0.1017) (0.2780,0.5066) (0.1729,1.0922) (0.2893,2.2281)","LG+I{0.0070}+R4{0.2528,0.1017,0.2780,0.5066,0.1729,1.0922,0.2893,2.2281}"
YIL015W,LG+F+I+R4,0.0000,,"(0.1306,0.1371) (0.3016,0.4832) (0.3403,1.0695) (0.2276,2.0760)","LG+F+I{0.0000}+R4{0.1306,0.1371,0.3016,0.4832,0.3403,1.0695,0.2276,2.0760}"
YNL231C,LG+I+G4,0.0049,0.5397,,LG+I{0.0049}+G4{0.5397}
YMR290C,LG+I+R3,0.0328,,"(0.5413,0.1412) (0.2963,1.0348) (0.1296,4.7619)","LG+I{0.0328}+R3{0.5413,0.1412,0.2963,1.0348,0.1296,4.7619}"
YHR088W,LG+I+G4,0.1618,1.0449,,LG+I{0.1618}+G4{1.0449}
YDR234W,LG+I+G4,0.3547,0.6224,,LG+I{0.3547}+G4{0.6224}
YDL124W,LG+F+I+R4,0.0019,,"(0.1879,0.1055) (0.2368,0.4793) (0.3358,1.0512) (0.2376,2.1615)","LG+F+I{0.0019}+R4{0.1879,0.1055,0.2368,0.4793,0.3358,1.0512,0.2376,2.1615}"
YNL104C,LG+I+G4,0.2365,0.7659,,LG+I{0.2365}+G4{0.7659}
YHR075C,LG+I+G4,0.0796,0.8121,,LG+I{0.0796}+G4{0.8121}
YDL091C,LG+I+G4,0.0000,1.4972,,LG+I{0.0000}+G4{1.4972}
YNL210W,LG+I+G4,0.0010,0.7964,,LG+I{0.0010}+G4{0.7964}
YMR253C,LG+I+G4,0.0387,0.9675,,LG+I{0.0387}+G4{0.9675}
YNL128W,LG+I+G4,0.0190,0.8814,,LG+I{0.0190}+G4{0.8814}
YLR319C,LG+I+G4,0.0678,1.0764,,LG+I{0.0678}+G4{1.0764}
YMR283C,LG+F+I+G4,0.0880,0.8107,,LG+F+I{0.0880}+G4{0.8107}
YER161C,JTT+I+G4,0.0623,3.6661,,JTT+I{0.0623}+G4{3.6661}
YML126C,LG+I+R3,0.0362,,"(0.5515,0.1919) (0.2380,1.1975) (0.1742,3.4957)","LG+I{0.0362}+R3{0.5515,0.1919,0.2380,1.1975,0.1742,3.4957}"
YLR222C,LG+I+G4,0.0420,1.3043,,LG+I{0.0420}+G4{1.3043}
YHR156C,LG+I+G4,0.0209,1.7568,,LG+I{0.0209}+G4{1.7568}
YMR222C,LG+I+G4,0.0315,1.3622,,LG+I{0.0315}+G4{1.3622}
YDR432W,LG+I+G4,0.0000,1.7589,,LG+I{0.0000}+G4{1.7589}
YHR186C,LG+I+G4,0.0369,0.4010,,LG+I{0.0369}+G4{0.4010}
YPL217C,LG+I+G4,0.1716,1.3642,,LG+I{0.1716}+G4{1.3642}
YOR388C,LG+I+G4,0.2016,1.0529,,LG+I{0.2016}+G4{1.0529}
YDR402C,LG+I+G4,0.0151,1.3502,,LG+I{0.0151}+G4{1.3502}
YDR147W,LG+I+G4,0.0621,0.9014,,LG+I{0.0621}+G4{0.9014}
YER112W,LG+I+G4,0.1061,1.0738,,LG+I{0.1061}+G4{1.0738}
YLR147C,LG+I+G4,0.0657,1.2359,,LG+I{0.0657}+G4{1.2359}
YDR091C,JTT+G4,,0.7331,,JTT+G4{0.7331}
YJR149W,LG+I+G4,0.0733,0.9606,,LG+I{0.0733}+G4{0.9606}
YGR074W,LG+I+G4,0.0575,1.5989,,LG+I{0.0575}+G4{1.5989}
YDR371W,LG+I+G4,0.0044,1.3261,,LG+I{0.0044}+G4{1.3261}
YIL005W,LG+I+G4,0.0572,1.3351,,LG+I{0.0572}+G4{1.3351}
YLR139C,LG+I+G4,0.0000,1.3027,,LG+I{0.0000}+G4{1.3027}
YPR026W,LG+I+G4,0.0000,2.6223,,LG+I{0.0000}+G4{2.6223}
YDR222W,LG+I+G4,0.1551,1.9403,,LG+I{0.1551}+G4{1.9403}
YOR296W,LG+I+G4,0.0000,2.3449,,LG+I{0.0000}+G4{2.3449}
YER090W,LG+I+G4,0.1331,1.0898,,LG+I{0.1331}+G4{1.0898}
YDR538W,LG+I+G4,0.0049,0.6593,,LG+I{0.0049}+G4{0.6593}
YPL227C,LG+I+R4,0.0000,,"(0.4826,0.1128) (0.2694,0.8156) (0.1609,2.0611) (0.0871,4.5276)","LG+I{0.0000}+R4{0.4826,0.1128,0.2694,0.8156,0.1609,2.0611,0.0871,4.5276}"
YMR180C,LG+F+I+G4,0.0000,4.6184,,LG+F+I{0.0000}+G4{4.6184}
YPL242C,LG+I+G4,0.0923,1.2659,,LG+I{0.0923}+G4{1.2659}
YHR128W,LG+I+R4,0.0000,,"(0.5819,0.1405) (0.1738,0.7337) (0.1116,2.0408) (0.1327,4.2420)","LG+I{0.0000}+R4{0.5819,0.1405,0.1738,0.7337,0.1116,2.0408,0.1327,4.2420}"
YBL071W-A,LG+I+G4,0.0635,0.5100,,LG+I{0.0635}+G4{0.5100}
YML114C,LG+I+G4,0.0000,1.1674,,LG+I{0.0000}+G4{1.1674}
YCL050C,LG+F+I+G4,0.0000,2.7891,,LG+F+I{0.0000}+G4{2.7891}
YDL147W,LG+I+G4,0.0403,0.7947,,LG+I{0.0403}+G4{0.7947}
YCL067C,LG+I+G4,0.0000,0.9500,,LG+I{0.0000}+G4{0.9500}
YER055C,LG+I+G4,0.0022,0.5336,,LG+I{0.0022}+G4{0.5336}
YJL083W,LG+I+G4,0.0286,1.1164,,LG+I{0.0286}+G4{1.1164}
YOR020C,LG+I+G4,0.0145,0.8388,,LG+I{0.0145}+G4{0.8388}
YKL190W,LG+I+G4,0.0000,0.7471,,LG+I{0.0000}+G4{0.7471}
YPR029C,LG+F+I+G4,0.0141,1.0721,,LG+F+I{0.0141}+G4{1.0721}
YHR087W,LG+I+G4,0.0078,1.6004,,LG+I{0.0078}+G4{1.6004}
YIL061C,LG+I+G4,0.0437,0.9049,,LG+I{0.0437}+G4{0.9049}
YIL064W,LG+I+R4,0.0076,,"(0.2667,0.0626) (0.2422,0.4056) (0.3146,1.2441) (0.1688,2.9241)","LG+I{0.0076}+R4{0.2667,0.0626,0.2422,0.4056,0.3146,1.2441,0.1688,2.9241}"
YCR087C-A,LG+I+G4,0.2998,1.1181,,LG+I{0.2998}+G4{1.1181}
YGR173W,LG+I+G4,0.1432,0.9565,,LG+I{0.1432}+G4{0.9565}
YLL004W,LG+F+I+R4,0.0000,,"(0.1561,0.2350) (0.4034,0.5820) (0.2053,1.1519) (0.2352,2.0924)","LG+F+I{0.0000}+R4{0.1561,0.2350,0.4034,0.5820,0.2053,1.1519,0.2352,2.0924}"
YAL036C,LG+I+G4,0.0351,0.4105,,LG+I{0.0351}+G4{0.4105}
YEL002C,LG+F+I+G4,0.0061,1.4018,,LG+F+I{0.0061}+G4{1.4018}
YNL234W,LG+I+G4,0.0000,2.2743,,LG+I{0.0000}+G4{2.2743}
YDR019C,LG+I+G4,0.0000,1.0857,,LG+I{0.0000}+G4{1.0857}
YNL107W,LG+I+G4,0.0911,0.7307,,LG+I{0.0911}+G4{0.7307}
YOR163W,LG+I+G4,0.1779,0.7531,,LG+I{0.1779}+G4{0.7531}
YJL006C,LG+I+G4,0.0244,1.8400,,LG+I{0.0244}+G4{1.8400}
YJL074C,LG+F+I+R4,0.0020,,"(0.2591,0.1004) (0.2409,0.4412) (0.2504,1.0991) (0.2476,2.3930)","LG+F+I{0.0020}+R4{0.2591,0.1004,0.2409,0.4412,0.2504,1.0991,0.2476,2.3930}"
YMR289W,LG+I+G4,0.0289,0.9047,,LG+I{0.0289}+G4{0.9047}
YBL101C,LG+I+G4,0.0000,2.9112,,LG+I{0.0000}+G4{2.9112}
YOR176W,LG+I+G4,0.0912,0.7774,,LG+I{0.0912}+G4{0.7774}
YIL125W,LG+I+G4,0.2938,0.9049,,LG+I{0.2938}+G4{0.9049}
YKL057C,LG+F+I+G4,0.0000,3.9409,,LG+F+I{0.0000}+G4{3.9409}
YLR078C,LG+I+G4,0.0307,0.9796,,LG+I{0.0307}+G4{0.9796}
YBL013W,LG+I+G4,0.0686,0.8560,,LG+I{0.0686}+G4{0.8560}
YPR082C,LG+I+G4,0.1995,0.8785,,LG+I{0.1995}+G4{0.8785}
YDR002W,LG+I+G4,0.1421,0.7264,,LG+I{0.1421}+G4{0.7264}
YBR122C,LG+I+G4,0.0315,0.6867,,LG+I{0.0315}+G4{0.6867}
YBL060W,LG+I+G4,0.0000,1.2272,,LG+I{0.0000}+G4{1.2272}
YIL063C,LG+I+G4,0.0656,1.1244,,LG+I{0.0656}+G4{1.1244}
YBL024W,LG+I+G4,0.1913,0.8684,,LG+I{0.1913}+G4{0.8684}
YLR335W,LG+I+R3,0.0111,,"(0.1766,0.0976) (0.4353,0.6257) (0.3770,1.8842)","LG+I{0.0111}+R3{0.1766,0.0976,0.4353,0.6257,0.3770,1.8842}"
YBR121C,LG+I+R4,0.0021,,"(0.6551,0.1795) (0.2812,1.6304) (0.0480,5.2024) (0.0137,12.7761)","LG+I{0.0021}+R4{0.6551,0.1795,0.2812,1.6304,0.0480,5.2024,0.0137,12.7761}"
YDL125C,LG+I+G4,0.1898,1.1606,,LG+I{0.1898}+G4{1.1606}
YML010W,LG+I+G4,0.0523,1.0256,,LG+I{0.0523}+G4{1.0256}
YIL140W,LG+I+G4,0.0520,1.6132,,LG+I{0.0520}+G4{1.6132}
YKL197C,LG+I+G4,0.0060,1.3366,,LG+I{0.0060}+G4{1.3366}
YDR314C,LG+I+G4,0.0000,2.9825,,LG+I{0.0000}+G4{2.9825}
YOR380W,LG+I+G4,0.0000,0.6830,,LG+I{0.0000}+G4{0.6830}
YBR166C,LG+I+G4,0.0779,0.8310,,LG+I{0.0779}+G4{0.8310}
YPL236C,LG+I+G4,0.0270,0.9680,,LG+I{0.0270}+G4{0.9680}
YLR397C,LG+I+G4,0.0084,0.6350,,LG+I{0.0084}+G4{0.6350}
YGR109W-A,LG+I+R3,0.0000,,"(0.2550,0.4215) (0.5061,0.7839) (0.2389,2.0756)","LG+I{0.0000}+R3{0.2550,0.4215,0.5061,0.7839,0.2389,2.0756}"
YDL126C,LG+I+R2,0.1206,,"(0.7537,0.8570) (0.1257,2.8172)","LG+I{0.1206}+R2{0.7537,0.8570,0.1257,2.8172}"
YJL089W,JTT+R4,,,"(0.4521,0.1570) (0.1165,0.5235) (0.3620,1.4319) (0.0694,5.0381)","JTT+R4{0.4521,0.1570,0.1165,0.5235,0.3620,1.4319,0.0694,5.0381}"
YGL245W,LG+I+G4,0.2940,0.7340,,LG+I{0.2940}+G4{0.7340}
YMR236W,LG+I+R3,0.0000,,"(0.4668,0.2242) (0.4400,1.0362) (0.0933,4.7120)","LG+I{0.0000}+R3{0.4668,0.2242,0.4400,1.0362,0.0933,4.7120}"
YOL114C,LG+I+G4,0.0000,1.4293,,LG+I{0.0000}+G4{1.4293}
YDL175C,JTT+G4,,0.9608,,JTT+G4{0.9608}
YDR256C,LG+I+R4,0.0188,,"(0.2836,0.0949) (0.3016,0.6071) (0.1984,1.3938) (0.1976,2.5985)","LG+I{0.0188}+R4{0.2836,0.0949,0.3016,0.6071,0.1984,1.3938,0.1976,2.5985}"
YKL092C,LG+I+G4,0.0000,1.2256,,LG+I{0.0000}+G4{1.2256}
YOR143C,LG+I+G4,0.0000,0.7489,,LG+I{0.0000}+G4{0.7489}
YMR071C,LG+F+I+G4,0.0125,0.9534,,LG+F+I{0.0125}+G4{0.9534}
YPR152C,LG+I+G4,0.0000,1.5566,,LG+I{0.0000}+G4{1.5566}
YKL091C,LG+I+G4,0.4120,1.0891,,LG+I{0.4120}+G4{1.0891}
YNL311C,LG+I+G4,0.0000,1.2400,,LG+I{0.0000}+G4{1.2400}
YGL055W,LG+I+G4,0.0769,1.0194,,LG+I{0.0769}+G4{1.0194}
YMR201C,LG+I+G4,0.2319,0.5711,,LG+I{0.2319}+G4{0.5711}
YDR162C,LG+I+G4,0.1055,0.7062,,LG+I{0.1055}+G4{0.7062}
YNR007C,JTT+I+G4,0.1136,0.7526,,JTT+I{0.1136}+G4{0.7526}
YCR017C,LG+I+R4,0.0000,,"(0.2494,0.1567) (0.2836,0.5763) (0.2977,1.3134) (0.1694,2.4000)","LG+I{0.0000}+R4{0.2494,0.1567,0.2836,0.5763,0.2977,1.3134,0.1694,2.4000}"
YOR359W,LG+I+G4,0.0000,0.7121,,LG+I{0.0000}+G4{0.7121}
YOR360C,LG+I+R4,0.0256,,"(0.1631,0.0425) (0.2816,0.3882) (0.2509,1.0006) (0.2788,2.2691)","LG+I{0.0256}+R4{0.1631,0.0425,0.2816,0.3882,0.2509,1.0006,0.2788,2.2691}"
YDR430C,LG+I+G4,0.0244,1.0321,,LG+I{0.0244}+G4{1.0321}
YDR415C,LG+I+G4,0.0756,0.8815,,LG+I{0.0756}+G4{0.8815}
YLR310C,LG+I+G4,0.0000,1.7890,,LG+I{0.0000}+G4{1.7890}
YOR017W,LG+I+R4,0.0000,,"(0.2310,0.0933) (0.3240,0.5400) (0.2578,1.2225) (0.1873,2.6080)","LG+I{0.0000}+R4{0.2310,0.0933,0.3240,0.5400,0.2578,1.2225,0.1873,2.6080}"
YGR210C,LG+I+G4,0.0250,0.7177,,LG+I{0.0250}+G4{0.7177}
YEL070W,LG+I,0.3290,,,LG+I{0.3290}
YMR223W,LG+I+G4,0.0924,1.0304,,LG+I{0.0924}+G4{1.0304}
YLR231C,LG+I+G4,0.0686,0.7887,,LG+I{0.0686}+G4{0.7887}
YLR113W,LG+I+G4,0.2593,0.6329,,LG+I{0.2593}+G4{0.6329}
YNL021W,LG+I+G4,0.1990,1.0891,,LG+I{0.1990}+G4{1.0891}
YIR038C,LG+I+G4,0.0000,1.9421,,LG+I{0.0000}+G4{1.9421}
YDL218W,LG+F+I+G4,0.0178,2.4100,,LG+F+I{0.0178}+G4{2.4100}
YHR030C,LG+I+G4,0.0765,0.6897,,LG+I{0.0765}+G4{0.6897}
YJR092W,LG+I+G4,0.0000,1.2278,,LG+I{0.0000}+G4{1.2278}
YBL016W,LG+I+G4,0.1384,0.7722,,LG+I{0.1384}+G4{0.7722}
YBL035C,LG+I+G4,0.0113,1.2702,,LG+I{0.0113}+G4{1.2702}
YMR059W,LG+I+G4,0.0000,1.0411,,LG+I{0.0000}+G4{1.0411}
YJR110W,LG+I+G4,0.0000,1.1077,,LG+I{0.0000}+G4{1.1077}
YDR159W,LG+F+I+R3,0.0000,,"(0.1158,0.1232) (0.3560,0.5766) (0.5282,1.4775)","LG+F+I{0.0000}+R3{0.1158,0.1232,0.3560,0.5766,0.5282,1.4775}"
YOR124C,LG+I+G4,0.0000,2.2429,,LG+I{0.0000}+G4{2.2429}
YDR332W,LG+I+G4,0.0000,1.1422,,LG+I{0.0000}+G4{1.1422}
YOL090W,LG+I+G4,0.0000,1.1034,,LG+I{0.0000}+G4{1.1034}
YLR293C,LG+I+G4,0.3550,0.8171,,LG+I{0.3550}+G4{0.8171}
YDR013W,LG+I+G4,0.0000,0.9619,,LG+I{0.0000}+G4{0.9619}
YFR051C,LG+I+G4,0.0544,1.1973,,LG+I{0.0544}+G4{1.1973}
YGL068W,LG+I+G4,0.0000,0.8012,,LG+I{0.0000}+G4{0.8012}
YCR011C,LG+I+G4,0.0621,0.5484,,LG+I{0.0621}+G4{0.5484}
YGL124C,LG+I+G4,0.0250,1.4218,,LG+I{0.0250}+G4{1.4218}
YLR268W,LG+I+G4,0.0000,1.8525,,LG+I{0.0000}+G4{1.8525}
YDR425W,LG+I+G4,0.0000,1.1420,,LG+I{0.0000}+G4{1.1420}
YOR188W,LG+I+G4,0.0014,1.5865,,LG+I{0.0014}+G4{1.5865}
YER036C,LG+I+G4,0.3112,0.6545,,LG+I{0.3112}+G4{0.6545}
YCR073C,LG+I+G4,0.1640,0.8393,,LG+I{0.1640}+G4{0.8393}
YKL071W,LG+F+I+G4,0.0000,1.3119,,LG+F+I{0.0000}+G4{1.3119}
YLR001C,LG+I+G4,0.0000,1.0747,,LG+I{0.0000}+G4{1.0747}
YBR080C,LG+I+G4,0.0000,1.3541,,LG+I{0.0000}+G4{1.3541}
YDR373W,LG+I+G4,0.0619,1.4897,,LG+I{0.0619}+G4{1.4897}
YDL113C,LG+I+G4,0.0829,1.0818,,LG+I{0.0829}+G4{1.0818}
YFR032C,LG+I+G4,0.0000,0.8276,,LG+I{0.0000}+G4{0.8276}
YJR100C,LG+I+G4,0.0289,0.7109,,LG+I{0.0289}+G4{0.7109}
YNL115C,LG+I+G4,0.0266,1.6535,,LG+I{0.0266}+G4{1.6535}
YER093C,LG+F+I+G4,0.0096,1.8466,,LG+F+I{0.0096}+G4{1.8466}
YCR030C,LG+F+I+G4,0.0004,1.1277,,LG+F+I{0.0004}+G4{1.1277}
YGL094C,LG+F+I+R4,0.0000,,"(0.0408,0.0492) (0.2905,0.3581) (0.4355,0.9640) (0.2331,2.0340)","LG+F+I{0.0000}+R4{0.0408,0.0492,0.2905,0.3581,0.4355,0.9640,0.2331,2.0340}"
YDR334W,LG+I+G4,0.3678,0.7076,,LG+I{0.3678}+G4{0.7076}
YPL093W,LG+I+G4,0.3799,0.7626,,LG+I{0.3799}+G4{0.7626}
YHR144C,LG+I+G4,0.2194,0.6160,,LG+I{0.2194}+G4{0.6160}
YLL018C,LG+I+G4,0.0146,1.0045,,LG+I{0.0146}+G4{1.0045}
YGL082W,LG+F+I+G4,0.0068,1.3831,,LG+F+I{0.0068}+G4{1.3831}
YML085C,LG+I+R3,0.0214,,"(0.4175,0.1715) (0.4082,0.9568) (0.1528,3.5190)","LG+I{0.0214}+R3{0.4175,0.1715,0.4082,0.9568,0.1528,3.5190}"
YDR124W,LG+F+I+G4,0.0000,5.7424,,LG+F+I{0.0000}+G4{5.7424}
YGL083W,LG+F+I+G4,0.0262,1.4115,,LG+F+I{0.0262}+G4{1.4115}
YPR097W,LG+I+G4,0.0087,0.9952,,LG+I{0.0087}+G4{0.9952}
YGR021W,LG+I+G4,0.0023,1.0017,,LG+I{0.0023}+G4{1.0017}
YDL226C,LG+I+G4,0.2132,0.7191,,LG+I{0.2132}+G4{0.7191}
YHL023C,LG+I+G4,0.0000,4.0027,,LG+I{0.0000}+G4{4.0027}
YDL022W,LG+I+R4,0.0099,,"(0.4042,0.0897) (0.2510,0.5991) (0.1853,1.4992) (0.1496,3.5793)","LG+I{0.0099}+R4{0.4042,0.0897,0.2510,0.5991,0.1853,1.4992,0.1496,3.5793}"
YLR438C-A,LG+I+G4,0.1107,0.6093,,LG+I{0.1107}+G4{0.6093}
YLR330W,LG+I+R3,0.0000,,"(0.5165,0.1447) (0.3313,0.8846) (0.1523,4.1524)","LG+I{0.0000}+R3{0.5165,0.1447,0.3313,0.8846,0.1523,4.1524}"
YNL201C,LG+I+G4,0.0565,0.8097,,LG+I{0.0565}+G4{0.8097}
YOL148C,LG+I,0.2038,,,LG+I{0.2038}
YDL178W,LG+I+G4,0.1062,0.6707,,LG+I{0.1062}+G4{0.6707}
YNL202W,LG+I+R4,0.0000,,"(0.3542,0.0857) (0.2337,0.4320) (0.2633,1.2321) (0.1489,3.6564)","LG+I{0.0000}+R4{0.3542,0.0857,0.2337,0.4320,0.2633,1.2321,0.1489,3.6564}"
YDR368W,LG+I+G4,0.0442,0.9409,,LG+I{0.0442}+G4{0.9409}
YGR048W,LG+I+G4,0.2083,0.9818,,LG+I{0.2083}+G4{0.9818}
YPL051W,LG+I+G4,0.0120,0.6565,,LG+I{0.0120}+G4{0.6565}
YPL218W,LG+I+R4,0.0000,,"(0.3548,0.3770) (0.3190,0.7123) (0.2373,1.3935) (0.0889,3.4666)","LG+I{0.0000}+R4{0.3548,0.3770,0.3190,0.7123,0.2373,1.3935,0.0889,3.4666}"
YNL061W,LG+I+R4,0.0000,,"(0.4809,0.0958) (0.3107,0.7388) (0.1105,2.2861) (0.0978,4.8212)","LG+I{0.0000}+R4{0.4809,0.0958,0.3107,0.7388,0.1105,2.2861,0.0978,4.8212}"
YHR104W,LG+I+G4,0.1205,1.0044,,LG+I{0.1205}+G4{1.0044}
YMR138W,LG+I+G4,0.1217,1.0245,,LG+I{0.1217}+G4{1.0245}
YOR094W,LG+I+R4,0.0146,,"(0.3878,0.0772) (0.3735,0.5507) (0.1235,1.8132) (0.1007,5.3693)","LG+I{0.0146}+R4{0.3878,0.0772,0.3735,0.5507,0.1235,1.8132,0.1007,5.3693}"
YCL054W,LG+I+G4,0.0449,1.2073,,LG+I{0.0449}+G4{1.2073}
YBR164C,LG+I+G4,0.3700,0.6299,,LG+I{0.3700}+G4{0.6299}
YML001W,LG+I+G4,0.0684,0.6290,,LG+I{0.0684}+G4{0.6290}
YPL031C,LG+I+R4,0.0293,,"(0.5901,0.1080) (0.1752,1.0040) (0.1216,2.3359) (0.0838,5.6841)","LG+I{0.0293}+R4{0.5901,0.1080,0.1752,1.0040,0.1216,2.3359,0.0838,5.6841}"
YDR236C,LG+I+G4,0.0000,0.6795,,LG+I{0.0000}+G4{0.6795}
YLR446W,LG+I+G4,0.0000,0.8512,,LG+I{0.0000}+G4{0.8512}
YNL084C,LG+I+G4,0.1446,0.9760,,LG+I{0.1446}+G4{0.9760}
YLR181C,LG+I+G4,0.0000,0.6403,,LG+I{0.0000}+G4{0.6403}
YBL105C,LG+I+G4,0.0559,2.3834,,LG+I{0.0559}+G4{2.3834}
YDL137W,LG+I+R4,0.0001,,"(0.2154,0.0079) (0.5123,0.3797) (0.2177,1.7128) (0.0544,7.9165)","LG+I{0.0001}+R4{0.2154,0.0079,0.5123,0.3797,0.2177,1.7128,0.0544,7.9165}"
YPL174C,LG+I+R4,0.0000,,"(0.3031,0.1061) (0.3307,0.6107) (0.2859,1.6267) (0.0804,3.7432)","LG+I{0.0000}+R4{0.3031,0.1061,0.3307,0.6107,0.2859,1.6267,0.0804,3.7432}"
YPL169C,LG+I+G4,0.0000,1.3683,,LG+I{0.0000}+G4{1.3683}
YLR115W,LG+I+G4,0.0000,2.2141,,LG+I{0.0000}+G4{2.2141}
YMR067C,LG+I+G4,0.0512,2.6400,,LG+I{0.0512}+G4{2.6400}
YDR305C,LG+F+I+G4,0.0000,3.1808,,LG+F+I{0.0000}+G4{3.1808}
YMR168C,LG+I+G4,0.0000,0.9160,,LG+I{0.0000}+G4{0.9160}
YDR458C,LG+I+G4,0.0000,1.1724,,LG+I{0.0000}+G4{1.1724}
YNL229C,LG+I+G4,0.0449,0.7631,,LG+I{0.0449}+G4{0.7631}
YDL093W,LG+I+G4,0.0358,0.6966,,LG+I{0.0358}+G4{0.6966}
YDR328C,LG+I+G4,0.0000,1.7712,,LG+I{0.0000}+G4{1.7712}
YPR108W,LG+I+G4,0.0689,0.6436,,LG+I{0.0689}+G4{0.6436}
YER130C,JTT+R3,,,"(0.6704,0.1487) (0.2560,1.3319) (0.0736,7.6004)","JTT+R3{0.6704,0.1487,0.2560,1.3319,0.0736,7.6004}"
YKL062W,LG+I+R3,0.0000,,"(0.7117,0.1835) (0.2164,0.9624) (0.0719,9.1958)","LG+I{0.0000}+R3{0.7117,0.1835,0.2164,0.9624,0.0719,9.1958}"
YDR359C,LG+I+G4,0.1864,0.8450,,LG+I{0.1864}+G4{0.8450}
YBR265W,LG+F+I+G4,0.0598,1.1182,,LG+F+I{0.0598}+G4{1.1182}
YPL117C,LG+I+G4,0.3049,0.6622,,LG+I{0.3049}+G4{0.6622}
YPL116W,LG+I+G4,0.0966,0.8524,,LG+I{0.0966}+G4{0.8524}
YOR196C,LG+I+R4,0.0039,,"(0.6502,0.1368) (0.2301,1.1066) (0.0691,3.7912) (0.0467,8.4448)","LG+I{0.0039}+R4{0.6502,0.1368,0.2301,1.1066,0.0691,3.7912,0.0467,8.4448}"
YGL066W,LG+I,0.1776,,,LG+I{0.1776}
YLR244C,LG+I+G4,0.0000,0.8998,,LG+I{0.0000}+G4{0.8998}
YNL236W,LG+I+G4,0.0122,1.0675,,LG+I{0.0122}+G4{1.0675}
YAL062W,LG+I+R4,0.0059,,"(0.4582,0.1149) (0.2644,0.3627) (0.1968,1.8543) (0.0747,6.5136)","LG+I{0.0059}+R4{0.4582,0.1149,0.2644,0.3627,0.1968,1.8543,0.0747,6.5136}"
YDR482C,LG+I+G4,0.0000,1.3731,,LG+I{0.0000}+G4{1.3731}
YFL005W,LG+I+G4,0.1839,0.8030,,LG+I{0.1839}+G4{0.8030}
YDL002C,LG+I+G4,0.0000,1.3059,,LG+I{0.0000}+G4{1.3059}
YBR014C,JTT+G4,,0.6948,,JTT+G4{0.6948}
YKL032C,LG+I+G4,0.0000,4.3359,,LG+I{0.0000}+G4{4.3359}
YNL304W,LG+I+G4,0.1903,2.5260,,LG+I{0.1903}+G4{2.5260}
YOL133W,JTT+R2,,,"(0.7607,0.3632) (0.2393,3.0243)","JTT+R2{0.7607,0.3632,0.2393,3.0243}"
YBR159W,LG+I+G4,0.0000,0.7695,,LG+I{0.0000}+G4{0.7695}
YER031C,LG+I+G4,0.0419,0.6283,,LG+I{0.0419}+G4{0.6283}
YJR040W,LG+I+G4,0.0475,1.1610,,LG+I{0.0475}+G4{1.1610}
YBR089C-A,LG+I+G4,0.0040,0.9188,,LG+I{0.0040}+G4{0.9188}
YFL038C,LG+I+R3,0.0000,,"(0.6415,0.2094) (0.2452,1.4623) (0.1134,4.4735)","LG+I{0.0000}+R3{0.6415,0.2094,0.2452,1.4623,0.1134,4.4735}"
YNL216W,LG+I+G4,0.0000,2.0779,,LG+I{0.0000}+G4{2.0779}
YDL117W,LG+I+G4,0.0183,1.1992,,LG+I{0.0183}+G4{1.1992}
YOR346W,LG+I+G4,0.1789,1.4330,,LG+I{0.1789}+G4{1.4330}
YBR160W,LG+I+G4,0.2846,0.7072,,LG+I{0.2846}+G4{0.7072}
YPR161C,LG+I+G4,0.0810,0.7286,,LG+I{0.0810}+G4{0.7286}
YGL194C,LG+I+G4,0.2555,0.8216,,LG+I{0.2555}+G4{0.8216}
YKL139W,LG+I+G4,0.1874,0.7739,,LG+I{0.1874}+G4{0.7739}
YDL108W,LG+I+G4,0.2423,0.7902,,LG+I{0.2423}+G4{0.7902}
YNL330C,LG+I+G4,0.3442,0.6437,,LG+I{0.3442}+G4{0.6437}
YBR196C,LG+F+I+G4,0.3455,0.8241,,LG+F+I{0.3455}+G4{0.8241}
YBR119W,LG+I+G4,0.0000,1.6580,,LG+I{0.0000}+G4{1.6580}
YER137C,LG+I+G4,0.0000,0.7386,,LG+I{0.0000}+G4{0.7386}
YDR011W,LG+I+G4,0.0000,1.6651,,LG+I{0.0000}+G4{1.6651}
YIL013C,LG+I+G4,0.0257,1.0128,,LG+I{0.0257}+G4{1.0128}
YIR009W,LG+I+G4,0.0000,1.9849,,LG+I{0.0000}+G4{1.9849}
YMR304W,LG+I+G4,0.0600,1.0983,,LG+I{0.0600}+G4{1.0983}
YDL048C,LG+I+G4,0.1539,0.7720,,LG+I{0.1539}+G4{0.7720}
YDR406W,LG+I+G4,0.0438,1.1996,,LG+I{0.0438}+G4{1.1996}
YHR006W,LG+I+G4,0.3082,0.6392,,LG+I{0.3082}+G4{0.6392}
YDR466W,LG+I+G4,0.1336,0.7330,,LG+I{0.1336}+G4{0.7330}
YDR490C,LG+I+R3,0.0366,,"(0.4945,0.1449) (0.3423,0.9907) (0.1266,4.6550)","LG+I{0.0366}+R3{0.4945,0.1449,0.3423,0.9907,0.1266,4.6550}"
YML104C,LG+I+G4,0.0746,1.0245,,LG+I{0.0746}+G4{1.0245}
YOR184W,LG+F+I+R4,0.0218,,"(0.1885,0.0100) (0.3896,0.4312) (0.2872,1.2422) (0.1128,4.1955)","LG+F+I{0.0218}+R4{0.1885,0.0100,0.3896,0.4312,0.2872,1.2422,0.1128,4.1955}"
YIL128W,LG+F+I+G4,0.0000,0.9189,,LG+F+I{0.0000}+G4{0.9189}
YHR011W,LG+I+G4,0.1754,0.8297,,LG+I{0.1754}+G4{0.8297}
YLR289W,LG+I+G4,0.1191,0.5018,,LG+I{0.1191}+G4{0.5018}
YNL073W,LG+I+G4,0.1540,0.9209,,LG+I{0.1540}+G4{0.9209}
YNL247W,LG+I+G4,0.2435,0.7551,,LG+I{0.2435}+G4{0.7551}
YDR037W,LG+I+G4,0.2111,1.1124,,LG+I{0.2111}+G4{1.1124}
YJL132W,LG+I+G4,0.0000,0.8601,,LG+I{0.0000}+G4{0.8601}
YDR004W,LG+I+R4,0.0144,,"(0.0806,0.0366) (0.2864,0.3614) (0.3817,0.8233) (0.2369,2.4449)","LG+I{0.0144}+R4{0.0806,0.0366,0.2864,0.3614,0.3817,0.8233,0.2369,2.4449}"
YKL181W,JTT+G4,,1.0966,,JTT+G4{1.0966}
YHL027W,LG+I+R4,0.0000,,"(0.6124,0.1297) (0.1541,0.6446) (0.1643,2.4654) (0.0692,6.0124)","LG+I{0.0000}+R4{0.6124,0.1297,0.1541,0.6446,0.1643,2.4654,0.0692,6.0124}"
YER095W,LG+I+G4,0.1085,0.8356,,LG+I{0.1085}+G4{0.8356}
YMR004W,LG+I+G4,0.1181,1.0565,,LG+I{0.1181}+G4{1.0565}
YER179W,LG+I+G4,0.1725,1.0360,,LG+I{0.1725}+G4{1.0360}
YOR129C,LG+I+G4,0.0491,1.9121,,LG+I{0.0491}+G4{1.9121}
YDR337W,LG+I+R4,0.0000,,"(0.3268,0.1118) (0.1744,0.4083) (0.3994,1.4488) (0.0994,3.1535)","LG+I{0.0000}+R4{0.3268,0.1118,0.1744,0.4083,0.3994,1.4488,0.0994,3.1535}"
YPR133C,LG+I+G4,0.0078,0.5341,,LG+I{0.0078}+G4{0.5341}
YGL180W,LG+I+G4,0.1641,0.8958,,LG+I{0.1641}+G4{0.8958}
YKR023W,LG+I+G4,0.1683,0.7640,,LG+I{0.1683}+G4{0.7640}
YBR035C,LG+I+G4,0.0046,0.7198,,LG+I{0.0046}+G4{0.7198}
YNL152W,LG+I+G4,0.0000,2.3253,,LG+I{0.0000}+G4{2.3253}
YBR228W,LG+I+G4,0.0016,0.5839,,LG+I{0.0016}+G4{0.5839}
YPL188W,LG+I+G4,0.1294,0.8392,,LG+I{0.1294}+G4{0.8392}
YPL091W,LG+I+G4,0.0000,1.2420,,LG+I{0.0000}+G4{1.2420}
YGR209C,LG+I+G4,0.0120,1.8479,,LG+I{0.0120}+G4{1.8479}
YCL059C,LG+I+G4,0.1944,0.8280,,LG+I{0.1944}+G4{0.8280}
YPL008W,LG+I+G4,0.0298,0.8770,,LG+I{0.0298}+G4{0.8770}
YGL133W,LG+I+G4,0.0318,1.0119,,LG+I{0.0318}+G4{1.0119}
YCR083W,LG+I+G4,0.1295,1.1483,,LG+I{0.1295}+G4{1.1483}
YPL011C,LG+I+G4,0.0000,1.7185,,LG+I{0.0000}+G4{1.7185}
YMR108W,LG+I+G4,0.4046,0.7605,,LG+I{0.4046}+G4{0.7605}
YPL160W,LG+I+G4,0.1990,0.7093,,LG+I{0.1990}+G4{0.7093}
YNR033W,LG+I+G4,0.0911,0.8651,,LG+I{0.0911}+G4{0.8651}
YKL058W,LG+I+G4,0.1133,1.1005,,LG+I{0.1133}+G4{1.1005}
YMR164C,LG+I+R3,0.0000,,"(0.4330,0.4583) (0.4816,0.9576) (0.0855,3.9829)","LG+I{0.0000}+R3{0.4330,0.4583,0.4816,0.9576,0.0855,3.9829}"
YJL046W,LG+I+R4,0.0138,,"(0.2200,0.0508) (0.2403,0.3652) (0.2670,1.0300) (0.2590,2.4178)","LG+I{0.0138}+R4{0.2200,0.0508,0.2403,0.3652,0.2670,1.0300,0.2590,2.4178}"
YDR261C,LG+F+I+G4,0.1008,1.3342,,LG+F+I{0.1008}+G4{1.3342}
YNL287W,LG+F+I+G4,0.0212,1.1570,,LG+F+I{0.0212}+G4{1.1570}
YLR300W,LG+I+G4,0.0838,0.7606,,LG+I{0.0838}+G4{0.7606}
YOR386W,LG+I+G4,0.0338,1.4366,,LG+I{0.0338}+G4{1.4366}
YNL284C,LG+I+G4,0.0000,1.0027,,LG+I{0.0000}+G4{1.0027}
YDR457W,LG+I+R4,0.0000,,"(0.4954,0.1972) (0.3129,0.9255) (0.1066,2.1325) (0.0850,4.5311)","LG+I{0.0000}+R4{0.4954,0.1972,0.3129,0.9255,0.1066,2.1325,0.0850,4.5311}"
YBR270C,LG+F+I+G4,0.0000,2.5307,,LG+F+I{0.0000}+G4{2.5307}
YAR014C,LG+I+R3,0.0000,,"(0.5808,0.5251) (0.3710,1.0044) (0.0482,6.6840)","LG+I{0.0000}+R3{0.5808,0.5251,0.3710,1.0044,0.0482,6.6840}"
YLR245C,LG+I+G4,0.0000,0.9340,,LG+I{0.0000}+G4{0.9340}
YPR010C,LG+I+G4,0.2217,0.9373,,LG+I{0.2217}+G4{0.9373}
YGR080W,LG+I+G4,0.0000,1.2258,,LG+I{0.0000}+G4{1.2258}
YFL047W,LG+I+G4,0.0000,1.7150,,LG+I{0.0000}+G4{1.7150}
YJR127C,LG+I+R4,0.0000,,"(0.1336,0.1927) (0.4628,0.6652) (0.3427,1.3500) (0.0610,3.3416)","LG+I{0.0000}+R4{0.1336,0.1927,0.4628,0.6652,0.3427,1.3500,0.0610,3.3416}"
YCR042C,LG+I+G4,0.0048,0.6630,,LG+I{0.0048}+G4{0.6630}
YOR111W,LG+I+G4,0.0038,0.9523,,LG+I{0.0038}+G4{0.9523}
YNL110C,LG+I+R4,0.0056,,"(0.3028,0.1183) (0.3371,0.5429) (0.2998,1.5493) (0.0548,5.7838)","LG+I{0.0056}+R4{0.3028,0.1183,0.3371,0.5429,0.2998,1.5493,0.0548,5.7838}"
YPL086C,LG+I+G4,0.1572,0.6911,,LG+I{0.1572}+G4{0.6911}
YNL108C,LG+I+R4,0.0129,,"(0.2197,0.0687) (0.3167,0.5420) (0.2794,1.2401) (0.1714,2.7236)","LG+I{0.0129}+R4{0.2197,0.0687,0.3167,0.5420,0.2794,1.2401,0.1714,2.7236}"
YLR239C,LG+I+G4,0.1174,1.2332,,LG+I{0.1174}+G4{1.2332}
YDR303C,JTT+G4,,0.3815,,JTT+G4{0.3815}
YMR260C,LG+I+G4,0.1258,0.6187,,LG+I{0.1258}+G4{0.6187}
YHR027C,LG+I+G4,0.2259,0.8284,,LG+I{0.2259}+G4{0.8284}
YDR312W,LG+I+G4,0.0918,1.0936,,LG+I{0.0918}+G4{1.0936}
YHR028C,LG+I+G4,0.0906,0.8535,,LG+I{0.0906}+G4{0.8535}
YAL003W,LG+I+G4,0.0000,0.8980,,LG+I{0.0000}+G4{0.8980}
YLR380W,LG+I+G4,0.0216,1.0082,,LG+I{0.0216}+G4{1.0082}
YBR218C,LG+I+G4,0.0301,0.6753,,LG+I{0.0301}+G4{0.6753}
YOR228C,LG+F+I+G4,0.0000,0.8942,,LG+F+I{0.0000}+G4{0.8942}
YDL035C,LG+I+G4,0.0036,1.2244,,LG+I{0.0036}+G4{1.2244}
YCR012W,LG+F+I+R4,0.0362,,"(0.4253,0.0397) (0.2192,0.5623) (0.2014,1.8246) (0.1180,4.1751)","LG+F+I{0.0362}+R4{0.4253,0.0397,0.2192,0.5623,0.2014,1.8246,0.1180,4.1751}"
YCR092C,LG+I+G4,0.0139,1.1415,,LG+I{0.0139}+G4{1.1415}
YOR084W,LG+I+G4,0.0390,1.4558,,LG+I{0.0390}+G4{1.4558}
YLR189C,LG+I+G4,0.0171,1.2919,,LG+I{0.0171}+G4{1.2919}
YOL107W,LG+F+I+G4,0.0000,1.4893,,LG+F+I{0.0000}+G4{1.4893}
YDR097C,LG+I+G4,0.0249,0.6632,,LG+I{0.0249}+G4{0.6632}
YER078C,LG+I+G4,0.1146,1.1279,,LG+I{0.1146}+G4{1.1279}
YPL167C,LG+I+G4,0.0000,0.8292,,LG+I{0.0000}+G4{0.8292}
YGL236C,LG+I+G4,0.0000,1.2122,,LG+I{0.0000}+G4{1.2122}
YHR070W,LG+I+G4,0.0549,0.6311,,LG+I{0.0549}+G4{0.6311}
YBR179C,LG+I+R4,0.0182,,"(0.3194,0.0691) (0.3371,0.4097) (0.1615,1.5330) (0.1638,3.6163)","LG+I{0.0182}+R4{0.3194,0.0691,0.3371,0.4097,0.1615,1.5330,0.1638,3.6163}"
YIR007W,LG+I+G4,0.0931,0.8860,,LG+I{0.0931}+G4{0.8860}
YDL102W,LG+I+G4,0.0302,1.2935,,LG+I{0.0302}+G4{1.2935}
YNL283C,JTT+G4,,7.4419,,JTT+G4{7.4419}
YFR047C,LG+I+G4,0.0002,0.8984,,LG+I{0.0002}+G4{0.8984}
YDR539W,LG+I+G4,0.0000,1.3363,,LG+I{0.0000}+G4{1.3363}
YDR122W,LG+I+G4,0.0986,0.6777,,LG+I{0.0986}+G4{0.6777}
YBR274W,LG+I+G4,0.1141,0.9578,,LG+I{0.1141}+G4{0.9578}
YCR072C,LG+I+G4,0.0256,1.0321,,LG+I{0.0256}+G4{1.0321}
YBL004W,LG+F+I+G4,0.0000,1.3163,,LG+F+I{0.0000}+G4{1.3163}
YOR310C,LG+I+G4,0.0696,0.9009,,LG+I{0.0696}+G4{0.9009}
YGL112C,LG+I+G4,0.0298,0.9707,,LG+I{0.0298}+G4{0.9707}
YCR053W,LG+I+G4,0.1122,0.6172,,LG+I{0.1122}+G4{0.6172}
YMR224C,LG+I+G4,0.0877,0.8564,,LG+I{0.0877}+G4{0.8564}
YBR133C,LG+I+R4,0.0000,,"(0.0977,0.2571) (0.5465,0.6200) (0.2416,1.2530) (0.1142,2.9188)","LG+I{0.0000}+R4{0.0977,0.2571,0.5465,0.6200,0.2416,1.2530,0.1142,2.9188}"
YBR076W,LG+I+G4,0.0002,0.8432,,LG+I{0.0002}+G4{0.8432}
YDR385W,LG+I+G4,0.5432,0.7083,,LG+I{0.5432}+G4{0.7083}
YCL018W,LG+I+R4,0.0006,,"(0.4608,0.2000) (0.2797,0.7334) (0.1583,1.8656) (0.1006,4.0494)","LG+I{0.0006}+R4{0.4608,0.2000,0.2797,0.7334,0.1583,1.8656,0.1006,4.0494}"
YCL017C,LG+I+G4,0.3531,0.7422,,LG+I{0.3531}+G4{0.7422}
YBR286W,LG+I+G4,0.0000,0.7431,,LG+I{0.0000}+G4{0.7431}
YKL173W,LG+F+I+G4,0.0534,1.1164,,LG+F+I{0.0534}+G4{1.1164}
YKL160W,LG+I+G4,0.0545,1.2089,,LG+I{0.0545}+G4{1.2089}
YKR001C,LG+I+G4,0.4054,0.4864,,LG+I{0.4054}+G4{0.4864}
YGR207C,LG+F+I+G4,0.0000,0.8565,,LG+F+I{0.0000}+G4{0.8565}
YAR018C,LG+I+G4,0.1822,0.8392,,LG+I{0.1822}+G4{0.8392}
YPL149W,LG+I+G4,0.0000,1.4441,,LG+I{0.0000}+G4{1.4441}
YIR034C,LG+I+G4,0.0001,1.9308,,LG+I{0.0001}+G4{1.9308}
YLR045C,LG+I+G4,0.0000,3.7033,,LG+I{0.0000}+G4{3.7033}
YAR015W,LG+F+I+G4,0.2488,0.8039,,LG+F+I{0.2488}+G4{0.8039}
YBR202W,LG+I+G4,0.0980,1.3571,,LG+I{0.0980}+G4{1.3571}
YKL040C,LG+I+G4,0.0000,1.7221,,LG+I{0.0000}+G4{1.7221}
YKR071C,LG+F+I+G4,0.0000,1.5415,,LG+F+I{0.0000}+G4{1.5415}
YKL089W,LG+I+G4,0.0151,1.6590,,LG+I{0.0151}+G4{1.6590}
YMR286W,LG+I+G4,0.0305,1.2236,,LG+I{0.0305}+G4{1.2236}
YOL143C,LG+I+R4,0.0010,,"(0.4787,0.1328) (0.2852,0.8615) (0.1797,2.4129) (0.0554,4.6441)","LG+I{0.0010}+R4{0.4787,0.1328,0.2852,0.8615,0.1797,2.4129,0.0554,4.6441}"
YGR178C,LG+I+G4,0.0240,2.6162,,LG+I{0.0240}+G4{2.6162}
YLR418C,LG+F+I+G4,0.0000,2.6901,,LG+F+I{0.0000}+G4{2.6901}
YGL093W,LG+F+I+G4,0.0000,3.9344,,LG+F+I{0.0000}+G4{3.9344}
YMR287C,LG+F+I+R4,0.0041,,"(0.1671,0.0881) (0.1825,0.3924) (0.2789,0.8223) (0.3674,1.8625)","LG+F+I{0.0041}+R4{0.1671,0.0881,0.1825,0.3924,0.2789,0.8223,0.3674,1.8625}"
YNL088W,LG+I+G4,0.4664,0.8963,,LG+I{0.4664}+G4{0.8963}
YBR299W,LG+I+G4,0.1228,1.0048,,LG+I{0.1228}+G4{1.0048}
YMR265C,LG+I+R4,0.0000,,"(0.1333,0.1334) (0.2850,0.5285) (0.3781,1.0861) (0.2035,2.0679)","LG+I{0.0000}+R4{0.1333,0.1334,0.2850,0.5285,0.3781,1.0861,0.2035,2.0679}"
YKR054C,LG+F+I+R4,0.0005,,"(0.2715,0.0726) (0.3499,0.4897) (0.2327,1.3384) (0.1454,3.4223)","LG+F+I{0.0005}+R4{0.2715,0.0726,0.3499,0.4897,0.2327,1.3384,0.1454,3.4223}"
YGL167C,LG+I+G4,0.1258,1.0284,,LG+I{0.1258}+G4{1.0284}
YOL140W,LG+F+I+R4,0.0000,,"(0.4036,0.1275) (0.2750,0.7444) (0.1848,1.4877) (0.1366,3.4327)","LG+F+I{0.0000}+R4{0.4036,0.1275,0.2750,0.7444,0.1848,1.4877,0.1366,3.4327}"
YGR267C,LG+I+R4,0.0011,,"(0.6060,0.1565) (0.2565,1.0800) (0.0918,2.7209) (0.0446,8.4730)","LG+I{0.0011}+R4{0.6060,0.1565,0.2565,1.0800,0.0918,2.7209,0.0446,8.4730}"
YDR170C,LG+I+G4,0.0931,0.8663,,LG+I{0.0931}+G4{0.8663}
YGL065C,LG+I+G4,0.1103,0.8184,,LG+I{0.1103}+G4{0.8184}
YOR168W,LG+I+G4,0.3080,0.6002,,LG+I{0.3080}+G4{0.6002}
YLR059C,LG+I+G4,0.0514,0.6502,,LG+I{0.0514}+G4{0.6502}
YPL231W,LG+I+R4,0.0062,,"(0.4448,0.1408) (0.2181,0.8052) (0.2208,1.7600) (0.1100,3.3912)","LG+I{0.0062}+R4{0.4448,0.1408,0.2181,0.8052,0.2208,1.7600,0.1100,3.3912}"
YGR094W,LG+I+R4,0.0194,,"(0.4194,0.0750) (0.2106,0.4890) (0.1920,1.5596) (0.1586,3.5701)","LG+I{0.0194}+R4{0.4194,0.0750,0.2106,0.4890,0.1920,1.5596,0.1586,3.5701}"
Q0275,LG+I+G4,0.0000,1.6482,,LG+I{0.0000}+G4{1.6482}
YPL207W,LG+I+G4,0.1196,1.2105,,LG+I{0.1196}+G4{1.2105}
YFR033C,LG+I+G4,0.0161,0.8741,,LG+I{0.0161}+G4{0.8741}
YDR293C,LG+I+G4,0.2320,0.8962,,LG+I{0.2320}+G4{0.8962}
YIL083C,JTT+R2,,,"(0.9277,0.5033) (0.0723,7.3748)","JTT+R2{0.9277,0.5033,0.0723,7.3748}"
YLL035W,LG+I+G4,0.0073,0.9990,,LG+I{0.0073}+G4{0.9990}
YFL048C,LG+F+I+G4,0.0000,2.0698,,LG+F+I{0.0000}+G4{2.0698}
YNL063W,LG+I+R3,0.0000,,"(0.4836,0.1852) (0.3506,1.2123) (0.1658,2.9282)","LG+I{0.0000}+R3{0.4836,0.1852,0.3506,1.2123,0.1658,2.9282}"
YCR071C,LG+I+G4,0.0172,1.4693,,LG+I{0.0172}+G4{1.4693}
YER037W,LG+I+G4,0.1111,0.7953,,LG+I{0.1111}+G4{0.7953}
YNL137C,LG+I+G4,0.1831,1.0638,,LG+I{0.1831}+G4{1.0638}
YGR063C,LG+I+G4,0.0000,0.9601,,LG+I{0.0000}+G4{0.9601}
YOL154W,LG+I+G4,0.0038,2.4817,,LG+I{0.0038}+G4{2.4817}
YLR409C,LG+F+I+G4,0.0098,1.0981,,LG+F+I{0.0098}+G4{1.0981}
YJL056C,LG+I+G4,0.0000,1.3157,,LG+I{0.0000}+G4{1.3157}
YDR045C,LG+I+G4,0.0263,0.5107,,LG+I{0.0263}+G4{0.5107}
YDR524C,LG+I+G4,0.0141,0.6731,,LG+I{0.0141}+G4{0.6731}
YCR008W,LG+I+G4,0.0538,0.8648,,LG+I{0.0538}+G4{0.8648}
YMR006C,LG+I+R4,0.0000,,"(0.3307,0.1992) (0.3671,0.7054) (0.2456,1.7353) (0.0567,4.3948)","LG+I{0.0000}+R4{0.3307,0.1992,0.3671,0.7054,0.2456,1.7353,0.0567,4.3948}"
YGL181W,LG+I+G4,0.0000,0.6668,,LG+I{0.0000}+G4{0.6668}
YJR059W,LG+I+G4,0.0350,1.0034,,LG+I{0.0350}+G4{1.0034}
YHR193C,LG+I+G4,0.0217,1.2547,,LG+I{0.0217}+G4{1.2547}
YDR127W,LG+I+G4,0.3510,0.7503,,LG+I{0.3510}+G4{0.7503}
YER168C,LG+I+G4,0.2004,0.7126,,LG+I{0.2004}+G4{0.7126}
YEL038W,LG+F+I+R4,0.0380,,"(0.1876,0.0344) (0.2657,0.3574) (0.2299,1.0618) (0.2788,2.3477)","LG+F+I{0.0380}+R4{0.1876,0.0344,0.2657,0.3574,0.2299,1.0618,0.2788,2.3477}"
YDL025C,LG+I+R4,0.0077,,"(0.3162,0.0863) (0.2866,0.4881) (0.2007,1.3410) (0.1889,2.9847)","LG+I{0.0077}+R4{0.3162,0.0863,0.2866,0.4881,0.2007,1.3410,0.1889,2.9847}"
YGL130W,LG+I+G4,0.1364,1.1382,,LG+I{0.1364}+G4{1.1382}
YCL024W,LG+I+R4,0.0008,,"(0.5127,0.0930) (0.3061,0.6506) (0.1497,2.8222) (0.0307,10.7856)","LG+I{0.0008}+R4{0.5127,0.0930,0.3061,0.6506,0.1497,2.8222,0.0307,10.7856}"
YFR006W,LG+I+R4,0.0134,,"(0.1732,0.0524) (0.3461,0.4893) (0.3238,1.2782) (0.1436,2.8404)","LG+I{0.0134}+R4{0.1732,0.0524,0.3461,0.4893,0.3238,1.2782,0.1436,2.8404}"
YJR089W,LG+I+G4,0.0000,1.1109,,LG+I{0.0000}+G4{1.1109}
YDR453C,LG+I+R4,0.0000,,"(0.5021,0.1331) (0.2330,0.7100) (0.2010,2.2586) (0.0639,4.9098)","LG+I{0.0000}+R4{0.5021,0.1331,0.2330,0.7100,0.2010,2.2586,0.0639,4.9098}"
YGL131C,LG+I+G4,0.0299,0.9884,,LG+I{0.0299}+G4{0.9884}
YBR009C,LG+I+R3,0.0000,,"(0.5632,0.1422) (0.4143,0.8637) (0.0225,24.9616)","LG+I{0.0000}+R3{0.5632,0.1422,0.4143,0.8637,0.0225,24.9616}"
YPL150W,LG+I+G4,0.1146,0.9523,,LG+I{0.1146}+G4{0.9523}
YEL050C,LG+I+G4,0.2113,0.7856,,LG+I{0.2113}+G4{0.7856}
YDR353W,LG+I+G4,0.3547,1.0125,,LG+I{0.3547}+G4{1.0125}
YLL034C,LG+I+G4,0.2041,0.6152,,LG+I{0.2041}+G4{0.6152}
YDR358W,LG+I+G4,0.0000,1.4282,,LG+I{0.0000}+G4{1.4282}
YDR477W,LG+I+G4,0.1971,0.5553,,LG+I{0.1971}+G4{0.5553}
YKL150W,LG+I+G4,0.0000,1.1750,,LG+I{0.0000}+G4{1.1750}
YNL238W,LG+I+R4,0.0146,,"(0.3442,0.0639) (0.2339,0.4384) (0.2773,1.4464) (0.1300,3.6493)","LG+I{0.0146}+R4{0.3442,0.0639,0.2339,0.4384,0.2773,1.4464,0.1300,3.6493}"
YKL149C,LG+I+R4,0.0020,,"(0.3347,0.1113) (0.3211,0.6040) (0.2554,1.6752) (0.0868,3.9279)","LG+I{0.0020}+R4{0.3347,0.1113,0.3211,0.6040,0.2554,1.6752,0.0868,3.9279}"
YAL024C,LG+I+G4,0.0000,0.9780,,LG+I{0.0000}+G4{0.9780}
YNL155W,LG+I+R3,0.0000,,"(0.5907,0.1476) (0.1851,0.9486) (0.2242,3.2883)","LG+I{0.0000}+R3{0.5907,0.1476,0.1851,0.9486,0.2242,3.2883}"
YJL045W,LG+I+G4,0.2279,0.5859,,LG+I{0.2279}+G4{0.5859}
YGR019W,LG+F+I+R4,0.0316,,"(0.2526,0.0737) (0.2775,0.4838) (0.2146,1.2311) (0.2237,2.6056)","LG+F+I{0.0316}+R4{0.2526,0.0737,0.2775,0.4838,0.2146,1.2311,0.2237,2.6056}"
YPR060C,LG+I+G4,0.0000,0.7171,,LG+I{0.0000}+G4{0.7171}
YDR311W,LG+I+G4,0.0100,1.4200,,LG+I{0.0100}+G4{1.4200}
YOL072W,LG+I+G4,0.0000,1.4904,,LG+I{0.0000}+G4{1.4904}
YOL164W,LG+I,0.0992,,,LG+I{0.0992}
YOR254C,LG+I+G4,0.1518,1.5783,,LG+I{0.1518}+G4{1.5783}
YIL132C,LG+I+G4,0.0266,2.2756,,LG+I{0.0266}+G4{2.2756}
YFL016C,LG+I+G4,0.1028,0.7059,,LG+I{0.1028}+G4{0.7059}
YDR028C,LG+I+G4,0.0265,1.6110,,LG+I{0.0265}+G4{1.6110}
YDR082W,LG+I+G4,0.0172,1.5887,,LG+I{0.0172}+G4{1.5887}
YLR028C,LG+I+G4,0.2584,0.5498,,LG+I{0.2584}+G4{0.5498}
YJR117W,LG+F+I+G4,0.0047,1.1981,,LG+F+I{0.0047}+G4{1.1981}
YBL015W,LG+I+R4,0.0000,,"(0.3755,0.0955) (0.2637,0.6424) (0.2469,1.5681) (0.1138,3.5800)","LG+I{0.0000}+R4{0.3755,0.0955,0.2637,0.6424,0.2469,1.5681,0.1138,3.5800}"
YER049W,LG+I+R4,0.0000,,"(0.4918,0.1767) (0.2273,0.6666) (0.1593,1.5699) (0.1216,4.2064)","LG+I{0.0000}+R4{0.4918,0.1767,0.2273,0.6666,0.1593,1.5699,0.1216,4.2064}"
YMR272C,LG+I+G4,0.0000,0.9641,,LG+I{0.0000}+G4{0.9641}
YHR206W,LG+I+G4,0.0601,0.6067,,LG+I{0.0601}+G4{0.6067}
YIL043C,LG+I+G4,0.0000,1.2486,,LG+I{0.0000}+G4{1.2486}
YBL036C,LG+I+G4,0.0056,0.6152,,LG+I{0.0056}+G4{0.6152}
YJR101W,LG+I+G4,0.0000,7.0157,,LG+I{0.0000}+G4{7.0157}
YNL007C,LG+I+G4,0.1127,0.9025,,LG+I{0.1127}+G4{0.9025}
YJR121W,LG+I+R3,0.0000,,"(0.7519,0.2386) (0.2334,2.3865) (0.0147,17.9190)","LG+I{0.0000}+R3{0.7519,0.2386,0.2334,2.3865,0.0147,17.9190}"
YGR249W,LG+I+R3,0.0000,,"(0.5091,0.1231) (0.3343,1.1729) (0.1566,3.4816)","LG+I{0.0000}+R3{0.5091,0.1231,0.3343,1.1729,0.1566,3.4816}"
YLR017W,LG+I+G4,0.2930,0.8666,,LG+I{0.2930}+G4{0.8666}
YJL106W,LG+I+G4,0.0880,0.8225,,LG+I{0.0880}+G4{0.8225}
YKR043C,LG+I+G4,0.1597,0.7659,,LG+I{0.1597}+G4{0.7659}
YDR400W,LG+I+R4,0.0108,,"(0.1442,0.0722) (0.3163,0.4698) (0.2675,1.0690) (0.2612,2.1249)","LG+I{0.0108}+R4{0.1442,0.0722,0.3163,0.4698,0.2675,1.0690,0.2612,2.1249}"
YGR211W,LG+I+G4,0.1759,1.0120,,LG+I{0.1759}+G4{1.0120}
YJL020C,LG+I+G4,0.1321,1.0712,,LG+I{0.1321}+G4{1.0712}
YLL015W,LG+F+I+R4,0.0000,,"(0.1120,0.1834) (0.2215,0.4675) (0.3753,0.9916) (0.2913,1.7295)","LG+F+I{0.0000}+R4{0.1120,0.1834,0.2215,0.4675,0.3753,0.9916,0.2913,1.7295}"
YDR135C,LG+F+I+G4,0.0000,1.5018,,LG+F+I{0.0000}+G4{1.5018}
YDL080C,LG+I+G4,0.0090,0.9090,,LG+I{0.0090}+G4{0.9090}
YML036W,LG+F+I+G4,0.0000,1.6690,,LG+F+I{0.0000}+G4{1.6690}
YAL063C,LG+I+R4,0.0000,,"(0.2137,0.3023) (0.2403,0.5820) (0.3578,1.1408) (0.1882,2.0586)","LG+I{0.0000}+R4{0.2137,0.3023,0.2403,0.5820,0.3578,1.1408,0.1882,2.0586}"
YPR093C,LG+I+G4,0.0000,1.5580,,LG+I{0.0000}+G4{1.5580}
YOR077W,JTT+F+R4,,,"(0.2500,1.0000) (0.2500,1.0000) (0.2500,1.0000) (0.2500,1.0001)","JTT+F+R4{0.2500,1.0000,0.2500,1.0000,0.2500,1.0000,0.2500,1.0001}"
YKL060C,LG+F+I+G4,0.2719,0.8543,,LG+F+I{0.2719}+G4{0.8543}
YML051W,LG+I+G4,0.0057,2.5940,,LG+I{0.0057}+G4{2.5940}
YPL109C,LG+I+G4,0.0780,0.9531,,LG+I{0.0780}+G4{0.9531}
YDL140C,LG+I+R4,0.0212,,"(0.3978,0.0615) (0.3725,0.5549) (0.1334,1.9330) (0.0751,6.8078)","LG+I{0.0212}+R4{0.3978,0.0615,0.3725,0.5549,0.1334,1.9330,0.0751,6.8078}"
YKL127W,LG+I+G4,0.2582,0.6734,,LG+I{0.2582}+G4{0.6734}
YOR259C,JTT+G4,,0.4167,,JTT+G4{0.4167}
YKL009W,LG+I+G4,0.0208,0.9392,,LG+I{0.0208}+G4{0.9392}
YGR270W,LG+I+G4,0.6081,0.4729,,LG+I{0.6081}+G4{0.4729}
YDR067C,LG+I+G4,0.0186,1.2831,,LG+I{0.0186}+G4{1.2831}
YKL179C,LG+I+G4,0.0605,0.8481,,LG+I{0.0605}+G4{0.8481}
YIL009C-A,LG+I,0.0000,,,LG+I{0.0000}
YMR106C,LG+I+R4,0.0000,,"(0.0881,0.1989) (0.2771,0.5071) (0.3544,0.9527) (0.2804,1.7984)","LG+I{0.0000}+R4{0.0881,0.1989,0.2771,0.5071,0.3544,0.9527,0.2804,1.7984}"
YKR088C,LG+F+I+G4,0.0403,1.2454,,LG+F+I{0.0403}+G4{1.2454}
YLL063C,LG+I+G4,0.0036,1.2438,,LG+I{0.0036}+G4{1.2438}
YLR271W,LG+I+G4,0.0957,1.5104,,LG+I{0.0957}+G4{1.5104}
YMR217W,LG+I+G4,0.3371,0.8966,,LG+I{0.3371}+G4{0.8966}
YKL129C,LG+F+I+R4,0.0335,,"(0.4003,0.0414) (0.2596,0.5606) (0.1930,1.7412) (0.1136,4.4176)","LG+F+I{0.0335}+R4{0.4003,0.0414,0.2596,0.5606,0.1930,1.7412,0.1136,4.4176}"
YNL161W,LG+I+R4,0.0000,,"(0.7392,0.2345) (0.2292,1.9522) (0.0229,6.7947) (0.0087,25.7401)","LG+I{0.0000}+R4{0.7392,0.2345,0.2292,1.9522,0.0229,6.7947,0.0087,25.7401}"
YGR229C,LG+I+G4,0.0093,1.1823,,LG+I{0.0093}+G4{1.1823}
YOR330C,LG+I+G4,0.0720,1.0632,,LG+I{0.0720}+G4{1.0632}
YOR244W,LG+I+G4,0.0277,0.6341,,LG+I{0.0277}+G4{0.6341}
YKL017C,LG+F+I+G4,0.0203,1.1670,,LG+F+I{0.0203}+G4{1.1670}
YBL052C,LG+I+G4,0.0006,1.1234,,LG+I{0.0006}+G4{1.1234}
YFL033C,LG+I+R4,0.0000,,"(0.3840,0.0833) (0.2590,0.5542) (0.3075,1.7796) (0.0495,5.6052)","LG+I{0.0000}+R4{0.3840,0.0833,0.2590,0.5542,0.3075,1.7796,0.0495,5.6052}"
YLL029W,LG+I+G4,0.1219,0.8795,,LG+I{0.1219}+G4{0.8795}
YHR026W,LG+I+G4,0.0698,0.5293,,LG+I{0.0698}+G4{0.5293}
YNL123W,LG+I+R3,0.0282,,"(0.6618,0.1900) (0.1989,1.1896) (0.1111,5.7408)","LG+I{0.0282}+R3{0.6618,0.1900,0.1989,1.1896,0.1111,5.7408}"
YHR025W,LG+I+G4,0.1447,0.6808,,LG+I{0.1447}+G4{0.6808}
YHR007C,LG+I+R4,0.0004,,"(0.4504,0.2256) (0.3309,0.8854) (0.1696,2.1662) (0.0486,4.8931)","LG+I{0.0004}+R4{0.4504,0.2256,0.3309,0.8854,0.1696,2.1662,0.0486,4.8931}"
YNL212W,LG+I+R4,0.0000,,"(0.1508,0.1534) (0.3445,0.4727) (0.3325,1.2668) (0.1722,2.2815)","LG+I{0.0000}+R4{0.1508,0.1534,0.3445,0.4727,0.3325,1.2668,0.1722,2.2815}"
YJL200C,LG+I+G4,0.4478,0.7158,,LG+I{0.4478}+G4{0.7158}
YNR064C,LG+I+G4,0.0912,0.9973,,LG+I{0.0912}+G4{0.9973}
YLR304C,LG+I+R2,0.0000,,"(0.9552,0.5260) (0.0448,11.1062)","LG+I{0.0000}+R2{0.9552,0.5260,0.0448,11.1062}"
YMR119W,LG+I+G4,0.0000,0.7556,,LG+I{0.0000}+G4{0.7556}
YJR091C,LG+I+G4,0.0000,3.0894,,LG+I{0.0000}+G4{3.0894}
YIL137C,LG+F+I+G4,0.0071,1.4505,,LG+F+I{0.0071}+G4{1.4505}
YHR047C,LG+F+I+G4,0.0040,0.9594,,LG+F+I{0.0040}+G4{0.9594}
YIL104C,LG+I+G4,0.0694,1.0064,,LG+I{0.0694}+G4{1.0064}
YMR058W,LG+I+G4,0.1102,0.8460,,LG+I{0.1102}+G4{0.8460}
YBR242W,LG+I+G4,0.1345,0.6899,,LG+I{0.1345}+G4{0.6899}
YDR145W,LG+I+G4,0.0489,1.3832,,LG+I{0.0489}+G4{1.3832}
