alignment	total_gaps	bin_1	bin_2	bin_3	bin_4	bin_5	bin_6	bin_7	bin_8	bin_9	bin_10	bin_11	bin_12	bin_13	bin_14	bin_15	bin_16	bin_17	bin_18	bin_19	bin_20	bin_21	bin_22	bin_23	bin_24	bin_25	bin_26	bin_27	bin_28	bin_29	bin_30	bin_31	bin_32	bin_33	bin_34	bin_35	bin_36	bin_37	bin_38	bin_39	bin_40	bin_41	bin_42	bin_43	bin_44	bin_45	bin_46	bin_47	bin_48	bin_49	bin_50	bin_51	bin_52	bin_53	bin_54	bin_55	bin_56	bin_57	bin_58	bin_59	bin_60	bin_61	bin_62	bin_63	bin_64	bin_65	bin_66	bin_67	bin_68	bin_69	bin_70	bin_71	bin_72	bin_73	bin_74	bin_75	bin_76	bin_77	bin_78	bin_79	bin_80	bin_81	bin_82	bin_83	bin_84	bin_85	bin_86	bin_87	bin_88	bin_89	bin_90	bin_91	bin_92	bin_93	bin_94	bin_95	bin_96	bin_97	bin_98	bin_99	bin_100
OG0012885	533	0.08818011	0.07504690	0.07129456	0.04878049	0.00750469	0.00750469	0.00750469	0.00750469	0.00750469	0.00750469	0.02251407	0.06003752	0.02063790	0.00750469	0.01125704	0.00562852	0.03377111	0.03377111	0.00000000	0.00000000	0.00000000	0.00000000	0.00000000	0.00000000	0.00000000	0.00000000	0.00000000	0.00000000	0.00000000	0.00000000	0.00000000	0.00000000	0.00000000	0.00000000	0.00000000	0.00000000	0.00000000	0.00000000	0.00000000	0.00000000	0.00000000	0.00000000	0.01688555	0.00000000	0.00000000	0.00000000	0.00000000	0.00000000	0.00000000	0.00000000	0.00000000	0.00000000	0.00000000	0.00000000	0.00000000	0.01876173	0.00000000	0.00000000	0.00000000	0.00000000	0.00000000	0.00000000	0.00000000	0.00000000	0.00000000	0.00000000	0.00000000	0.00000000	0.00000000	0.00000000	0.00000000	0.00000000	0.00000000	0.00000000	0.00000000	0.00000000	0.00000000	0.00000000	0.00000000	0.00000000	0.01876173	0.00000000	0.00000000	0.00000000	0.00187617	0.00750469	0.00750469	0.00562852	0.00000000	0.00000000	0.00000000	0.00000000	0.00000000	0.00000000	0.02814259	0.07504690	0.07504690	0.07504690	0.07504690	0.07129456
OG0008975	863	0.04866744	0.04866744	0.04866744	0.05677868	0.03012746	0.00000000	0.00000000	0.00463499	0.00000000	0.00231750	0.00231750	0.00811124	0.01390498	0.01274623	0.00000000	0.01158749	0.01390498	0.01506373	0.00231750	0.00000000	0.00926999	0.00231750	0.00695249	0.01853998	0.02896871	0.04866744	0.04171495	0.04171495	0.01274623	0.00811124	0.00231750	0.00695249	0.00695249	0.00000000	0.00811124	0.00347625	0.01622248	0.00000000	0.00000000	0.00000000	0.00000000	0.00695249	0.00579374	0.00000000	0.00000000	0.00695249	0.04055620	0.00000000	0.00000000	0.03244496	0.04866744	0.03592121	0.01042874	0.00231750	0.03476246	0.01622248	0.03244496	0.00000000	0.00000000	0.00347625	0.04171495	0.02549247	0.00000000	0.00115875	0.00000000	0.00000000	0.00000000	0.00000000	0.00000000	0.00000000	0.00000000	0.00000000	0.00000000	0.00000000	0.00000000	0.00000000	0.00000000	0.00000000	0.00000000	0.00000000	0.00000000	0.00000000	0.00000000	0.00000000	0.00000000	0.00000000	0.00000000	0.00000000	0.00000000	0.00000000	0.00000000	0.04055620	0.02433372	0.00000000	0.00000000	0.00000000	0.00000000	0.00000000	0.00000000	0.00695249
OG0015264	7953	0.01609456	0.01357978	0.00855023	0.01534012	0.00389790	0.00414938	0.00653841	0.00326921	0.00150886	0.00804728	0.00716711	0.00616120	0.01181944	0.00943040	0.00880171	0.00050295	0.00264051	0.00000000	0.00528103	0.00025148	0.00000000	0.00000000	0.00515529	0.00000000	0.00000000	0.00000000	0.00000000	0.00000000	0.00352068	0.01760342	0.01584308	0.01760342	0.01056205	0.00000000	0.00000000	0.00000000	0.00000000	0.00000000	0.00176034	0.00176034	0.00704137	0.00000000	0.00000000	0.00880171	0.00528103	0.00012574	0.01420847	0.00352068	0.00326921	0.00000000	0.01232239	0.01760342	0.01584308	0.01760342	0.01584308	0.01760342	0.01760342	0.00880171	0.00000000	0.01232239	0.01760342	0.01584308	0.01760342	0.01760342	0.01584308	0.01760342	0.01584308	0.01760342	0.01634603	0.01584308	0.01232239	0.00000000	0.01760342	0.01584308	0.01760342	0.01760342	0.01584308	0.01760342	0.00176034	0.01408274	0.01584308	0.01760342	0.01760342	0.01584308	0.01760342	0.01584308	0.01760342	0.01760342	0.01584308	0.01760342	0.01584308	0.01760342	0.00829876	0.01232239	0.01232239	0.01584308	0.01747768	0.01521438	0.01760342	0.01584308
OG0005053	1687	0.04742146	0.04208654	0.03912270	0.04030824	0.04149378	0.04505039	0.02311796	0.00000000	0.00000000	0.00000000	0.00000000	0.00000000	0.00000000	0.00000000	0.00000000	0.00000000	0.00000000	0.00000000	0.00000000	0.00000000	0.00000000	0.00000000	0.00000000	0.00000000	0.00000000	0.00000000	0.00000000	0.00000000	0.00000000	0.00000000	0.00000000	0.00000000	0.00000000	0.00000000	0.02845287	0.05038530	0.04267931	0.04267931	0.04267931	0.04623592	0.04445762	0.02845287	0.00000000	0.00000000	0.00000000	0.00000000	0.00000000	0.00000000	0.02845287	0.00059277	0.00000000	0.00000000	0.00000000	0.00000000	0.00000000	0.00000000	0.00000000	0.00000000	0.00296384	0.00059277	0.00000000	0.00000000	0.00000000	0.00000000	0.00000000	0.00000000	0.00000000	0.00000000	0.00000000	0.00000000	0.02904564	0.04623592	0.00000000	0.00000000	0.00000000	0.00000000	0.00000000	0.00000000	0.00000000	0.00000000	0.00000000	0.00000000	0.00000000	0.02845287	0.02015412	0.00000000	0.00000000	0.00000000	0.00000000	0.00000000	0.00000000	0.00000000	0.00000000	0.00000000	0.01304090	0.04149378	0.04623592	0.04623592	0.04623592	0.04564315
OG0015566	938	0.03198294	0.03198294	0.02558635	0.03198294	0.03198294	0.02558635	0.03198294	0.02558635	0.03198294	0.01705757	0.02132196	0.03091684	0.02132196	0.00533049	0.00213220	0.00000000	0.00000000	0.00000000	0.00000000	0.00000000	0.00000000	0.00000000	0.00000000	0.00000000	0.00000000	0.00000000	0.00000000	0.00000000	0.00000000	0.00000000	0.00000000	0.00000000	0.00000000	0.00000000	0.00000000	0.00000000	0.00000000	0.00000000	0.00000000	0.03198294	0.00000000	0.00000000	0.00639659	0.00000000	0.00213220	0.02665245	0.02558635	0.03198294	0.01918977	0.00000000	0.00213220	0.00426439	0.00106610	0.02025586	0.03198294	0.02558635	0.00000000	0.00000000	0.00000000	0.00319829	0.00533049	0.00426439	0.01599147	0.03198294	0.00959488	0.01599147	0.01385928	0.00533049	0.01599147	0.02558635	0.00533049	0.00426439	0.02132196	0.03198294	0.02558635	0.01066098	0.00426439	0.00533049	0.02132196	0.00959488	0.00852878	0.00533049	0.00426439	0.01066098	0.01492537	0.00533049	0.00533049	0.00426439	0.00533049	0.00426439	0.00533049	0.00533049	0.00426439	0.00533049	0.00426439	0.00533049	0.00533049	0.00426439	0.00533049	0.00426439
OG0016237	3084	0.02431907	0.01621271	0.02431907	0.01621271	0.01621271	0.02431907	0.01621271	0.02399481	0.01459144	0.01361868	0.00680934	0.01070039	0.02529183	0.01686122	0.01686122	0.02529183	0.01686122	0.02529183	0.01686122	0.01686122	0.00648508	0.00551232	0.00972763	0.00616083	0.00421530	0.00583658	0.00064851	0.00875486	0.00000000	0.00000000	0.00032425	0.00032425	0.00000000	0.00000000	0.00000000	0.00000000	0.00000000	0.01686122	0.00000000	0.00000000	0.00000000	0.00000000	0.00843061	0.00000000	0.00000000	0.00064851	0.00129702	0.00064851	0.00000000	0.00000000	0.00000000	0.00000000	0.00000000	0.00000000	0.00064851	0.00064851	0.00000000	0.00000000	0.00000000	0.00000000	0.00000000	0.00129702	0.00000000	0.00810636	0.01621271	0.02431907	0.01556420	0.00000000	0.00000000	0.01621271	0.02431907	0.01621271	0.02431907	0.00000000	0.00000000	0.00000000	0.00259403	0.00843061	0.01167315	0.01167315	0.02042802	0.01621271	0.02431907	0.01621271	0.01621271	0.02431907	0.01621271	0.02431907	0.01621271	0.01621271	0.02431907	0.01621271	0.01945525	0.01361868	0.01394293	0.02367056	0.01621271	0.02431907	0.01621271	0.01556420
OG0000526	271	0.05535055	0.05535055	0.03690037	0.05535055	0.03690037	0.05535055	0.03690037	0.05535055	0.03690037	0.05535055	0.03690037	0.05535055	0.03690037	0.05535055	0.03690037	0.05535055	0.03690037	0.05535055	0.03690037	0.05535055	0.03690037	0.01845018	0.00000000	0.00000000	0.00000000	0.00369004	0.00000000	0.00000000	0.00000000	0.00000000	0.00000000	0.00000000	0.00000000	0.00000000	0.00000000	0.00000000	0.00000000	0.00000000	0.00000000	0.00000000	0.00000000	0.00000000	0.00000000	0.00000000	0.00000000	0.00000000	0.00000000	0.00000000	0.00000000	0.00000000	0.00000000	0.00000000	0.00000000	0.00000000	0.00000000	0.00000000	0.00000000	0.00000000	0.00000000	0.00000000	0.00000000	0.00000000	0.00000000	0.00000000	0.00000000	0.00000000	0.00000000	0.00000000	0.00000000	0.00000000	0.00000000	0.00000000	0.00000000	0.00000000	0.00000000	0.00000000	0.00000000	0.00000000	0.00000000	0.00000000	0.00000000	0.00000000	0.00000000	0.00000000	0.00000000	0.00000000	0.00000000	0.00000000	0.00000000	0.00000000	0.00000000	0.00000000	0.00000000	0.00000000	0.00000000	0.00000000	0.00000000	0.00000000	0.00000000	0.00000000
OG0010801	127	0.00000000	0.06299213	0.12598425	0.06299213	0.06299213	0.00000000	0.00000000	0.00000000	0.00000000	0.00000000	0.00000000	0.04724409	0.01574803	0.00000000	0.00000000	0.00000000	0.00000000	0.00000000	0.06299213	0.00000000	0.00000000	0.01574803	0.01574803	0.00000000	0.00000000	0.00000000	0.00000000	0.00000000	0.00787402	0.06299213	0.00000000	0.00000000	0.00000000	0.00000000	0.00000000	0.00000000	0.00000000	0.00000000	0.00000000	0.00000000	0.00000000	0.00000000	0.00000000	0.00000000	0.00000000	0.00000000	0.00000000	0.00000000	0.00000000	0.00000000	0.00000000	0.00000000	0.00000000	0.00000000	0.00000000	0.00000000	0.00000000	0.00000000	0.00000000	0.00000000	0.00000000	0.00000000	0.00000000	0.00000000	0.00000000	0.00000000	0.00000000	0.00000000	0.00000000	0.00000000	0.07874016	0.07874016	0.03937008	0.07874016	0.07874016	0.03937008	0.00000000	0.00000000	0.00000000	0.00000000	0.00000000	0.00000000	0.00000000	0.00000000	0.00000000	0.00000000	0.00000000	0.00000000	0.00000000	0.00000000	0.00000000	0.00000000	0.00000000	0.00000000	0.00000000	0.00000000	0.00000000	0.00000000	0.00787402	0.05511811
OG0012272	1824	0.03070175	0.03289474	0.03289474	0.03289474	0.03289474	0.03289474	0.03289474	0.03289474	0.03289474	0.02631579	0.03015351	0.00657895	0.00274123	0.00274123	0.00274123	0.01041667	0.00274123	0.03125000	0.02631579	0.03289474	0.03289474	0.03289474	0.03070175	0.03070175	0.02686404	0.00438596	0.00603070	0.00274123	0.00274123	0.00274123	0.00274123	0.00877193	0.00877193	0.00877193	0.02302632	0.00164474	0.00000000	0.00000000	0.00109649	0.00493421	0.00000000	0.00000000	0.00000000	0.00000000	0.00164474	0.00054825	0.00000000	0.00000000	0.00000000	0.00657895	0.00000000	0.00054825	0.00000000	0.00000000	0.00000000	0.00000000	0.02083333	0.00000000	0.00822368	0.00054825	0.00000000	0.00000000	0.00000000	0.00054825	0.00054825	0.00054825	0.00000000	0.00000000	0.01973684	0.03289474	0.01260965	0.00603070	0.00000000	0.01315789	0.00000000	0.00000000	0.00000000	0.01315789	0.00000000	0.00000000	0.00000000	0.00000000	0.00000000	0.00000000	0.00000000	0.00000000	0.00000000	0.00000000	0.00000000	0.00000000	0.00000000	0.00000000	0.00000000	0.00000000	0.00548246	0.03015351	0.03289474	0.03289474	0.03289474	0.02631579
OG0014277	1811	0.03975704	0.03975704	0.03478741	0.03975704	0.03975704	0.03478741	0.03975704	0.03975704	0.03478741	0.03975704	0.03975704	0.03478741	0.02208724	0.02043070	0.01656543	0.01270017	0.00000000	0.00000000	0.00000000	0.00000000	0.00000000	0.00000000	0.00000000	0.00000000	0.00000000	0.00000000	0.00552181	0.00000000	0.00000000	0.00000000	0.00000000	0.00386527	0.00607399	0.00883490	0.00441745	0.00773054	0.00662617	0.00110436	0.00000000	0.00110436	0.00165654	0.01159580	0.01490889	0.00496963	0.00000000	0.00055218	0.00386527	0.00110436	0.00993926	0.00607399	0.01159580	0.00938708	0.03368305	0.00552181	0.01711761	0.00386527	0.00773054	0.00717835	0.00441745	0.00993926	0.01435671	0.01546107	0.01214798	0.00496963	0.03313087	0.01104362	0.01380453	0.00607399	0.01380453	0.00276091	0.00000000	0.03036996	0.03147432	0.00662617	0.00000000	0.00110436	0.00000000	0.00000000	0.00000000	0.00000000	0.00276091	0.00773054	0.00000000	0.00883490	0.02650469	0.00220872	0.00552181	0.00773054	0.00220872	0.00000000	0.00000000	0.00000000	0.00000000	0.00000000	0.00000000	0.00000000	0.00000000	0.00000000	0.00000000	0.00000000
OG0004884	23160	0.01908463	0.01796200	0.01796200	0.01796200	0.01796200	0.01796200	0.01796200	0.01796200	0.01796200	0.01934370	0.01796200	0.01796200	0.01796200	0.01796200	0.01796200	0.01796200	0.01796200	0.01796200	0.01934370	0.01796200	0.01796200	0.01796200	0.01796200	0.01796200	0.01796200	0.01796200	0.01796200	0.01934370	0.01796200	0.01744387	0.01683938	0.01683938	0.01683938	0.01683938	0.01683938	0.01692573	0.01040587	0.01420553	0.01588946	0.00936960	0.00483592	0.00289292	0.00289292	0.00587219	0.01709845	0.01934370	0.01683938	0.00686528	0.01027634	0.01381693	0.01502591	0.01083765	0.00470639	0.00561313	0.00565630	0.01606218	0.00647668	0.01036269	0.01316926	0.00483592	0.00591537	0.01796200	0.01018998	0.00125216	0.00112263	0.01221934	0.00107945	0.00056131	0.00721071	0.01260794	0.00056131	0.00056131	0.00060449	0.00056131	0.00164076	0.00224525	0.00112263	0.00073402	0.00038860	0.00189983	0.00202936	0.00591537	0.00056131	0.00185665	0.00056131	0.00056131	0.00056131	0.00194301	0.00056131	0.00056131	0.00064767	0.00056131	0.00056131	0.00056131	0.00056131	0.00056131	0.00056131	0.00056131	0.00129534	0.01049223
OG0015128	817	0.05752754	0.02937576	0.02937576	0.02937576	0.02937576	0.02937576	0.02937576	0.02937576	0.02692778	0.00979192	0.00000000	0.00000000	0.00000000	0.00000000	0.00000000	0.00000000	0.00000000	0.00000000	0.00000000	0.00000000	0.00000000	0.00000000	0.00000000	0.00000000	0.00000000	0.03427173	0.00856793	0.00000000	0.00000000	0.00000000	0.00000000	0.00979192	0.01958384	0.00979192	0.00979192	0.00979192	0.00000000	0.00000000	0.00000000	0.00367197	0.00000000	0.00489596	0.00122399	0.00122399	0.01958384	0.00489596	0.00000000	0.00000000	0.00000000	0.00000000	0.00000000	0.01958384	0.01958384	0.00734394	0.05385557	0.00000000	0.00000000	0.00979192	0.00000000	0.01223990	0.00000000	0.00122399	0.00244798	0.00367197	0.00000000	0.00000000	0.00122399	0.00000000	0.00367197	0.00367197	0.00000000	0.00979192	0.00979192	0.00367197	0.00000000	0.00000000	0.00000000	0.00000000	0.00000000	0.00000000	0.00000000	0.00000000	0.00000000	0.00000000	0.00000000	0.00000000	0.00000000	0.00000000	0.00856793	0.07833537	0.07833537	0.07833537	0.07833537	0.06976744	0.00979192	0.00000000	0.00000000	0.00000000	0.00000000	0.00000000
OG0015204	1639	0.03782794	0.02928615	0.02806589	0.03233679	0.02867602	0.02135448	0.02013423	0.01098231	0.00549115	0.01220256	0.00000000	0.00122026	0.00549115	0.00305064	0.01830384	0.01891397	0.00061013	0.00000000	0.00000000	0.00000000	0.00000000	0.00000000	0.00671141	0.00549115	0.00000000	0.00000000	0.00000000	0.00000000	0.00000000	0.00000000	0.00000000	0.00000000	0.00000000	0.00000000	0.00000000	0.00000000	0.00000000	0.00000000	0.00671141	0.00061013	0.02684564	0.02013423	0.00000000	0.00000000	0.00000000	0.00000000	0.00000000	0.00000000	0.00000000	0.00854179	0.00000000	0.00000000	0.00000000	0.00000000	0.00000000	0.00000000	0.00000000	0.02684564	0.03355705	0.02013423	0.01037218	0.00122026	0.00000000	0.00000000	0.00000000	0.00000000	0.00000000	0.00000000	0.00000000	0.00000000	0.00000000	0.00000000	0.00000000	0.00000000	0.00000000	0.00000000	0.00000000	0.00305064	0.02074436	0.02379500	0.02989628	0.02562538	0.02745577	0.02745577	0.02623551	0.01464308	0.01220256	0.02013423	0.02196461	0.01708359	0.03172666	0.03172666	0.02257474	0.02928615	0.02928615	0.02806589	0.02745577	0.02806589	0.02806589	0.03233679
OG0004902	15866	0.02571537	0.02577839	0.02659776	0.01764780	0.01229043	0.00888693	0.01077776	0.00327745	0.01298374	0.00592462	0.00201689	0.00447498	0.00888693	0.00100845	0.00453801	0.00882390	0.00831968	0.00340350	0.00529434	0.00170175	0.00189084	0.02464389	0.00252111	0.00176478	0.00189084	0.00542040	0.00182781	0.00352956	0.00000000	0.01071474	0.00529434	0.01569394	0.00006303	0.00000000	0.01058868	0.00352956	0.00850876	0.00352956	0.00000000	0.00352956	0.00352956	0.00415984	0.00132359	0.00346653	0.00542040	0.02124039	0.00901298	0.00050422	0.00006303	0.01084079	0.00006303	0.00176478	0.00006303	0.00176478	0.00138661	0.00352956	0.00907601	0.00012606	0.00000000	0.00000000	0.00510526	0.00000000	0.00037817	0.00176478	0.00000000	0.00699609	0.01134501	0.02823648	0.02823648	0.02823648	0.02823648	0.00737426	0.01229043	0.02792134	0.02817345	0.02741712	0.02558931	0.00289928	0.02395059	0.02766923	0.02754317	0.02722803	0.02722803	0.02779529	0.02766923	0.02956007	0.02710198	0.02817345	0.01966469	0.00516828	0.00352956	0.00252111	0.00000000	0.00012606	0.00012606	0.00000000	0.00000000	0.00283625	0.01361402	0.02766923
OG0005163	41785	0.01770970	0.02039009	0.02039009	0.02022257	0.01983966	0.01866699	0.01938495	0.01993538	0.01893024	0.01952854	0.01811655	0.01787723	0.01893024	0.01373699	0.02146703	0.01684815	0.01488572	0.01955247	0.01962427	0.01672849	0.01474213	0.00435563	0.00787364	0.01021898	0.02031830	0.01419170	0.00169917	0.01266005	0.00842408	0.00717961	0.00382913	0.00222568	0.00280005	0.01883451	0.01895417	0.02084480	0.01948067	0.00464281	0.00368553	0.00047864	0.00043078	0.00217782	0.01218140	0.00875912	0.00469068	0.01555582	0.00394879	0.01531650	0.00739500	0.00303937	0.00313510	0.00210602	0.00057437	0.00150772	0.00552830	0.00067010	0.00710781	0.00416417	0.00071796	0.00047864	0.00035898	0.00543257	0.00057437	0.00212995	0.01036257	0.01048223	0.02039009	0.02039009	0.02039009	0.02039009	0.00749073	0.00411631	0.00739500	0.00153165	0.00212995	0.00344621	0.00102908	0.00086155	0.00047864	0.00057437	0.01859519	0.01703961	0.00057437	0.00229748	0.00715568	0.02046189	0.00227354	0.00134019	0.00708388	0.00220175	0.00713175	0.00397272	0.00935742	0.01088908	0.00335048	0.02012684	0.00323082	0.01249252	0.02039009	0.02039009
OG0009625	956	0.02405858	0.05020921	0.05230126	0.02301255	0.01778243	0.02092050	0.01882845	0.01150628	0.01150628	0.00209205	0.00000000	0.02196653	0.01046025	0.00000000	0.00000000	0.00000000	0.00000000	0.00000000	0.00000000	0.00000000	0.00000000	0.00000000	0.00000000	0.00000000	0.00000000	0.04184100	0.02092050	0.00000000	0.00000000	0.00000000	0.00000000	0.01150628	0.03347280	0.00732218	0.00000000	0.00000000	0.00000000	0.00000000	0.00000000	0.00000000	0.01046025	0.01046025	0.02092050	0.01046025	0.00000000	0.00000000	0.00000000	0.00000000	0.00000000	0.00000000	0.00000000	0.00000000	0.00000000	0.00000000	0.00209205	0.03974895	0.04916318	0.04811715	0.05230126	0.02301255	0.00104603	0.03138075	0.05230126	0.03870293	0.00000000	0.00000000	0.00000000	0.00000000	0.00000000	0.00000000	0.00000000	0.00000000	0.00000000	0.00000000	0.00000000	0.02092050	0.00104603	0.00000000	0.04184100	0.01046025	0.00000000	0.00209205	0.00000000	0.03138075	0.00000000	0.00000000	0.00732218	0.00000000	0.00000000	0.03033473	0.01046025	0.02092050	0.03138075	0.00000000	0.00000000	0.00523013	0.00209205	0.00000000	0.00000000	0.01464435
OG0001015	3369	0.02048085	0.01662214	0.01721579	0.01721579	0.01691897	0.01780944	0.01424755	0.00563966	0.00000000	0.00000000	0.00000000	0.01780944	0.01780944	0.01780944	0.01780944	0.01780944	0.01780944	0.00000000	0.00000000	0.00000000	0.00000000	0.00000000	0.00712378	0.00356189	0.00059365	0.00029682	0.00000000	0.00000000	0.00000000	0.00000000	0.00000000	0.00000000	0.00000000	0.00000000	0.00000000	0.00000000	0.00356189	0.00000000	0.00089047	0.00445236	0.00059365	0.00712378	0.00029682	0.01068566	0.01780944	0.01780944	0.01780944	0.01780944	0.01780944	0.01780944	0.02137133	0.01780944	0.01780944	0.01780944	0.01780944	0.01780944	0.01780944	0.01780944	0.00000000	0.00000000	0.00000000	0.01780944	0.01068566	0.01780944	0.01780944	0.01780944	0.01424755	0.00000000	0.00000000	0.00029682	0.01780944	0.01098249	0.00356189	0.01780944	0.00712378	0.01780944	0.01780944	0.01780944	0.01780944	0.01780944	0.01780944	0.01780944	0.01780944	0.02137133	0.01780944	0.01068566	0.01068566	0.01068566	0.01424755	0.01780944	0.01780944	0.01780944	0.01068566	0.00000000	0.00000000	0.00059365	0.00029682	0.00653013	0.00385871	0.01780944
OG0014181	2692	0.02748886	0.02786033	0.02674591	0.02674591	0.02674591	0.02674591	0.02674591	0.02674591	0.02674591	0.02786033	0.02823180	0.02823180	0.02674591	0.02674591	0.02823180	0.02823180	0.02823180	0.01523031	0.01820208	0.02563150	0.02786033	0.02823180	0.02786033	0.01634473	0.00854383	0.00408618	0.00297177	0.00408618	0.00111441	0.00000000	0.00000000	0.00000000	0.00000000	0.00000000	0.00037147	0.00000000	0.00000000	0.00000000	0.00000000	0.00037147	0.00000000	0.00000000	0.00111441	0.00148588	0.00148588	0.00037147	0.00037147	0.00148588	0.00148588	0.01485884	0.02154532	0.00074294	0.00000000	0.00705795	0.00111441	0.00148588	0.02823180	0.02823180	0.02823180	0.00148588	0.00148588	0.00148588	0.00148588	0.00148588	0.00148588	0.00148588	0.00148588	0.00148588	0.00148588	0.00148588	0.00148588	0.00148588	0.00148588	0.00148588	0.00148588	0.00148588	0.00148588	0.00148588	0.00148588	0.00148588	0.00148588	0.00148588	0.00148588	0.00148588	0.00148588	0.00148588	0.00148588	0.00148588	0.00148588	0.00817236	0.00148588	0.02154532	0.02823180	0.02823180	0.02303120	0.00594354	0.00148588	0.01337296	0.01634473	0.02228826
OG0011248	1319	0.03563306	0.02501895	0.01440485	0.00833965	0.00682335	0.01971190	0.00682335	0.00000000	0.00151630	0.00000000	0.00000000	0.00000000	0.00000000	0.00000000	0.00000000	0.00000000	0.00227445	0.00000000	0.00000000	0.00000000	0.00000000	0.00000000	0.00000000	0.00227445	0.00000000	0.00000000	0.00000000	0.00000000	0.00000000	0.00000000	0.00000000	0.00000000	0.00000000	0.02729340	0.02501895	0.02729340	0.00454890	0.00000000	0.00000000	0.00000000	0.00000000	0.00000000	0.00000000	0.00000000	0.00000000	0.00000000	0.00000000	0.00000000	0.00000000	0.00454890	0.00833965	0.00833965	0.00833965	0.00758150	0.00833965	0.00606520	0.00454890	0.00833965	0.00833965	0.00833965	0.01061410	0.00833965	0.01061410	0.00682335	0.00833965	0.02956785	0.00985595	0.01743745	0.00833965	0.00833965	0.00833965	0.02426080	0.02577710	0.02956785	0.02047005	0.03714936	0.02122820	0.02805155	0.02350265	0.02577710	0.02577710	0.02956785	0.02501895	0.00833965	0.00909780	0.00833965	0.01440485	0.03714936	0.02047005	0.00833965	0.00303260	0.02122820	0.01667930	0.01667930	0.01667930	0.01667930	0.01819560	0.01667930	0.02047005	0.01667930
OG0012332	719	0.00556328	0.00973574	0.00973574	0.00973574	0.00973574	0.00973574	0.00973574	0.00973574	0.00973574	0.00973574	0.00973574	0.00973574	0.00973574	0.00973574	0.00973574	0.00973574	0.00973574	0.02225313	0.00973574	0.00973574	0.00973574	0.00973574	0.00973574	0.00973574	0.01529903	0.00556328	0.01251739	0.00973574	0.03059805	0.01668985	0.00973574	0.00973574	0.00973574	0.00973574	0.00973574	0.02364395	0.00973574	0.00973574	0.00973574	0.00973574	0.00973574	0.00973574	0.00973574	0.00973574	0.00973574	0.00695410	0.00000000	0.00139082	0.00000000	0.04172462	0.00834492	0.00139082	0.00973574	0.00973574	0.00973574	0.00973574	0.00973574	0.00973574	0.00973574	0.00973574	0.00973574	0.00973574	0.00973574	0.00973574	0.00973574	0.00973574	0.00973574	0.00973574	0.00973574	0.00973574	0.00973574	0.00973574	0.00973574	0.00973574	0.00973574	0.00973574	0.00973574	0.00834492	0.00417246	0.00973574	0.00973574	0.00973574	0.00973574	0.00973574	0.00973574	0.00973574	0.00973574	0.00973574	0.00973574	0.00973574	0.00973574	0.00556328	0.00973574	0.00695410	0.00278164	0.00973574	0.01112656	0.00973574	0.00973574	0.00973574
OG0009858	666	0.00000000	0.00000000	0.00000000	0.00150150	0.02102102	0.00150150	0.00750751	0.00000000	0.00150150	0.00750751	0.00750751	0.01651652	0.04054054	0.01201201	0.00000000	0.02102102	0.04954955	0.03303303	0.05705706	0.00750751	0.01201201	0.00000000	0.02402402	0.04654655	0.00000000	0.01501502	0.01201201	0.01201201	0.01351351	0.00450450	0.00000000	0.00000000	0.00000000	0.00000000	0.00000000	0.00000000	0.00000000	0.01351351	0.01201201	0.00000000	0.00000000	0.00600601	0.02402402	0.00150150	0.00000000	0.00000000	0.00000000	0.00900901	0.00000000	0.00000000	0.00000000	0.00000000	0.00000000	0.00300300	0.00000000	0.00000000	0.00000000	0.00000000	0.00000000	0.00600601	0.00750751	0.00750751	0.00600601	0.00750751	0.00750751	0.00750751	0.00750751	0.00750751	0.00750751	0.00750751	0.00750751	0.00750751	0.00750751	0.00750751	0.00600601	0.00750751	0.00750751	0.00750751	0.00750751	0.00750751	0.00750751	0.00750751	0.00750751	0.00750751	0.00750751	0.00750751	0.00750751	0.00600601	0.00750751	0.00750751	0.00750751	0.00900901	0.00750751	0.00750751	0.00750751	0.00750751	0.06756757	0.06756757	0.06756757	0.03003003
OG0013810	2529	0.00711744	0.00632661	0.00632661	0.00632661	0.00632661	0.01897983	0.02886516	0.00000000	0.00039541	0.00000000	0.00000000	0.00000000	0.00000000	0.00000000	0.00000000	0.00000000	0.00000000	0.00000000	0.00000000	0.03202847	0.02135231	0.00000000	0.00000000	0.00039541	0.00039541	0.00118624	0.00118624	0.00711744	0.00000000	0.00000000	0.00593120	0.00395413	0.00000000	0.00000000	0.00000000	0.00000000	0.00000000	0.00000000	0.00000000	0.00000000	0.00000000	0.00000000	0.00000000	0.00000000	0.00039541	0.00000000	0.00553578	0.00000000	0.00474496	0.00000000	0.00000000	0.00079083	0.00000000	0.00000000	0.00000000	0.00118624	0.00434955	0.01028074	0.04863582	0.00909450	0.02135231	0.00553578	0.00632661	0.02214314	0.02846975	0.05693950	0.00672202	0.00632661	0.01423488	0.01265322	0.01937525	0.02095690	0.04191380	0.01028074	0.00948992	0.00790826	0.00632661	0.01304864	0.00869909	0.01028074	0.01265322	0.02214314	0.01304864	0.02846975	0.02530645	0.00672202	0.00948992	0.00948992	0.00909450	0.01186240	0.00672202	0.01977066	0.03875049	0.02965599	0.02926058	0.01383946	0.00632661	0.04744958	0.05693950	0.03479636
OG0000928	212	0.02358491	0.00000000	0.00000000	0.00000000	0.00000000	0.00000000	0.00000000	0.00000000	0.00000000	0.00000000	0.00000000	0.00943396	0.00000000	0.00000000	0.00000000	0.00000000	0.00000000	0.00000000	0.00000000	0.00000000	0.00000000	0.00000000	0.00000000	0.00000000	0.00000000	0.00000000	0.00000000	0.00000000	0.00000000	0.00000000	0.00000000	0.00000000	0.00000000	0.00000000	0.00000000	0.00000000	0.00000000	0.00000000	0.00000000	0.00000000	0.00000000	0.00000000	0.00000000	0.00000000	0.00471698	0.00943396	0.00000000	0.00000000	0.00000000	0.00471698	0.01415094	0.00943396	0.00471698	0.00000000	0.00000000	0.00000000	0.00000000	0.00000000	0.00000000	0.02358491	0.00000000	0.00000000	0.00000000	0.01886792	0.02830189	0.02358491	0.01886792	0.00000000	0.00000000	0.00000000	0.00471698	0.00943396	0.04245283	0.04245283	0.02830189	0.01886792	0.01886792	0.02830189	0.01886792	0.01886792	0.01886792	0.03301887	0.02830189	0.02830189	0.00943396	0.00943396	0.00943396	0.02830189	0.07075472	0.04245283	0.00943396	0.00943396	0.00943396	0.01886792	0.04245283	0.02830189	0.04245283	0.04716981	0.04716981	0.04245283
OG0017765	2159	0.05141269	0.03844372	0.01574803	0.01760074	0.02547476	0.02454840	0.01482168	0.03844372	0.02130616	0.00926355	0.00509495	0.03798055	0.02918018	0.00555813	0.00787402	0.00000000	0.03751737	0.00138953	0.00416860	0.00138953	0.00000000	0.00370542	0.00000000	0.00648448	0.00092635	0.01945345	0.00648448	0.01945345	0.03334877	0.00509495	0.00741084	0.00000000	0.00602131	0.01667439	0.00000000	0.00000000	0.00000000	0.00000000	0.00000000	0.00000000	0.00741084	0.00972673	0.00602131	0.00046318	0.01111626	0.00509495	0.00555813	0.00000000	0.01621121	0.00648448	0.02130616	0.00787402	0.01667439	0.00880037	0.00000000	0.00000000	0.00231589	0.01250579	0.00000000	0.04678092	0.00694766	0.01204261	0.00602131	0.00185271	0.01713756	0.00602131	0.01018990	0.00000000	0.00092635	0.01250579	0.00000000	0.00000000	0.00000000	0.00370542	0.00370542	0.00648448	0.00509495	0.00648448	0.00741084	0.00231589	0.00880037	0.00138953	0.00416860	0.02408522	0.01760074	0.01250579	0.00648448	0.00000000	0.00000000	0.00787402	0.00138953	0.00324224	0.00602131	0.01111626	0.01528485	0.00185271	0.00000000	0.00324224	0.03242242	0.03705419
OG0005713	4963	0.01591779	0.01148499	0.00201491	0.00564175	0.00000000	0.00000000	0.00201491	0.01611928	0.01208946	0.00020149	0.00000000	0.00100746	0.00020149	0.00000000	0.00040298	0.00000000	0.00020149	0.00000000	0.01007455	0.01813419	0.00000000	0.01208946	0.01813419	0.01813419	0.01410437	0.00040298	0.00141044	0.00020149	0.00040298	0.00000000	0.00020149	0.00000000	0.00805964	0.01813419	0.01813419	0.01813419	0.01813419	0.01813419	0.01813419	0.01813419	0.01813419	0.01813419	0.01813419	0.01813419	0.01813419	0.01813419	0.01813419	0.01813419	0.01813419	0.01813419	0.02014910	0.01813419	0.01813419	0.01813419	0.01813419	0.01813419	0.01813419	0.01813419	0.01813419	0.01813419	0.01813419	0.01813419	0.01813419	0.01813419	0.01813419	0.01611928	0.00000000	0.00000000	0.00000000	0.00000000	0.00000000	0.00000000	0.00000000	0.00000000	0.00000000	0.00201491	0.00000000	0.00000000	0.00000000	0.00100746	0.00000000	0.00604473	0.01813419	0.01813419	0.01813419	0.01813419	0.01813419	0.01813419	0.01007455	0.00000000	0.00463429	0.00402982	0.01813419	0.00967157	0.00282087	0.00000000	0.01793270	0.01712674	0.01531332	0.01531332
OG0015599	1912	0.01359833	0.02144351	0.01882845	0.01673640	0.01673640	0.02092050	0.02039749	0.02510460	0.03347280	0.02928870	0.01046025	0.00836820	0.00523013	0.00418410	0.00418410	0.00366109	0.00209205	0.00209205	0.00209205	0.00366109	0.00209205	0.00993724	0.03347280	0.02562762	0.00209205	0.02248954	0.01778243	0.00993724	0.01255230	0.01778243	0.00732218	0.00418410	0.01255230	0.01935146	0.01046025	0.00209205	0.00209205	0.01150628	0.00523013	0.00418410	0.00261506	0.00209205	0.01673640	0.00627615	0.01830544	0.02562762	0.00209205	0.00209205	0.01255230	0.01516736	0.00732218	0.00209205	0.02562762	0.00993724	0.01307531	0.01569038	0.00261506	0.00209205	0.00993724	0.00993724	0.03347280	0.02562762	0.00209205	0.00209205	0.00209205	0.00209205	0.00209205	0.00052301	0.00000000	0.00000000	0.00000000	0.00000000	0.00836820	0.00000000	0.00000000	0.00000000	0.00000000	0.00000000	0.00000000	0.00000000	0.00000000	0.00000000	0.00000000	0.00000000	0.00000000	0.00156904	0.00000000	0.00000000	0.00679916	0.00313808	0.00418410	0.01046025	0.01621339	0.01150628	0.03347280	0.03347280	0.03347280	0.03347280	0.03347280	0.00313808
OG0012271	1003	0.05682951	0.00498504	0.02293121	0.00997009	0.00000000	0.00000000	0.00000000	0.00299103	0.00000000	0.00000000	0.00099701	0.00000000	0.01994018	0.03988036	0.00000000	0.00000000	0.00000000	0.00000000	0.04087737	0.04885344	0.05782652	0.00000000	0.00000000	0.00000000	0.00000000	0.00897308	0.05383848	0.04287139	0.00897308	0.00498504	0.01296112	0.00997009	0.01495513	0.04586241	0.00997009	0.03389831	0.01296112	0.00000000	0.00000000	0.00000000	0.01694915	0.00000000	0.01994018	0.00000000	0.00000000	0.00000000	0.00997009	0.04985045	0.01994018	0.00000000	0.00000000	0.00000000	0.00000000	0.00598205	0.00000000	0.00099701	0.00000000	0.03389831	0.00099701	0.00697906	0.00498504	0.00000000	0.00000000	0.00000000	0.00000000	0.00000000	0.00000000	0.00997009	0.00099701	0.02791625	0.04885344	0.00897308	0.00099701	0.00000000	0.00997009	0.00000000	0.00000000	0.00000000	0.00997009	0.00000000	0.01994018	0.02991027	0.00000000	0.00000000	0.00000000	0.00000000	0.04885344	0.03988036	0.00000000	0.00000000	0.00000000	0.00000000	0.00000000	0.00000000	0.00000000	0.00000000	0.00099701	0.00000000	0.00398804	0.00199402
OG0017277	3075	0.02016260	0.00813008	0.00455285	0.00878049	0.00617886	0.00682927	0.01073171	0.00422764	0.01333333	0.01463415	0.01626016	0.00000000	0.00097561	0.00162602	0.00195122	0.00065041	0.00032520	0.00585366	0.00878049	0.01170732	0.00130081	0.00422764	0.01756098	0.00162602	0.00585366	0.00617886	0.00813008	0.00520325	0.00552846	0.03609756	0.04422764	0.00357724	0.00032520	0.01138211	0.00260163	0.00195122	0.00097561	0.01853659	0.01268293	0.00520325	0.00455285	0.00260163	0.00357724	0.00585366	0.01138211	0.00682927	0.00260163	0.00000000	0.00910569	0.01333333	0.02081301	0.02048780	0.00000000	0.00065041	0.00617886	0.00000000	0.00065041	0.01430894	0.00552846	0.00910569	0.02211382	0.01918699	0.03707317	0.03447154	0.00455285	0.01788618	0.00910569	0.00227642	0.03089431	0.00975610	0.00650407	0.00585366	0.00650407	0.00943089	0.01300813	0.00715447	0.01170732	0.00130081	0.04065041	0.01463415	0.01300813	0.00227642	0.01626016	0.01560976	0.00813008	0.01626016	0.00682927	0.01691057	0.02113821	0.00813008	0.00455285	0.00747967	0.00130081	0.02211382	0.00227642	0.00552846	0.02146341	0.01560976	0.00878049	0.00585366
OG0013916	1240	0.06532258	0.04354839	0.04354839	0.04354839	0.06290323	0.04112903	0.04032258	0.04193548	0.06532258	0.01612903	0.01612903	0.01612903	0.01774194	0.00967742	0.00967742	0.00967742	0.01048387	0.00241935	0.00161290	0.00161290	0.00241935	0.00161290	0.00161290	0.00161290	0.00241935	0.00161290	0.00161290	0.00161290	0.02338710	0.00161290	0.00161290	0.00161290	0.00241935	0.00161290	0.00161290	0.00241935	0.00564516	0.00322581	0.00322581	0.00322581	0.02661290	0.00161290	0.00161290	0.00161290	0.00080645	0.00000000	0.00000000	0.00000000	0.00000000	0.00000000	0.00000000	0.00000000	0.00241935	0.00161290	0.00161290	0.00000000	0.00000000	0.00000000	0.00000000	0.00000000	0.00000000	0.00161290	0.00161290	0.00161290	0.00241935	0.00161290	0.00161290	0.00241935	0.00483871	0.00403226	0.00483871	0.00483871	0.00483871	0.00241935	0.00161290	0.00161290	0.00241935	0.00161290	0.00161290	0.00161290	0.00403226	0.00322581	0.00322581	0.00322581	0.00241935	0.00161290	0.00161290	0.00161290	0.00241935	0.00161290	0.00967742	0.01612903	0.02419355	0.01612903	0.01612903	0.01612903	0.03548387	0.04193548	0.04354839	0.04354839
OG0014151	204	0.00000000	0.00000000	0.00000000	0.00000000	0.00000000	0.00000000	0.00000000	0.00000000	0.00000000	0.00000000	0.00000000	0.00000000	0.00000000	0.00000000	0.00000000	0.00000000	0.00000000	0.00000000	0.00000000	0.00000000	0.00000000	0.00000000	0.00000000	0.00000000	0.00000000	0.00000000	0.00000000	0.00000000	0.00000000	0.00000000	0.00000000	0.00000000	0.00000000	0.00000000	0.00000000	0.00000000	0.00000000	0.00000000	0.00000000	0.00000000	0.00000000	0.00000000	0.00000000	0.00000000	0.00000000	0.00000000	0.00000000	0.00000000	0.00000000	0.00000000	0.00000000	0.00000000	0.00000000	0.00000000	0.00000000	0.00000000	0.00000000	0.00000000	0.00000000	0.00000000	0.00000000	0.00000000	0.00000000	0.00000000	0.00000000	0.00000000	0.00000000	0.00000000	0.00000000	0.00000000	0.00000000	0.00000000	0.00000000	0.00000000	0.00000000	0.00000000	0.07843137	0.11764706	0.11764706	0.11764706	0.11764706	0.11764706	0.03921569	0.00000000	0.00000000	0.00000000	0.00000000	0.00000000	0.00000000	0.01470588	0.08823529	0.04411765	0.00000000	0.00980392	0.00000000	0.00000000	0.00000000	0.01960784	0.05882353	0.05882353
OG0000622	913	0.01642935	0.01095290	0.01642935	0.01314348	0.02081051	0.01095290	0.01642935	0.01204819	0.01971522	0.01314348	0.01861993	0.01095290	0.02081051	0.01533406	0.02081051	0.01095290	0.01642935	0.01095290	0.01642935	0.01095290	0.01642935	0.01314348	0.01752464	0.01095290	0.01861993	0.01095290	0.01642935	0.01095290	0.02300110	0.01533406	0.02300110	0.01095290	0.01642935	0.01095290	0.02081051	0.01533406	0.02081051	0.01533406	0.02300110	0.01314348	0.01642935	0.01095290	0.01095290	0.00766703	0.02300110	0.01533406	0.02300110	0.01533406	0.02300110	0.01533406	0.01533406	0.02300110	0.01533406	0.02300110	0.01533406	0.02300110	0.01533406	0.02300110	0.01533406	0.02300110	0.00000000	0.00000000	0.00000000	0.00000000	0.00000000	0.00000000	0.00219058	0.00109529	0.00328587	0.00657174	0.00000000	0.00000000	0.00000000	0.00000000	0.00000000	0.00000000	0.00000000	0.00000000	0.00000000	0.00000000	0.00000000	0.00000000	0.00000000	0.00000000	0.00000000	0.00000000	0.00000000	0.00000000	0.00219058	0.00328587	0.00000000	0.00000000	0.00000000	0.00000000	0.00000000	0.00000000	0.00000000	0.00000000	0.00000000	0.00328587
OG0011384	209	0.00000000	0.00000000	0.00000000	0.00000000	0.00478469	0.01435407	0.00000000	0.00000000	0.00000000	0.00000000	0.00000000	0.00000000	0.00000000	0.00000000	0.00000000	0.00000000	0.00000000	0.00000000	0.00000000	0.00000000	0.00000000	0.00000000	0.00000000	0.00000000	0.00000000	0.00000000	0.00000000	0.00000000	0.00000000	0.00000000	0.00000000	0.00000000	0.00000000	0.00000000	0.00000000	0.00000000	0.00000000	0.00000000	0.00000000	0.00000000	0.00000000	0.00000000	0.00000000	0.00000000	0.00000000	0.00000000	0.00000000	0.00000000	0.00000000	0.00000000	0.00000000	0.00000000	0.00000000	0.00000000	0.00000000	0.00000000	0.00000000	0.00000000	0.00000000	0.00000000	0.00000000	0.00000000	0.00000000	0.00000000	0.00000000	0.00000000	0.00000000	0.00000000	0.00000000	0.00000000	0.00000000	0.00000000	0.00000000	0.00000000	0.00000000	0.00000000	0.00000000	0.00000000	0.00000000	0.00000000	0.00000000	0.00000000	0.04306220	0.03827751	0.05741627	0.05741627	0.05741627	0.05741627	0.05741627	0.05741627	0.05741627	0.05741627	0.05741627	0.05741627	0.05741627	0.05741627	0.05741627	0.05741627	0.05741627	0.03827751
OG0010571	608	0.03618421	0.03618421	0.01809211	0.03618421	0.01809211	0.03618421	0.01809211	0.03618421	0.01809211	0.03618421	0.03618421	0.01809211	0.03618421	0.01809211	0.03618421	0.01809211	0.03618421	0.01809211	0.03618421	0.01809211	0.03618421	0.03618421	0.01809211	0.03618421	0.01809211	0.00000000	0.00164474	0.00493421	0.00164474	0.00000000	0.00328947	0.00000000	0.00000000	0.00000000	0.00000000	0.00000000	0.00000000	0.00000000	0.00000000	0.00000000	0.00000000	0.00000000	0.00000000	0.00000000	0.00000000	0.00000000	0.00000000	0.00000000	0.00000000	0.00000000	0.00328947	0.00164474	0.00328947	0.00164474	0.03618421	0.01809211	0.03618421	0.00822368	0.00822368	0.00000000	0.00000000	0.00000000	0.00000000	0.00000000	0.00000000	0.00000000	0.00000000	0.00000000	0.00000000	0.00000000	0.00000000	0.00000000	0.00000000	0.00000000	0.00000000	0.00000000	0.00000000	0.00000000	0.00000000	0.00000000	0.03618421	0.03289474	0.01644737	0.01809211	0.00000000	0.00000000	0.00000000	0.00000000	0.00000000	0.00000000	0.01644737	0.01644737	0.00000000	0.00000000	0.00000000	0.01480263	0.01480263	0.00000000	0.00000000	0.00000000
OG0007330	4727	0.03109795	0.03109795	0.02517453	0.02855934	0.03109795	0.03109795	0.03109795	0.03109795	0.03109795	0.03109795	0.03109795	0.03109795	0.03109795	0.02242437	0.00148085	0.00148085	0.00169241	0.00148085	0.00148085	0.00148085	0.00148085	0.00148085	0.00148085	0.00105775	0.00000000	0.00000000	0.00444256	0.00000000	0.00000000	0.00000000	0.00000000	0.00000000	0.00888513	0.00000000	0.02665538	0.00000000	0.01798181	0.03109795	0.03109795	0.00000000	0.00000000	0.00000000	0.00444256	0.00000000	0.00000000	0.00000000	0.00000000	0.00000000	0.00000000	0.00000000	0.00000000	0.00000000	0.00000000	0.00000000	0.00000000	0.00000000	0.00000000	0.00000000	0.00000000	0.00000000	0.00803893	0.00888513	0.00000000	0.00042310	0.00000000	0.00000000	0.00000000	0.00000000	0.00000000	0.00000000	0.00000000	0.00000000	0.00000000	0.00000000	0.00000000	0.00888513	0.03109795	0.03109795	0.00888513	0.00000000	0.00000000	0.00021155	0.00105775	0.00148085	0.00169241	0.01057753	0.01205839	0.01819336	0.01607785	0.01332769	0.03025175	0.02771314	0.02411678	0.03067485	0.03109795	0.01671250	0.02580918	0.02771314	0.02686693	0.02961709
OG0006715	65	0.00000000	0.00000000	0.00000000	0.04615385	0.00000000	0.00000000	0.00000000	0.00000000	0.00000000	0.00000000	0.00000000	0.06153846	0.06153846	0.03076923	0.09230769	0.06153846	0.03076923	0.00000000	0.00000000	0.00000000	0.00000000	0.00000000	0.00000000	0.00000000	0.00000000	0.03076923	0.00000000	0.00000000	0.00000000	0.00000000	0.00000000	0.00000000	0.00000000	0.00000000	0.00000000	0.00000000	0.00000000	0.00000000	0.00000000	0.00000000	0.00000000	0.00000000	0.00000000	0.00000000	0.00000000	0.00000000	0.00000000	0.00000000	0.00000000	0.00000000	0.00000000	0.00000000	0.00000000	0.00000000	0.00000000	0.00000000	0.00000000	0.00000000	0.00000000	0.00000000	0.00000000	0.00000000	0.00000000	0.00000000	0.00000000	0.00000000	0.00000000	0.00000000	0.00000000	0.00000000	0.00000000	0.00000000	0.00000000	0.00000000	0.00000000	0.00000000	0.00000000	0.00000000	0.00000000	0.00000000	0.00000000	0.03076923	0.03076923	0.00000000	0.00000000	0.00000000	0.07692308	0.01538462	0.09230769	0.12307692	0.06153846	0.03076923	0.00000000	0.03076923	0.00000000	0.09230769	0.00000000	0.00000000	0.00000000	0.00000000
OG0005899	1335	0.04494382	0.04044944	0.04044944	0.04494382	0.04044944	0.04044944	0.04494382	0.04044944	0.03820225	0.03370787	0.03820225	0.01647940	0.00973783	0.00898876	0.00674157	0.00749064	0.00749064	0.01123596	0.02696629	0.01048689	0.00749064	0.00823970	0.00524345	0.00000000	0.00000000	0.00000000	0.00000000	0.00000000	0.00000000	0.00000000	0.00149813	0.00074906	0.00000000	0.00000000	0.00000000	0.00000000	0.00000000	0.00000000	0.00000000	0.00000000	0.00000000	0.00000000	0.00000000	0.00074906	0.00674157	0.00524345	0.00374532	0.00000000	0.00000000	0.00000000	0.00000000	0.00074906	0.00000000	0.00000000	0.00000000	0.00000000	0.00299625	0.00524345	0.00149813	0.00000000	0.00000000	0.00000000	0.00000000	0.00000000	0.00000000	0.00000000	0.00000000	0.00000000	0.00000000	0.00000000	0.00000000	0.00000000	0.00000000	0.00000000	0.00000000	0.00000000	0.00000000	0.00000000	0.00000000	0.00000000	0.00000000	0.00000000	0.00000000	0.00000000	0.00000000	0.00000000	0.04044944	0.01423221	0.01123596	0.00374532	0.00524345	0.01273408	0.01947566	0.04269663	0.04044944	0.04044944	0.04494382	0.04044944	0.04044944	0.04044944
OG0013776	211448	0.01602758	0.01539858	0.01542223	0.01540804	0.01541277	0.01347849	0.01511483	0.01478378	0.01373387	0.01570126	0.01511483	0.01549317	0.01549317	0.01488309	0.01142598	0.01071185	0.01158204	0.00864042	0.01437233	0.00473402	0.01174284	0.01062673	0.01277383	0.01277383	0.01222996	0.00407192	0.01549317	0.00893364	0.01545534	0.01545534	0.00842287	0.01549317	0.01549317	0.01549317	0.01549317	0.01549317	0.01604650	0.01549317	0.01549317	0.01549317	0.01549317	0.01549317	0.01494930	0.00105936	0.00314971	0.00297946	0.00585014	0.00240248	0.00013242	0.00612444	0.00192955	0.00067629	0.00343347	0.00453066	0.00639874	0.00783644	0.01539858	0.01244750	0.00239775	0.00715069	0.00506508	0.00454012	0.00340509	0.00166471	0.00146608	0.00135258	0.01222996	0.01549317	0.00658791	0.00746283	0.00073304	0.00009932	0.00027430	0.00013242	0.00013242	0.00941603	0.01372441	0.00066683	0.00196739	0.00274299	0.00172619	0.00097423	0.00029322	0.00024119	0.01307177	0.01499187	0.01541750	0.01445746	0.01364875	0.01529927	0.01585260	0.01529927	0.01536075	0.01411695	0.01424937	0.01432976	0.01536075	0.01539386	0.01467500	0.01534656
OG0002834	254	0.00787402	0.11811024	0.09842520	0.01574803	0.03543307	0.01968504	0.01574803	0.03543307	0.05118110	0.01968504	0.09448819	0.00000000	0.00000000	0.00787402	0.00000000	0.00393701	0.02755906	0.00000000	0.00000000	0.00000000	0.00000000	0.00000000	0.02362205	0.00000000	0.00787402	0.03937008	0.07086614	0.03149606	0.00000000	0.00000000	0.02755906	0.00000000	0.00000000	0.00000000	0.00000000	0.04724409	0.02362205	0.00787402	0.02362205	0.00000000	0.00000000	0.02362205	0.00393701	0.00000000	0.00000000	0.00000000	0.00000000	0.00000000	0.00000000	0.00000000	0.00393701	0.00000000	0.00000000	0.00000000	0.00000000	0.00000000	0.00000000	0.00000000	0.00000000	0.00000000	0.00000000	0.00000000	0.00000000	0.00000000	0.00000000	0.00000000	0.00000000	0.00000000	0.00000000	0.01181102	0.00000000	0.00000000	0.00000000	0.00000000	0.00000000	0.00000000	0.04724409	0.00787402	0.00787402	0.02755906	0.01181102	0.00000000	0.00000000	0.00000000	0.00000000	0.00000000	0.00000000	0.00000000	0.00000000	0.00000000	0.00000000	0.00000000	0.00000000	0.00000000	0.00000000	0.00000000	0.00000000	0.00000000	0.00000000	0.00000000
OG0010090	2245	0.02004454	0.01559020	0.01469933	0.01959911	0.03474388	0.02761693	0.00801782	0.01069042	0.00801782	0.01336303	0.01737194	0.00445434	0.00489978	0.00400891	0.01336303	0.00668151	0.00311804	0.00000000	0.02494432	0.00356347	0.00000000	0.00000000	0.00000000	0.00000000	0.00000000	0.00000000	0.00000000	0.00445434	0.00890869	0.00489978	0.00445434	0.00311804	0.00000000	0.00000000	0.00000000	0.00890869	0.02227171	0.02583519	0.02004454	0.01425390	0.00356347	0.01603563	0.00757238	0.00178174	0.01648107	0.00757238	0.00000000	0.00000000	0.00222717	0.01291759	0.00668151	0.00000000	0.00890869	0.00445434	0.00356347	0.01069042	0.02939866	0.00534521	0.00846325	0.00935412	0.01425390	0.00222717	0.01202673	0.01113586	0.02717149	0.00000000	0.00000000	0.00000000	0.00000000	0.00267261	0.00133630	0.00000000	0.02405345	0.01648107	0.00000000	0.00000000	0.00089087	0.00267261	0.00311804	0.00000000	0.00089087	0.00935412	0.01113586	0.00890869	0.01069042	0.02138085	0.00623608	0.01692650	0.02004454	0.01559020	0.02895323	0.01737194	0.00445434	0.01069042	0.03251670	0.01380846	0.02672606	0.03429844	0.03118040	0.03385301
OG0016081	3714	0.03150242	0.03150242	0.03069467	0.01103931	0.00646204	0.00726979	0.00969305	0.02423263	0.00807754	0.01130856	0.01023156	0.00484653	0.00403877	0.00646204	0.00915455	0.00861605	0.00000000	0.00996230	0.00673129	0.01077006	0.03150242	0.01211632	0.02692515	0.01453958	0.00511578	0.00080775	0.00053850	0.00134626	0.00000000	0.00000000	0.00134626	0.00269251	0.00215401	0.00053850	0.00242326	0.00161551	0.00000000	0.00188476	0.00134626	0.00026925	0.00000000	0.00000000	0.00000000	0.00000000	0.00000000	0.00000000	0.00000000	0.00026925	0.00188476	0.00026925	0.00000000	0.00000000	0.00000000	0.00000000	0.00000000	0.00000000	0.00700054	0.00000000	0.00000000	0.00000000	0.00000000	0.00026925	0.00000000	0.00026925	0.00000000	0.00484653	0.00242326	0.00134626	0.00000000	0.00000000	0.00188476	0.00242326	0.00242326	0.00242326	0.00188476	0.00000000	0.00350027	0.02100162	0.00000000	0.02019386	0.00215401	0.00323102	0.02827141	0.03150242	0.03500269	0.03150242	0.03150242	0.03150242	0.03150242	0.03150242	0.03150242	0.03150242	0.03500269	0.03150242	0.03150242	0.03150242	0.03150242	0.03150242	0.03150242	0.03123317
OG0014383	323	0.00000000	0.00000000	0.00000000	0.00000000	0.00000000	0.00000000	0.02167183	0.00000000	0.00000000	0.00000000	0.00000000	0.00000000	0.00000000	0.00000000	0.00000000	0.00000000	0.01547988	0.00619195	0.01857585	0.00000000	0.04953560	0.00000000	0.00000000	0.00000000	0.00000000	0.00000000	0.00000000	0.00000000	0.00000000	0.01547988	0.00000000	0.00000000	0.00000000	0.00000000	0.00000000	0.00000000	0.02476780	0.00928793	0.05882353	0.01238390	0.00000000	0.00000000	0.00000000	0.04334365	0.00000000	0.00000000	0.00000000	0.00000000	0.00000000	0.00000000	0.00000000	0.00000000	0.00000000	0.00000000	0.00000000	0.00000000	0.00000000	0.00000000	0.06811146	0.00000000	0.00000000	0.00000000	0.00000000	0.00000000	0.00000000	0.00000000	0.00000000	0.00000000	0.00000000	0.00000000	0.00000000	0.00000000	0.00000000	0.00000000	0.00000000	0.00000000	0.00000000	0.00000000	0.00000000	0.00000000	0.00000000	0.02476780	0.00000000	0.00619195	0.01857585	0.05572755	0.00000000	0.04334365	0.08049536	0.02167183	0.13003096	0.02167183	0.00000000	0.04024768	0.09287926	0.00000000	0.09907121	0.02167183	0.00000000	0.00000000
OG0001392	218	0.13761468	0.11009174	0.13761468	0.12385321	0.11926606	0.13761468	0.11009174	0.02752294	0.00000000	0.00000000	0.00000000	0.06422018	0.00000000	0.00000000	0.00000000	0.00000000	0.00000000	0.00000000	0.00000000	0.00000000	0.00000000	0.00000000	0.00000000	0.00000000	0.00000000	0.00000000	0.00000000	0.00000000	0.00000000	0.00000000	0.00000000	0.00000000	0.00000000	0.00000000	0.00000000	0.00000000	0.00000000	0.00000000	0.00000000	0.00000000	0.00000000	0.00000000	0.00000000	0.00000000	0.00000000	0.00000000	0.00000000	0.00000000	0.00000000	0.00000000	0.00000000	0.03211009	0.00000000	0.00000000	0.00000000	0.00000000	0.00000000	0.00000000	0.00000000	0.00000000	0.00000000	0.00000000	0.00000000	0.00000000	0.00000000	0.00000000	0.00000000	0.00000000	0.00000000	0.00000000	0.00000000	0.00000000	0.00000000	0.00000000	0.00000000	0.00000000	0.00000000	0.00000000	0.00000000	0.00000000	0.00000000	0.00000000	0.00000000	0.00000000	0.00000000	0.00000000	0.00000000	0.00000000	0.00000000	0.00000000	0.00000000	0.00000000	0.00000000	0.00000000	0.00000000	0.00000000	0.00000000	0.00000000	0.00000000	0.00000000
OG0017698	2958	0.02163624	0.01893171	0.02163624	0.01893171	0.02163624	0.01893171	0.01453685	0.01791751	0.00811359	0.01149425	0.00473293	0.00676133	0.00338066	0.01555105	0.01149425	0.00608519	0.00338066	0.00709939	0.00405680	0.00236646	0.00304260	0.00236646	0.00236646	0.00270453	0.00473293	0.00270453	0.00473293	0.00270453	0.00236646	0.00236646	0.00270453	0.00236646	0.00270453	0.00709939	0.01048005	0.00202840	0.00000000	0.01352265	0.00000000	0.00169033	0.00000000	0.00000000	0.00000000	0.00000000	0.00811359	0.01893171	0.00000000	0.00000000	0.00000000	0.00000000	0.00000000	0.00000000	0.00000000	0.00000000	0.00000000	0.00000000	0.00000000	0.00000000	0.00000000	0.00169033	0.00033807	0.00135227	0.00169033	0.00642326	0.00980392	0.00000000	0.00033807	0.01453685	0.01893171	0.02163624	0.01893171	0.01893171	0.02163624	0.01893171	0.02163624	0.01893171	0.02163624	0.01893171	0.01893171	0.02163624	0.01284652	0.02163624	0.01893171	0.02163624	0.01893171	0.01893171	0.02163624	0.01893171	0.02163624	0.01893171	0.02163624	0.01893171	0.01893171	0.02163624	0.01825558	0.02096011	0.01893171	0.02163624	0.01487492	0.01487492
OG0016187	934	0.00000000	0.00000000	0.00000000	0.00000000	0.00000000	0.00000000	0.00000000	0.00000000	0.00000000	0.00000000	0.00000000	0.00000000	0.00000000	0.00000000	0.00000000	0.00000000	0.00000000	0.00000000	0.00000000	0.00000000	0.00000000	0.00000000	0.00000000	0.00000000	0.00000000	0.00000000	0.00000000	0.00000000	0.00000000	0.00000000	0.00000000	0.00000000	0.00000000	0.00000000	0.00000000	0.00000000	0.00000000	0.00000000	0.00642398	0.00000000	0.00000000	0.00000000	0.00000000	0.00000000	0.00000000	0.00107066	0.00107066	0.00000000	0.00214133	0.00535332	0.00642398	0.00642398	0.02355460	0.03211991	0.03426124	0.03319058	0.00642398	0.00642398	0.00642398	0.00642398	0.00642398	0.00642398	0.01177730	0.00642398	0.00642398	0.03854390	0.00749465	0.00642398	0.00642398	0.00642398	0.00642398	0.00642398	0.00642398	0.01713062	0.03211991	0.02783726	0.00642398	0.00642398	0.00642398	0.01177730	0.00749465	0.00000000	0.00000000	0.00000000	0.03211991	0.03854390	0.03854390	0.03854390	0.03854390	0.03854390	0.03854390	0.03854390	0.03854390	0.01927195	0.03854390	0.03854390	0.03854390	0.03854390	0.03854390	0.03211991
OG0004370	680	0.02794118	0.01176471	0.00294118	0.00735294	0.01911765	0.03088235	0.02794118	0.00000000	0.00000000	0.00147059	0.00147059	0.01323529	0.01470588	0.01176471	0.01470588	0.00882353	0.00000000	0.00000000	0.00441176	0.00588235	0.01617647	0.00441176	0.00000000	0.00000000	0.01470588	0.00882353	0.00000000	0.00000000	0.00441176	0.02647059	0.00000000	0.03529412	0.03088235	0.00735294	0.01470588	0.00588235	0.00588235	0.02058824	0.02058824	0.01470588	0.00588235	0.00000000	0.00000000	0.00441176	0.00000000	0.00000000	0.00000000	0.00000000	0.00441176	0.00000000	0.00000000	0.00000000	0.00000000	0.00000000	0.00000000	0.00882353	0.00000000	0.00000000	0.00000000	0.00441176	0.00000000	0.00000000	0.00000000	0.00000000	0.00882353	0.00000000	0.00000000	0.00882353	0.03529412	0.03088235	0.03088235	0.01029412	0.00882353	0.00294118	0.00000000	0.00000000	0.01764706	0.03088235	0.03088235	0.03088235	0.00882353	0.00000000	0.00000000	0.01764706	0.00882353	0.00147059	0.02352941	0.03088235	0.02941176	0.02500000	0.00000000	0.00000000	0.00000000	0.01470588	0.01911765	0.01029412	0.02352941	0.02941176	0.02647059	0.02058824
OG0015328	10414	0.01555598	0.00748992	0.00748992	0.00700979	0.03581717	0.00845016	0.01161897	0.01037065	0.01219512	0.01411561	0.01882082	0.01545996	0.00989053	0.00854619	0.01219512	0.01555598	0.01027463	0.02179758	0.01814865	0.01824467	0.00710582	0.00681775	0.00470520	0.00374496	0.00000000	0.00000000	0.00028807	0.00000000	0.00000000	0.00000000	0.00038410	0.00230459	0.00489725	0.00384098	0.00547340	0.00576147	0.00355291	0.00163242	0.00182447	0.00748992	0.00643365	0.00566545	0.01536393	0.01104283	0.00124832	0.01219512	0.03418475	0.00681775	0.01238717	0.00873824	0.00422508	0.00566545	0.00432111	0.00508930	0.00432111	0.00508930	0.00508930	0.00432111	0.00547340	0.00384098	0.00729787	0.00797004	0.00652967	0.00672172	0.00604955	0.00720184	0.00768197	0.00835414	0.00768197	0.02976762	0.02746303	0.00998656	0.00912234	0.01248320	0.01229115	0.02621471	0.01814865	0.02083733	0.02170156	0.02333397	0.02381410	0.01786057	0.01440369	0.01901287	0.03802573	0.01622815	0.00768197	0.01766852	0.01161897	0.01104283	0.01123488	0.00787402	0.00508930	0.00000000	0.00432111	0.00000000	0.00086422	0.00288074	0.01046668	0.00268869
OG0018145	15933	0.01631833	0.01600452	0.01600452	0.01217599	0.01255256	0.01430992	0.01562794	0.01537689	0.01512584	0.01543965	0.01562794	0.01518860	0.01506308	0.01525137	0.01600452	0.01462374	0.01349401	0.01261533	0.01248980	0.01267809	0.01167388	0.00922613	0.00345196	0.01267809	0.00075315	0.00056487	0.01600452	0.01600452	0.01600452	0.01600452	0.01600452	0.01600452	0.00652733	0.00000000	0.00012553	0.00031381	0.00031381	0.00031381	0.00031381	0.00320090	0.00458169	0.00960271	0.01600452	0.01600452	0.00000000	0.00000000	0.00000000	0.00000000	0.00000000	0.00000000	0.01581623	0.01600452	0.00320090	0.00000000	0.00025105	0.00320090	0.00000000	0.00000000	0.00000000	0.00056487	0.00006276	0.00000000	0.00000000	0.00000000	0.01456097	0.01600452	0.01600452	0.01600452	0.01600452	0.01600452	0.01600452	0.00960271	0.00753154	0.00351472	0.00056487	0.01613004	0.01512584	0.01531413	0.01575347	0.01537689	0.01569070	0.00928890	0.00138078	0.00677838	0.01600452	0.01600452	0.01600452	0.01600452	0.01600452	0.01600452	0.01600452	0.01600452	0.01600452	0.01600452	0.01600452	0.01600452	0.01600452	0.01292914	0.00182012	0.01179941
OG0011527	659	0.00303490	0.00000000	0.00000000	0.00151745	0.00455235	0.00000000	0.00000000	0.00000000	0.00000000	0.00000000	0.00000000	0.00000000	0.00303490	0.00000000	0.00000000	0.00000000	0.00000000	0.00000000	0.00606980	0.01062215	0.01062215	0.00910470	0.01062215	0.01213961	0.01062215	0.01365706	0.03186646	0.03186646	0.02731411	0.03186646	0.02579666	0.01062215	0.01062215	0.01365706	0.01213961	0.00910470	0.01062215	0.01062215	0.01062215	0.01062215	0.01062215	0.01213961	0.02427921	0.02124431	0.01062215	0.01062215	0.01669196	0.01062215	0.01062215	0.00910470	0.01062215	0.01062215	0.01972686	0.02579666	0.01062215	0.01365706	0.01669196	0.00910470	0.01062215	0.01213961	0.01062215	0.01517451	0.01062215	0.01062215	0.00910470	0.02883156	0.02427921	0.03793627	0.02427921	0.01517451	0.01062215	0.01062215	0.01062215	0.01062215	0.01062215	0.01062215	0.01365706	0.01517451	0.00910470	0.01062215	0.01062215	0.01062215	0.01972686	0.00758725	0.00000000	0.00000000	0.00758725	0.00151745	0.00000000	0.00000000	0.00000000	0.00000000	0.00000000	0.00000000	0.00000000	0.00910470	0.01517451	0.00000000	0.00000000	0.00000000
OG0011088	134	0.00000000	0.00000000	0.00000000	0.00000000	0.00000000	0.00000000	0.00000000	0.00000000	0.00000000	0.00000000	0.00000000	0.00000000	0.00000000	0.00000000	0.00000000	0.00000000	0.00000000	0.00000000	0.00000000	0.00000000	0.00000000	0.00000000	0.00000000	0.00000000	0.00000000	0.00000000	0.00000000	0.00000000	0.00000000	0.00000000	0.00000000	0.00000000	0.00000000	0.00000000	0.00000000	0.00000000	0.00000000	0.00000000	0.00000000	0.00000000	0.00000000	0.00000000	0.00000000	0.00000000	0.00000000	0.00000000	0.00000000	0.00000000	0.00000000	0.00000000	0.00000000	0.00000000	0.02238806	0.01492537	0.01492537	0.03731343	0.08955224	0.01492537	0.01492537	0.01492537	0.02238806	0.01492537	0.01492537	0.01492537	0.01492537	0.02238806	0.01492537	0.01492537	0.01492537	0.02238806	0.01492537	0.01492537	0.01492537	0.02238806	0.01492537	0.01492537	0.01492537	0.01492537	0.02238806	0.01492537	0.01492537	0.01492537	0.02238806	0.01492537	0.01492537	0.01492537	0.02238806	0.01492537	0.01492537	0.01492537	0.01492537	0.02238806	0.01492537	0.01492537	0.05970149	0.04477612	0.02985075	0.01492537	0.01492537	0.04477612
OG0008751	29829	0.01538771	0.01542123	0.01465017	0.01542123	0.01465017	0.01542123	0.01465017	0.01542123	0.01465017	0.01542123	0.01465017	0.01542123	0.01277280	0.00801234	0.00070401	0.00083811	0.00207851	0.00077106	0.00254786	0.00134098	0.00067049	0.00130745	0.00147507	0.00080459	0.00046934	0.00043582	0.00626907	0.00100573	0.00026820	0.00030172	0.00000000	0.00318482	0.00512924	0.01515304	0.01465017	0.01542123	0.01465017	0.01542123	0.01542123	0.01465017	0.01542123	0.01465017	0.01542123	0.01465017	0.01525361	0.01465017	0.01542123	0.01465017	0.01542123	0.01465017	0.01542123	0.01542123	0.01465017	0.01528714	0.01451607	0.01542123	0.01465017	0.01542123	0.01465017	0.01542123	0.01465017	0.01538771	0.00905159	0.00958798	0.00972208	0.00338597	0.00144155	0.00529686	0.00730832	0.00046934	0.00958798	0.01002380	0.00630259	0.01397968	0.00492809	0.00134098	0.01092896	0.01448255	0.01404673	0.01371149	0.01408026	0.01408026	0.01267223	0.01159945	0.01273928	0.01542123	0.00600087	0.00616849	0.01146535	0.00348654	0.00492809	0.00861578	0.00985618	0.00714070	0.00978913	0.00616849	0.00710718	0.01062724	0.00720775	0.00724128
OG0002752	449	0.04899777	0.02895323	0.00668151	0.00000000	0.04008909	0.03786192	0.00890869	0.00000000	0.00000000	0.01559020	0.00000000	0.00668151	0.00000000	0.00445434	0.00000000	0.00000000	0.00000000	0.00000000	0.00668151	0.00000000	0.00000000	0.00445434	0.00000000	0.00000000	0.00000000	0.00000000	0.00668151	0.00890869	0.00222717	0.00000000	0.00000000	0.00000000	0.00000000	0.00000000	0.03563474	0.00000000	0.00000000	0.00000000	0.00668151	0.00890869	0.00668151	0.00222717	0.00000000	0.00000000	0.00000000	0.00000000	0.00000000	0.00000000	0.00000000	0.03563474	0.07126949	0.07126949	0.07126949	0.03563474	0.00000000	0.00000000	0.00000000	0.00000000	0.01113586	0.04677060	0.00000000	0.00445434	0.00222717	0.00668151	0.00890869	0.00890869	0.00890869	0.00890869	0.00668151	0.00890869	0.00890869	0.00445434	0.00222717	0.00890869	0.00890869	0.00890869	0.00890869	0.00668151	0.00890869	0.00890869	0.00890869	0.00668151	0.00890869	0.00890869	0.00890869	0.00890869	0.00668151	0.00890869	0.00890869	0.00890869	0.00668151	0.00890869	0.00668151	0.00000000	0.00000000	0.00668151	0.01559020	0.02672606	0.02672606	0.04677060
OG0000489	572	0.01223776	0.02447552	0.02447552	0.02447552	0.02447552	0.02447552	0.02447552	0.02447552	0.02447552	0.03671329	0.02447552	0.02447552	0.02447552	0.02447552	0.02447552	0.02447552	0.02447552	0.02447552	0.03671329	0.02447552	0.02447552	0.02447552	0.02447552	0.02447552	0.02447552	0.02447552	0.02447552	0.03671329	0.02447552	0.02447552	0.02447552	0.02447552	0.02447552	0.02447552	0.02272727	0.02097902	0.01048951	0.00000000	0.00000000	0.00000000	0.00000000	0.00000000	0.00174825	0.00349650	0.00349650	0.00524476	0.00349650	0.00349650	0.00349650	0.00000000	0.00000000	0.00000000	0.00000000	0.00000000	0.00000000	0.00000000	0.00000000	0.00000000	0.00000000	0.01223776	0.02447552	0.01223776	0.00000000	0.00000000	0.00000000	0.00000000	0.00174825	0.00000000	0.00000000	0.00000000	0.00000000	0.00000000	0.00000000	0.00000000	0.00000000	0.00000000	0.00000000	0.00000000	0.00000000	0.00000000	0.00000000	0.00000000	0.00000000	0.00000000	0.00000000	0.00000000	0.00000000	0.00000000	0.00000000	0.00000000	0.00000000	0.00000000	0.00000000	0.00349650	0.00000000	0.00000000	0.00000000	0.00000000	0.00000000	0.01048951
OG0006315	0	0.00000000	0.00000000	0.00000000	0.00000000	0.00000000	0.00000000	0.00000000	0.00000000	0.00000000	0.00000000	0.00000000	0.00000000	0.00000000	0.00000000	0.00000000	0.00000000	0.00000000	0.00000000	0.00000000	0.00000000	0.00000000	0.00000000	0.00000000	0.00000000	0.00000000	0.00000000	0.00000000	0.00000000	0.00000000	0.00000000	0.00000000	0.00000000	0.00000000	0.00000000	0.00000000	0.00000000	0.00000000	0.00000000	0.00000000	0.00000000	0.00000000	0.00000000	0.00000000	0.00000000	0.00000000	0.00000000	0.00000000	0.00000000	0.00000000	0.00000000	0.00000000	0.00000000	0.00000000	0.00000000	0.00000000	0.00000000	0.00000000	0.00000000	0.00000000	0.00000000	0.00000000	0.00000000	0.00000000	0.00000000	0.00000000	0.00000000	0.00000000	0.00000000	0.00000000	0.00000000	0.00000000	0.00000000	0.00000000	0.00000000	0.00000000	0.00000000	0.00000000	0.00000000	0.00000000	0.00000000	0.00000000	0.00000000	0.00000000	0.00000000	0.00000000	0.00000000	0.00000000	0.00000000	0.00000000	0.00000000	0.00000000	0.00000000	0.00000000	0.00000000	0.00000000	0.00000000	0.00000000	0.00000000	0.00000000	0.00000000
OG0003463	645	0.04031008	0.04341085	0.04186047	0.03720930	0.03720930	0.03875969	0.03720930	0.03875969	0.03720930	0.00930233	0.00000000	0.00000000	0.00000000	0.00000000	0.00000000	0.00000000	0.00000000	0.00000000	0.00000000	0.00000000	0.00000000	0.00000000	0.00000000	0.00000000	0.00000000	0.00000000	0.00000000	0.00000000	0.00000000	0.00000000	0.00000000	0.00000000	0.00000000	0.00000000	0.00000000	0.00000000	0.00000000	0.00000000	0.00000000	0.00000000	0.00000000	0.00000000	0.00000000	0.00155039	0.00000000	0.00000000	0.00000000	0.00000000	0.00000000	0.00000000	0.00000000	0.01085271	0.00000000	0.00000000	0.00000000	0.00000000	0.00000000	0.00000000	0.00000000	0.00000000	0.00000000	0.00000000	0.00000000	0.00000000	0.00000000	0.00000000	0.00000000	0.00000000	0.00000000	0.00000000	0.00000000	0.00155039	0.00465116	0.00000000	0.00000000	0.00000000	0.00000000	0.00000000	0.00000000	0.00000000	0.00000000	0.00000000	0.00000000	0.00000000	0.00000000	0.03410853	0.04341085	0.04341085	0.03255814	0.04341085	0.04341085	0.04341085	0.04341085	0.04341085	0.04341085	0.04341085	0.04341085	0.04341085	0.04341085	0.03255814
OG0016781	2214	0.03794038	0.03477868	0.03477868	0.03477868	0.02845528	0.01987353	0.01987353	0.01987353	0.01987353	0.01264679	0.01309846	0.00993677	0.01761518	0.01219512	0.01219512	0.00993677	0.03206865	0.01490515	0.02393857	0.01671183	0.01716350	0.01897019	0.01716350	0.01626016	0.00993677	0.01761518	0.03026197	0.00316170	0.00632340	0.03794038	0.03477868	0.00767841	0.00542005	0.00542005	0.00632340	0.00858175	0.01535682	0.01084011	0.01400181	0.00993677	0.01174345	0.01400181	0.01626016	0.01219512	0.00813008	0.00542005	0.00451671	0.01309846	0.02755194	0.00632340	0.00000000	0.00135501	0.00000000	0.00000000	0.00000000	0.00000000	0.00000000	0.00316170	0.00135501	0.00045167	0.00000000	0.00180668	0.00451671	0.00000000	0.00000000	0.00000000	0.00000000	0.00000000	0.00000000	0.00000000	0.00135501	0.00000000	0.00135501	0.00045167	0.02213189	0.00496838	0.00000000	0.00406504	0.00496838	0.00135501	0.00316170	0.00903342	0.00316170	0.00361337	0.00180668	0.01309846	0.00813008	0.02755194	0.00135501	0.00045167	0.01264679	0.00225836	0.00813008	0.00045167	0.00045167	0.00677507	0.00000000	0.00000000	0.00000000	0.00677507
OG0015479	771	0.07782101	0.06744488	0.07003891	0.04020752	0.01037613	0.00000000	0.05317769	0.07263294	0.07263294	0.06225681	0.02983139	0.00907912	0.00389105	0.00000000	0.00000000	0.00000000	0.00000000	0.00000000	0.00000000	0.00000000	0.00000000	0.00000000	0.00000000	0.00000000	0.00259403	0.00000000	0.00259403	0.00000000	0.00000000	0.00000000	0.00000000	0.00000000	0.00000000	0.00000000	0.00000000	0.00000000	0.00000000	0.00000000	0.00000000	0.00000000	0.00000000	0.00000000	0.00000000	0.00000000	0.00000000	0.00000000	0.00000000	0.00000000	0.00000000	0.00000000	0.00000000	0.00000000	0.00000000	0.00000000	0.00000000	0.00000000	0.00000000	0.02723735	0.00000000	0.02075227	0.01815824	0.03631647	0.00000000	0.00000000	0.00000000	0.00000000	0.00518807	0.00000000	0.00000000	0.00000000	0.00907912	0.00000000	0.00000000	0.00000000	0.00000000	0.00000000	0.00907912	0.00000000	0.01815824	0.00000000	0.00000000	0.00000000	0.00000000	0.00000000	0.00000000	0.01815824	0.02204929	0.01815824	0.01815824	0.01815824	0.01815824	0.01815824	0.01815824	0.02204929	0.00389105	0.01815824	0.02594034	0.01815824	0.02594034	0.01815824
OG0011712	1696	0.01591981	0.02594340	0.02594340	0.03242925	0.02594340	0.02594340	0.02594340	0.03242925	0.02594340	0.02594340	0.02594340	0.02889151	0.02594340	0.01709906	0.01415094	0.03242925	0.02594340	0.02594340	0.02594340	0.01533019	0.00235849	0.00235849	0.01297170	0.01415094	0.00235849	0.00235849	0.00294811	0.00235849	0.00235849	0.00235849	0.01474057	0.02594340	0.01827830	0.00235849	0.00294811	0.00235849	0.00235849	0.00412736	0.00884434	0.02417453	0.01356132	0.00766509	0.00353774	0.00235849	0.01356132	0.00235849	0.00412736	0.00471698	0.00471698	0.00589623	0.00589623	0.00412736	0.00471698	0.00589623	0.00471698	0.00471698	0.00471698	0.00589623	0.00471698	0.00471698	0.00471698	0.00589623	0.00471698	0.00471698	0.00471698	0.00589623	0.00471698	0.00471698	0.00471698	0.00884434	0.01533019	0.00471698	0.00471698	0.00589623	0.01002358	0.00471698	0.00589623	0.00471698	0.00471698	0.00471698	0.00589623	0.00471698	0.00471698	0.00471698	0.00589623	0.00471698	0.00471698	0.00471698	0.00589623	0.00471698	0.00353774	0.00235849	0.00294811	0.00353774	0.00589623	0.00471698	0.00412736	0.00294811	0.01120283	0.02358491
OG0016511	87	0.00000000	0.00000000	0.00000000	0.00000000	0.00000000	0.00000000	0.00000000	0.01149425	0.00000000	0.00000000	0.00000000	0.00000000	0.00000000	0.00000000	0.00000000	0.00000000	0.00000000	0.00000000	0.00000000	0.00000000	0.00000000	0.00000000	0.00000000	0.00000000	0.00000000	0.00000000	0.00000000	0.01149425	0.01149425	0.00000000	0.00000000	0.00000000	0.00000000	0.00000000	0.00000000	0.00000000	0.00000000	0.00000000	0.00000000	0.00000000	0.00000000	0.00000000	0.00000000	0.00000000	0.00000000	0.00000000	0.00000000	0.00000000	0.00000000	0.00000000	0.00000000	0.00000000	0.00000000	0.00000000	0.00000000	0.00000000	0.00000000	0.00000000	0.00000000	0.00000000	0.00000000	0.00000000	0.00000000	0.00000000	0.00000000	0.00000000	0.00000000	0.00000000	0.00000000	0.00000000	0.00000000	0.00000000	0.00000000	0.00000000	0.58620690	0.19540230	0.00000000	0.00000000	0.00000000	0.00000000	0.00000000	0.00000000	0.00000000	0.00000000	0.00000000	0.00000000	0.00000000	0.00000000	0.00000000	0.00000000	0.00000000	0.00000000	0.00000000	0.00000000	0.00000000	0.00000000	0.03448276	0.06896552	0.05747126	0.02298851
OG0009605	4447	0.01574095	0.00134922	0.00404767	0.00044974	0.01596582	0.01888914	0.00247358	0.00089948	0.00337306	0.00179897	0.00134922	0.00292332	0.00089948	0.00247358	0.00067461	0.00022487	0.00044974	0.00247358	0.00067461	0.00000000	0.00584664	0.00000000	0.00854509	0.00157409	0.00134922	0.00044974	0.00000000	0.00044974	0.01011918	0.00000000	0.00269845	0.00067461	0.00134922	0.00157409	0.00157409	0.00134922	0.00157409	0.00157409	0.00112435	0.00112435	0.01641556	0.01888914	0.00629638	0.00000000	0.00000000	0.00000000	0.01619069	0.01888914	0.01888914	0.01619069	0.01079379	0.01888914	0.01888914	0.00269845	0.01574095	0.01888914	0.01888914	0.01484147	0.01753991	0.01731504	0.01551608	0.01888914	0.01753991	0.01821453	0.01619069	0.01888914	0.01888914	0.01529121	0.01731504	0.01776479	0.01888914	0.01619069	0.01821453	0.01731504	0.01484147	0.01731504	0.01798966	0.01888914	0.01484147	0.01731504	0.01731504	0.01731504	0.01484147	0.01731504	0.01731504	0.01506634	0.01888914	0.01776479	0.01731504	0.00000000	0.00000000	0.01281763	0.01484147	0.00742073	0.00742073	0.01236789	0.00989431	0.01731504	0.01731504	0.01484147
OG0009853	2726	0.02311079	0.02311079	0.01907557	0.02164343	0.01760822	0.02201027	0.02384446	0.02274395	0.02127660	0.01760822	0.02054292	0.02017608	0.02017608	0.02201027	0.01797506	0.02164343	0.02201027	0.02054292	0.02090976	0.01614087	0.02237711	0.02164343	0.01944241	0.00183419	0.00476889	0.00073368	0.00000000	0.00000000	0.00000000	0.00000000	0.00000000	0.00000000	0.00000000	0.00000000	0.01320616	0.02201027	0.02201027	0.02201027	0.02201027	0.01760822	0.02201027	0.02201027	0.02201027	0.02201027	0.01760822	0.02201027	0.02201027	0.00000000	0.00000000	0.00000000	0.00183419	0.00000000	0.00000000	0.00000000	0.00000000	0.00000000	0.00476889	0.00000000	0.00953778	0.01210565	0.00000000	0.00000000	0.00000000	0.00000000	0.00000000	0.00000000	0.00000000	0.00000000	0.00000000	0.00000000	0.00000000	0.00000000	0.00550257	0.00146735	0.00000000	0.00000000	0.00000000	0.00000000	0.00000000	0.00000000	0.00000000	0.01907557	0.02384446	0.00000000	0.00000000	0.00000000	0.00036684	0.00000000	0.02384446	0.01907557	0.00513573	0.00146735	0.00000000	0.00513573	0.01797506	0.01834189	0.01650770	0.02274395	0.02201027	0.01577403
OG0006087	288	0.00347222	0.04166667	0.04166667	0.04166667	0.02083333	0.00000000	0.02777778	0.03472222	0.04166667	0.04166667	0.04166667	0.02083333	0.04166667	0.04166667	0.04166667	0.02083333	0.00000000	0.00000000	0.00000000	0.00000000	0.02083333	0.04166667	0.02083333	0.00000000	0.02083333	0.02430556	0.00347222	0.00000000	0.00000000	0.00347222	0.00694444	0.00694444	0.00694444	0.00347222	0.02430556	0.04166667	0.04166667	0.01388889	0.00000000	0.00000000	0.00000000	0.03472222	0.03472222	0.04166667	0.00000000	0.00000000	0.00000000	0.00000000	0.00000000	0.00000000	0.00000000	0.00000000	0.00000000	0.00000000	0.00000000	0.00000000	0.00000000	0.00000000	0.00000000	0.00000000	0.00000000	0.00000000	0.00000000	0.00000000	0.00000000	0.00000000	0.00000000	0.00000000	0.00000000	0.00000000	0.00000000	0.00000000	0.00000000	0.00000000	0.00000000	0.00000000	0.00000000	0.00000000	0.00000000	0.00000000	0.00000000	0.00000000	0.00000000	0.00000000	0.00000000	0.00000000	0.00000000	0.00000000	0.00000000	0.00000000	0.00000000	0.00000000	0.00000000	0.00000000	0.00000000	0.00347222	0.00694444	0.04166667	0.03472222	0.01736111
OG0012507	338	0.08284024	0.00000000	0.00000000	0.00591716	0.01775148	0.00000000	0.00000000	0.00000000	0.00000000	0.00000000	0.02071006	0.01183432	0.00000000	0.00000000	0.00000000	0.01775148	0.10650888	0.07100592	0.02366864	0.12426036	0.03254438	0.03846154	0.05325444	0.00000000	0.01775148	0.03550296	0.01775148	0.00000000	0.00000000	0.00000000	0.00000000	0.00000000	0.00000000	0.00000000	0.00000000	0.00000000	0.00000000	0.00000000	0.00000000	0.00000000	0.00000000	0.00000000	0.00000000	0.00000000	0.00000000	0.00000000	0.00000000	0.00000000	0.00000000	0.00000000	0.00000000	0.00000000	0.00000000	0.00000000	0.00000000	0.00000000	0.01183432	0.00000000	0.02071006	0.00000000	0.00000000	0.00000000	0.00000000	0.01183432	0.00000000	0.00000000	0.00000000	0.00000000	0.00000000	0.00000000	0.00887574	0.01775148	0.00295858	0.00000000	0.00000000	0.00000000	0.00000000	0.00000000	0.00000000	0.00000000	0.00000000	0.00000000	0.00000000	0.00000000	0.00000000	0.00000000	0.04142012	0.00000000	0.00000000	0.00000000	0.00000000	0.00000000	0.00000000	0.00000000	0.02071006	0.00000000	0.02071006	0.10355030	0.00000000	0.06213018
OG0018212	464	0.09482759	0.01724138	0.01939655	0.02801724	0.07758621	0.11422414	0.09051724	0.07758621	0.07758621	0.04094828	0.00431034	0.00000000	0.04310345	0.01724138	0.00862069	0.00000000	0.00000000	0.00000000	0.00000000	0.00000000	0.00000000	0.00000000	0.00000000	0.00000000	0.00000000	0.00000000	0.00000000	0.00000000	0.00000000	0.00000000	0.00000000	0.00000000	0.00000000	0.00000000	0.00000000	0.00000000	0.00000000	0.00000000	0.00000000	0.00000000	0.00000000	0.00000000	0.00000000	0.00000000	0.00000000	0.00000000	0.00000000	0.00000000	0.00000000	0.00000000	0.00000000	0.00000000	0.00000000	0.01293103	0.07112069	0.00000000	0.00000000	0.00000000	0.00000000	0.00000000	0.00000000	0.00000000	0.00000000	0.00000000	0.00000000	0.00000000	0.00000000	0.00000000	0.02155172	0.08405172	0.01939655	0.00000000	0.00000000	0.00000000	0.00000000	0.00000000	0.00000000	0.00000000	0.00000000	0.00000000	0.00000000	0.00000000	0.00000000	0.00000000	0.00000000	0.00000000	0.00000000	0.00000000	0.00000000	0.00000000	0.00000000	0.00000000	0.07112069	0.00000000	0.00000000	0.00000000	0.00000000	0.00000000	0.00862069	0.00000000
OG0002516	3384	0.01861702	0.01861702	0.01241135	0.01861702	0.01241135	0.01861702	0.01241135	0.01861702	0.01241135	0.01802600	0.01861702	0.01241135	0.01861702	0.01241135	0.01861702	0.01211584	0.01861702	0.01241135	0.01861702	0.01241135	0.01861702	0.01773050	0.01122931	0.01743499	0.01182033	0.01773050	0.01182033	0.01773050	0.01182033	0.01773050	0.01773050	0.01182033	0.01832151	0.00856974	0.00000000	0.01241135	0.01241135	0.01063830	0.01447991	0.01063830	0.01477541	0.00000000	0.00000000	0.00000000	0.00000000	0.00000000	0.00000000	0.00000000	0.00000000	0.00000000	0.00000000	0.00000000	0.00088652	0.00059102	0.00088652	0.01182033	0.01832151	0.01241135	0.01861702	0.01241135	0.01241135	0.00620567	0.00000000	0.00029551	0.00000000	0.00000000	0.00000000	0.00000000	0.00620567	0.00000000	0.00000000	0.00000000	0.00000000	0.00000000	0.00000000	0.00000000	0.00000000	0.00000000	0.00679669	0.01241135	0.01861702	0.01832151	0.01182033	0.01802600	0.01241135	0.01861702	0.00059102	0.00620567	0.01122931	0.01743499	0.01713948	0.01122931	0.01802600	0.01182033	0.01684397	0.01122931	0.01713948	0.01182033	0.01802600	0.01211584
OG0004880	5252	0.01789794	0.02056359	0.02094440	0.02094440	0.01884996	0.00780655	0.00666413	0.00971059	0.00552171	0.00209444	0.00133283	0.00019040	0.00000000	0.00000000	0.00000000	0.00000000	0.00190404	0.00000000	0.00571211	0.00019040	0.00000000	0.00000000	0.00000000	0.00000000	0.00000000	0.00000000	0.00000000	0.00000000	0.00000000	0.00000000	0.00000000	0.00000000	0.00000000	0.00000000	0.00000000	0.00000000	0.00000000	0.00000000	0.00000000	0.00190404	0.00000000	0.00000000	0.00000000	0.00000000	0.00000000	0.00000000	0.00000000	0.00590251	0.00171363	0.00000000	0.00000000	0.00076161	0.00609292	0.00780655	0.00514090	0.00171363	0.00361767	0.01256664	0.00000000	0.00000000	0.02227723	0.02094440	0.02037319	0.01942117	0.02094440	0.02094440	0.02094440	0.02037319	0.01923077	0.02094440	0.02284844	0.01904037	0.01884996	0.01904037	0.02018279	0.01884996	0.01884996	0.01884996	0.02094440	0.01980198	0.02094440	0.01961158	0.01884996	0.01999238	0.01884996	0.01923077	0.01961158	0.02094440	0.02094440	0.02094440	0.02284844	0.02094440	0.02075400	0.02094440	0.02094440	0.02094440	0.02094440	0.02056359	0.02094440	0.01904037
OG0001787	608	0.03947368	0.03947368	0.04605263	0.05263158	0.03453947	0.03947368	0.05263158	0.04605263	0.04440789	0.04440789	0.03453947	0.03453947	0.04605263	0.03453947	0.03453947	0.04111842	0.04605263	0.04605263	0.04440789	0.03453947	0.00493421	0.00000000	0.00000000	0.00000000	0.00000000	0.00000000	0.00000000	0.00000000	0.00000000	0.01315789	0.03289474	0.01315789	0.00986842	0.00000000	0.01315789	0.00000000	0.00000000	0.00657895	0.00000000	0.00000000	0.00000000	0.00657895	0.00000000	0.00000000	0.00000000	0.00000000	0.00000000	0.00000000	0.00000000	0.00000000	0.00000000	0.00000000	0.00000000	0.00000000	0.00000000	0.00000000	0.00000000	0.00000000	0.00000000	0.00000000	0.00000000	0.00000000	0.00000000	0.00000000	0.00000000	0.00000000	0.00000000	0.00000000	0.00000000	0.00000000	0.00000000	0.00000000	0.00000000	0.00000000	0.00000000	0.00000000	0.00986842	0.02302632	0.00328947	0.00822368	0.00000000	0.00000000	0.00000000	0.00000000	0.00000000	0.00000000	0.00000000	0.00000000	0.00657895	0.00000000	0.00000000	0.00493421	0.00822368	0.00000000	0.00000000	0.00000000	0.00000000	0.00000000	0.00000000	0.00000000
OG0009076	314	0.08280255	0.00636943	0.00000000	0.01910828	0.01273885	0.05732484	0.11464968	0.02866242	0.05732484	0.06369427	0.02547771	0.00000000	0.00636943	0.01910828	0.05095541	0.10509554	0.02229299	0.00000000	0.00000000	0.00000000	0.00000000	0.00000000	0.00000000	0.00000000	0.00000000	0.00000000	0.00000000	0.00000000	0.00000000	0.00000000	0.00000000	0.00000000	0.00000000	0.00000000	0.00000000	0.00000000	0.00000000	0.00000000	0.00000000	0.00000000	0.00000000	0.00000000	0.00000000	0.00000000	0.00000000	0.00000000	0.00000000	0.00000000	0.00000000	0.00000000	0.00000000	0.00000000	0.00000000	0.00000000	0.00000000	0.00000000	0.00000000	0.02229299	0.00000000	0.08598726	0.10509554	0.05732484	0.00000000	0.00000000	0.00000000	0.00000000	0.00000000	0.00000000	0.00000000	0.00000000	0.00000000	0.00318471	0.00000000	0.00000000	0.00000000	0.00000000	0.00000000	0.00000000	0.00000000	0.00000000	0.00000000	0.00000000	0.00000000	0.00000000	0.00000000	0.00000000	0.00000000	0.00000000	0.00000000	0.00000000	0.00000000	0.00000000	0.00000000	0.00000000	0.00000000	0.00000000	0.00000000	0.00000000	0.02866242	0.02547771
OG0011769	825	0.04363636	0.04363636	0.03636364	0.04363636	0.03636364	0.04363636	0.04484848	0.03393939	0.02303030	0.00606061	0.00969697	0.00606061	0.00727273	0.00121212	0.00606061	0.00848485	0.00000000	0.00000000	0.00000000	0.00727273	0.00000000	0.01333333	0.00000000	0.00000000	0.00000000	0.00000000	0.00242424	0.00242424	0.00000000	0.00000000	0.00000000	0.00000000	0.00484848	0.00242424	0.00000000	0.00000000	0.03151515	0.00000000	0.00000000	0.00000000	0.00121212	0.00000000	0.01454545	0.00000000	0.00000000	0.00000000	0.00000000	0.00000000	0.00000000	0.00000000	0.00727273	0.01696970	0.02060606	0.00727273	0.01333333	0.00848485	0.00727273	0.00606061	0.02181818	0.01090909	0.01454545	0.01333333	0.00727273	0.00242424	0.00000000	0.02545455	0.03030303	0.01818182	0.00606061	0.00727273	0.00000000	0.00484848	0.00000000	0.00000000	0.00000000	0.00000000	0.00000000	0.00000000	0.00000000	0.00000000	0.00000000	0.00000000	0.00000000	0.00000000	0.00000000	0.00848485	0.03151515	0.00484848	0.00000000	0.00727273	0.00606061	0.01575758	0.00727273	0.00848485	0.00727273	0.00606061	0.04484848	0.04242424	0.04727273	0.03878788
OG0004904	8546	0.04060379	0.02106249	0.01123333	0.00409548	0.00234028	0.00245729	0.00234028	0.00023403	0.00000000	0.00000000	0.00000000	0.00000000	0.00187222	0.00339340	0.00339340	0.00456354	0.01404166	0.00245729	0.00234028	0.00234028	0.01673297	0.00702083	0.01684999	0.00936110	0.00468055	0.00655277	0.00374444	0.03744442	0.00421250	0.00234028	0.00421250	0.00386146	0.00234028	0.00444652	0.00315937	0.00468055	0.00678680	0.00479757	0.00304236	0.00304236	0.00339340	0.00421250	0.00339340	0.00936110	0.00234028	0.01649895	0.00468055	0.00234028	0.00245729	0.00596770	0.02574304	0.00631875	0.03545518	0.03065762	0.03007255	0.01064826	0.00666979	0.00245729	0.00234028	0.00245729	0.00245729	0.00234028	0.00947812	0.00397847	0.00315937	0.01802013	0.00374444	0.00666979	0.00631875	0.00503159	0.01404166	0.00713784	0.00596770	0.00959513	0.01392464	0.00234028	0.00702083	0.03288088	0.00479757	0.01614791	0.00245729	0.01404166	0.00245729	0.00456354	0.00596770	0.01158437	0.00737187	0.00397847	0.01123333	0.04235900	0.04563538	0.04856073	0.02281769	0.01450971	0.00655277	0.01766908	0.01591388	0.00737187	0.03311491	0.03124269
OG0017527	694	0.09077810	0.07780980	0.07780980	0.07780980	0.09077810	0.07780980	0.00864553	0.00864553	0.00144092	0.00144092	0.00000000	0.00000000	0.00000000	0.00000000	0.00000000	0.00000000	0.00000000	0.00000000	0.01152738	0.02881844	0.00000000	0.00000000	0.00000000	0.00000000	0.00000000	0.00000000	0.00000000	0.00000000	0.00288184	0.00000000	0.00000000	0.00000000	0.01440922	0.03890490	0.00000000	0.00000000	0.00000000	0.00000000	0.00000000	0.00000000	0.00000000	0.00000000	0.00000000	0.00000000	0.00000000	0.00000000	0.07780980	0.07780980	0.07780980	0.07780980	0.02593660	0.00000000	0.00000000	0.00000000	0.00000000	0.00000000	0.00000000	0.00000000	0.00000000	0.00000000	0.00000000	0.00000000	0.00000000	0.00000000	0.00000000	0.00000000	0.00000000	0.00000000	0.00000000	0.00000000	0.00000000	0.00000000	0.00000000	0.00000000	0.00000000	0.00000000	0.00000000	0.00000000	0.00000000	0.00000000	0.00144092	0.00000000	0.00000000	0.00000000	0.00000000	0.00000000	0.00000000	0.00000000	0.00000000	0.00000000	0.00000000	0.02017291	0.00000000	0.00000000	0.00000000	0.00000000	0.00576369	0.00864553	0.00864553	0.00864553
OG0006485	119	0.05042017	0.07563025	0.00000000	0.00840336	0.00840336	0.00000000	0.05042017	0.05042017	0.02521008	0.02521008	0.00840336	0.00000000	0.00000000	0.07563025	0.07563025	0.07563025	0.05042017	0.05042017	0.00000000	0.00000000	0.00000000	0.00000000	0.00000000	0.00000000	0.02521008	0.00000000	0.00000000	0.00000000	0.00000000	0.00000000	0.00000000	0.00000000	0.00000000	0.00000000	0.00840336	0.02521008	0.01680672	0.00000000	0.00000000	0.00000000	0.00000000	0.02521008	0.00000000	0.00000000	0.00000000	0.00000000	0.02521008	0.00000000	0.00000000	0.00000000	0.00000000	0.00000000	0.00000000	0.00000000	0.00000000	0.00000000	0.00840336	0.00840336	0.00000000	0.00000000	0.00000000	0.00000000	0.00000000	0.00000000	0.07563025	0.05042017	0.00000000	0.00000000	0.00000000	0.00000000	0.00000000	0.00000000	0.00000000	0.00000000	0.05042017	0.00000000	0.00000000	0.00000000	0.00000000	0.00000000	0.00000000	0.00840336	0.00000000	0.00000000	0.00000000	0.00000000	0.00000000	0.00000000	0.00000000	0.00000000	0.00000000	0.00000000	0.00000000	0.00000000	0.00000000	0.00000000	0.00000000	0.00000000	0.00840336	0.03361345
OG0009108	129	0.12403101	0.09302326	0.12403101	0.09302326	0.12403101	0.09302326	0.12403101	0.09302326	0.06201550	0.00000000	0.00000000	0.00000000	0.00000000	0.00000000	0.00000000	0.00000000	0.00000000	0.00000000	0.00000000	0.00000000	0.00000000	0.00000000	0.00000000	0.00000000	0.00000000	0.00000000	0.00000000	0.00000000	0.00000000	0.00000000	0.00000000	0.00000000	0.00000000	0.00000000	0.00000000	0.00000000	0.00000000	0.00000000	0.00000000	0.00000000	0.00000000	0.00000000	0.00000000	0.00000000	0.00000000	0.00000000	0.00000000	0.00000000	0.00000000	0.00000000	0.00000000	0.00000000	0.00000000	0.00000000	0.00000000	0.00000000	0.00000000	0.00000000	0.00000000	0.00000000	0.00000000	0.00000000	0.00000000	0.00000000	0.00000000	0.00000000	0.00000000	0.00000000	0.00000000	0.00000000	0.00000000	0.00000000	0.00000000	0.00000000	0.00000000	0.00000000	0.00000000	0.00000000	0.00000000	0.00000000	0.00000000	0.00000000	0.00000000	0.00000000	0.00000000	0.00000000	0.00000000	0.00000000	0.00000000	0.00000000	0.00000000	0.00000000	0.00000000	0.00000000	0.00000000	0.00000000	0.00000000	0.00000000	0.02325581	0.04651163
OG0006942	128	0.00000000	0.00000000	0.00000000	0.00000000	0.00000000	0.00000000	0.00000000	0.00000000	0.03125000	0.04687500	0.03125000	0.04687500	0.03125000	0.00000000	0.00000000	0.00000000	0.00000000	0.00000000	0.00000000	0.00000000	0.00000000	0.00000000	0.00000000	0.00000000	0.03125000	0.04687500	0.01562500	0.00000000	0.00000000	0.00000000	0.00000000	0.00000000	0.00000000	0.00000000	0.00000000	0.00000000	0.00000000	0.00000000	0.00000000	0.00000000	0.00000000	0.00000000	0.00000000	0.00000000	0.00000000	0.00000000	0.00000000	0.00000000	0.00000000	0.00000000	0.00000000	0.00000000	0.01562500	0.00000000	0.00000000	0.01562500	0.01562500	0.00000000	0.00000000	0.00000000	0.00000000	0.00000000	0.00000000	0.00000000	0.00000000	0.00000000	0.00000000	0.00000000	0.00000000	0.00000000	0.00000000	0.00000000	0.00000000	0.00000000	0.00000000	0.00000000	0.00000000	0.00000000	0.00000000	0.00000000	0.00000000	0.00781250	0.02343750	0.03125000	0.04687500	0.03125000	0.04687500	0.03125000	0.04687500	0.03125000	0.04687500	0.03125000	0.03125000	0.04687500	0.03125000	0.04687500	0.03125000	0.04687500	0.03125000	0.03125000
OG0003245	2206	0.02719855	0.00861287	0.00725295	0.00498640	0.00543971	0.00453309	0.00453309	0.00589302	0.01495920	0.00453309	0.00453309	0.00498640	0.00543971	0.00453309	0.00045331	0.01495920	0.00000000	0.00181324	0.02266546	0.02674524	0.01450589	0.03717135	0.02810517	0.00906618	0.00000000	0.03173164	0.00679964	0.01223935	0.00000000	0.00815956	0.02221215	0.00997280	0.03082502	0.01677244	0.01631913	0.00951949	0.03037171	0.01178604	0.00181324	0.03309157	0.01314597	0.00453309	0.01223935	0.00498640	0.01042611	0.00000000	0.02538531	0.01178604	0.00000000	0.00770626	0.02493200	0.00317316	0.01677244	0.02493200	0.04533092	0.04533092	0.01858568	0.00679964	0.03309157	0.02130553	0.00951949	0.00317316	0.00000000	0.00000000	0.00000000	0.00000000	0.00000000	0.00000000	0.00271985	0.00498640	0.00453309	0.00453309	0.00453309	0.00498640	0.00453309	0.00453309	0.00498640	0.00453309	0.00453309	0.00453309	0.00498640	0.00453309	0.00453309	0.00453309	0.00498640	0.00453309	0.00453309	0.00634633	0.00815956	0.00453309	0.00453309	0.00453309	0.00498640	0.00453309	0.00453309	0.00453309	0.00498640	0.00453309	0.00453309	0.00498640
OG0017177	5730	0.03368237	0.03298429	0.03350785	0.03123909	0.03071553	0.02146597	0.03699825	0.03979058	0.03996510	0.03979058	0.01623037	0.00994764	0.01029668	0.01343805	0.00418848	0.00366492	0.00226876	0.00244328	0.00209424	0.00209424	0.00209424	0.00855148	0.00209424	0.00209424	0.00209424	0.01465969	0.00541012	0.00209424	0.00209424	0.01151832	0.02739965	0.03979058	0.03979058	0.03664921	0.00226876	0.00209424	0.00209424	0.00523560	0.00837696	0.00226876	0.00209424	0.00209424	0.00209424	0.00226876	0.00209424	0.01151832	0.00209424	0.02111693	0.00209424	0.00837696	0.00209424	0.00837696	0.00261780	0.00209424	0.00226876	0.02652705	0.00226876	0.00122164	0.00000000	0.00994764	0.01657941	0.00000000	0.00000000	0.00000000	0.00000000	0.02024433	0.00034904	0.00000000	0.00000000	0.01657941	0.01989529	0.00279232	0.00000000	0.00349040	0.01623037	0.00436300	0.00017452	0.00000000	0.00000000	0.00471204	0.00000000	0.00994764	0.00017452	0.00000000	0.00418848	0.00226876	0.00541012	0.02268761	0.00383944	0.00488656	0.00244328	0.00226876	0.00209424	0.00837696	0.00209424	0.00558464	0.01047120	0.00628272	0.02862129	0.03420593
OG0008957	897	0.02452620	0.03678930	0.03678930	0.03678930	0.02452620	0.03678930	0.03678930	0.03678930	0.03678930	0.02452620	0.03678930	0.03678930	0.03678930	0.03678930	0.02452620	0.03678930	0.03678930	0.03678930	0.01226310	0.00000000	0.02229654	0.03344482	0.03678930	0.02452620	0.03678930	0.03678930	0.02341137	0.00000000	0.02452620	0.03678930	0.01226310	0.00000000	0.00000000	0.00000000	0.01226310	0.01226310	0.00000000	0.00000000	0.00222965	0.00000000	0.00000000	0.00000000	0.00000000	0.01114827	0.00000000	0.00000000	0.00000000	0.00000000	0.00445931	0.01560758	0.00222965	0.00000000	0.00000000	0.00000000	0.00000000	0.00000000	0.00000000	0.00000000	0.00000000	0.00000000	0.00000000	0.00000000	0.00000000	0.00000000	0.00000000	0.00000000	0.00000000	0.00000000	0.00000000	0.00000000	0.00000000	0.00111483	0.00000000	0.00000000	0.00000000	0.00000000	0.00000000	0.00000000	0.00000000	0.00000000	0.00000000	0.00000000	0.00000000	0.00000000	0.00000000	0.00000000	0.00000000	0.00000000	0.00000000	0.00000000	0.00111483	0.00000000	0.00000000	0.00111483	0.00891862	0.00222965	0.00334448	0.00334448	0.00334448	0.00222965
OG0009894	296	0.00000000	0.00000000	0.00000000	0.00000000	0.00000000	0.00000000	0.00000000	0.00000000	0.00000000	0.00000000	0.00000000	0.00000000	0.00337838	0.00000000	0.00000000	0.00000000	0.00000000	0.00000000	0.00000000	0.02364865	0.00000000	0.00000000	0.00000000	0.00000000	0.00000000	0.00000000	0.00000000	0.00000000	0.00000000	0.00000000	0.00000000	0.00000000	0.00000000	0.01351351	0.00000000	0.00000000	0.00000000	0.00337838	0.00000000	0.00000000	0.00000000	0.00000000	0.00675676	0.00000000	0.00675676	0.02027027	0.06756757	0.03378378	0.00000000	0.00000000	0.00000000	0.00000000	0.00000000	0.00000000	0.00000000	0.00000000	0.00000000	0.02364865	0.00000000	0.01013514	0.00000000	0.02702703	0.00000000	0.00337838	0.00675676	0.00000000	0.01351351	0.02364865	0.01351351	0.00000000	0.01013514	0.00000000	0.00000000	0.00000000	0.00000000	0.00000000	0.00000000	0.00000000	0.00000000	0.00000000	0.00000000	0.00000000	0.00000000	0.00000000	0.00000000	0.00000000	0.04391892	0.00000000	0.00000000	0.00000000	0.00000000	0.00000000	0.00000000	0.06081081	0.08783784	0.10135135	0.09121622	0.10135135	0.10135135	0.10135135
OG0017149	13686	0.02345463	0.02192021	0.02075113	0.01249452	0.01739003	0.02177408	0.01212918	0.02192021	0.01329826	0.02192021	0.02411223	0.00350723	0.00073067	0.00489551	0.02155487	0.01293292	0.00014613	0.00087681	0.00036534	0.00043840	0.00029227	0.00226509	0.00350723	0.00014613	0.00000000	0.01972819	0.01534415	0.00014613	0.00000000	0.00621073	0.00423791	0.00000000	0.00226509	0.01760924	0.00073067	0.00708753	0.00219202	0.00000000	0.00007307	0.00569925	0.00372644	0.00657606	0.00664913	0.01059477	0.02192021	0.01753617	0.01534415	0.01687856	0.00387257	0.00321496	0.01863218	0.01687856	0.01220225	0.02330849	0.01074090	0.01592869	0.00774514	0.00000000	0.00664913	0.02155487	0.00591846	0.01315213	0.02155487	0.02316236	0.00986409	0.00847581	0.00000000	0.00219202	0.00000000	0.00007307	0.00007307	0.00000000	0.00219202	0.00000000	0.00007307	0.00007307	0.00000000	0.00000000	0.00007307	0.00000000	0.00000000	0.00000000	0.00036534	0.00007307	0.01410200	0.02148181	0.02301622	0.02192021	0.02192021	0.02192021	0.02411223	0.02192021	0.01724390	0.02294315	0.02192021	0.01804764	0.01527108	0.02053193	0.02133567	0.02089727
OG0008864	13	0.84615385	0.00000000	0.00000000	0.00000000	0.00000000	0.00000000	0.00000000	0.00000000	0.00000000	0.00000000	0.00000000	0.00000000	0.00000000	0.00000000	0.00000000	0.00000000	0.00000000	0.00000000	0.00000000	0.00000000	0.00000000	0.00000000	0.00000000	0.00000000	0.00000000	0.00000000	0.00000000	0.00000000	0.07692308	0.00000000	0.00000000	0.00000000	0.00000000	0.00000000	0.00000000	0.00000000	0.00000000	0.00000000	0.00000000	0.00000000	0.00000000	0.00000000	0.00000000	0.00000000	0.00000000	0.00000000	0.00000000	0.00000000	0.00000000	0.00000000	0.00000000	0.00000000	0.00000000	0.00000000	0.00000000	0.00000000	0.00000000	0.00000000	0.00000000	0.00000000	0.00000000	0.00000000	0.00000000	0.00000000	0.00000000	0.00000000	0.00000000	0.00000000	0.00000000	0.00000000	0.00000000	0.00000000	0.00000000	0.00000000	0.00000000	0.00000000	0.00000000	0.00000000	0.00000000	0.00000000	0.00000000	0.00000000	0.00000000	0.07692308	0.00000000	0.00000000	0.00000000	0.00000000	0.00000000	0.00000000	0.00000000	0.00000000	0.00000000	0.00000000	0.00000000	0.00000000	0.00000000	0.00000000	0.00000000	0.00000000
OG0009278	1055	0.04549763	0.03981043	0.03981043	0.03981043	0.04549763	0.03981043	0.03981043	0.03981043	0.04549763	0.03981043	0.03981043	0.03981043	0.03981043	0.04549763	0.03981043	0.03981043	0.03981043	0.04549763	0.03981043	0.01706161	0.00000000	0.00000000	0.00000000	0.01137441	0.00000000	0.00000000	0.00568720	0.00663507	0.01611374	0.00189573	0.00568720	0.00000000	0.00094787	0.01800948	0.00000000	0.02274882	0.00000000	0.00379147	0.02843602	0.00473934	0.00663507	0.00284360	0.00000000	0.00000000	0.00000000	0.00000000	0.00000000	0.00000000	0.00000000	0.00000000	0.00000000	0.00000000	0.00000000	0.00189573	0.00000000	0.01137441	0.01800948	0.01042654	0.00189573	0.00000000	0.00000000	0.00000000	0.00000000	0.00000000	0.00000000	0.00000000	0.00000000	0.00000000	0.00000000	0.00000000	0.00000000	0.00758294	0.01137441	0.00000000	0.00000000	0.00000000	0.00000000	0.00000000	0.00000000	0.00000000	0.00000000	0.00000000	0.00000000	0.00000000	0.00000000	0.00000000	0.00000000	0.00000000	0.00000000	0.00000000	0.00000000	0.00000000	0.00000000	0.00000000	0.00000000	0.00000000	0.00000000	0.00000000	0.00000000	0.00000000
OG0000487	1317	0.01518603	0.01594533	0.01594533	0.01366743	0.01594533	0.01594533	0.01594533	0.01366743	0.01594533	0.01594533	0.01594533	0.01366743	0.01594533	0.01594533	0.01594533	0.01366743	0.01594533	0.01594533	0.01594533	0.01366743	0.01594533	0.01594533	0.01594533	0.01366743	0.01594533	0.01594533	0.01594533	0.01366743	0.01594533	0.01594533	0.01594533	0.01366743	0.01594533	0.01594533	0.01594533	0.01366743	0.01594533	0.01594533	0.01594533	0.01366743	0.01290812	0.01063022	0.01138952	0.00911162	0.01063022	0.01214882	0.01138952	0.01063022	0.01063022	0.01063022	0.01063022	0.01063022	0.01063022	0.01063022	0.01366743	0.00911162	0.01063022	0.01063022	0.01594533	0.01366743	0.01594533	0.01442673	0.01063022	0.00911162	0.01063022	0.01366743	0.01594533	0.01366743	0.01518603	0.01063022	0.00911162	0.00455581	0.00227790	0.00000000	0.00000000	0.00455581	0.00000000	0.00000000	0.00000000	0.00000000	0.00000000	0.00000000	0.00000000	0.00000000	0.00000000	0.00000000	0.00000000	0.00000000	0.00000000	0.00000000	0.00000000	0.00000000	0.00000000	0.00000000	0.00000000	0.00000000	0.00000000	0.00000000	0.00000000	0.00911162
OG0016336	2175	0.03586207	0.02988506	0.03494253	0.02758621	0.03356322	0.02482759	0.02574713	0.02482759	0.00275862	0.01333333	0.03586207	0.00229885	0.00827586	0.01333333	0.00321839	0.02988506	0.03080460	0.00321839	0.00367816	0.00229885	0.00275862	0.00229885	0.00275862	0.00275862	0.00275862	0.00781609	0.00275862	0.00229885	0.00275862	0.00229885	0.00275862	0.00229885	0.00275862	0.00229885	0.00275862	0.00229885	0.00275862	0.00781609	0.00275862	0.00229885	0.00275862	0.00229885	0.00000000	0.00000000	0.00000000	0.00183908	0.00275862	0.00137931	0.00000000	0.00000000	0.00183908	0.00827586	0.02252874	0.03310345	0.02758621	0.03310345	0.02758621	0.03310345	0.02758621	0.02804598	0.00229885	0.00091954	0.00000000	0.00597701	0.00000000	0.00091954	0.00229885	0.00137931	0.00045977	0.00000000	0.00000000	0.00000000	0.00000000	0.00000000	0.00000000	0.00000000	0.00000000	0.00000000	0.00597701	0.01425287	0.00919540	0.00965517	0.01103448	0.00643678	0.00597701	0.00919540	0.01379310	0.01057471	0.00873563	0.03218391	0.00735632	0.00551724	0.00965517	0.00689655	0.00643678	0.00551724	0.00965517	0.03586207	0.02988506	0.02988506
OG0002088	88	0.14772727	0.00000000	0.00000000	0.00000000	0.00000000	0.00000000	0.00000000	0.00000000	0.00000000	0.00000000	0.00000000	0.00000000	0.00000000	0.00000000	0.00000000	0.00000000	0.00000000	0.00000000	0.00000000	0.00000000	0.00000000	0.00000000	0.00000000	0.00000000	0.00000000	0.04545455	0.05681818	0.05681818	0.00000000	0.00000000	0.00000000	0.00000000	0.00000000	0.00000000	0.00000000	0.00000000	0.00000000	0.00000000	0.00000000	0.00000000	0.02272727	0.05681818	0.01136364	0.00000000	0.02272727	0.00000000	0.00000000	0.00000000	0.00000000	0.00000000	0.00000000	0.00000000	0.00000000	0.00000000	0.22727273	0.11363636	0.00000000	0.00000000	0.00000000	0.00000000	0.00000000	0.00000000	0.00000000	0.00000000	0.00000000	0.00000000	0.00000000	0.00000000	0.00000000	0.00000000	0.00000000	0.00000000	0.00000000	0.00000000	0.00000000	0.00000000	0.00000000	0.00000000	0.00000000	0.00000000	0.00000000	0.00000000	0.01136364	0.05681818	0.04545455	0.00000000	0.01136364	0.00000000	0.00000000	0.00000000	0.00000000	0.00000000	0.00000000	0.00000000	0.00000000	0.00000000	0.00000000	0.00000000	0.00000000	0.11363636
OG0013933	1465	0.00136519	0.03617747	0.02184300	0.00000000	0.00000000	0.03822526	0.00546075	0.00477816	0.02866894	0.00614334	0.00682594	0.00000000	0.00204778	0.00477816	0.00477816	0.00136519	0.00000000	0.00000000	0.02730375	0.04778157	0.04778157	0.04778157	0.04778157	0.04778157	0.04778157	0.04778157	0.04505119	0.04709898	0.03412969	0.00000000	0.00477816	0.00068259	0.00000000	0.00136519	0.00068259	0.01365188	0.00955631	0.00682594	0.00000000	0.03412969	0.00000000	0.00068259	0.00477816	0.00273038	0.00000000	0.00341297	0.00477816	0.00273038	0.00000000	0.00000000	0.00000000	0.00000000	0.00000000	0.00068259	0.00477816	0.00477816	0.00477816	0.00477816	0.00409556	0.00000000	0.00273038	0.00477816	0.00409556	0.00000000	0.00000000	0.00477816	0.00068259	0.00273038	0.00000000	0.00000000	0.00887372	0.00477816	0.00477816	0.00477816	0.00477816	0.00477816	0.00477816	0.00477816	0.00477816	0.00477816	0.00477816	0.00477816	0.00477816	0.00477816	0.00477816	0.00477816	0.00477816	0.00477816	0.00477816	0.00477816	0.00477816	0.00477816	0.00477816	0.00477816	0.00477816	0.00477816	0.01569966	0.01228669	0.02320819	0.03549488
OG0015218	2395	0.04968685	0.04885177	0.04676409	0.04342380	0.05344468	0.04676409	0.04008351	0.03006263	0.02881002	0.00000000	0.00000000	0.00125261	0.00041754	0.00000000	0.00000000	0.00000000	0.00000000	0.00000000	0.00000000	0.00000000	0.00000000	0.00000000	0.00000000	0.00000000	0.00000000	0.00041754	0.01336117	0.00000000	0.00000000	0.00041754	0.00000000	0.00000000	0.00000000	0.00000000	0.00000000	0.00000000	0.00000000	0.00000000	0.00083507	0.00000000	0.00000000	0.00000000	0.00000000	0.00000000	0.00083507	0.00000000	0.00000000	0.00083507	0.00041754	0.00125261	0.00167015	0.00167015	0.00167015	0.00083507	0.00000000	0.00000000	0.00000000	0.00000000	0.02672234	0.00000000	0.00041754	0.00000000	0.00000000	0.00000000	0.00041754	0.00000000	0.00000000	0.05344468	0.05344468	0.05344468	0.04008351	0.00000000	0.00041754	0.00000000	0.00000000	0.00000000	0.00208768	0.00167015	0.00125261	0.00167015	0.01461378	0.00208768	0.00208768	0.00334029	0.00375783	0.00208768	0.00000000	0.00167015	0.00167015	0.00334029	0.01628392	0.05344468	0.02713987	0.00375783	0.00835073	0.01837161	0.04425887	0.05177453	0.05344468	0.03966597
OG0011276	7005	0.01784440	0.01598858	0.01827266	0.01598858	0.01827266	0.01598858	0.01827266	0.01598858	0.01827266	0.01598858	0.01827266	0.01598858	0.01827266	0.01598858	0.01798715	0.01598858	0.01498929	0.01784440	0.01570307	0.01812991	0.01513205	0.01827266	0.01598858	0.01827266	0.01598858	0.01827266	0.01598858	0.01827266	0.01598858	0.01827266	0.01598858	0.01827266	0.01598858	0.01598858	0.01827266	0.01598858	0.01827266	0.01598858	0.01827266	0.01598858	0.01827266	0.01598858	0.01827266	0.01598858	0.01770164	0.01598858	0.01827266	0.01598858	0.01241970	0.00413990	0.01084939	0.00342612	0.00128480	0.00000000	0.00242684	0.00014276	0.00000000	0.00028551	0.00000000	0.00000000	0.00228408	0.00014276	0.00000000	0.00000000	0.00000000	0.00000000	0.00000000	0.00000000	0.00000000	0.00000000	0.00028551	0.00099929	0.00000000	0.00000000	0.00000000	0.00000000	0.00114204	0.00000000	0.00000000	0.00000000	0.00000000	0.00000000	0.00000000	0.00000000	0.00000000	0.00000000	0.00000000	0.00000000	0.00000000	0.01370450	0.01598858	0.01827266	0.01598858	0.00713776	0.00042827	0.00656674	0.01584582	0.01827266	0.01598858	0.01598858
OG0000529	33	0.00000000	0.00000000	0.00000000	0.00000000	0.00000000	0.00000000	0.00000000	0.00000000	0.00000000	0.00000000	0.00000000	0.00000000	0.00000000	0.00000000	0.00000000	0.00000000	0.00000000	0.00000000	0.00000000	0.00000000	0.00000000	0.00000000	0.00000000	0.00000000	0.00000000	0.00000000	0.00000000	0.00000000	0.00000000	0.18181818	0.09090909	0.09090909	0.09090909	0.18181818	0.09090909	0.09090909	0.09090909	0.09090909	0.00000000	0.00000000	0.00000000	0.00000000	0.00000000	0.00000000	0.00000000	0.00000000	0.00000000	0.00000000	0.00000000	0.00000000	0.00000000	0.00000000	0.00000000	0.00000000	0.00000000	0.00000000	0.00000000	0.00000000	0.00000000	0.00000000	0.00000000	0.00000000	0.00000000	0.00000000	0.00000000	0.00000000	0.00000000	0.00000000	0.00000000	0.00000000	0.00000000	0.00000000	0.00000000	0.00000000	0.00000000	0.00000000	0.00000000	0.00000000	0.00000000	0.00000000	0.00000000	0.00000000	0.00000000	0.00000000	0.00000000	0.00000000	0.00000000	0.00000000	0.00000000	0.00000000	0.00000000	0.00000000	0.00000000	0.00000000	0.00000000	0.00000000	0.00000000	0.00000000	0.00000000	0.00000000
OG0014405	15951	0.01711491	0.01692684	0.01805529	0.01692684	0.01692684	0.01805529	0.01692684	0.01692684	0.01805529	0.01448185	0.01592377	0.01805529	0.01692684	0.01805529	0.01648799	0.01692684	0.01805529	0.01692684	0.01692684	0.01792991	0.01692684	0.01692684	0.01805529	0.01692684	0.01673876	0.01805529	0.01692684	0.01805529	0.01692684	0.01692684	0.01517146	0.00451382	0.00332268	0.00369883	0.00206884	0.00777381	0.00520344	0.00394960	0.00100307	0.00094038	0.00413767	0.01805529	0.01372955	0.00733496	0.00206884	0.00307191	0.00081500	0.00000000	0.00006269	0.00000000	0.00000000	0.00006269	0.00000000	0.00000000	0.00000000	0.00112846	0.01015610	0.01241301	0.00000000	0.00432575	0.00639458	0.01197417	0.00231960	0.00883957	0.00407498	0.00821265	0.00514074	0.01429377	0.00871419	0.00896496	0.00827534	0.00457652	0.00858880	0.01586107	0.00626920	0.00896496	0.01347878	0.00952918	0.01090841	0.00407498	0.00714689	0.01065764	0.00733496	0.00821265	0.00833804	0.00990534	0.00852611	0.00934111	0.01021880	0.01203686	0.00871419	0.01122187	0.00940380	0.00952918	0.01109648	0.01115917	0.00971726	0.00984264	0.00984264	0.00821265
OG0014195	815	0.04907975	0.04417178	0.05889571	0.06134969	0.04539877	0.03067485	0.02453988	0.02944785	0.01226994	0.02576687	0.02576687	0.03680982	0.00736196	0.00000000	0.00368098	0.00000000	0.00000000	0.00000000	0.01472393	0.00981595	0.02576687	0.00000000	0.04294479	0.01717791	0.00122699	0.00858896	0.00000000	0.00981595	0.00000000	0.00490798	0.00000000	0.00858896	0.00000000	0.00736196	0.00981595	0.00490798	0.00858896	0.00122699	0.00613497	0.00736196	0.00122699	0.00000000	0.00000000	0.00000000	0.00000000	0.00000000	0.00000000	0.00000000	0.00000000	0.00000000	0.00000000	0.00000000	0.00245399	0.01840491	0.00122699	0.01717791	0.00858896	0.00613497	0.00858896	0.01349693	0.00858896	0.00000000	0.00000000	0.00000000	0.00000000	0.00000000	0.00000000	0.00000000	0.00000000	0.00000000	0.00122699	0.00000000	0.00122699	0.00000000	0.00000000	0.03435583	0.06012270	0.06871166	0.06012270	0.02576687	0.00000000	0.00122699	0.00000000	0.00000000	0.00000000	0.00000000	0.00000000	0.00000000	0.00000000	0.00000000	0.01717791	0.00000000	0.00000000	0.00000000	0.00000000	0.00000000	0.00000000	0.00000000	0.00000000	0.00000000
OG0015119	4077	0.03752759	0.03041452	0.03703704	0.03335786	0.03286730	0.03728232	0.03409370	0.03433897	0.03924454	0.03433897	0.03409370	0.03262203	0.02477312	0.03482953	0.03188619	0.02232033	0.01177336	0.02918813	0.01643365	0.01741477	0.01496198	0.01103753	0.03335786	0.00760363	0.00784891	0.01667893	0.00000000	0.00490557	0.00000000	0.00000000	0.00024528	0.00515085	0.00637724	0.00049056	0.00000000	0.00000000	0.00049056	0.01005641	0.00000000	0.00000000	0.00000000	0.00000000	0.00000000	0.00000000	0.00000000	0.00000000	0.00000000	0.00000000	0.00000000	0.00000000	0.00000000	0.00000000	0.00000000	0.00490557	0.00000000	0.00000000	0.00000000	0.00000000	0.00000000	0.00000000	0.00000000	0.00000000	0.00000000	0.00000000	0.00000000	0.00000000	0.00000000	0.00000000	0.00000000	0.00000000	0.00000000	0.00000000	0.00515085	0.00000000	0.00000000	0.00049056	0.00000000	0.00000000	0.00147167	0.00220751	0.00196223	0.00171695	0.00147167	0.00220751	0.00686779	0.01888644	0.00932058	0.01422615	0.00981114	0.00956586	0.01275448	0.03752759	0.01766004	0.01471670	0.01030169	0.01790532	0.02967869	0.00809419	0.02305617	0.01299975
OG0013837	76001	0.01296036	0.01406560	0.01546032	0.01484191	0.01465770	0.01523664	0.01209195	0.00967093	0.00509204	0.00505257	0.00469731	0.00346048	0.00548677	0.00584203	0.00586834	0.00594729	0.00540782	0.00892094	0.01114459	0.00489467	0.00659202	0.00523677	0.00632886	0.00807884	0.00511835	0.00351311	0.00581571	0.00128946	0.00464468	0.00336838	0.00646044	0.00293417	0.00209208	0.00278944	0.00880252	0.00138156	0.00239471	0.00696043	0.00556572	0.00730254	0.01163143	0.01189458	0.00509204	0.00760516	0.01546032	0.01039460	0.00563150	0.00759201	0.01017092	0.00848673	0.00790779	0.00371048	0.00543414	0.00057894	0.00359206	0.00273681	0.00453941	0.00422363	0.00897357	0.00611834	0.00388153	0.00907883	0.01484191	0.01546032	0.01484191	0.01546032	0.01484191	0.01484191	0.01546032	0.01484191	0.01484191	0.01546032	0.01368403	0.01546032	0.01467086	0.01484191	0.01546032	0.01371035	0.01546032	0.01484191	0.01484191	0.01546032	0.01484191	0.01484191	0.01546032	0.01484191	0.01546032	0.01484191	0.01484191	0.01546032	0.01484191	0.01484191	0.01546032	0.01480244	0.01546032	0.01484191	0.01357877	0.01544717	0.01377613	0.01482875
OG0005482	12277	0.02679808	0.02736825	0.02696098	0.02736825	0.02736825	0.02736825	0.02736825	0.02736825	0.02736825	0.02736825	0.02663517	0.02606500	0.02606500	0.02606500	0.02606500	0.02606500	0.01376558	0.01286959	0.01995602	0.00562027	0.00276941	0.00146616	0.00268795	0.01816405	0.00260650	0.01441720	0.01808259	0.00415411	0.00342103	0.00195487	0.00260650	0.00252505	0.00553881	0.00187342	0.00195487	0.00260650	0.00399120	0.00260650	0.00260650	0.00415411	0.00260650	0.00390975	0.00317667	0.00325812	0.00236214	0.00219923	0.00244359	0.00415411	0.00268795	0.00260650	0.00260650	0.00260650	0.00309522	0.00268795	0.00179197	0.00920420	0.00179197	0.00456137	0.00138470	0.00146616	0.00187342	0.01050745	0.01132198	0.00146616	0.01449866	0.01604627	0.02565773	0.01197361	0.00154761	0.00415411	0.01156634	0.00024436	0.02093345	0.00358394	0.00203633	0.00089598	0.00464283	0.00057017	0.01873422	0.00627189	0.00073308	0.00162906	0.00464283	0.00627189	0.00195487	0.00309522	0.00285086	0.00301377	0.01034455	0.00040727	0.00464283	0.00716787	0.00529445	0.00529445	0.00570172	0.02500611	0.02459884	0.02736825	0.02313269	0.02565773
OG0006505	47	0.00000000	0.00000000	0.00000000	0.00000000	0.00000000	0.00000000	0.00000000	0.00000000	0.00000000	0.00000000	0.00000000	0.00000000	0.00000000	0.00000000	0.00000000	0.00000000	0.00000000	0.00000000	0.00000000	0.00000000	0.00000000	0.00000000	0.00000000	0.00000000	0.00000000	0.00000000	0.00000000	0.00000000	0.00000000	0.00000000	0.00000000	0.00000000	0.00000000	0.00000000	0.00000000	0.00000000	0.00000000	0.00000000	0.00000000	0.00000000	0.00000000	0.00000000	0.00000000	0.00000000	0.00000000	0.00000000	0.00000000	0.00000000	0.00000000	0.00000000	0.00000000	0.00000000	0.00000000	0.00000000	0.10638298	0.00000000	0.00000000	0.00000000	0.00000000	0.00000000	0.00000000	0.00000000	0.00000000	0.00000000	0.00000000	0.00000000	0.00000000	0.00000000	0.00000000	0.00000000	0.00000000	0.04255319	0.00000000	0.00000000	0.00000000	0.00000000	0.00000000	0.00000000	0.00000000	0.00000000	0.00000000	0.00000000	0.00000000	0.00000000	0.00000000	0.00000000	0.00000000	0.08510638	0.00000000	0.00000000	0.00000000	0.02127660	0.12765957	0.10638298	0.21276596	0.02127660	0.04255319	0.02127660	0.14893617	0.06382979
OG0007437	137	0.06569343	0.04379562	0.00000000	0.00000000	0.00000000	0.00000000	0.00000000	0.00000000	0.00000000	0.00729927	0.01459854	0.00000000	0.02189781	0.02919708	0.03649635	0.02919708	0.00000000	0.00000000	0.00000000	0.00000000	0.00000000	0.02189781	0.04379562	0.04379562	0.04379562	0.00000000	0.00000000	0.01459854	0.02919708	0.01459854	0.00000000	0.00000000	0.00000000	0.00000000	0.00000000	0.00000000	0.00000000	0.06569343	0.03649635	0.02189781	0.01459854	0.02919708	0.02189781	0.00729927	0.00000000	0.00000000	0.00000000	0.00000000	0.00000000	0.00000000	0.00000000	0.00000000	0.00000000	0.00000000	0.00000000	0.00000000	0.00000000	0.00000000	0.00000000	0.00000000	0.01459854	0.02919708	0.04379562	0.03649635	0.04379562	0.04379562	0.05839416	0.02919708	0.00729927	0.00000000	0.00000000	0.00000000	0.00000000	0.00000000	0.00000000	0.00000000	0.00000000	0.00000000	0.00000000	0.00000000	0.00000000	0.02189781	0.01459854	0.00000000	0.00000000	0.00000000	0.00000000	0.00000000	0.00000000	0.00000000	0.00000000	0.00000000	0.00000000	0.00000000	0.00000000	0.00000000	0.00000000	0.00000000	0.00000000	0.00000000
OG0017764	3537	0.04806333	0.04495335	0.01781170	0.00000000	0.00000000	0.02996890	0.03477523	0.00706814	0.04523608	0.04523608	0.03392706	0.01130902	0.03477523	0.03505796	0.03647159	0.03392706	0.00000000	0.00000000	0.00000000	0.00000000	0.00000000	0.01696353	0.00000000	0.00000000	0.00000000	0.00537178	0.00000000	0.03958157	0.04523608	0.04523608	0.04523608	0.04523608	0.04523608	0.04523608	0.02601074	0.02176986	0.00000000	0.00452361	0.00141363	0.00141363	0.00000000	0.00000000	0.00028273	0.00000000	0.00000000	0.00932994	0.00113090	0.00028273	0.00113090	0.00537178	0.01865988	0.00141363	0.00593723	0.00056545	0.01696353	0.00000000	0.00565451	0.00000000	0.01583263	0.00593723	0.00141363	0.00735086	0.00169635	0.02572802	0.00621996	0.01243992	0.00000000	0.00000000	0.00000000	0.00000000	0.00000000	0.00000000	0.00000000	0.00000000	0.00000000	0.00056545	0.00000000	0.00000000	0.00000000	0.00000000	0.00000000	0.00000000	0.00000000	0.00000000	0.00000000	0.00000000	0.00000000	0.00565451	0.00000000	0.00000000	0.00000000	0.00000000	0.00000000	0.00000000	0.00000000	0.00000000	0.00000000	0.00000000	0.00000000	0.00339271
OG0017279	9125	0.02630137	0.02630137	0.02630137	0.02630137	0.02630137	0.02630137	0.02630137	0.02630137	0.02630137	0.01019178	0.00000000	0.00000000	0.00043836	0.01556164	0.02290411	0.02498630	0.02608219	0.00635616	0.01424658	0.01972603	0.02049315	0.00679452	0.01095890	0.01227397	0.00241096	0.00558904	0.01413699	0.01490411	0.00010959	0.00219178	0.00000000	0.00887671	0.02520548	0.01172603	0.00131507	0.00000000	0.00000000	0.00010959	0.01534247	0.02016438	0.02136986	0.00646575	0.00657534	0.00010959	0.00000000	0.00000000	0.00000000	0.00000000	0.00000000	0.00000000	0.00000000	0.00000000	0.00000000	0.00000000	0.00000000	0.00000000	0.00000000	0.00427397	0.00000000	0.00000000	0.02246575	0.00767123	0.00000000	0.00054795	0.00000000	0.00219178	0.00000000	0.00000000	0.00000000	0.01479452	0.02147945	0.01972603	0.01972603	0.01972603	0.01972603	0.01972603	0.02038356	0.00876712	0.00657534	0.00000000	0.00000000	0.00000000	0.00000000	0.00000000	0.00043836	0.00131507	0.00438356	0.00197260	0.00964384	0.00602740	0.00164384	0.00504110	0.02104110	0.01939726	0.02410959	0.02619178	0.02619178	0.01731507	0.01972603	0.02345205
OG0006588	493	0.02028398	0.02434077	0.01825558	0.02434077	0.02434077	0.01825558	0.02434077	0.02434077	0.01825558	0.02434077	0.02434077	0.01622718	0.01825558	0.01825558	0.02434077	0.02434077	0.01825558	0.02434077	0.02434077	0.01825558	0.02434077	0.02434077	0.01825558	0.02434077	0.01825558	0.02434077	0.02434077	0.01825558	0.02434077	0.02231237	0.01014199	0.00811359	0.00811359	0.01825558	0.00000000	0.00000000	0.00000000	0.00405680	0.00000000	0.00000000	0.00000000	0.00000000	0.00000000	0.00608519	0.00608519	0.01622718	0.00811359	0.01217039	0.00811359	0.00405680	0.01217039	0.00608519	0.00000000	0.00811359	0.02434077	0.01825558	0.02434077	0.01217039	0.00000000	0.00608519	0.00608519	0.00000000	0.00000000	0.00000000	0.00000000	0.00000000	0.00000000	0.00000000	0.00000000	0.00000000	0.00000000	0.00000000	0.00000000	0.00000000	0.00000000	0.00000000	0.00000000	0.00000000	0.00000000	0.00000000	0.00000000	0.00000000	0.00000000	0.00000000	0.00608519	0.00202840	0.00202840	0.00811359	0.00000000	0.00000000	0.00405680	0.01217039	0.02231237	0.01622718	0.01217039	0.00811359	0.00811359	0.00000000	0.00608519	0.01014199
OG0011819	30	0.00000000	0.00000000	0.00000000	0.00000000	0.00000000	0.00000000	0.00000000	0.00000000	0.00000000	0.00000000	0.00000000	0.00000000	0.00000000	0.00000000	0.00000000	0.00000000	0.00000000	0.00000000	0.00000000	0.00000000	0.00000000	0.00000000	0.00000000	0.10000000	0.00000000	0.00000000	0.00000000	0.00000000	0.00000000	0.00000000	0.00000000	0.00000000	0.00000000	0.06666667	0.00000000	0.00000000	0.00000000	0.00000000	0.00000000	0.00000000	0.00000000	0.00000000	0.00000000	0.00000000	0.00000000	0.00000000	0.00000000	0.06666667	0.00000000	0.00000000	0.00000000	0.00000000	0.00000000	0.00000000	0.00000000	0.00000000	0.00000000	0.00000000	0.00000000	0.00000000	0.00000000	0.00000000	0.00000000	0.00000000	0.00000000	0.00000000	0.00000000	0.00000000	0.00000000	0.00000000	0.00000000	0.00000000	0.00000000	0.00000000	0.00000000	0.00000000	0.00000000	0.00000000	0.00000000	0.00000000	0.00000000	0.00000000	0.00000000	0.00000000	0.00000000	0.00000000	0.00000000	0.00000000	0.00000000	0.00000000	0.00000000	0.10000000	0.10000000	0.10000000	0.10000000	0.10000000	0.10000000	0.10000000	0.06666667	0.00000000
OG0006347	47	0.00000000	0.00000000	0.00000000	0.00000000	0.00000000	0.00000000	0.00000000	0.06382979	0.00000000	0.00000000	0.00000000	0.12765957	0.00000000	0.00000000	0.00000000	0.00000000	0.00000000	0.00000000	0.00000000	0.00000000	0.00000000	0.00000000	0.00000000	0.00000000	0.00000000	0.00000000	0.00000000	0.00000000	0.00000000	0.02127660	0.00000000	0.00000000	0.00000000	0.00000000	0.00000000	0.00000000	0.00000000	0.00000000	0.00000000	0.00000000	0.00000000	0.00000000	0.00000000	0.00000000	0.00000000	0.00000000	0.00000000	0.00000000	0.00000000	0.00000000	0.00000000	0.00000000	0.00000000	0.00000000	0.00000000	0.00000000	0.00000000	0.00000000	0.00000000	0.00000000	0.00000000	0.00000000	0.00000000	0.00000000	0.00000000	0.00000000	0.04255319	0.12765957	0.12765957	0.08510638	0.12765957	0.04255319	0.00000000	0.00000000	0.00000000	0.00000000	0.00000000	0.00000000	0.00000000	0.00000000	0.00000000	0.00000000	0.00000000	0.00000000	0.00000000	0.00000000	0.00000000	0.00000000	0.00000000	0.00000000	0.00000000	0.00000000	0.00000000	0.00000000	0.00000000	0.00000000	0.02127660	0.12765957	0.08510638	0.00000000
OG0004630	915	0.02841530	0.02185792	0.02185792	0.02185792	0.02185792	0.02185792	0.03278689	0.02185792	0.02076503	0.01967213	0.01967213	0.01202186	0.01092896	0.01748634	0.01311475	0.01311475	0.01748634	0.02076503	0.01420765	0.01092896	0.02404372	0.01420765	0.00765027	0.00218579	0.00655738	0.00655738	0.00765027	0.00218579	0.00218579	0.00765027	0.00437158	0.00437158	0.00437158	0.01530055	0.01311475	0.00437158	0.00327869	0.00218579	0.00218579	0.00218579	0.00218579	0.00000000	0.01092896	0.02185792	0.02185792	0.02185792	0.03278689	0.02185792	0.02185792	0.02185792	0.01202186	0.00218579	0.00000000	0.00000000	0.00218579	0.00327869	0.00218579	0.00218579	0.00218579	0.00218579	0.00327869	0.00218579	0.00218579	0.00218579	0.00218579	0.00218579	0.00327869	0.00000000	0.00218579	0.00218579	0.00218579	0.00218579	0.00218579	0.00327869	0.00218579	0.00218579	0.00218579	0.01092896	0.01092896	0.00218579	0.00327869	0.00218579	0.00218579	0.00437158	0.00655738	0.00655738	0.00765027	0.00218579	0.00218579	0.00218579	0.00437158	0.01967213	0.01857923	0.02622951	0.01748634	0.01748634	0.01748634	0.01748634	0.01748634	0.01748634
OG0002686	905	0.00000000	0.00000000	0.00110497	0.00331492	0.00220994	0.00220994	0.00000000	0.00000000	0.00000000	0.00000000	0.00000000	0.00000000	0.00000000	0.00000000	0.00000000	0.00000000	0.00000000	0.00220994	0.01878453	0.00552486	0.00331492	0.00000000	0.00220994	0.00000000	0.00000000	0.00000000	0.00000000	0.00000000	0.03977901	0.02651934	0.00000000	0.01325967	0.03977901	0.00000000	0.00000000	0.00000000	0.00000000	0.00000000	0.00000000	0.00000000	0.00000000	0.00000000	0.00000000	0.00000000	0.00000000	0.01325967	0.00000000	0.00000000	0.00000000	0.00000000	0.00000000	0.00000000	0.00000000	0.00000000	0.00000000	0.00000000	0.00000000	0.00110497	0.00331492	0.00220994	0.00331492	0.00331492	0.00331492	0.01436464	0.00220994	0.00331492	0.00331492	0.02651934	0.03977901	0.02651934	0.03977901	0.03977901	0.01546961	0.00331492	0.00220994	0.00331492	0.03646409	0.00331492	0.00331492	0.00220994	0.00331492	0.00331492	0.00331492	0.01878453	0.02651934	0.03977901	0.01767956	0.02872928	0.03977901	0.02651934	0.03977901	0.03977901	0.03977901	0.03977901	0.02651934	0.03977901	0.03977901	0.03977901	0.02762431	0.00441989
OG0009367	2518	0.02501986	0.02343129	0.02859412	0.02859412	0.02859412	0.02938840	0.02382844	0.02382844	0.02382844	0.02700556	0.02501986	0.03057983	0.02065131	0.00277998	0.00436855	0.02303415	0.02422558	0.00000000	0.00555997	0.00516283	0.03335981	0.01667990	0.00158856	0.00794281	0.00317712	0.00000000	0.01429706	0.01389992	0.00000000	0.00000000	0.01310564	0.01231136	0.00516283	0.02343129	0.02779984	0.00476569	0.00913423	0.00675139	0.01310564	0.01350278	0.00039714	0.00000000	0.00833995	0.00000000	0.00277998	0.00714853	0.01032566	0.00476569	0.01270850	0.00277998	0.00000000	0.00357427	0.00000000	0.00873709	0.01667990	0.01429706	0.00000000	0.01429706	0.00714853	0.00119142	0.00000000	0.00000000	0.00000000	0.00357427	0.01191422	0.02740270	0.02303415	0.00516283	0.00039714	0.00516283	0.01032566	0.01191422	0.01469420	0.00675139	0.01310564	0.00675139	0.00000000	0.02144559	0.00833995	0.00397141	0.00000000	0.01350278	0.00119142	0.00277998	0.01667990	0.00198570	0.00158856	0.00000000	0.00079428	0.00079428	0.02700556	0.00000000	0.00277998	0.00635425	0.00238284	0.00000000	0.00238284	0.00714853	0.00000000	0.00000000
OG0001022	372	0.01344086	0.00000000	0.00000000	0.00000000	0.00000000	0.00268817	0.03494624	0.03763441	0.04838710	0.08333333	0.09408602	0.08064516	0.00000000	0.02150538	0.02419355	0.00537634	0.00000000	0.00268817	0.00537634	0.00000000	0.00000000	0.00000000	0.03763441	0.04032258	0.00000000	0.00000000	0.00000000	0.00000000	0.00000000	0.00000000	0.00268817	0.01344086	0.09408602	0.01344086	0.00000000	0.00000000	0.01344086	0.04032258	0.00268817	0.08064516	0.04569892	0.05376344	0.08064516	0.02688172	0.00000000	0.00000000	0.00000000	0.00000000	0.00000000	0.00000000	0.00000000	0.00000000	0.00000000	0.00000000	0.00000000	0.00000000	0.00000000	0.00000000	0.00000000	0.00000000	0.00000000	0.00000000	0.00000000	0.00000000	0.00000000	0.00000000	0.00000000	0.00000000	0.00000000	0.00000000	0.00000000	0.00000000	0.00000000	0.00000000	0.00000000	0.00000000	0.00000000	0.00000000	0.00000000	0.00000000	0.00000000	0.00000000	0.00000000	0.00000000	0.00000000	0.00000000	0.00000000	0.00000000	0.00000000	0.00000000	0.00000000	0.00000000	0.00000000	0.00000000	0.00000000	0.00000000	0.00000000	0.00000000	0.00000000	0.00000000
OG0004240	167	0.02395210	0.02994012	0.03592814	0.04790419	0.03592814	0.03592814	0.03592814	0.02395210	0.01796407	0.01796407	0.01796407	0.02395210	0.01796407	0.00000000	0.00000000	0.00000000	0.00000000	0.00000000	0.00000000	0.00000000	0.00000000	0.00000000	0.00000000	0.00000000	0.00000000	0.00000000	0.00000000	0.00000000	0.00000000	0.00000000	0.00000000	0.00000000	0.00000000	0.00000000	0.00000000	0.00000000	0.00000000	0.00000000	0.00000000	0.00000000	0.00000000	0.00000000	0.00000000	0.00000000	0.00000000	0.00000000	0.00000000	0.00000000	0.00000000	0.00000000	0.00000000	0.00000000	0.00000000	0.00000000	0.00000000	0.00000000	0.00000000	0.00000000	0.00000000	0.00000000	0.00000000	0.00000000	0.00000000	0.00000000	0.00000000	0.00000000	0.01197605	0.00000000	0.01197605	0.00000000	0.01197605	0.01796407	0.01796407	0.01796407	0.04790419	0.03592814	0.00000000	0.00000000	0.00000000	0.00000000	0.00598802	0.02395210	0.04191617	0.06586826	0.01796407	0.00598802	0.00000000	0.00000000	0.00000000	0.00000000	0.00000000	0.00000000	0.00000000	0.00000000	0.03592814	0.08982036	0.08982036	0.01796407	0.01796407	0.04790419
OG0002976	210	0.11428571	0.11428571	0.11428571	0.11428571	0.07619048	0.00000000	0.00000000	0.00000000	0.00000000	0.00000000	0.00000000	0.00000000	0.00000000	0.00000000	0.00000000	0.00000000	0.00000000	0.00000000	0.00000000	0.00000000	0.00000000	0.00000000	0.00000000	0.00000000	0.00000000	0.00000000	0.00000000	0.00000000	0.00000000	0.00000000	0.00000000	0.00000000	0.00000000	0.00000000	0.00000000	0.00000000	0.00000000	0.00000000	0.00000000	0.00000000	0.00000000	0.00000000	0.00000000	0.00000000	0.00000000	0.00000000	0.00000000	0.00000000	0.00000000	0.00000000	0.00000000	0.00000000	0.00000000	0.00000000	0.00000000	0.00000000	0.00000000	0.00000000	0.00000000	0.00000000	0.00000000	0.00000000	0.00000000	0.00000000	0.00000000	0.00000000	0.00000000	0.00000000	0.00000000	0.00000000	0.00000000	0.00000000	0.00000000	0.00000000	0.00000000	0.00000000	0.00000000	0.00000000	0.00000000	0.00000000	0.01428571	0.01428571	0.00000000	0.00000000	0.00000000	0.01428571	0.02857143	0.02857143	0.02857143	0.02857143	0.02857143	0.02857143	0.02857143	0.02857143	0.03809524	0.05238095	0.03809524	0.02857143	0.02857143	0.00952381
OG0010060	3555	0.02278481	0.02672293	0.02616034	0.02278481	0.02053446	0.00506329	0.02222222	0.02784810	0.02475387	0.02475387	0.02784810	0.02475387	0.02250352	0.00562588	0.00000000	0.02025316	0.02700422	0.01350211	0.00253165	0.00168776	0.01997187	0.01012658	0.00112518	0.00056259	0.00000000	0.00000000	0.03037975	0.00337553	0.01687764	0.02700422	0.02700422	0.01350211	0.00984529	0.00590717	0.00000000	0.00084388	0.00112518	0.00000000	0.01715893	0.02025316	0.00000000	0.00000000	0.00000000	0.00365682	0.00675105	0.00675105	0.00000000	0.00000000	0.00084388	0.00000000	0.00028129	0.00000000	0.00000000	0.00000000	0.00309423	0.00815752	0.00534459	0.00393812	0.00225035	0.00365682	0.00337553	0.00731364	0.01772152	0.00253165	0.00253165	0.00253165	0.00337553	0.00225035	0.00253165	0.00506329	0.02390999	0.00253165	0.00225035	0.00253165	0.00225035	0.00225035	0.00253165	0.00225035	0.00253165	0.01322082	0.00787623	0.00759494	0.00590717	0.00225035	0.00253165	0.00225035	0.00253165	0.00225035	0.00225035	0.00984529	0.01293952	0.02700422	0.02447257	0.01350211	0.02475387	0.02419128	0.02700422	0.03037975	0.01969058	0.02616034
OG0018174	5527	0.03329112	0.02804415	0.02804415	0.03365298	0.02804415	0.02804415	0.03365298	0.02804415	0.02804415	0.03365298	0.02804415	0.02804415	0.03365298	0.02804415	0.02804415	0.03365298	0.02804415	0.02804415	0.03111996	0.02804415	0.02623485	0.01881672	0.01646463	0.02496834	0.02768229	0.03292926	0.02261625	0.00850371	0.01266510	0.00578976	0.00000000	0.00000000	0.00000000	0.00000000	0.00000000	0.00000000	0.00000000	0.00000000	0.00000000	0.00000000	0.00108558	0.01248417	0.00090465	0.01121766	0.00343767	0.00036186	0.00000000	0.00000000	0.00000000	0.00000000	0.00000000	0.00000000	0.00000000	0.00000000	0.00470418	0.00036186	0.00488511	0.01230324	0.00000000	0.00000000	0.00000000	0.00000000	0.00235209	0.01067487	0.00018093	0.00000000	0.00000000	0.00000000	0.01013208	0.00000000	0.00000000	0.01121766	0.00000000	0.00018093	0.01393161	0.00615162	0.00000000	0.00000000	0.00000000	0.00000000	0.00018093	0.01194138	0.00578976	0.00000000	0.00000000	0.00000000	0.00000000	0.00000000	0.00000000	0.00000000	0.00000000	0.00000000	0.00000000	0.00000000	0.00000000	0.00000000	0.00416139	0.02279718	0.02713950	0.02750136
OG0017516	559	0.04114490	0.01610018	0.02325581	0.02683363	0.01252236	0.03041145	0.01073345	0.01073345	0.02325581	0.01073345	0.01073345	0.01252236	0.01073345	0.01073345	0.01252236	0.00357782	0.00000000	0.01252236	0.01073345	0.01073345	0.01610018	0.03041145	0.01252236	0.01073345	0.01073345	0.01252236	0.02146691	0.02146691	0.02504472	0.02146691	0.02146691	0.01610018	0.03577818	0.01073345	0.01252236	0.01073345	0.01073345	0.01252236	0.00894454	0.00715564	0.00000000	0.00178891	0.01431127	0.02862254	0.00000000	0.00000000	0.00000000	0.00000000	0.01252236	0.00000000	0.00000000	0.00000000	0.00000000	0.00000000	0.00000000	0.00000000	0.00894454	0.01252236	0.00357782	0.00000000	0.00000000	0.00000000	0.00000000	0.00536673	0.00536673	0.00000000	0.00000000	0.04293381	0.07155635	0.00000000	0.00000000	0.00000000	0.00000000	0.00000000	0.00000000	0.00000000	0.00536673	0.00715564	0.03398927	0.00000000	0.02683363	0.01073345	0.01431127	0.00357782	0.04293381	0.00000000	0.00357782	0.01431127	0.00000000	0.00000000	0.00000000	0.00000000	0.00000000	0.00000000	0.00000000	0.00000000	0.00000000	0.00000000	0.00000000	0.00000000
OG0015869	23160	0.01398964	0.01010363	0.02331606	0.02288428	0.01662349	0.01381693	0.00941278	0.01079447	0.01347150	0.01843696	0.00716753	0.01653713	0.01429188	0.01817789	0.02098446	0.00686528	0.00919689	0.01347150	0.01217617	0.01049223	0.01537133	0.01934370	0.02331606	0.02331606	0.02314335	0.02223661	0.01511226	0.01705527	0.01524180	0.02331606	0.01295337	0.01135579	0.00526770	0.01178756	0.01753022	0.00561313	0.00565630	0.01338515	0.01139896	0.01450777	0.00561313	0.01593264	0.01554404	0.00988774	0.01023316	0.00328152	0.00867876	0.00146805	0.00086356	0.00328152	0.01325561	0.00647668	0.00155440	0.01018998	0.02327288	0.00444732	0.01161485	0.01247841	0.00708117	0.01049223	0.01394646	0.01291019	0.01718480	0.00181347	0.01234888	0.00159758	0.00626079	0.00751295	0.00362694	0.00133851	0.00578584	0.01252159	0.00172712	0.00578584	0.00259067	0.00785838	0.00876511	0.00375648	0.00246114	0.00837651	0.01658031	0.00276339	0.00267703	0.00962867	0.00466321	0.00712435	0.00375648	0.00138169	0.00030225	0.00142487	0.00000000	0.00578584	0.01044905	0.00017271	0.00021589	0.00000000	0.00829016	0.00060449	0.00975820	0.01148532
OG0001393	2285	0.02144420	0.01444201	0.01225383	0.00919037	0.01181619	0.01094092	0.01269147	0.02100656	0.02144420	0.01706783	0.02275711	0.01925602	0.00656455	0.00875274	0.00875274	0.00962801	0.00525164	0.01750547	0.01706783	0.02275711	0.02275711	0.01706783	0.02275711	0.02275711	0.01400438	0.01487965	0.02188184	0.02275711	0.01706783	0.02275711	0.02275711	0.01706783	0.02275711	0.02013129	0.00787746	0.00262582	0.00000000	0.00000000	0.00000000	0.00000000	0.00000000	0.00000000	0.00000000	0.00000000	0.00000000	0.00087527	0.00131291	0.00087527	0.00000000	0.00000000	0.00000000	0.01706783	0.01137856	0.01137856	0.02275711	0.02275711	0.01706783	0.02275711	0.02275711	0.01706783	0.02275711	0.02275711	0.00000000	0.00000000	0.00087527	0.00087527	0.00043764	0.00000000	0.00000000	0.00000000	0.00568928	0.01706783	0.02275711	0.02275711	0.01706783	0.02275711	0.02275711	0.02275711	0.01706783	0.01137856	0.00000000	0.00000000	0.00000000	0.00000000	0.00000000	0.00000000	0.00000000	0.00000000	0.00000000	0.00000000	0.00000000	0.00000000	0.00000000	0.00000000	0.00000000	0.00000000	0.00000000	0.00000000	0.00262582	0.01706783
OG0009221	635	0.02834646	0.01417323	0.00787402	0.00000000	0.00000000	0.00000000	0.00000000	0.00000000	0.00000000	0.00000000	0.00000000	0.00314961	0.00000000	0.00000000	0.00000000	0.00000000	0.03779528	0.00157480	0.00000000	0.00000000	0.01889764	0.05669291	0.00000000	0.00000000	0.00000000	0.00000000	0.00000000	0.00000000	0.00000000	0.00157480	0.00000000	0.00000000	0.00000000	0.00000000	0.00000000	0.00000000	0.00157480	0.00157480	0.00472441	0.02047244	0.00472441	0.04094488	0.01889764	0.00000000	0.00157480	0.00000000	0.00000000	0.00000000	0.00000000	0.00000000	0.00000000	0.00000000	0.00000000	0.00000000	0.00000000	0.00000000	0.00000000	0.00314961	0.00629921	0.00472441	0.00472441	0.00472441	0.00000000	0.00000000	0.00000000	0.00000000	0.00314961	0.00472441	0.00000000	0.00000000	0.00000000	0.01732283	0.00157480	0.00157480	0.00000000	0.00000000	0.00000000	0.03622047	0.00000000	0.00157480	0.00000000	0.00000000	0.00000000	0.00314961	0.01889764	0.03779528	0.00000000	0.00000000	0.00000000	0.00000000	0.03779528	0.05669291	0.05669291	0.07559055	0.05669291	0.05669291	0.07559055	0.05669291	0.05669291	0.05669291
OG0005429	0	0.00000000	0.00000000	0.00000000	0.00000000	0.00000000	0.00000000	0.00000000	0.00000000	0.00000000	0.00000000	0.00000000	0.00000000	0.00000000	0.00000000	0.00000000	0.00000000	0.00000000	0.00000000	0.00000000	0.00000000	0.00000000	0.00000000	0.00000000	0.00000000	0.00000000	0.00000000	0.00000000	0.00000000	0.00000000	0.00000000	0.00000000	0.00000000	0.00000000	0.00000000	0.00000000	0.00000000	0.00000000	0.00000000	0.00000000	0.00000000	0.00000000	0.00000000	0.00000000	0.00000000	0.00000000	0.00000000	0.00000000	0.00000000	0.00000000	0.00000000	0.00000000	0.00000000	0.00000000	0.00000000	0.00000000	0.00000000	0.00000000	0.00000000	0.00000000	0.00000000	0.00000000	0.00000000	0.00000000	0.00000000	0.00000000	0.00000000	0.00000000	0.00000000	0.00000000	0.00000000	0.00000000	0.00000000	0.00000000	0.00000000	0.00000000	0.00000000	0.00000000	0.00000000	0.00000000	0.00000000	0.00000000	0.00000000	0.00000000	0.00000000	0.00000000	0.00000000	0.00000000	0.00000000	0.00000000	0.00000000	0.00000000	0.00000000	0.00000000	0.00000000	0.00000000	0.00000000	0.00000000	0.00000000	0.00000000	0.00000000
OG0003568	270	0.07407407	0.08148148	0.08148148	0.01851852	0.00000000	0.00000000	0.00000000	0.00000000	0.00000000	0.00000000	0.00000000	0.00000000	0.00000000	0.00000000	0.00000000	0.00000000	0.00000000	0.00000000	0.00000000	0.00000000	0.00000000	0.00000000	0.00000000	0.00000000	0.00000000	0.00000000	0.00000000	0.00000000	0.00000000	0.00370370	0.00000000	0.00000000	0.00000000	0.00000000	0.00000000	0.00000000	0.04074074	0.08148148	0.08148148	0.08148148	0.04074074	0.00000000	0.00000000	0.00000000	0.00000000	0.00000000	0.00000000	0.00000000	0.00000000	0.00000000	0.00000000	0.00000000	0.00000000	0.00000000	0.00000000	0.00000000	0.00000000	0.00000000	0.00000000	0.00000000	0.00000000	0.00000000	0.00000000	0.00000000	0.00000000	0.00000000	0.00000000	0.00000000	0.00000000	0.00000000	0.00000000	0.00000000	0.00000000	0.00000000	0.00000000	0.00000000	0.00000000	0.00000000	0.00000000	0.00000000	0.00000000	0.00000000	0.00000000	0.00000000	0.00000000	0.00000000	0.00000000	0.00000000	0.00000000	0.00000000	0.04074074	0.00740741	0.00370370	0.00000000	0.00000000	0.04074074	0.08148148	0.08148148	0.08148148	0.07777778
OG0018379	2194	0.06563355	0.05834093	0.05834093	0.01959891	0.00729262	0.00729262	0.00592525	0.00501367	0.00364631	0.00364631	0.02780310	0.01640839	0.00820419	0.01595260	0.00957156	0.00865998	0.00820419	0.01549681	0.04649043	0.04193254	0.02324521	0.00638104	0.00364631	0.00364631	0.00364631	0.00410210	0.00364631	0.00364631	0.00364631	0.00364631	0.00455789	0.00091158	0.00000000	0.00000000	0.00911577	0.00364631	0.01731996	0.04512306	0.04466727	0.00364631	0.03099362	0.00774840	0.00865998	0.00000000	0.00000000	0.05104831	0.04375570	0.00091158	0.00000000	0.00000000	0.00000000	0.01458523	0.00638104	0.00820419	0.00000000	0.01549681	0.04375570	0.00136737	0.01959891	0.00729262	0.00000000	0.00000000	0.00045579	0.00045579	0.00273473	0.00000000	0.00045579	0.00000000	0.00000000	0.00000000	0.00000000	0.00000000	0.00000000	0.00000000	0.00000000	0.00000000	0.00000000	0.00000000	0.00000000	0.00000000	0.00000000	0.00729262	0.00000000	0.02917046	0.00000000	0.00182315	0.01640839	0.02415679	0.00091158	0.00364631	0.00364631	0.00182315	0.00364631	0.00410210	0.00364631	0.00273473	0.00136737	0.00364631	0.00182315	0.00455789
OG0016948	357	0.10084034	0.02240896	0.01960784	0.03641457	0.01960784	0.02240896	0.02240896	0.01960784	0.00840336	0.00000000	0.00000000	0.00000000	0.00000000	0.00000000	0.00000000	0.00000000	0.00000000	0.00000000	0.00000000	0.00000000	0.00000000	0.00560224	0.01400560	0.03361345	0.00000000	0.00000000	0.00000000	0.00000000	0.00000000	0.00000000	0.03921569	0.00000000	0.00000000	0.00000000	0.00000000	0.00000000	0.00000000	0.01680672	0.00000000	0.00000000	0.00000000	0.00000000	0.00000000	0.00000000	0.00000000	0.00000000	0.00000000	0.08123249	0.02801120	0.04201681	0.02240896	0.01960784	0.04481793	0.01960784	0.02240896	0.02240896	0.01960784	0.02521008	0.02521008	0.00000000	0.00000000	0.00000000	0.00000000	0.00000000	0.00000000	0.00000000	0.00000000	0.00000000	0.00000000	0.00000000	0.00000000	0.00000000	0.00000000	0.00000000	0.00000000	0.00000000	0.00000000	0.00000000	0.00000000	0.00000000	0.00000000	0.00000000	0.00000000	0.00000000	0.00000000	0.00000000	0.00000000	0.00000000	0.00000000	0.00000000	0.00000000	0.00000000	0.00000000	0.00000000	0.00000000	0.00000000	0.01400560	0.03081232	0.07843137	0.12324930
OG0010931	0	0.00000000	0.00000000	0.00000000	0.00000000	0.00000000	0.00000000	0.00000000	0.00000000	0.00000000	0.00000000	0.00000000	0.00000000	0.00000000	0.00000000	0.00000000	0.00000000	0.00000000	0.00000000	0.00000000	0.00000000	0.00000000	0.00000000	0.00000000	0.00000000	0.00000000	0.00000000	0.00000000	0.00000000	0.00000000	0.00000000	0.00000000	0.00000000	0.00000000	0.00000000	0.00000000	0.00000000	0.00000000	0.00000000	0.00000000	0.00000000	0.00000000	0.00000000	0.00000000	0.00000000	0.00000000	0.00000000	0.00000000	0.00000000	0.00000000	0.00000000	0.00000000	0.00000000	0.00000000	0.00000000	0.00000000	0.00000000	0.00000000	0.00000000	0.00000000	0.00000000	0.00000000	0.00000000	0.00000000	0.00000000	0.00000000	0.00000000	0.00000000	0.00000000	0.00000000	0.00000000	0.00000000	0.00000000	0.00000000	0.00000000	0.00000000	0.00000000	0.00000000	0.00000000	0.00000000	0.00000000	0.00000000	0.00000000	0.00000000	0.00000000	0.00000000	0.00000000	0.00000000	0.00000000	0.00000000	0.00000000	0.00000000	0.00000000	0.00000000	0.00000000	0.00000000	0.00000000	0.00000000	0.00000000	0.00000000	0.00000000
OG0005074	37420	0.00951363	0.00903260	0.01582042	0.01397648	0.00921967	0.00809727	0.01020844	0.01060930	0.00852485	0.01130412	0.01034206	0.00948691	0.00887226	0.00940673	0.01050241	0.00927312	0.00897916	0.00972742	0.00978087	0.01317477	0.01707643	0.01023517	0.00988776	0.00962052	0.01189204	0.01103688	0.00911277	0.01109033	0.00994121	0.00948691	0.00769642	0.01068947	0.00962052	0.00972742	0.00809727	0.00852485	0.01109033	0.01162480	0.00857830	0.00908605	0.00938001	0.01111705	0.01167825	0.00994121	0.00978087	0.00285943	0.00408872	0.00812400	0.00807055	0.00424906	0.00502405	0.01189204	0.00954035	0.01213255	0.01207910	0.01044896	0.00978087	0.00980759	0.00929984	0.00905933	0.00833779	0.00916622	0.00887226	0.00793693	0.01007483	0.00911277	0.01122394	0.01034206	0.01111705	0.01130412	0.01296098	0.00919294	0.01250668	0.01229289	0.01018172	0.01226617	0.01146446	0.00940673	0.01034206	0.01141101	0.00860502	0.00892571	0.00986104	0.01138429	0.00964725	0.00940673	0.00881881	0.00828434	0.01018172	0.00991448	0.01111705	0.01149118	0.01370925	0.00954035	0.00938001	0.00994121	0.01052913	0.00863175	0.01004810	0.01274719
OG0009783	1084	0.05073801	0.04059041	0.05073801	0.01107011	0.00000000	0.00000000	0.00000000	0.00000000	0.00000000	0.00000000	0.00000000	0.00000000	0.00000000	0.00000000	0.00000000	0.00000000	0.00000000	0.00000000	0.00000000	0.00000000	0.00000000	0.00000000	0.00000000	0.00000000	0.00000000	0.00000000	0.03044280	0.04059041	0.04059041	0.05073801	0.01014760	0.00000000	0.00000000	0.00000000	0.00000000	0.00000000	0.03044280	0.00000000	0.00000000	0.00000000	0.01014760	0.03044280	0.00000000	0.00276753	0.00369004	0.00369004	0.00553506	0.00369004	0.00461255	0.00369004	0.00369004	0.00461255	0.00369004	0.00461255	0.00092251	0.00000000	0.00369004	0.00369004	0.00461255	0.00369004	0.00461255	0.00369004	0.00369004	0.00184502	0.00553506	0.00461255	0.00369004	0.01107011	0.00738007	0.00369004	0.00830258	0.00369004	0.01476015	0.01568266	0.01107011	0.01568266	0.01107011	0.01107011	0.01383764	0.01107011	0.01383764	0.01199262	0.01752768	0.01014760	0.00738007	0.01383764	0.01107011	0.01383764	0.00922509	0.00922509	0.01568266	0.00922509	0.01383764	0.01476015	0.02490775	0.00922509	0.03874539	0.05073801	0.04059041	0.04059041
OG0015227	6601	0.02484472	0.02499621	0.02499621	0.02499621	0.02499621	0.02454174	0.01121042	0.00318134	0.01484624	0.01848205	0.01863354	0.01923951	0.01151341	0.01439176	0.00151492	0.00151492	0.00969550	0.00000000	0.00000000	0.00000000	0.00000000	0.00530223	0.00075746	0.00060597	0.00000000	0.00499924	0.00000000	0.00045448	0.00151492	0.00075746	0.00151492	0.00075746	0.00075746	0.00136343	0.00151492	0.00151492	0.00151492	0.00621118	0.00530223	0.00166641	0.00181791	0.00151492	0.01060445	0.02484472	0.02499621	0.02499621	0.01514922	0.00090895	0.00560521	0.02029995	0.00212089	0.00151492	0.00166641	0.00712013	0.00272686	0.00681715	0.00227238	0.00227238	0.01136191	0.00666566	0.00227238	0.01121042	0.00227238	0.01136191	0.02499621	0.02499621	0.00227238	0.00212089	0.00151492	0.01121042	0.01575519	0.00151492	0.00212089	0.00302984	0.00984699	0.00378730	0.00727163	0.00378730	0.00378730	0.01090744	0.02408726	0.02090592	0.01136191	0.02484472	0.02499621	0.02499621	0.02363278	0.00378730	0.01651265	0.02499621	0.02499621	0.02499621	0.02499621	0.02499621	0.01651265	0.00469626	0.01287684	0.00454477	0.00818058	0.01166490
OG0010348	783	0.02681992	0.02554278	0.03192848	0.02554278	0.02554278	0.03192848	0.02554278	0.03192848	0.02554278	0.02554278	0.03192848	0.02554278	0.02171137	0.01532567	0.01532567	0.00000000	0.00000000	0.00000000	0.00000000	0.00000000	0.00638570	0.00000000	0.00383142	0.00000000	0.01277139	0.02681992	0.01404853	0.00000000	0.00000000	0.00000000	0.00000000	0.00383142	0.00383142	0.00000000	0.00000000	0.00000000	0.00000000	0.00000000	0.00000000	0.00000000	0.00000000	0.00000000	0.00000000	0.00000000	0.00000000	0.00000000	0.00000000	0.00000000	0.00000000	0.00000000	0.00000000	0.00000000	0.00000000	0.00000000	0.00383142	0.00000000	0.00000000	0.00000000	0.00000000	0.00638570	0.00000000	0.02554278	0.03192848	0.02554278	0.02554278	0.03192848	0.02554278	0.03192848	0.02554278	0.02554278	0.03192848	0.02554278	0.03192848	0.02554278	0.02554278	0.03192848	0.01915709	0.00000000	0.00000000	0.00000000	0.00000000	0.02043423	0.02554278	0.02043423	0.02043423	0.00510856	0.00000000	0.00000000	0.00000000	0.00000000	0.00000000	0.00000000	0.00000000	0.00000000	0.00000000	0.00000000	0.00000000	0.00000000	0.00000000	0.00000000
OG0002335	348	0.03448276	0.06896552	0.06896552	0.06896552	0.06896552	0.08620690	0.06896552	0.06896552	0.06896552	0.06896552	0.06896552	0.06896552	0.01436782	0.00000000	0.01149425	0.00574713	0.00000000	0.00000000	0.00000000	0.00000000	0.00574713	0.00000000	0.00000000	0.00000000	0.00000000	0.00000000	0.00000000	0.00000000	0.00000000	0.00000000	0.00000000	0.00000000	0.00000000	0.00000000	0.00000000	0.00000000	0.00000000	0.00000000	0.00000000	0.00000000	0.00000000	0.00000000	0.00000000	0.00000000	0.00000000	0.00000000	0.00000000	0.00000000	0.00000000	0.00000000	0.00000000	0.00000000	0.00000000	0.00000000	0.00000000	0.00000000	0.00000000	0.00000000	0.00000000	0.00000000	0.00000000	0.00000000	0.00000000	0.00000000	0.00000000	0.00000000	0.00000000	0.00000000	0.00000000	0.00000000	0.00000000	0.00000000	0.00000000	0.00000000	0.00000000	0.02298851	0.02873563	0.02298851	0.02298851	0.02298851	0.01724138	0.00000000	0.00000000	0.00000000	0.00000000	0.00000000	0.00000000	0.00000000	0.00000000	0.00000000	0.00000000	0.00000000	0.00000000	0.00000000	0.01436782	0.00000000	0.00000000	0.00000000	0.00000000	0.00000000
OG0004158	1162	0.01721170	0.02581756	0.02581756	0.02151463	0.02581756	0.02581756	0.02151463	0.02581756	0.02581756	0.02151463	0.01721170	0.00344234	0.02151463	0.02581756	0.01290878	0.02151463	0.02581756	0.00860585	0.02151463	0.02581756	0.02409639	0.02151463	0.02581756	0.02581756	0.02151463	0.02581756	0.02581756	0.02151463	0.02581756	0.02581756	0.02151463	0.02581756	0.02581756	0.02151463	0.02581756	0.02581756	0.02151463	0.00430293	0.00430293	0.00000000	0.00000000	0.00000000	0.00000000	0.00000000	0.00000000	0.00000000	0.00258176	0.00258176	0.00000000	0.00000000	0.00000000	0.00000000	0.00000000	0.00000000	0.00946644	0.00172117	0.00000000	0.00000000	0.00000000	0.00000000	0.00000000	0.00000000	0.00000000	0.00086059	0.00000000	0.00000000	0.02151463	0.00430293	0.00000000	0.00000000	0.00000000	0.00000000	0.00000000	0.01290878	0.02581756	0.01290878	0.00258176	0.00000000	0.01290878	0.00000000	0.00000000	0.00000000	0.00172117	0.00000000	0.00344234	0.01032702	0.00860585	0.00430293	0.00688468	0.00000000	0.00000000	0.00000000	0.01290878	0.00000000	0.00000000	0.00086059	0.00000000	0.00000000	0.00000000	0.00000000
OG0004557	164	0.00000000	0.00000000	0.00000000	0.00000000	0.00000000	0.00000000	0.00000000	0.00000000	0.00000000	0.00000000	0.00000000	0.00000000	0.00000000	0.00000000	0.04878049	0.00000000	0.00000000	0.00000000	0.00000000	0.00000000	0.00000000	0.00000000	0.00000000	0.00000000	0.00000000	0.00000000	0.00000000	0.00000000	0.00000000	0.00000000	0.00000000	0.03658537	0.09146341	0.09756098	0.10365854	0.04878049	0.00000000	0.00000000	0.00000000	0.00000000	0.00000000	0.01219512	0.02439024	0.01829268	0.01219512	0.01219512	0.01219512	0.06097561	0.09146341	0.00000000	0.00000000	0.00000000	0.00000000	0.00000000	0.00000000	0.00000000	0.00000000	0.00000000	0.00000000	0.04878049	0.02439024	0.02439024	0.00000000	0.01829268	0.01219512	0.01219512	0.00609756	0.01219512	0.00609756	0.00000000	0.00000000	0.00000000	0.00000000	0.00000000	0.00000000	0.00000000	0.00000000	0.00000000	0.00000000	0.00000000	0.00000000	0.00000000	0.00000000	0.00000000	0.00000000	0.00000000	0.00000000	0.00000000	0.00000000	0.00000000	0.05487805	0.05487805	0.00000000	0.00000000	0.00000000	0.00000000	0.00000000	0.01829268	0.03658537	0.00000000
OG0008832	1386	0.05050505	0.04329004	0.05194805	0.04256854	0.04256854	0.04329004	0.05194805	0.02308802	0.00360750	0.00000000	0.00000000	0.00000000	0.00072150	0.03246753	0.04761905	0.04329004	0.04329004	0.01587302	0.00937951	0.00577201	0.00288600	0.00000000	0.00000000	0.00000000	0.00000000	0.00000000	0.00000000	0.00000000	0.00000000	0.00000000	0.00793651	0.01515152	0.00000000	0.00000000	0.00000000	0.00000000	0.00000000	0.00000000	0.00000000	0.00000000	0.00000000	0.02597403	0.00865801	0.00000000	0.00000000	0.00000000	0.00000000	0.00000000	0.01010101	0.00000000	0.00000000	0.00000000	0.00000000	0.00000000	0.00000000	0.00144300	0.00072150	0.00000000	0.00000000	0.00000000	0.00000000	0.00000000	0.00000000	0.00000000	0.00000000	0.00000000	0.00000000	0.00000000	0.00000000	0.00000000	0.00000000	0.00000000	0.00000000	0.00000000	0.00000000	0.00000000	0.00000000	0.00000000	0.01875902	0.03174603	0.04040404	0.03968254	0.04617605	0.03607504	0.00721501	0.00000000	0.00000000	0.00000000	0.01731602	0.00000000	0.00000000	0.00000000	0.00000000	0.00865801	0.00360750	0.01082251	0.01370851	0.03679654	0.03246753	0.03246753
OG0001322	597	0.01675042	0.01507538	0.02010050	0.02512563	0.05025126	0.00670017	0.00670017	0.00000000	0.00000000	0.00335008	0.01005025	0.01842546	0.03685092	0.00837521	0.00000000	0.00000000	0.00167504	0.00335008	0.00000000	0.00000000	0.01340034	0.02010050	0.02010050	0.04690117	0.05025126	0.06030151	0.01172529	0.01005025	0.00167504	0.00000000	0.00000000	0.00000000	0.01675042	0.00000000	0.01675042	0.00000000	0.00502513	0.00670017	0.00000000	0.00000000	0.00000000	0.00000000	0.00000000	0.00000000	0.00502513	0.00000000	0.00335008	0.00000000	0.00000000	0.00000000	0.00000000	0.00000000	0.00167504	0.00000000	0.03350084	0.03350084	0.00000000	0.03350084	0.00167504	0.00000000	0.00000000	0.05025126	0.05025126	0.03350084	0.00000000	0.00000000	0.00000000	0.00000000	0.00000000	0.00000000	0.03350084	0.05025126	0.00000000	0.00000000	0.00502513	0.00502513	0.00670017	0.00335008	0.01340034	0.00000000	0.03350084	0.00000000	0.00000000	0.00000000	0.00000000	0.00000000	0.00000000	0.00000000	0.00000000	0.00000000	0.00000000	0.00000000	0.00000000	0.00000000	0.00000000	0.00000000	0.00000000	0.00000000	0.05025126	0.05025126
OG0009025	397	0.00000000	0.00000000	0.00000000	0.00503778	0.01511335	0.00000000	0.00000000	0.00000000	0.01511335	0.00000000	0.00000000	0.00000000	0.00000000	0.00000000	0.00000000	0.00251889	0.00000000	0.00000000	0.00000000	0.00000000	0.06045340	0.09068010	0.10579345	0.09068010	0.03022670	0.00000000	0.00000000	0.01259446	0.00000000	0.00000000	0.00000000	0.00000000	0.00000000	0.00000000	0.00000000	0.00000000	0.00000000	0.00000000	0.00000000	0.00000000	0.00000000	0.00000000	0.00000000	0.00000000	0.00000000	0.00000000	0.00000000	0.00000000	0.00000000	0.00000000	0.00000000	0.00000000	0.00000000	0.00000000	0.00000000	0.00000000	0.00000000	0.00000000	0.00000000	0.00000000	0.00000000	0.00000000	0.00000000	0.00000000	0.00000000	0.00000000	0.00000000	0.00000000	0.00000000	0.00000000	0.00000000	0.00000000	0.06297229	0.01511335	0.02015113	0.00503778	0.00000000	0.00000000	0.01007557	0.00000000	0.00000000	0.00755668	0.00755668	0.00000000	0.00000000	0.01007557	0.00000000	0.02770781	0.08816121	0.07556675	0.08816121	0.07808564	0.07556675	0.00000000	0.00000000	0.00000000	0.00000000	0.00000000	0.00000000	0.00000000
OG0010575	751	0.02130493	0.03195739	0.02130493	0.03195739	0.02130493	0.03195739	0.02130493	0.03195739	0.02130493	0.03195739	0.02130493	0.03195739	0.02796272	0.01864181	0.02796272	0.02130493	0.03195739	0.02130493	0.03195739	0.01331558	0.00798935	0.02130493	0.03195739	0.02130493	0.01331558	0.00399467	0.00266312	0.00399467	0.01198402	0.02263648	0.00266312	0.00399467	0.00532623	0.00798935	0.00532623	0.00798935	0.01331558	0.00798935	0.00798935	0.00532623	0.01597870	0.01464714	0.02796272	0.01331558	0.00532623	0.02130493	0.03195739	0.02130493	0.02263648	0.00266312	0.00399467	0.00399467	0.00266312	0.00399467	0.00266312	0.00133156	0.00000000	0.00000000	0.00000000	0.00000000	0.00000000	0.00000000	0.00000000	0.00000000	0.00000000	0.00000000	0.00000000	0.00000000	0.00000000	0.00000000	0.00000000	0.00000000	0.00000000	0.00000000	0.00000000	0.00000000	0.00000000	0.00000000	0.00000000	0.00399467	0.00266312	0.00399467	0.00266312	0.00399467	0.00266312	0.00399467	0.00266312	0.00399467	0.00399467	0.00266312	0.00399467	0.00532623	0.00932091	0.00000000	0.00000000	0.01464714	0.00399467	0.00266312	0.00133156	0.00266312
OG0015625	2024	0.01828063	0.02124506	0.02371542	0.02322134	0.01877470	0.02371542	0.01976285	0.02371542	0.01877470	0.02173913	0.01828063	0.01581028	0.01235178	0.01086957	0.00988142	0.01185771	0.00988142	0.01185771	0.00494071	0.00592885	0.01383399	0.03557312	0.00988142	0.01235178	0.01136364	0.01581028	0.01185771	0.00988142	0.01235178	0.02569170	0.00592885	0.00494071	0.00592885	0.01828063	0.00592885	0.00494071	0.00592885	0.00494071	0.00592885	0.00395257	0.00592885	0.00741107	0.01086957	0.00494071	0.00592885	0.00494071	0.00592885	0.00494071	0.00592885	0.00494071	0.00592885	0.00592885	0.00247036	0.00296443	0.00247036	0.00296443	0.00247036	0.00296443	0.00247036	0.00741107	0.00247036	0.00296443	0.00247036	0.00296443	0.00247036	0.00296443	0.00247036	0.00098814	0.00247036	0.00000000	0.00000000	0.00000000	0.00000000	0.00000000	0.00000000	0.00000000	0.00000000	0.02964427	0.03557312	0.02964427	0.02371542	0.00000000	0.00000000	0.00000000	0.00000000	0.00000000	0.01086957	0.02964427	0.03409091	0.02717391	0.03458498	0.02964427	0.03557312	0.00543478	0.00049407	0.00000000	0.00000000	0.00000000	0.00000000	0.00197628
OG0014003	3610	0.02659280	0.02326870	0.02659280	0.02326870	0.02326870	0.02022161	0.01385042	0.01828255	0.00000000	0.00000000	0.00000000	0.00000000	0.01329640	0.00997230	0.00000000	0.00000000	0.00000000	0.00000000	0.00000000	0.00000000	0.00000000	0.00000000	0.00000000	0.00000000	0.00000000	0.00000000	0.00055402	0.00000000	0.00000000	0.00000000	0.00000000	0.00000000	0.00000000	0.00000000	0.00000000	0.00000000	0.00000000	0.00000000	0.00000000	0.00000000	0.00000000	0.00000000	0.00000000	0.00221607	0.00193906	0.00249307	0.00249307	0.00193906	0.00221607	0.00193906	0.00193906	0.01135734	0.01108033	0.00221607	0.00193906	0.00193906	0.00831025	0.00775623	0.00720222	0.00193906	0.00332410	0.01024931	0.00969529	0.00249307	0.00221607	0.00193906	0.01218837	0.00443213	0.01163435	0.01662050	0.01745152	0.01163435	0.01578947	0.02271468	0.02659280	0.02326870	0.02659280	0.02188366	0.02132964	0.02216066	0.02132964	0.02132964	0.02576177	0.02326870	0.02465374	0.02132964	0.02049861	0.02216066	0.01939058	0.02216066	0.01939058	0.01939058	0.02326870	0.02022161	0.02299169	0.02243767	0.02326870	0.02659280	0.02326870	0.02299169
OG0000462	48	0.00000000	0.00000000	0.00000000	0.00000000	0.00000000	0.00000000	0.00000000	0.00000000	0.00000000	0.00000000	0.00000000	0.00000000	0.00000000	0.00000000	0.00000000	0.00000000	0.00000000	0.00000000	0.00000000	0.00000000	0.00000000	0.00000000	0.00000000	0.00000000	0.00000000	0.00000000	0.00000000	0.00000000	0.00000000	0.00000000	0.00000000	0.00000000	0.00000000	0.00000000	0.00000000	0.08333333	0.00000000	0.08333333	0.16666667	0.00000000	0.00000000	0.00000000	0.00000000	0.00000000	0.00000000	0.00000000	0.00000000	0.00000000	0.00000000	0.00000000	0.00000000	0.00000000	0.00000000	0.00000000	0.00000000	0.00000000	0.06250000	0.04166667	0.10416667	0.04166667	0.00000000	0.00000000	0.00000000	0.00000000	0.00000000	0.00000000	0.00000000	0.00000000	0.00000000	0.00000000	0.00000000	0.00000000	0.00000000	0.00000000	0.00000000	0.00000000	0.00000000	0.00000000	0.00000000	0.00000000	0.00000000	0.00000000	0.00000000	0.00000000	0.00000000	0.00000000	0.00000000	0.00000000	0.00000000	0.00000000	0.00000000	0.08333333	0.08333333	0.00000000	0.00000000	0.00000000	0.00000000	0.00000000	0.08333333	0.16666667
OG0012741	5025	0.02049751	0.01970149	0.01791045	0.01910448	0.02189055	0.01830846	0.01751244	0.01353234	0.02308458	0.02288557	0.02388060	0.02388060	0.02288557	0.02288557	0.02288557	0.01830846	0.02388060	0.01174129	0.00597015	0.02228856	0.00736318	0.00298507	0.00298507	0.00298507	0.00477612	0.00338308	0.00457711	0.00278607	0.00199005	0.00199005	0.01034826	0.00199005	0.00199005	0.00199005	0.00935323	0.00099502	0.00099502	0.00099502	0.00079602	0.00139303	0.00139303	0.00995025	0.00199005	0.00139303	0.00199005	0.00616915	0.00159204	0.00378109	0.01930348	0.02388060	0.02009950	0.00338308	0.00218905	0.00995025	0.02328358	0.01512438	0.00199005	0.00179104	0.00099502	0.00119403	0.00199005	0.00199005	0.00338308	0.00298507	0.00139303	0.01472637	0.00139303	0.00636816	0.00199005	0.00159204	0.00199005	0.01512438	0.00278607	0.00199005	0.00199005	0.00218905	0.00139303	0.00099502	0.00139303	0.00199005	0.01054726	0.02388060	0.02388060	0.01014925	0.00079602	0.00258706	0.00298507	0.00298507	0.00199005	0.01333333	0.02368159	0.02388060	0.01910448	0.02388060	0.02308458	0.02288557	0.02308458	0.02388060	0.02388060	0.01870647
OG0014376	407	0.01228501	0.00982801	0.00982801	0.00982801	0.00982801	0.05405405	0.06879607	0.07616708	0.05896806	0.05896806	0.05405405	0.00982801	0.00982801	0.00982801	0.00982801	0.00982801	0.00982801	0.00982801	0.00982801	0.00491400	0.02702703	0.00982801	0.00982801	0.00982801	0.00982801	0.00000000	0.00982801	0.00491400	0.00000000	0.00000000	0.00000000	0.00000000	0.00000000	0.00000000	0.00491400	0.00000000	0.00000000	0.02457002	0.00000000	0.00000000	0.00000000	0.00000000	0.02211302	0.04422604	0.00000000	0.00000000	0.00000000	0.00000000	0.00000000	0.00000000	0.00000000	0.00000000	0.00000000	0.00000000	0.00000000	0.00000000	0.00000000	0.00000000	0.00000000	0.00000000	0.00000000	0.00000000	0.00000000	0.00000000	0.00000000	0.00000000	0.00000000	0.00982801	0.00982801	0.00982801	0.00982801	0.00982801	0.00982801	0.00491400	0.00000000	0.00000000	0.00000000	0.00000000	0.00245700	0.00737101	0.00000000	0.00245700	0.00982801	0.00737101	0.00000000	0.00000000	0.00000000	0.02457002	0.09828010	0.01474201	0.00000000	0.00000000	0.00737101	0.00982801	0.01228501	0.01965602	0.00982801	0.00982801	0.00982801	0.00737101
OG0003923	1024	0.03417969	0.02734375	0.02734375	0.02734375	0.02734375	0.02734375	0.02734375	0.02734375	0.02734375	0.02734375	0.02734375	0.02734375	0.02734375	0.02734375	0.02734375	0.02734375	0.02734375	0.02734375	0.02734375	0.02734375	0.02734375	0.02734375	0.02734375	0.02734375	0.02734375	0.02734375	0.02734375	0.02734375	0.02734375	0.02539062	0.01953125	0.00000000	0.00000000	0.00000000	0.00000000	0.00097656	0.00000000	0.00000000	0.00000000	0.00097656	0.00390625	0.00097656	0.00683594	0.00000000	0.00000000	0.00000000	0.00000000	0.00000000	0.00000000	0.00000000	0.00683594	0.00000000	0.00000000	0.00195312	0.00097656	0.00000000	0.00292969	0.00195312	0.00000000	0.00000000	0.00000000	0.00000000	0.00000000	0.00683594	0.00683594	0.00000000	0.00000000	0.00292969	0.00000000	0.00000000	0.00000000	0.00000000	0.00585938	0.00781250	0.00781250	0.01171875	0.01171875	0.01171875	0.01171875	0.01171875	0.01757812	0.01269531	0.00000000	0.00000000	0.00000000	0.00000000	0.00000000	0.00000000	0.00000000	0.00000000	0.00000000	0.00000000	0.00000000	0.00000000	0.00000000	0.00000000	0.00000000	0.00000000	0.00000000	0.00000000
OG0005799	674	0.02670623	0.02818991	0.00000000	0.05637982	0.02373887	0.03560831	0.00000000	0.00000000	0.00000000	0.00000000	0.00148368	0.00000000	0.03115727	0.02373887	0.00000000	0.00000000	0.00000000	0.00000000	0.00000000	0.00445104	0.00000000	0.00000000	0.00000000	0.00000000	0.00000000	0.00148368	0.00296736	0.00000000	0.00000000	0.00000000	0.00296736	0.00000000	0.00000000	0.00000000	0.00000000	0.00296736	0.00000000	0.00000000	0.01186944	0.00000000	0.00000000	0.00000000	0.04302671	0.06083086	0.00000000	0.00000000	0.00000000	0.00000000	0.00000000	0.00000000	0.00000000	0.01186944	0.00000000	0.00000000	0.00000000	0.00000000	0.00000000	0.00000000	0.01038576	0.00000000	0.00593472	0.01483680	0.00000000	0.00000000	0.05934718	0.00000000	0.03560831	0.00000000	0.00000000	0.00148368	0.00445104	0.00000000	0.00000000	0.00000000	0.00000000	0.05934718	0.00445104	0.00000000	0.00000000	0.00000000	0.00000000	0.00148368	0.00000000	0.00148368	0.00148368	0.00148368	0.00890208	0.00000000	0.00000000	0.00000000	0.00000000	0.01335312	0.00000000	0.01483680	0.06231454	0.07270030	0.06231454	0.07270030	0.06231454	0.05934718
OG0014827	965	0.03730570	0.03730570	0.03730570	0.02487047	0.03730570	0.03523316	0.02072539	0.03108808	0.03108808	0.03316062	0.02279793	0.03419689	0.03419689	0.02279793	0.03419689	0.03419689	0.03419689	0.02279793	0.03419689	0.03419689	0.02279793	0.03419689	0.03419689	0.03419689	0.01554404	0.00829016	0.00310881	0.00207254	0.00310881	0.00207254	0.00000000	0.00103627	0.00310881	0.00000000	0.00000000	0.00000000	0.00000000	0.00000000	0.00000000	0.00000000	0.00000000	0.00000000	0.01243523	0.03730570	0.02487047	0.03730570	0.03730570	0.01243523	0.00000000	0.00000000	0.00000000	0.00000000	0.00000000	0.00000000	0.02487047	0.00000000	0.00000000	0.00000000	0.00000000	0.00000000	0.00000000	0.00000000	0.00000000	0.00000000	0.00000000	0.00000000	0.00000000	0.00000000	0.00000000	0.00000000	0.00000000	0.00000000	0.00000000	0.00000000	0.00000000	0.00000000	0.00000000	0.00000000	0.00000000	0.00000000	0.00000000	0.00000000	0.00000000	0.00000000	0.00000000	0.00000000	0.00000000	0.00000000	0.00000000	0.00000000	0.00000000	0.00000000	0.00000000	0.00000000	0.00000000	0.00000000	0.00000000	0.00000000	0.00207254	0.01450777
OG0001001	2987	0.02142618	0.01740877	0.02176096	0.01740877	0.01740877	0.02176096	0.01740877	0.02109140	0.01673920	0.01740877	0.02176096	0.01740877	0.02176096	0.01673920	0.01740877	0.02176096	0.01740877	0.02176096	0.01606964	0.01673920	0.02109140	0.01740877	0.01740877	0.02176096	0.01740877	0.02176096	0.01740877	0.01740877	0.02042183	0.01606964	0.02109140	0.01740877	0.01740877	0.02176096	0.00468698	0.00234349	0.00133914	0.00133914	0.00167392	0.00401741	0.00033478	0.00000000	0.00000000	0.00000000	0.00000000	0.00000000	0.00803482	0.00200870	0.00000000	0.00000000	0.00000000	0.00000000	0.01606964	0.00736525	0.00435219	0.00000000	0.00770003	0.00000000	0.00000000	0.00000000	0.00000000	0.00000000	0.00000000	0.00000000	0.00000000	0.00000000	0.00000000	0.00000000	0.00000000	0.00000000	0.00000000	0.00000000	0.01740877	0.01740877	0.02176096	0.01305658	0.00401741	0.00000000	0.00000000	0.00000000	0.00000000	0.00000000	0.00000000	0.00200870	0.00435219	0.00000000	0.00803482	0.00669568	0.00535655	0.01372615	0.01473050	0.01606964	0.02109140	0.01740877	0.02176096	0.01740877	0.01740877	0.02142618	0.01606964	0.01707399
OG0010085	5692	0.01616304	0.01879831	0.01528461	0.01879831	0.01844694	0.01493324	0.01844694	0.01844694	0.01475755	0.01809557	0.01791989	0.01440618	0.01791989	0.01756852	0.01405481	0.01897400	0.01756852	0.01669009	0.01932537	0.01756852	0.01405481	0.02196065	0.02196065	0.01194659	0.00948700	0.01141954	0.01756852	0.02196065	0.02178496	0.00948700	0.00878426	0.00140548	0.00070274	0.00087843	0.01177091	0.01018974	0.01827126	0.01423050	0.01018974	0.01352776	0.01124385	0.00158117	0.02196065	0.00491918	0.00000000	0.00421644	0.02160928	0.00878426	0.00913563	0.00087843	0.00368939	0.00000000	0.00000000	0.00000000	0.00000000	0.00000000	0.00000000	0.01844694	0.00632467	0.02037948	0.02020379	0.01563598	0.01879831	0.00035137	0.00000000	0.00878426	0.00105411	0.00052706	0.00000000	0.00035137	0.00070274	0.00087843	0.00087843	0.00070274	0.00087843	0.00087843	0.00070274	0.00087843	0.00087843	0.00070274	0.00913563	0.02196065	0.01756852	0.00544624	0.00087843	0.00070274	0.00087843	0.00509487	0.01756852	0.00087843	0.00070274	0.00456781	0.00087843	0.00087843	0.00913563	0.02196065	0.02196065	0.01756852	0.02196065	0.01756852
OG0009342	6179	0.01828775	0.02071533	0.01812591	0.02071533	0.01812591	0.02071533	0.01812591	0.02071533	0.02071533	0.01488914	0.01958246	0.01812591	0.02071533	0.01812591	0.02071533	0.01812591	0.02071533	0.02071533	0.01812591	0.02071533	0.01812591	0.02022981	0.01650753	0.02071533	0.01780223	0.01828775	0.02071533	0.01812591	0.02071533	0.01812591	0.02071533	0.00598802	0.00210390	0.00388412	0.00469332	0.00178022	0.00356045	0.02071533	0.01683120	0.00760641	0.00113287	0.00113287	0.00647354	0.00566435	0.00016184	0.00000000	0.00000000	0.00000000	0.00032368	0.00000000	0.00776825	0.00000000	0.00000000	0.00064735	0.00226574	0.00258942	0.00906296	0.02071533	0.00938663	0.00890112	0.00258942	0.00226574	0.00258942	0.01569833	0.02071533	0.01569833	0.00809192	0.00922479	0.00987215	0.01165237	0.00825376	0.00323677	0.00534067	0.00420780	0.00372229	0.00987215	0.01246156	0.00712089	0.01375627	0.00776825	0.00663538	0.00339861	0.00258942	0.00258942	0.00226574	0.00258942	0.00226574	0.00485515	0.00307493	0.01586017	0.00226574	0.00258942	0.00258942	0.00226574	0.00258942	0.00226574	0.00258942	0.01149053	0.00307493	0.00776825
OG0007385	18641	0.01952685	0.01663001	0.00670565	0.00649107	0.00649107	0.00520358	0.00472078	0.00847594	0.00890510	0.00675929	0.02006330	0.02006330	0.02006330	0.02006330	0.02006330	0.01823936	0.02006330	0.02006330	0.01566440	0.00751033	0.00413068	0.00413068	0.01137278	0.01823936	0.01528888	0.00177029	0.00177029	0.00187758	0.01292849	0.01936591	0.01314307	0.00177029	0.00332600	0.00686658	0.01346494	0.01984872	0.01679094	0.00960249	0.01561075	0.01432327	0.02006330	0.00536452	0.00118019	0.00193123	0.00321871	0.00198487	0.00214581	0.00236039	0.00300413	0.01142643	0.01394775	0.00402339	0.00498900	0.00836865	0.00692023	0.01056810	0.00954884	0.00826136	0.00772491	0.01121184	0.01249933	0.00697387	0.00767126	0.01367952	0.00847594	0.00767126	0.00745668	0.00708117	0.00997801	0.01035352	0.01308943	0.00751033	0.00938791	0.00783220	0.00826136	0.00826136	0.00686658	0.00718846	0.00718846	0.00708117	0.00831500	0.00826136	0.01652272	0.02006330	0.01823936	0.01770291	0.00708117	0.00826136	0.00708117	0.00708117	0.00708117	0.00826136	0.00633013	0.00686658	0.00708117	0.00708117	0.01180194	0.00708117	0.01759562	0.01207017
OG0018294	8913	0.02378548	0.02154157	0.02154157	0.02098059	0.02142937	0.02154157	0.02154157	0.02154157	0.02423426	0.02154157	0.02154157	0.02109279	0.02142937	0.02120498	0.01963424	0.02075620	0.02322450	0.02154157	0.02154157	0.02154157	0.02154157	0.01918546	0.01918546	0.01940985	0.01997083	0.00830248	0.00684394	0.00527320	0.01065859	0.01761472	0.00269270	0.00583417	0.00583417	0.00100976	0.01077078	0.00089757	0.00089757	0.00089757	0.00179513	0.00089757	0.00089757	0.00100976	0.00359026	0.00179513	0.00617076	0.02064400	0.02075620	0.01357568	0.00100976	0.00179513	0.00100976	0.00089757	0.00089757	0.00089757	0.00089757	0.00089757	0.00089757	0.00089757	0.00134635	0.00605857	0.00089757	0.00370246	0.00336587	0.00089757	0.00089757	0.00089757	0.00100976	0.00089757	0.00089757	0.00089757	0.00123415	0.00179513	0.00168294	0.00145854	0.00134635	0.01862448	0.00841468	0.00089757	0.00089757	0.00347807	0.00605857	0.00347807	0.00089757	0.00033659	0.00067317	0.00089757	0.00089757	0.00089757	0.01380007	0.02154157	0.02154157	0.02423426	0.01121957	0.01144396	0.02154157	0.02154157	0.02154157	0.02154157	0.02154157	0.02154157
OG0014648	542	0.00000000	0.00000000	0.00000000	0.00369004	0.00184502	0.00000000	0.00000000	0.00000000	0.00000000	0.00000000	0.00000000	0.00000000	0.00000000	0.00000000	0.00000000	0.00000000	0.00000000	0.00000000	0.00000000	0.00000000	0.00000000	0.00000000	0.00369004	0.00000000	0.00000000	0.00000000	0.00000000	0.01660517	0.02952030	0.06457565	0.00553506	0.00000000	0.00000000	0.00000000	0.00000000	0.00000000	0.00000000	0.00000000	0.00000000	0.00000000	0.00369004	0.01476015	0.00000000	0.01845018	0.00000000	0.03321033	0.01107011	0.01476015	0.00184502	0.00000000	0.00000000	0.01476015	0.01845018	0.01476015	0.00000000	0.02398524	0.01660517	0.07933579	0.00922509	0.02398524	0.03321033	0.00000000	0.00000000	0.01660517	0.11623616	0.00369004	0.00000000	0.02214022	0.03321033	0.00738007	0.00738007	0.00184502	0.01107011	0.00000000	0.00922509	0.00000000	0.00000000	0.00000000	0.00000000	0.00000000	0.00000000	0.00000000	0.00000000	0.00000000	0.01476015	0.01845018	0.01845018	0.01660517	0.01845018	0.01660517	0.01845018	0.01845018	0.01660517	0.02029520	0.01845018	0.01845018	0.01845018	0.01660517	0.04797048	0.01660517
OG0018047	32077	0.01334289	0.01318702	0.01337407	0.01337407	0.01337407	0.01337407	0.01215824	0.01337407	0.01337407	0.01337407	0.01337407	0.01337407	0.01337407	0.01215824	0.01337407	0.01337407	0.01337407	0.01337407	0.01334289	0.01190884	0.01309349	0.01112947	0.01175297	0.01284409	0.00664027	0.01299997	0.00190167	0.01038127	0.01328054	0.01303114	0.01303114	0.01306232	0.01324937	0.01215824	0.01268822	0.00436450	0.01337407	0.01337407	0.01337407	0.01215824	0.01337407	0.01337407	0.01337407	0.01337407	0.01337407	0.01337407	0.01215824	0.01337407	0.01337407	0.01337407	0.01337407	0.01337407	0.01337407	0.01215824	0.00352277	0.00564267	0.01296879	0.01003835	0.00623500	0.00735730	0.00508152	0.00383452	0.00224460	0.00018705	0.00000000	0.00000000	0.00000000	0.00000000	0.00000000	0.00115347	0.01088007	0.01337407	0.00869782	0.01197119	0.00667145	0.01218942	0.01337407	0.00380335	0.00888487	0.00077937	0.00399040	0.00314867	0.00685850	0.01315584	0.01084889	0.00399040	0.00003117	0.00626617	0.00950837	0.01053714	0.01250117	0.01122299	0.00953955	0.00573620	0.00897840	0.01312467	0.01287527	0.01321819	0.00816785	0.01137887
OG0016718	192	0.00000000	0.00000000	0.00000000	0.00000000	0.00000000	0.00000000	0.02083333	0.00000000	0.00000000	0.00000000	0.00000000	0.00000000	0.00000000	0.00000000	0.00520833	0.01041667	0.00000000	0.00000000	0.00000000	0.00000000	0.00000000	0.00000000	0.00000000	0.00000000	0.00000000	0.00000000	0.00000000	0.00000000	0.00000000	0.01041667	0.05208333	0.02083333	0.00000000	0.00000000	0.00000000	0.00000000	0.01562500	0.00000000	0.00520833	0.01041667	0.01562500	0.01562500	0.01041667	0.01562500	0.01562500	0.01562500	0.01041667	0.01562500	0.01562500	0.01041667	0.01562500	0.01562500	0.01562500	0.01041667	0.01562500	0.01562500	0.01562500	0.01041667	0.01562500	0.01562500	0.01041667	0.01562500	0.01562500	0.01562500	0.01041667	0.01562500	0.01562500	0.01041667	0.01562500	0.01562500	0.01562500	0.01041667	0.01562500	0.01562500	0.01041667	0.01562500	0.01562500	0.01562500	0.01041667	0.01562500	0.01562500	0.01562500	0.01041667	0.01562500	0.01562500	0.01041667	0.01562500	0.01562500	0.01562500	0.01041667	0.01562500	0.01562500	0.01041667	0.01562500	0.01562500	0.01562500	0.01041667	0.01562500	0.01562500	0.01041667
OG0008712	45	0.06666667	0.06666667	0.06666667	0.06666667	0.06666667	0.06666667	0.06666667	0.06666667	0.06666667	0.00000000	0.06666667	0.06666667	0.06666667	0.06666667	0.06666667	0.06666667	0.00000000	0.00000000	0.00000000	0.00000000	0.00000000	0.00000000	0.00000000	0.00000000	0.00000000	0.00000000	0.00000000	0.00000000	0.00000000	0.00000000	0.00000000	0.00000000	0.00000000	0.00000000	0.00000000	0.00000000	0.00000000	0.00000000	0.00000000	0.00000000	0.00000000	0.00000000	0.00000000	0.00000000	0.00000000	0.00000000	0.00000000	0.00000000	0.00000000	0.00000000	0.00000000	0.00000000	0.00000000	0.00000000	0.00000000	0.00000000	0.00000000	0.00000000	0.00000000	0.00000000	0.00000000	0.00000000	0.00000000	0.00000000	0.00000000	0.00000000	0.00000000	0.00000000	0.00000000	0.00000000	0.00000000	0.00000000	0.00000000	0.00000000	0.00000000	0.00000000	0.00000000	0.00000000	0.00000000	0.00000000	0.00000000	0.00000000	0.00000000	0.00000000	0.00000000	0.00000000	0.00000000	0.00000000	0.00000000	0.00000000	0.00000000	0.00000000	0.00000000	0.00000000	0.00000000	0.00000000	0.00000000	0.00000000	0.00000000	0.00000000
OG0014809	1756	0.03416856	0.00284738	0.00512528	0.00740319	0.00341686	0.00569476	0.01138952	0.00455581	0.00569476	0.00284738	0.00341686	0.00284738	0.00341686	0.00284738	0.00341686	0.00284738	0.00341686	0.00284738	0.00341686	0.00284738	0.00341686	0.00284738	0.00341686	0.00284738	0.00683371	0.00569476	0.01936219	0.02505695	0.01423690	0.00569476	0.00911162	0.01025057	0.02619590	0.01765376	0.02050114	0.02220957	0.03302961	0.00911162	0.00968109	0.01993166	0.02562642	0.02050114	0.00683371	0.00854214	0.02220957	0.01480638	0.01366743	0.01993166	0.02164009	0.00797267	0.00512528	0.00398633	0.01082005	0.02164009	0.02676538	0.03416856	0.02164009	0.01423690	0.00000000	0.01651481	0.00056948	0.00113895	0.01765376	0.00968109	0.00569476	0.01025057	0.00170843	0.00000000	0.00000000	0.00000000	0.00341686	0.02164009	0.01480638	0.01594533	0.00341686	0.00000000	0.00056948	0.00683371	0.01537585	0.01366743	0.00284738	0.01138952	0.00000000	0.00341686	0.00113895	0.00000000	0.01082005	0.00000000	0.00000000	0.00569476	0.00626424	0.00000000	0.00000000	0.03416856	0.02847380	0.01765376	0.00284738	0.00512528	0.00569476	0.02391800
OG0003578	751	0.01997337	0.03195739	0.03994674	0.03195739	0.03328895	0.00532623	0.00665779	0.03195739	0.00532623	0.00665779	0.00532623	0.01331558	0.01065246	0.01331558	0.01198402	0.01997337	0.01198402	0.00532623	0.00798935	0.00532623	0.01331558	0.00532623	0.00665779	0.00532623	0.00532623	0.00932091	0.01065246	0.01331558	0.00798935	0.01864181	0.02263648	0.03062583	0.01065246	0.00000000	0.00000000	0.00000000	0.00000000	0.00000000	0.00000000	0.00000000	0.00000000	0.00000000	0.00000000	0.00000000	0.00000000	0.00000000	0.00000000	0.00000000	0.00000000	0.00000000	0.00000000	0.00000000	0.00000000	0.00000000	0.00133156	0.00000000	0.00798935	0.03195739	0.03195739	0.02396804	0.00000000	0.00000000	0.00000000	0.00532623	0.00532623	0.00665779	0.00532623	0.00000000	0.00000000	0.00399467	0.00665779	0.00532623	0.00665779	0.00665779	0.00532623	0.00665779	0.00532623	0.00665779	0.00532623	0.00665779	0.00532623	0.00665779	0.00532623	0.00532623	0.03328895	0.02663116	0.01065246	0.01731025	0.02663116	0.02130493	0.02663116	0.02130493	0.02130493	0.02663116	0.02130493	0.01065246	0.00532623	0.02263648	0.01731025	0.00532623
OG0005953	1240	0.03870968	0.02500000	0.00000000	0.00725806	0.02096774	0.00000000	0.00000000	0.00000000	0.00000000	0.00322581	0.01935484	0.04516129	0.03870968	0.03387097	0.00080645	0.00080645	0.00000000	0.02258065	0.00000000	0.00000000	0.00645161	0.00564516	0.00080645	0.00564516	0.00161290	0.03790323	0.01935484	0.01774194	0.04516129	0.00322581	0.00645161	0.02096774	0.02500000	0.00161290	0.00806452	0.01612903	0.01048387	0.00000000	0.00241935	0.03951613	0.00564516	0.00000000	0.00806452	0.00000000	0.00241935	0.00000000	0.00241935	0.00564516	0.00161290	0.01290323	0.00161290	0.00564516	0.00645161	0.01290323	0.00564516	0.03306452	0.02258065	0.00000000	0.00645161	0.00645161	0.00161290	0.00000000	0.00161290	0.00000000	0.00000000	0.02661290	0.00967742	0.01370968	0.02258065	0.03870968	0.00000000	0.01451613	0.03387097	0.00241935	0.00483871	0.00322581	0.00000000	0.00000000	0.00000000	0.00000000	0.00000000	0.00000000	0.00000000	0.00000000	0.00000000	0.00000000	0.00000000	0.00967742	0.01129032	0.01129032	0.01209677	0.01774194	0.00806452	0.00645161	0.02500000	0.00564516	0.00806452	0.01209677	0.01129032	0.01774194
OG0002876	781	0.00768246	0.00768246	0.00768246	0.00640205	0.00768246	0.00640205	0.00384123	0.00000000	0.00000000	0.00000000	0.00000000	0.00000000	0.00000000	0.00000000	0.00000000	0.00896287	0.00000000	0.00000000	0.00512164	0.00768246	0.00768246	0.00000000	0.00000000	0.00000000	0.00000000	0.00000000	0.00000000	0.00000000	0.00512164	0.00768246	0.00640205	0.00640205	0.00256082	0.00640205	0.01280410	0.00640205	0.00000000	0.00256082	0.00768246	0.00000000	0.01536492	0.00000000	0.00256082	0.00768246	0.00640205	0.02688860	0.03841229	0.00768246	0.00000000	0.01536492	0.02048656	0.00768246	0.00256082	0.00640205	0.00768246	0.00896287	0.00768246	0.00640205	0.00896287	0.01920615	0.02816901	0.04609475	0.03841229	0.04609475	0.03841229	0.04097311	0.01280410	0.01408451	0.02816901	0.01280410	0.03841229	0.03841229	0.04609475	0.03841229	0.03841229	0.00000000	0.00000000	0.01536492	0.01280410	0.00000000	0.00000000	0.00640205	0.00000000	0.00000000	0.00000000	0.00000000	0.04609475	0.00000000	0.00128041	0.00000000	0.00000000	0.00000000	0.00000000	0.00000000	0.00000000	0.00000000	0.00000000	0.00000000	0.01792574	0.03713188
OG0015980	3724	0.00322234	0.02980666	0.00322234	0.00322234	0.00322234	0.00322234	0.00295381	0.00322234	0.00322234	0.00322234	0.00322234	0.00805585	0.00349087	0.00295381	0.00322234	0.00322234	0.00322234	0.00537057	0.00429646	0.00295381	0.00322234	0.00322234	0.00322234	0.00322234	0.01530612	0.00322234	0.00322234	0.00456498	0.00456498	0.00322234	0.00322234	0.00322234	0.00510204	0.01557465	0.01503759	0.00778733	0.01020408	0.00993555	0.01047261	0.00886144	0.01208378	0.01154672	0.00966702	0.01154672	0.01208378	0.00966702	0.00886144	0.01154672	0.00993555	0.00966702	0.01074114	0.01423201	0.00912997	0.00912997	0.01127820	0.00966702	0.00966702	0.00966702	0.01154672	0.00939850	0.00966702	0.00966702	0.01127820	0.01450054	0.01288937	0.01235231	0.01262084	0.00966702	0.01235231	0.01127820	0.01557465	0.01369495	0.01235231	0.01718582	0.02470462	0.01262084	0.01288937	0.00993555	0.01584318	0.01288937	0.01638024	0.01315789	0.00966702	0.01315789	0.01181525	0.01100967	0.01154672	0.01127820	0.01262084	0.01074114	0.01638024	0.01450054	0.01127820	0.00886144	0.01342642	0.01154672	0.01503759	0.02685285	0.02604726	0.02470462
OG0010433	450	0.03333333	0.04666667	0.04666667	0.03111111	0.04666667	0.04666667	0.03111111	0.04666667	0.04666667	0.03111111	0.04666667	0.02000000	0.00666667	0.00666667	0.04666667	0.03111111	0.03333333	0.00444444	0.00000000	0.00444444	0.00666667	0.00000000	0.00000000	0.00000000	0.00000000	0.00000000	0.00000000	0.00000000	0.00000000	0.00000000	0.00000000	0.00000000	0.00000000	0.00000000	0.00000000	0.02666667	0.00000000	0.00000000	0.00000000	0.00000000	0.00888889	0.00000000	0.00000000	0.00222222	0.00000000	0.00000000	0.00000000	0.00000000	0.00000000	0.00000000	0.00000000	0.00000000	0.00000000	0.00000000	0.00000000	0.00000000	0.00000000	0.00000000	0.00000000	0.00444444	0.00000000	0.00000000	0.00000000	0.00000000	0.00000000	0.00000000	0.00000000	0.01555556	0.01555556	0.00000000	0.00000000	0.01555556	0.00000000	0.00000000	0.00000000	0.00000000	0.00000000	0.00000000	0.01333333	0.01333333	0.00000000	0.00000000	0.00000000	0.00000000	0.00000000	0.00000000	0.00000000	0.00000000	0.00000000	0.00444444	0.00444444	0.02444444	0.03333333	0.02222222	0.04000000	0.04000000	0.02222222	0.03555556	0.02666667	0.01777778
OG0001115	492	0.06097561	0.07113821	0.07113821	0.07113821	0.06300813	0.01219512	0.01422764	0.00609756	0.00406504	0.01422764	0.00406504	0.00000000	0.01016260	0.00000000	0.00000000	0.00000000	0.00000000	0.00000000	0.00000000	0.00000000	0.00000000	0.00000000	0.00000000	0.00000000	0.00000000	0.00000000	0.00000000	0.00000000	0.00000000	0.00000000	0.00000000	0.00000000	0.00000000	0.00000000	0.00000000	0.00000000	0.00000000	0.00000000	0.00000000	0.00000000	0.00000000	0.00000000	0.00406504	0.01422764	0.01422764	0.01422764	0.00000000	0.00000000	0.00000000	0.00000000	0.00000000	0.00000000	0.00000000	0.00000000	0.00000000	0.00000000	0.00000000	0.00609756	0.00000000	0.00000000	0.00000000	0.00000000	0.00000000	0.00000000	0.00000000	0.00000000	0.00000000	0.00000000	0.00000000	0.00000000	0.00000000	0.01016260	0.04065041	0.05691057	0.02439024	0.00000000	0.00203252	0.00000000	0.00000000	0.01016260	0.01219512	0.00609756	0.00406504	0.01422764	0.01422764	0.01422764	0.01422764	0.01422764	0.01219512	0.03455285	0.00000000	0.03658537	0.00000000	0.02032520	0.02845528	0.02845528	0.02845528	0.03861789	0.04268293	0.03658537
OG0000059	2580	0.03139535	0.02790698	0.02790698	0.02790698	0.02790698	0.03139535	0.02790698	0.02790698	0.02790698	0.02790698	0.02790698	0.03139535	0.02790698	0.02790698	0.02790698	0.02790698	0.03139535	0.02790698	0.02790698	0.02790698	0.02790698	0.02790698	0.03139535	0.02790698	0.02790698	0.02054264	0.00387597	0.00000000	0.00000000	0.00000000	0.00000000	0.00000000	0.00000000	0.02519380	0.00155039	0.01395349	0.00465116	0.02480620	0.00155039	0.00000000	0.00000000	0.00000000	0.00000000	0.00116279	0.00000000	0.00000000	0.00000000	0.00000000	0.00000000	0.00000000	0.00000000	0.00000000	0.00000000	0.00000000	0.00697674	0.03139535	0.02790698	0.02790698	0.02790698	0.02790698	0.01046512	0.00000000	0.00000000	0.00000000	0.00000000	0.00000000	0.00000000	0.00000000	0.00000000	0.00000000	0.00000000	0.00000000	0.00000000	0.00000000	0.00000000	0.00000000	0.00000000	0.00000000	0.00000000	0.00000000	0.00000000	0.00000000	0.00000000	0.00000000	0.00000000	0.00348837	0.00000000	0.00000000	0.00000000	0.00193798	0.00232558	0.00000000	0.00000000	0.00000000	0.00000000	0.00697674	0.00000000	0.00310078	0.00310078	0.00620155
OG0004954	28922	0.02216306	0.02292373	0.02250882	0.02268170	0.02333863	0.02199018	0.02205933	0.02333863	0.02333863	0.02237051	0.02226679	0.02098748	0.01839430	0.02026139	0.02188645	0.02008851	0.02333863	0.01759906	0.00345758	0.00698430	0.00387248	0.00103727	0.00995782	0.01427979	0.00269691	0.00390706	0.00532467	0.00954291	0.00542839	0.00134845	0.01621603	0.00286979	0.00280064	0.01742618	0.01950073	0.00777954	0.00245488	0.00352673	0.00356130	0.02292373	0.02282000	0.02282000	0.01835973	0.00058779	0.00203997	0.00636194	0.01244727	0.00618906	0.01863633	0.00010373	0.00003458	0.00311182	0.00000000	0.00000000	0.00255861	0.00311182	0.00000000	0.01649264	0.00947376	0.00058779	0.00062236	0.00822903	0.00964664	0.00660397	0.02333863	0.00328470	0.00625821	0.00760667	0.00003458	0.00159048	0.01244727	0.00000000	0.01545536	0.00165964	0.00646567	0.00812530	0.00051864	0.01255100	0.00031118	0.00466773	0.00013830	0.00051864	0.00791785	0.00041491	0.00342300	0.02333863	0.02019224	0.00777954	0.01089136	0.00038033	0.00079524	0.00000000	0.01555909	0.01555909	0.00314639	0.01829057	0.01846345	0.01196321	0.00646567	0.00117558
OG0010425	229	0.04366812	0.04366812	0.04803493	0.02183406	0.01310044	0.02183406	0.02620087	0.02183406	0.02620087	0.02183406	0.02620087	0.02183406	0.02183406	0.00873362	0.02620087	0.02183406	0.02183406	0.04803493	0.04366812	0.05240175	0.04366812	0.05240175	0.04366812	0.05240175	0.04366812	0.05240175	0.04366812	0.05240175	0.01746725	0.00000000	0.00000000	0.00000000	0.00000000	0.00000000	0.00000000	0.00000000	0.00000000	0.00000000	0.00000000	0.00000000	0.00000000	0.00000000	0.00000000	0.00000000	0.00000000	0.00000000	0.00000000	0.00000000	0.00000000	0.00000000	0.00000000	0.00000000	0.00000000	0.00000000	0.00000000	0.00000000	0.00000000	0.00000000	0.00000000	0.00000000	0.00000000	0.00000000	0.00000000	0.00000000	0.00000000	0.00000000	0.00000000	0.00000000	0.00000000	0.00000000	0.00000000	0.00000000	0.00000000	0.00000000	0.00000000	0.00000000	0.00000000	0.00000000	0.00000000	0.00000000	0.00000000	0.00000000	0.00000000	0.00000000	0.00000000	0.00000000	0.00000000	0.00000000	0.00000000	0.00000000	0.00000000	0.00000000	0.00000000	0.00000000	0.00000000	0.00000000	0.00000000	0.00000000	0.00000000	0.01746725
OG0012461	227	0.01321586	0.01321586	0.00881057	0.01321586	0.00881057	0.01321586	0.00881057	0.01321586	0.00881057	0.01321586	0.03524229	0.01321586	0.00881057	0.01321586	0.00881057	0.01321586	0.00881057	0.01321586	0.00881057	0.01321586	0.00881057	0.01321586	0.00881057	0.03964758	0.00881057	0.01321586	0.00881057	0.01321586	0.00881057	0.01321586	0.00881057	0.01321586	0.00881057	0.03964758	0.00881057	0.01321586	0.00881057	0.01321586	0.00881057	0.01321586	0.00440529	0.00000000	0.00000000	0.01321586	0.00881057	0.02202643	0.00881057	0.01321586	0.00881057	0.01321586	0.01321586	0.01762115	0.01321586	0.00440529	0.00000000	0.00000000	0.00000000	0.01762115	0.00000000	0.00000000	0.00000000	0.00000000	0.00000000	0.00000000	0.00000000	0.00000000	0.00000000	0.00000000	0.00000000	0.00000000	0.00000000	0.00000000	0.00000000	0.00000000	0.00000000	0.00000000	0.00000000	0.00000000	0.00000000	0.00000000	0.00000000	0.00000000	0.00000000	0.00881057	0.01321586	0.00881057	0.01321586	0.00881057	0.01321586	0.00881057	0.01321586	0.00881057	0.01321586	0.00881057	0.01321586	0.00881057	0.01321586	0.03524229	0.09251101	0.03524229
OG0010236	1822	0.04939627	0.04390779	0.04390779	0.04390779	0.04939627	0.01920966	0.04006586	0.03896817	0.00603732	0.00219539	0.00000000	0.00000000	0.00548847	0.00548847	0.00109769	0.02195390	0.00000000	0.00054885	0.01646542	0.00000000	0.00054885	0.00000000	0.00548847	0.00000000	0.00000000	0.01097695	0.00548847	0.00000000	0.00000000	0.00054885	0.00109769	0.01097695	0.00000000	0.00000000	0.00000000	0.00000000	0.00164654	0.00000000	0.00548847	0.00000000	0.00000000	0.00000000	0.00000000	0.00000000	0.00000000	0.00000000	0.00000000	0.00000000	0.02195390	0.00000000	0.00548847	0.00000000	0.00000000	0.01372119	0.00000000	0.00000000	0.00000000	0.00054885	0.00000000	0.00054885	0.00000000	0.00000000	0.00000000	0.00054885	0.00000000	0.00000000	0.00000000	0.00548847	0.00000000	0.00000000	0.00000000	0.00000000	0.00219539	0.00000000	0.00000000	0.00000000	0.00000000	0.00000000	0.00000000	0.00000000	0.00000000	0.00000000	0.00000000	0.00000000	0.00000000	0.00000000	0.00164654	0.03183315	0.03732162	0.03183315	0.04720088	0.04171240	0.03951701	0.03951701	0.03841932	0.04829857	0.04390779	0.03951701	0.03951701	0.03896817
OG0013023	2190	0.01461187	0.01369863	0.01826484	0.03652968	0.03561644	0.02739726	0.00958904	0.00776256	0.00547945	0.02739726	0.01232877	0.00547945	0.02876712	0.03652968	0.01872146	0.03515982	0.01506849	0.00365297	0.00958904	0.00228311	0.00182648	0.00182648	0.01963470	0.03652968	0.01917808	0.01872146	0.03607306	0.03652968	0.01004566	0.00228311	0.00365297	0.00365297	0.00228311	0.00182648	0.01004566	0.00228311	0.00182648	0.01050228	0.00000000	0.00182648	0.00182648	0.00228311	0.00182648	0.00136986	0.00273973	0.01735160	0.00045662	0.00000000	0.00000000	0.00000000	0.00000000	0.00913242	0.00913242	0.00821918	0.00000000	0.00000000	0.00000000	0.00776256	0.04018265	0.00776256	0.01643836	0.00821918	0.00000000	0.00000000	0.00000000	0.00000000	0.00000000	0.00000000	0.00000000	0.00000000	0.01826484	0.00000000	0.00000000	0.00000000	0.00000000	0.00913242	0.00000000	0.00000000	0.00000000	0.00000000	0.00000000	0.00000000	0.00776256	0.00000000	0.00091324	0.01050228	0.00502283	0.00502283	0.00182648	0.00091324	0.00000000	0.00913242	0.01826484	0.00684932	0.03378995	0.03607306	0.04566210	0.03652968	0.01004566	0.02511416
OG0008977	314	0.09872611	0.11464968	0.06050955	0.04777070	0.02547771	0.07324841	0.01273885	0.00955414	0.01273885	0.05732484	0.05732484	0.01273885	0.01273885	0.01273885	0.00636943	0.00000000	0.01910828	0.00000000	0.00000000	0.00000000	0.00000000	0.00000000	0.00000000	0.00000000	0.00000000	0.00000000	0.00000000	0.00000000	0.00000000	0.00000000	0.00000000	0.00000000	0.00000000	0.00000000	0.00000000	0.00000000	0.00000000	0.00000000	0.00000000	0.00000000	0.01910828	0.00000000	0.08280255	0.00000000	0.00000000	0.00000000	0.00000000	0.00000000	0.00000000	0.00000000	0.00000000	0.00000000	0.00000000	0.00000000	0.00000000	0.00000000	0.00000000	0.00000000	0.00000000	0.00000000	0.00000000	0.00000000	0.00000000	0.00000000	0.00000000	0.00000000	0.00000000	0.00000000	0.00000000	0.00000000	0.00000000	0.00000000	0.00000000	0.00000000	0.06369427	0.03184713	0.00000000	0.00000000	0.00000000	0.00000000	0.00000000	0.00000000	0.00000000	0.00000000	0.00000000	0.00000000	0.00000000	0.00000000	0.00000000	0.00000000	0.00000000	0.00000000	0.00636943	0.00000000	0.00000000	0.00000000	0.00000000	0.01910828	0.05732484	0.08598726
OG0003793	602	0.04817276	0.03986711	0.03986711	0.03986711	0.03986711	0.04983389	0.03986711	0.03654485	0.00996678	0.00000000	0.00830565	0.00664452	0.00664452	0.00664452	0.01162791	0.01162791	0.00664452	0.01328904	0.00664452	0.01328904	0.01328904	0.02325581	0.01328904	0.01993355	0.01328904	0.01328904	0.04983389	0.03820598	0.01993355	0.00166113	0.00000000	0.00000000	0.02990033	0.01993355	0.00332226	0.00000000	0.00996678	0.00830565	0.02491694	0.00664452	0.00332226	0.00664452	0.01162791	0.02325581	0.02657807	0.00664452	0.00664452	0.00830565	0.00830565	0.01328904	0.01328904	0.01328904	0.00000000	0.00166113	0.00664452	0.00000000	0.00000000	0.00664452	0.00166113	0.01328904	0.00498339	0.00000000	0.00000000	0.00000000	0.00000000	0.00000000	0.00000000	0.00332226	0.04152824	0.00664452	0.00498339	0.00000000	0.00166113	0.00000000	0.00000000	0.01162791	0.00996678	0.00000000	0.00000000	0.00000000	0.00000000	0.00000000	0.00000000	0.00000000	0.00000000	0.00000000	0.00000000	0.00000000	0.00000000	0.00000000	0.00000000	0.00000000	0.00000000	0.00000000	0.00000000	0.00000000	0.00000000	0.00000000	0.00000000	0.00000000
OG0011228	1059	0.08404155	0.09348442	0.08687441	0.08404155	0.05665722	0.00094429	0.00000000	0.00000000	0.00000000	0.00000000	0.00000000	0.00000000	0.00000000	0.00000000	0.01322002	0.00000000	0.00000000	0.00000000	0.00000000	0.00000000	0.00000000	0.00000000	0.00000000	0.05099150	0.08876298	0.02171860	0.00000000	0.00000000	0.00000000	0.00000000	0.00000000	0.00000000	0.00000000	0.00000000	0.00000000	0.00000000	0.00000000	0.00000000	0.00000000	0.00000000	0.00000000	0.02077432	0.06232295	0.00000000	0.00000000	0.00000000	0.00000000	0.00000000	0.00000000	0.00000000	0.00000000	0.00000000	0.00000000	0.00000000	0.00000000	0.00000000	0.00000000	0.00000000	0.00000000	0.00000000	0.03210576	0.04154863	0.00000000	0.00000000	0.00000000	0.00000000	0.00000000	0.00000000	0.00000000	0.00000000	0.00000000	0.00000000	0.01038716	0.00000000	0.00000000	0.00000000	0.00000000	0.00000000	0.00000000	0.00000000	0.00000000	0.00000000	0.00000000	0.00000000	0.00283286	0.00000000	0.00000000	0.00000000	0.00000000	0.00000000	0.00000000	0.00000000	0.00000000	0.00094429	0.00000000	0.05193579	0.07271010	0.02077432	0.04438149	0.05854580
OG0017933	1656	0.01207729	0.04045894	0.00000000	0.00000000	0.00000000	0.00000000	0.00000000	0.05434783	0.07608696	0.07608696	0.07065217	0.00000000	0.00603865	0.00000000	0.00000000	0.00603865	0.01207729	0.00301932	0.01690821	0.04528986	0.02596618	0.02234300	0.03321256	0.00000000	0.00060386	0.00000000	0.00000000	0.00000000	0.01207729	0.00000000	0.00000000	0.00000000	0.02415459	0.04227053	0.00000000	0.00000000	0.03079710	0.00000000	0.00000000	0.00000000	0.00000000	0.00000000	0.00000000	0.00000000	0.00000000	0.00000000	0.00000000	0.00603865	0.00603865	0.00000000	0.00000000	0.00060386	0.00000000	0.00603865	0.03019324	0.00000000	0.00060386	0.00000000	0.00000000	0.00000000	0.00000000	0.00000000	0.00000000	0.00000000	0.00000000	0.00000000	0.00000000	0.00000000	0.00000000	0.00000000	0.00000000	0.00000000	0.00000000	0.00000000	0.01630435	0.00000000	0.00000000	0.00000000	0.00724638	0.00603865	0.00000000	0.01207729	0.01207729	0.01268116	0.00301932	0.00543478	0.00000000	0.00000000	0.01509662	0.01207729	0.01388889	0.01207729	0.00000000	0.00603865	0.00000000	0.00000000	0.06038647	0.00000000	0.06702899	0.07850242
OG0016238	124	0.00000000	0.00000000	0.00000000	0.03225806	0.00000000	0.01612903	0.01612903	0.00000000	0.00000000	0.00000000	0.00000000	0.00000000	0.00000000	0.00000000	0.00000000	0.00000000	0.00000000	0.00000000	0.00000000	0.00000000	0.00000000	0.00000000	0.00000000	0.00000000	0.00000000	0.00000000	0.00000000	0.00000000	0.00000000	0.00000000	0.00000000	0.00000000	0.00000000	0.00000000	0.00000000	0.00000000	0.00000000	0.00000000	0.00000000	0.00000000	0.00806452	0.00000000	0.00000000	0.00000000	0.00806452	0.00000000	0.00000000	0.00000000	0.00000000	0.00000000	0.00000000	0.00000000	0.00000000	0.00000000	0.00000000	0.00000000	0.00000000	0.00000000	0.00000000	0.00000000	0.00000000	0.00000000	0.00000000	0.00000000	0.00000000	0.00000000	0.00000000	0.00000000	0.00000000	0.00000000	0.00000000	0.00000000	0.01612903	0.01612903	0.03225806	0.02419355	0.04838710	0.04838710	0.02419355	0.03225806	0.01612903	0.03225806	0.01612903	0.04838710	0.04838710	0.02419355	0.04838710	0.02419355	0.04838710	0.04838710	0.02419355	0.04838710	0.02419355	0.04838710	0.04838710	0.01612903	0.03225806	0.01612903	0.04032258	0.02419355
OG0011883	160	0.05625000	0.07500000	0.03750000	0.00000000	0.08125000	0.00000000	0.00000000	0.00000000	0.00000000	0.00000000	0.00000000	0.00000000	0.00000000	0.00000000	0.03750000	0.00000000	0.00000000	0.00000000	0.00000000	0.00000000	0.00000000	0.00000000	0.00000000	0.00000000	0.00000000	0.00000000	0.00000000	0.00000000	0.00000000	0.00000000	0.00000000	0.00000000	0.00000000	0.00000000	0.00000000	0.00000000	0.00000000	0.00000000	0.00000000	0.00000000	0.00000000	0.00000000	0.00000000	0.00000000	0.00000000	0.00000000	0.00000000	0.00000000	0.00000000	0.00000000	0.00000000	0.00000000	0.00000000	0.00000000	0.00000000	0.00000000	0.00000000	0.00000000	0.00000000	0.00000000	0.00000000	0.00000000	0.00000000	0.00000000	0.00000000	0.00000000	0.00000000	0.00000000	0.00000000	0.00000000	0.00000000	0.00000000	0.00000000	0.00000000	0.00000000	0.00000000	0.00000000	0.00000000	0.00000000	0.01875000	0.03750000	0.00000000	0.01875000	0.00000000	0.00000000	0.00000000	0.00000000	0.05000000	0.05000000	0.10625000	0.00000000	0.00000000	0.05625000	0.07500000	0.01875000	0.05000000	0.10625000	0.05000000	0.05000000	0.02500000
OG0004019	663	0.04072398	0.03016591	0.04524887	0.03016591	0.03016591	0.04524887	0.03016591	0.03016591	0.04524887	0.03016591	0.03016591	0.04524887	0.03016591	0.04524887	0.03016591	0.03016591	0.04524887	0.03016591	0.02714932	0.01659125	0.01659125	0.03016591	0.04524887	0.02262443	0.01357466	0.01809955	0.00000000	0.00000000	0.00000000	0.00000000	0.01508296	0.00000000	0.03016591	0.04524887	0.03016591	0.03016591	0.00301659	0.00000000	0.00000000	0.00000000	0.00000000	0.00000000	0.00000000	0.00000000	0.00000000	0.00000000	0.00000000	0.00000000	0.00000000	0.00000000	0.00000000	0.00000000	0.00000000	0.00000000	0.00000000	0.00000000	0.00000000	0.00000000	0.00000000	0.00000000	0.00000000	0.00150830	0.00000000	0.00000000	0.00000000	0.00000000	0.00000000	0.00000000	0.00000000	0.00000000	0.00000000	0.00000000	0.00000000	0.00000000	0.00000000	0.00000000	0.00150830	0.00452489	0.00301659	0.00150830	0.00000000	0.00000000	0.00000000	0.00000000	0.00000000	0.00000000	0.00000000	0.00000000	0.00000000	0.00000000	0.00000000	0.00000000	0.00000000	0.00000000	0.00000000	0.00000000	0.00000000	0.00000000	0.00000000	0.00000000
OG0011879	1357	0.05674282	0.04421518	0.00884304	0.00884304	0.01326455	0.02063375	0.00810612	0.00810612	0.00810612	0.00810612	0.01326455	0.00884304	0.00957996	0.01326455	0.00810612	0.00810612	0.01105380	0.00810612	0.00810612	0.01842299	0.00810612	0.00957996	0.00000000	0.05305822	0.01326455	0.00589536	0.00442152	0.00000000	0.00000000	0.00000000	0.00000000	0.00000000	0.00000000	0.00000000	0.00294768	0.00000000	0.00000000	0.00073692	0.00000000	0.00000000	0.00000000	0.00073692	0.00000000	0.00000000	0.00000000	0.03537214	0.00221076	0.01400147	0.00810612	0.00810612	0.00073692	0.02579219	0.02800295	0.05600590	0.00589536	0.00073692	0.00000000	0.00000000	0.00000000	0.00000000	0.00000000	0.00000000	0.00000000	0.00000000	0.00000000	0.00000000	0.00000000	0.00000000	0.00000000	0.00368460	0.00810612	0.00810612	0.00884304	0.00515844	0.00442152	0.00810612	0.00810612	0.00884304	0.00810612	0.00810612	0.03905674	0.06484893	0.03389831	0.03979366	0.00810612	0.01252763	0.00810612	0.00810612	0.00884304	0.00810612	0.00810612	0.00663228	0.00515844	0.00810612	0.00884304	0.01179071	0.01031688	0.00810612	0.01400147	0.03242447
OG0000633	106	0.05660377	0.00000000	0.00000000	0.00000000	0.00000000	0.00000000	0.00000000	0.00000000	0.00000000	0.00000000	0.00000000	0.00000000	0.00000000	0.00000000	0.00000000	0.00000000	0.00000000	0.00000000	0.00000000	0.00000000	0.00000000	0.00000000	0.00000000	0.00000000	0.00000000	0.05660377	0.00000000	0.00000000	0.00000000	0.00000000	0.00000000	0.00000000	0.00000000	0.00000000	0.00000000	0.00000000	0.00000000	0.00000000	0.00000000	0.00000000	0.00000000	0.00000000	0.00000000	0.00000000	0.00000000	0.00000000	0.00000000	0.00000000	0.00000000	0.00000000	0.00000000	0.00000000	0.00000000	0.00000000	0.00000000	0.00000000	0.00000000	0.00000000	0.00000000	0.00000000	0.00000000	0.00000000	0.00000000	0.00000000	0.00000000	0.00000000	0.00000000	0.00000000	0.00000000	0.00000000	0.00000000	0.00000000	0.01886792	0.00943396	0.01886792	0.00000000	0.00000000	0.00000000	0.00000000	0.11320755	0.11320755	0.11320755	0.05660377	0.11320755	0.11320755	0.11320755	0.05660377	0.00000000	0.00000000	0.00000000	0.00000000	0.00000000	0.00000000	0.00000000	0.00000000	0.00000000	0.00000000	0.01886792	0.01886792	0.00943396
OG0003958	323	0.06811146	0.03715170	0.06191950	0.03095975	0.00000000	0.00000000	0.02476780	0.00000000	0.00000000	0.05572755	0.05572755	0.00000000	0.00000000	0.00000000	0.00000000	0.00000000	0.00000000	0.00000000	0.00000000	0.00000000	0.00000000	0.00000000	0.00000000	0.00000000	0.00000000	0.00000000	0.00000000	0.00000000	0.00000000	0.00000000	0.00000000	0.00000000	0.00000000	0.00000000	0.00000000	0.00000000	0.00000000	0.00000000	0.00000000	0.00000000	0.00000000	0.00000000	0.00000000	0.00000000	0.00000000	0.00000000	0.00000000	0.00309598	0.00000000	0.00000000	0.00000000	0.00000000	0.00000000	0.00000000	0.00000000	0.00000000	0.00000000	0.00000000	0.00000000	0.00000000	0.00000000	0.00000000	0.00000000	0.00000000	0.00000000	0.00000000	0.00000000	0.05572755	0.08359133	0.00000000	0.00000000	0.00000000	0.00000000	0.00000000	0.00000000	0.00000000	0.00000000	0.00000000	0.00000000	0.00000000	0.00000000	0.00000000	0.00000000	0.00000000	0.00000000	0.00000000	0.00000000	0.00619195	0.00619195	0.00000000	0.02476780	0.04334365	0.00619195	0.04643963	0.08359133	0.05572755	0.05572755	0.08359133	0.05572755	0.05572755
OG0002070	1563	0.02815099	0.01407550	0.01407550	0.02879079	0.01471529	0.01471529	0.02943058	0.01471529	0.01471529	0.02943058	0.01471529	0.01471529	0.02943058	0.01471529	0.01471529	0.02943058	0.01471529	0.01471529	0.02943058	0.01471529	0.01471529	0.02943058	0.01471529	0.01471529	0.01471529	0.02943058	0.01471529	0.01471529	0.02943058	0.01471529	0.01471529	0.02943058	0.01471529	0.01471529	0.02943058	0.01471529	0.01471529	0.02943058	0.01471529	0.01471529	0.02943058	0.01471529	0.01471529	0.02943058	0.01471529	0.01471529	0.01471529	0.00000000	0.00000000	0.00000000	0.00000000	0.00000000	0.00063980	0.00000000	0.00000000	0.00000000	0.00000000	0.00000000	0.00000000	0.00000000	0.00000000	0.00000000	0.00000000	0.00000000	0.00000000	0.00000000	0.00000000	0.00000000	0.00000000	0.00000000	0.00000000	0.00000000	0.00000000	0.00063980	0.00000000	0.00063980	0.00063980	0.00000000	0.00000000	0.00000000	0.00000000	0.00000000	0.00000000	0.00000000	0.00000000	0.00000000	0.00063980	0.00127959	0.00063980	0.00063980	0.00063980	0.00000000	0.00000000	0.00000000	0.00000000	0.01407550	0.02815099	0.01407550	0.01407550	0.01407550
OG0016286	1053	0.02374169	0.01139601	0.00949668	0.00949668	0.00949668	0.03798670	0.01329535	0.01804368	0.01899335	0.02374169	0.00949668	0.01424501	0.02184236	0.00949668	0.00949668	0.01044634	0.01424501	0.00949668	0.01139601	0.00949668	0.00949668	0.00949668	0.01424501	0.01329535	0.00949668	0.00949668	0.01424501	0.01994302	0.02089269	0.00949668	0.01044634	0.01329535	0.01709402	0.03228870	0.01709402	0.00000000	0.00949668	0.04748338	0.03133903	0.00474834	0.00854701	0.00000000	0.00000000	0.00094967	0.00379867	0.00854701	0.00949668	0.00379867	0.00000000	0.00094967	0.00000000	0.00000000	0.00000000	0.00000000	0.00000000	0.00949668	0.04748338	0.03323837	0.00949668	0.00949668	0.00949668	0.01044634	0.00949668	0.02849003	0.04748338	0.03608737	0.00949668	0.00949668	0.00949668	0.01424501	0.00949668	0.00949668	0.00949668	0.00949668	0.00949668	0.00949668	0.00474834	0.00000000	0.00000000	0.00000000	0.00000000	0.00000000	0.00000000	0.00000000	0.00000000	0.00000000	0.00000000	0.00000000	0.00000000	0.00000000	0.00000000	0.00000000	0.00000000	0.00000000	0.00000000	0.00000000	0.00000000	0.00000000	0.00000000	0.00000000
OG0005974	67	0.20895522	0.00000000	0.17910448	0.11940299	0.00000000	0.17910448	0.10447761	0.00000000	0.00000000	0.00000000	0.11940299	0.04477612	0.02985075	0.00000000	0.00000000	0.00000000	0.00000000	0.00000000	0.00000000	0.00000000	0.00000000	0.00000000	0.00000000	0.00000000	0.00000000	0.00000000	0.00000000	0.00000000	0.00000000	0.00000000	0.00000000	0.00000000	0.00000000	0.00000000	0.00000000	0.00000000	0.00000000	0.00000000	0.00000000	0.00000000	0.00000000	0.00000000	0.00000000	0.00000000	0.00000000	0.00000000	0.00000000	0.00000000	0.00000000	0.00000000	0.00000000	0.00000000	0.00000000	0.00000000	0.00000000	0.00000000	0.00000000	0.00000000	0.00000000	0.00000000	0.00000000	0.00000000	0.00000000	0.00000000	0.00000000	0.00000000	0.00000000	0.00000000	0.00000000	0.00000000	0.00000000	0.00000000	0.00000000	0.00000000	0.00000000	0.00000000	0.00000000	0.00000000	0.00000000	0.00000000	0.00000000	0.00000000	0.00000000	0.00000000	0.01492537	0.00000000	0.00000000	0.00000000	0.00000000	0.00000000	0.00000000	0.00000000	0.00000000	0.00000000	0.00000000	0.00000000	0.00000000	0.00000000	0.00000000	0.00000000
OG0003478	485	0.03298969	0.02474227	0.02061856	0.00618557	0.01443299	0.01649485	0.02474227	0.01030928	0.00824742	0.01855670	0.02886598	0.02474227	0.03298969	0.03298969	0.02061856	0.01649485	0.00000000	0.02474227	0.01649485	0.03298969	0.02886598	0.01030928	0.00618557	0.00824742	0.00000000	0.00000000	0.00000000	0.01443299	0.00824742	0.00824742	0.00000000	0.00000000	0.00000000	0.00000000	0.00000000	0.00206186	0.02268041	0.00824742	0.00000000	0.00824742	0.00824742	0.00824742	0.00618557	0.00000000	0.00000000	0.00824742	0.00206186	0.01649485	0.00824742	0.00000000	0.00000000	0.00000000	0.01649485	0.00000000	0.00000000	0.00824742	0.00000000	0.01237113	0.00000000	0.00000000	0.00412371	0.00000000	0.01237113	0.01030928	0.00000000	0.00000000	0.00000000	0.00000000	0.00824742	0.01855670	0.00000000	0.02474227	0.03298969	0.02886598	0.01855670	0.00000000	0.00824742	0.00000000	0.00412371	0.00824742	0.00000000	0.00000000	0.00824742	0.01237113	0.01855670	0.00000000	0.00412371	0.01855670	0.00000000	0.00000000	0.00000000	0.00000000	0.00000000	0.00000000	0.01649485	0.03092784	0.01855670	0.03298969	0.02680412	0.00412371
OG0004368	449	0.00000000	0.04677060	0.03786192	0.00000000	0.00000000	0.00000000	0.00000000	0.00000000	0.00000000	0.00000000	0.00000000	0.00000000	0.00000000	0.00000000	0.00000000	0.00000000	0.00000000	0.00000000	0.00000000	0.00445434	0.00000000	0.00000000	0.00000000	0.00000000	0.00000000	0.00000000	0.00000000	0.00000000	0.00000000	0.00000000	0.00000000	0.00000000	0.00890869	0.02004454	0.01781737	0.01559020	0.04677060	0.04008909	0.04677060	0.01336303	0.03563474	0.04008909	0.04677060	0.04677060	0.04008909	0.02004454	0.01559020	0.03118040	0.01336303	0.02004454	0.00890869	0.00222717	0.02672606	0.01113586	0.01559020	0.02004454	0.02227171	0.01559020	0.02227171	0.01559020	0.01559020	0.01559020	0.01336303	0.01559020	0.02895323	0.02227171	0.00000000	0.00445434	0.00000000	0.00445434	0.00222717	0.00000000	0.00000000	0.00000000	0.00000000	0.00000000	0.00000000	0.01781737	0.02227171	0.00222717	0.00000000	0.00000000	0.00000000	0.00000000	0.00000000	0.00000000	0.00000000	0.00000000	0.00000000	0.00000000	0.00000000	0.00000000	0.00000000	0.00000000	0.00000000	0.00000000	0.00445434	0.02227171	0.01336303	0.02672606
OG0017231	2790	0.01469534	0.00573477	0.00609319	0.00609319	0.00609319	0.00573477	0.00573477	0.00609319	0.00573477	0.00286738	0.00000000	0.00430108	0.00394265	0.00967742	0.03620072	0.00000000	0.00000000	0.02114695	0.02759857	0.00322581	0.01469534	0.04050179	0.02508961	0.01146953	0.02473118	0.01326165	0.01290323	0.00752688	0.01505376	0.03691756	0.01075269	0.00000000	0.00322581	0.01469534	0.01935484	0.02759857	0.03548387	0.00107527	0.00824373	0.01505376	0.00000000	0.02903226	0.01254480	0.03405018	0.00215054	0.00286738	0.00573477	0.00824373	0.00752688	0.00931900	0.00573477	0.01075269	0.02186380	0.00860215	0.01182796	0.00000000	0.00000000	0.00250896	0.00609319	0.00896057	0.00358423	0.00000000	0.00107527	0.00573477	0.00143369	0.00000000	0.00716846	0.00752688	0.00143369	0.01003584	0.00537634	0.02007168	0.00143369	0.00107527	0.00000000	0.00000000	0.00143369	0.00000000	0.02293907	0.02544803	0.00000000	0.00143369	0.00215054	0.00645161	0.00716846	0.01720430	0.00179211	0.00645161	0.03799283	0.05663082	0.00788530	0.00035842	0.00035842	0.00322581	0.00573477	0.00609319	0.00573477	0.00609319	0.00573477	0.00931900
OG0004456	110	0.10909091	0.10909091	0.08181818	0.10909091	0.09090909	0.02727273	0.03636364	0.00909091	0.00000000	0.03636364	0.00000000	0.00000000	0.00000000	0.00000000	0.00000000	0.00000000	0.00000000	0.00000000	0.00000000	0.00000000	0.00000000	0.00000000	0.00000000	0.00000000	0.00000000	0.00000000	0.00000000	0.00000000	0.00000000	0.00000000	0.00000000	0.00000000	0.00000000	0.00000000	0.00000000	0.00000000	0.00000000	0.00000000	0.00000000	0.00000000	0.00000000	0.00000000	0.00000000	0.00000000	0.00000000	0.00000000	0.00000000	0.00000000	0.00000000	0.00000000	0.00000000	0.00000000	0.00000000	0.00000000	0.00000000	0.00000000	0.00000000	0.00000000	0.00000000	0.00000000	0.00000000	0.00000000	0.00000000	0.00000000	0.00000000	0.00000000	0.00000000	0.00000000	0.00000000	0.00000000	0.00000000	0.00000000	0.00000000	0.00000000	0.00000000	0.00000000	0.00000000	0.00000000	0.00000000	0.00000000	0.00000000	0.00000000	0.00000000	0.00000000	0.00000000	0.00000000	0.00000000	0.00000000	0.00000000	0.00000000	0.00000000	0.00000000	0.00000000	0.00000000	0.02727273	0.03636364	0.01818182	0.05454545	0.14545455	0.10909091
OG0000812	168	0.07142857	0.04761905	0.04761905	0.04761905	0.04761905	0.04761905	0.07142857	0.04761905	0.04761905	0.04761905	0.04761905	0.04761905	0.07142857	0.04761905	0.04761905	0.04761905	0.04761905	0.02380952	0.00000000	0.00000000	0.00000000	0.00000000	0.00000000	0.00000000	0.00595238	0.00000000	0.00000000	0.00000000	0.00000000	0.00000000	0.00000000	0.00000000	0.00000000	0.00000000	0.00000000	0.00000000	0.00000000	0.00000000	0.00000000	0.00000000	0.00000000	0.00000000	0.00000000	0.00000000	0.00000000	0.00595238	0.00000000	0.00000000	0.01190476	0.00595238	0.00000000	0.01190476	0.01190476	0.00595238	0.00000000	0.00000000	0.00000000	0.00000000	0.00000000	0.00000000	0.00000000	0.00000000	0.00000000	0.00000000	0.00000000	0.00000000	0.00000000	0.00000000	0.00000000	0.00000000	0.00000000	0.00000000	0.00000000	0.00000000	0.00000000	0.00000000	0.00000000	0.00000000	0.00000000	0.00000000	0.00000000	0.00000000	0.00000000	0.00000000	0.00000000	0.00000000	0.00000000	0.00000000	0.00000000	0.00000000	0.00000000	0.00000000	0.00000000	0.00000000	0.00000000	0.00000000	0.00000000	0.00000000	0.00000000	0.03571429
OG0000341	760	0.03157895	0.02105263	0.02105263	0.02105263	0.02105263	0.02105263	0.02105263	0.02105263	0.02105263	0.03157895	0.02105263	0.02105263	0.02105263	0.02105263	0.02105263	0.02105263	0.01052632	0.00131579	0.00000000	0.00000000	0.00263158	0.00131579	0.00000000	0.00000000	0.00000000	0.00000000	0.00000000	0.00000000	0.00000000	0.00000000	0.00000000	0.01052632	0.01052632	0.00000000	0.00000000	0.00000000	0.00000000	0.00000000	0.00000000	0.00000000	0.00000000	0.00000000	0.00000000	0.00131579	0.00000000	0.00000000	0.00000000	0.00000000	0.00000000	0.00000000	0.00131579	0.00263158	0.00263158	0.00000000	0.00131579	0.00131579	0.00000000	0.00000000	0.00131579	0.00263158	0.00263158	0.00263158	0.00263158	0.00394737	0.00263158	0.00263158	0.00263158	0.00263158	0.00263158	0.00263158	0.00263158	0.00263158	0.01315789	0.00526316	0.00789474	0.00789474	0.01973684	0.02105263	0.02105263	0.02105263	0.02105263	0.03157895	0.02105263	0.02105263	0.02105263	0.02105263	0.02105263	0.02105263	0.02105263	0.02105263	0.03157895	0.02105263	0.02105263	0.02105263	0.02105263	0.02105263	0.02105263	0.02105263	0.02105263	0.01973684
OG0012412	1626	0.03444034	0.03382534	0.03382534	0.03382534	0.03382534	0.03382534	0.03382534	0.03259533	0.01353014	0.01537515	0.01537515	0.03382534	0.03382534	0.03382534	0.02091021	0.00430504	0.03259533	0.02706027	0.00307503	0.00184502	0.00615006	0.00492005	0.00000000	0.00000000	0.00000000	0.00369004	0.00123001	0.01968020	0.00369004	0.00000000	0.00000000	0.00000000	0.00676507	0.00000000	0.00000000	0.00000000	0.00676507	0.01045510	0.02398524	0.00000000	0.00000000	0.00000000	0.00000000	0.00000000	0.00000000	0.00000000	0.00000000	0.00000000	0.00000000	0.00000000	0.00369004	0.00307503	0.00307503	0.00307503	0.00307503	0.00307503	0.00307503	0.00307503	0.00307503	0.00307503	0.00307503	0.00307503	0.00307503	0.00307503	0.00307503	0.00307503	0.00369004	0.00307503	0.00307503	0.00307503	0.00307503	0.00307503	0.00307503	0.00307503	0.00307503	0.00307503	0.00307503	0.00307503	0.00307503	0.00307503	0.00307503	0.00307503	0.00307503	0.00369004	0.00307503	0.00307503	0.00307503	0.00738007	0.00799508	0.02890529	0.01968020	0.00615006	0.02583026	0.03075031	0.02521525	0.02214022	0.01968020	0.03198032	0.03382534	0.03198032
OG0001686	10588	0.01860597	0.01652815	0.01652815	0.01671704	0.01917265	0.01718927	0.01501700	0.00793351	0.01945599	0.01029467	0.01690593	0.00783906	0.00151114	0.01237250	0.01652815	0.01718927	0.01964488	0.01718927	0.01718927	0.01718927	0.01964488	0.01718927	0.00358897	0.01435587	0.01681148	0.01964488	0.01718927	0.01718927	0.01709482	0.00170004	0.01501700	0.01718927	0.01718927	0.01964488	0.01718927	0.01718927	0.01718927	0.01964488	0.01501700	0.00179448	0.00132225	0.00151114	0.00132225	0.00377786	0.00472233	0.00491122	0.00415565	0.00255006	0.00292784	0.00717794	0.00151114	0.00141670	0.00396675	0.00415565	0.00935021	0.00415565	0.00103891	0.00132225	0.00170004	0.00170004	0.00132225	0.00085002	0.00075557	0.00066113	0.00302229	0.00113336	0.00453343	0.00160559	0.00198338	0.00160559	0.00075557	0.00066113	0.00528901	0.00066113	0.00141670	0.01067246	0.00170004	0.01718927	0.00812240	0.00075557	0.00113336	0.00132225	0.00132225	0.01312807	0.01718927	0.01718927	0.01718927	0.01652815	0.01114469	0.01076691	0.01350586	0.01662259	0.01331696	0.01652815	0.01605591	0.01766150	0.01709482	0.01700038	0.01652815	0.01690593
OG0001423	1854	0.02319310	0.02157497	0.02427184	0.01941748	0.02427184	0.02049622	0.02588997	0.01941748	0.02427184	0.01941748	0.02427184	0.01941748	0.01941748	0.02642934	0.02103560	0.02427184	0.01941748	0.02427184	0.02157497	0.02696872	0.02103560	0.02427184	0.01887810	0.02696872	0.02157497	0.02157497	0.02696872	0.01294498	0.00215750	0.00000000	0.00000000	0.00161812	0.00916936	0.00215750	0.01132686	0.00377562	0.01132686	0.01779935	0.02157497	0.02696872	0.00485437	0.00107875	0.00000000	0.00000000	0.00000000	0.00000000	0.00000000	0.00000000	0.00000000	0.00000000	0.00000000	0.00000000	0.00000000	0.00000000	0.00107875	0.00053937	0.00000000	0.00000000	0.01078749	0.00539374	0.02696872	0.01078749	0.00000000	0.00539374	0.00000000	0.00000000	0.00000000	0.00000000	0.00000000	0.00000000	0.00000000	0.00000000	0.00000000	0.00000000	0.00000000	0.00000000	0.00000000	0.00000000	0.00000000	0.00000000	0.00000000	0.00000000	0.00431499	0.01725998	0.02696872	0.02157497	0.01078749	0.00000000	0.00000000	0.00000000	0.00000000	0.00000000	0.01078749	0.02696872	0.02157497	0.02696872	0.02157497	0.00539374	0.00000000	0.00755124
OG0000903	15	0.00000000	0.00000000	0.00000000	0.00000000	0.00000000	0.00000000	0.00000000	0.00000000	0.00000000	0.00000000	0.00000000	0.00000000	0.00000000	0.00000000	0.00000000	0.00000000	0.00000000	0.00000000	0.00000000	0.00000000	0.00000000	0.00000000	0.00000000	0.00000000	0.00000000	0.00000000	0.00000000	0.00000000	0.00000000	0.00000000	0.00000000	0.00000000	0.00000000	0.00000000	0.00000000	0.00000000	0.00000000	0.00000000	0.00000000	0.00000000	0.00000000	0.00000000	0.00000000	0.00000000	0.00000000	0.00000000	0.13333333	0.20000000	0.06666667	0.00000000	0.00000000	0.00000000	0.00000000	0.00000000	0.00000000	0.00000000	0.00000000	0.00000000	0.00000000	0.00000000	0.00000000	0.00000000	0.00000000	0.00000000	0.00000000	0.00000000	0.00000000	0.00000000	0.00000000	0.00000000	0.00000000	0.00000000	0.00000000	0.00000000	0.00000000	0.00000000	0.00000000	0.00000000	0.00000000	0.00000000	0.00000000	0.00000000	0.00000000	0.00000000	0.00000000	0.00000000	0.00000000	0.00000000	0.00000000	0.00000000	0.00000000	0.00000000	0.00000000	0.00000000	0.00000000	0.00000000	0.00000000	0.13333333	0.13333333	0.33333333
OG0011406	1088	0.03400735	0.03584559	0.03584559	0.04779412	0.03584559	0.03584559	0.03584559	0.02297794	0.00000000	0.02389706	0.03584559	0.04779412	0.03584559	0.03584559	0.04779412	0.03584559	0.03584559	0.02389706	0.01194853	0.03584559	0.03584559	0.00000000	0.00000000	0.02389706	0.03584559	0.04779412	0.00000000	0.00000000	0.00000000	0.00000000	0.00000000	0.00000000	0.00000000	0.01746324	0.00551471	0.00551471	0.00551471	0.00735294	0.00551471	0.00367647	0.00000000	0.00000000	0.00000000	0.00000000	0.00000000	0.00000000	0.00000000	0.00000000	0.00000000	0.00367647	0.00551471	0.00735294	0.00367647	0.00000000	0.00000000	0.00000000	0.00000000	0.00000000	0.00000000	0.00000000	0.00000000	0.00000000	0.00000000	0.00000000	0.00000000	0.00000000	0.00000000	0.00000000	0.00000000	0.00000000	0.00000000	0.00000000	0.00000000	0.00000000	0.00000000	0.00000000	0.01194853	0.00000000	0.00000000	0.00000000	0.00000000	0.00000000	0.00000000	0.01102941	0.00000000	0.04779412	0.03584559	0.00000000	0.00000000	0.00000000	0.00000000	0.00000000	0.00275735	0.00275735	0.00275735	0.00275735	0.00367647	0.00275735	0.00275735	0.00459559
OG0015949	7665	0.02335290	0.02530985	0.03392042	0.01448141	0.01200261	0.03679061	0.04227006	0.03992172	0.03992172	0.02935421	0.03613829	0.00808871	0.01095890	0.00534899	0.01983040	0.01043705	0.01108937	0.00430528	0.00300065	0.00339204	0.00378343	0.01500326	0.02400522	0.01735160	0.02935421	0.02035225	0.00234834	0.00704501	0.01030659	0.01304631	0.02400522	0.00469667	0.00156556	0.01174168	0.00000000	0.00000000	0.00000000	0.00000000	0.00000000	0.00000000	0.00000000	0.00704501	0.00000000	0.00000000	0.00469667	0.00234834	0.00000000	0.00000000	0.00000000	0.00000000	0.00000000	0.00078278	0.00195695	0.00978474	0.01630789	0.00130463	0.00704501	0.00000000	0.00039139	0.00704501	0.00000000	0.00000000	0.00000000	0.00026093	0.00026093	0.00039139	0.00704501	0.00000000	0.00000000	0.00000000	0.00000000	0.00000000	0.00000000	0.00000000	0.00000000	0.01774299	0.00652316	0.01161122	0.00587084	0.00091324	0.00678408	0.02961513	0.01761252	0.00926288	0.01448141	0.01226354	0.02452707	0.03131115	0.02961513	0.01174168	0.02074364	0.00926288	0.00926288	0.00978474	0.00613177	0.00234834	0.00000000	0.00000000	0.01226354	0.03913894
OG0015215	2889	0.04361371	0.04569055	0.04326757	0.04395985	0.04569055	0.03876774	0.01488404	0.01626861	0.02076843	0.00761509	0.00449983	0.02838352	0.00415369	0.00415369	0.00934579	0.01038422	0.01349948	0.02457598	0.01799931	0.00796123	0.00519211	0.00103842	0.00726895	0.00000000	0.01107650	0.00276912	0.00761509	0.00069228	0.00000000	0.00138456	0.01211492	0.00242298	0.01142264	0.00519211	0.00276912	0.00415369	0.00000000	0.00000000	0.00034614	0.00034614	0.01523018	0.00000000	0.00276912	0.00692281	0.00034614	0.00034614	0.01592246	0.02561440	0.00103842	0.00000000	0.01211492	0.00034614	0.00380755	0.00000000	0.00000000	0.00380755	0.00000000	0.00138456	0.00103842	0.00207684	0.00103842	0.00000000	0.00000000	0.03426791	0.02007615	0.00103842	0.00000000	0.00000000	0.00173070	0.01315334	0.03184493	0.01038422	0.00242298	0.00034614	0.00138456	0.00000000	0.00000000	0.00000000	0.00034614	0.00000000	0.00000000	0.00000000	0.00380755	0.03322949	0.00000000	0.00000000	0.00000000	0.00103842	0.00761509	0.00380755	0.00000000	0.00000000	0.00000000	0.04569055	0.04188300	0.00000000	0.00761509	0.03565247	0.04292143	0.04465213
OG0004056	107	0.34579439	0.32710280	0.32710280	0.00000000	0.00000000	0.00000000	0.00000000	0.00000000	0.00000000	0.00000000	0.00000000	0.00000000	0.00000000	0.00000000	0.00000000	0.00000000	0.00000000	0.00000000	0.00000000	0.00000000	0.00000000	0.00000000	0.00000000	0.00000000	0.00000000	0.00000000	0.00000000	0.00000000	0.00000000	0.00000000	0.00000000	0.00000000	0.00000000	0.00000000	0.00000000	0.00000000	0.00000000	0.00000000	0.00000000	0.00000000	0.00000000	0.00000000	0.00000000	0.00000000	0.00000000	0.00000000	0.00000000	0.00000000	0.00000000	0.00000000	0.00000000	0.00000000	0.00000000	0.00000000	0.00000000	0.00000000	0.00000000	0.00000000	0.00000000	0.00000000	0.00000000	0.00000000	0.00000000	0.00000000	0.00000000	0.00000000	0.00000000	0.00000000	0.00000000	0.00000000	0.00000000	0.00000000	0.00000000	0.00000000	0.00000000	0.00000000	0.00000000	0.00000000	0.00000000	0.00000000	0.00000000	0.00000000	0.00000000	0.00000000	0.00000000	0.00000000	0.00000000	0.00000000	0.00000000	0.00000000	0.00000000	0.00000000	0.00000000	0.00000000	0.00000000	0.00000000	0.00000000	0.00000000	0.00000000	0.00000000
OG0014060	2465	0.01987830	0.03123732	0.00446247	0.02839757	0.03245436	0.00851927	0.03245436	0.02839757	0.03245436	0.03245436	0.03245436	0.01582150	0.03204868	0.03245436	0.03245436	0.02839757	0.03245436	0.03123732	0.03002028	0.02839757	0.03245436	0.03245436	0.00365112	0.00000000	0.00000000	0.00000000	0.00000000	0.00000000	0.00000000	0.00000000	0.00000000	0.02920892	0.02920892	0.02920892	0.02555781	0.02920892	0.02920892	0.02920892	0.01825558	0.00000000	0.00000000	0.00000000	0.00000000	0.00000000	0.00000000	0.00000000	0.00000000	0.00365112	0.00283976	0.00081136	0.00000000	0.00000000	0.00000000	0.00000000	0.00000000	0.00000000	0.00000000	0.00000000	0.00000000	0.00000000	0.00000000	0.00000000	0.00000000	0.00000000	0.00000000	0.00000000	0.00000000	0.00000000	0.00000000	0.00000000	0.00000000	0.00000000	0.00000000	0.00000000	0.00000000	0.00000000	0.00000000	0.00000000	0.00000000	0.00000000	0.00000000	0.00000000	0.00000000	0.00000000	0.00000000	0.00000000	0.00000000	0.00000000	0.00000000	0.00243408	0.00283976	0.00000000	0.00689655	0.03245436	0.01419878	0.00649087	0.01906694	0.02068966	0.02677485	0.02677485
OG0001927	310	0.00645161	0.00645161	0.01290323	0.00645161	0.00645161	0.00967742	0.00645161	0.00645161	0.00967742	0.00000000	0.00000000	0.00000000	0.00000000	0.00000000	0.00000000	0.00000000	0.00000000	0.00000000	0.00000000	0.00000000	0.00000000	0.00000000	0.00000000	0.00000000	0.00000000	0.00000000	0.00000000	0.00000000	0.00000000	0.00000000	0.00322581	0.00645161	0.00967742	0.00645161	0.00967742	0.00000000	0.00000000	0.00645161	0.03225806	0.00000000	0.00000000	0.00000000	0.00000000	0.00000000	0.00322581	0.00000000	0.00645161	0.02580645	0.01290323	0.00645161	0.00967742	0.01290323	0.07096774	0.06774194	0.00645161	0.00967742	0.00645161	0.00645161	0.00967742	0.00645161	0.00645161	0.04838710	0.07096774	0.04516129	0.00967742	0.00645161	0.00645161	0.00967742	0.00645161	0.00645161	0.04193548	0.06774194	0.03225806	0.00967742	0.00645161	0.00645161	0.00967742	0.00645161	0.00645161	0.00967742	0.00645161	0.00645161	0.00967742	0.00645161	0.00645161	0.00967742	0.00645161	0.00645161	0.00967742	0.00645161	0.00645161	0.00967742	0.00645161	0.00645161	0.00967742	0.00645161	0.00967742	0.01935484	0.01290323	0.01935484
OG0001953	1709	0.02106495	0.02340550	0.02340550	0.02340550	0.02340550	0.02340550	0.02340550	0.02340550	0.01755413	0.02340550	0.02340550	0.02340550	0.02340550	0.02340550	0.02340550	0.02340550	0.01755413	0.02340550	0.02340550	0.02340550	0.02340550	0.02340550	0.02340550	0.02340550	0.01696899	0.01579871	0.01872440	0.02106495	0.01638385	0.01872440	0.02340550	0.01872440	0.01404330	0.01755413	0.01638385	0.00819193	0.00468110	0.00468110	0.00585138	0.01287303	0.00468110	0.00351083	0.00468110	0.00468110	0.00468110	0.00468110	0.00468110	0.00468110	0.00117028	0.00000000	0.00000000	0.00000000	0.00000000	0.00000000	0.00000000	0.00000000	0.00000000	0.00000000	0.00000000	0.00000000	0.00000000	0.00000000	0.00000000	0.00000000	0.00000000	0.00000000	0.00000000	0.00000000	0.00000000	0.00000000	0.00000000	0.00000000	0.00000000	0.00000000	0.00000000	0.00000000	0.00000000	0.00000000	0.00000000	0.00000000	0.00000000	0.00000000	0.00000000	0.00000000	0.00000000	0.00000000	0.00000000	0.00000000	0.00585138	0.00000000	0.01170275	0.01755413	0.02340550	0.02340550	0.02340550	0.02340550	0.02340550	0.02340550	0.00526624	0.00000000
OG0014917	20171	0.01601309	0.01611224	0.01611224	0.01631054	0.01586436	0.01427792	0.01531902	0.01636012	0.01611224	0.01601309	0.01021268	0.01303852	0.01378216	0.00758515	0.01606266	0.01636012	0.01219573	0.00689108	0.01616182	0.01636012	0.01323683	0.00371821	0.01358386	0.01472411	0.00941946	0.00609786	0.01636012	0.01636012	0.01636012	0.01472411	0.01541817	0.01189827	0.00208220	0.00981607	0.00832879	0.01472411	0.01636012	0.01636012	0.00991522	0.01606266	0.01021268	0.01075802	0.01636012	0.01333598	0.01318725	0.01011353	0.01016311	0.00332160	0.01160081	0.00813048	0.01293937	0.01636012	0.01432750	0.01125378	0.00396609	0.00059491	0.00054534	0.00024788	0.00000000	0.00000000	0.00000000	0.00000000	0.00000000	0.00000000	0.00000000	0.00000000	0.00317287	0.01636012	0.00842794	0.01293937	0.01472411	0.00867582	0.01318725	0.00317287	0.01591394	0.00847752	0.00565168	0.00872540	0.00391651	0.00049576	0.00996480	0.00818006	0.01115463	0.00793218	0.00773388	0.00768430	0.00128898	0.00188389	0.01006395	0.01621139	0.01621139	0.01636012	0.00966734	0.01026226	0.01001438	0.00381736	0.00773388	0.01234445	0.00510634	0.00242923
OG0012316	1479	0.02772143	0.00405680	0.01081812	0.00338066	0.00540906	0.00676133	0.00540906	0.00338066	0.01081812	0.00270453	0.00405680	0.00270453	0.00067613	0.00270453	0.00270453	0.03583502	0.00270453	0.00270453	0.00405680	0.00270453	0.00338066	0.00000000	0.00878972	0.00878972	0.00067613	0.00338066	0.00338066	0.00270453	0.00270453	0.00000000	0.00000000	0.00270453	0.00270453	0.00270453	0.00270453	0.00338066	0.00270453	0.00270453	0.00270453	0.00270453	0.00338066	0.01081812	0.00270453	0.00270453	0.00270453	0.00338066	0.00270453	0.00270453	0.00270453	0.00270453	0.00338066	0.00270453	0.00270453	0.00270453	0.00270453	0.00338066	0.00270453	0.00270453	0.00270453	0.00270453	0.02772143	0.00270453	0.00270453	0.00270453	0.00270453	0.00338066	0.00270453	0.00270453	0.00270453	0.00405680	0.00338066	0.01893171	0.02704530	0.01014199	0.03448276	0.01217039	0.00405680	0.00540906	0.03515889	0.03515889	0.04394861	0.03515889	0.00540906	0.00540906	0.00540906	0.01014199	0.02163624	0.00811359	0.00946586	0.01081812	0.02434077	0.03515889	0.03515889	0.03515889	0.03515889	0.03853955	0.03245436	0.03448276	0.03515889	0.03380663
OG0004836	288	0.04166667	0.04166667	0.04166667	0.04166667	0.02777778	0.04166667	0.02083333	0.01041667	0.00694444	0.01041667	0.01041667	0.01041667	0.00694444	0.01041667	0.01041667	0.02083333	0.01388889	0.02083333	0.01388889	0.01041667	0.01041667	0.01041667	0.01041667	0.01041667	0.00000000	0.00000000	0.00000000	0.00000000	0.00000000	0.00000000	0.00000000	0.00000000	0.00000000	0.00000000	0.00000000	0.00000000	0.00000000	0.00000000	0.00000000	0.00347222	0.04166667	0.00000000	0.00000000	0.00000000	0.00000000	0.00000000	0.00000000	0.00000000	0.00000000	0.00000000	0.00000000	0.00000000	0.00000000	0.00000000	0.00347222	0.01041667	0.01041667	0.01041667	0.00694444	0.01041667	0.01041667	0.01041667	0.00694444	0.01736111	0.01041667	0.01041667	0.00694444	0.01041667	0.01041667	0.02430556	0.00694444	0.01388889	0.01388889	0.01041667	0.00694444	0.01041667	0.01388889	0.01041667	0.01041667	0.00694444	0.01041667	0.01041667	0.01041667	0.00694444	0.01041667	0.01041667	0.01041667	0.00694444	0.01041667	0.01041667	0.01041667	0.00694444	0.01041667	0.01041667	0.01041667	0.02777778	0.02083333	0.01388889	0.01041667	0.00694444
OG0004155	606	0.03960396	0.03960396	0.03960396	0.03960396	0.03960396	0.03960396	0.03960396	0.03960396	0.03960396	0.00000000	0.00000000	0.00000000	0.00000000	0.00000000	0.00000000	0.00000000	0.00000000	0.00000000	0.00000000	0.01980198	0.00000000	0.00000000	0.00000000	0.00330033	0.00660066	0.00660066	0.00660066	0.01320132	0.01650165	0.00330033	0.00000000	0.00000000	0.01320132	0.00825083	0.00495050	0.00000000	0.00000000	0.00000000	0.00000000	0.03960396	0.03960396	0.00495050	0.00660066	0.01320132	0.03300330	0.00660066	0.00660066	0.01485149	0.03960396	0.03960396	0.03960396	0.03960396	0.00000000	0.00000000	0.00000000	0.00990099	0.00000000	0.00000000	0.00000000	0.00000000	0.01815182	0.03960396	0.01485149	0.00000000	0.00990099	0.00000000	0.00000000	0.00000000	0.00000000	0.00495050	0.00990099	0.00660066	0.00660066	0.00495050	0.00000000	0.00000000	0.00000000	0.00000000	0.00330033	0.00000000	0.00000000	0.00000000	0.00330033	0.00000000	0.00330033	0.00990099	0.00660066	0.00660066	0.00660066	0.00330033	0.00000000	0.02970297	0.00000000	0.00000000	0.00000000	0.00000000	0.00000000	0.00000000	0.00000000	0.01980198
OG0008969	1764	0.03401361	0.02721088	0.02721088	0.03401361	0.02721088	0.02721088	0.03401361	0.02721088	0.02721088	0.00963719	0.00170068	0.00623583	0.00453515	0.00566893	0.00226757	0.00566893	0.01870748	0.00453515	0.00283447	0.02494331	0.01247166	0.00000000	0.02267574	0.03401361	0.00113379	0.00000000	0.03344671	0.02097506	0.00283447	0.00000000	0.00113379	0.00340136	0.00510204	0.00907029	0.00453515	0.00907029	0.00113379	0.00000000	0.00000000	0.00000000	0.00000000	0.00226757	0.00113379	0.00000000	0.00000000	0.00000000	0.00000000	0.00000000	0.01360544	0.00000000	0.00000000	0.00000000	0.00000000	0.00000000	0.00510204	0.00566893	0.00000000	0.00000000	0.00000000	0.00000000	0.00680272	0.00000000	0.00000000	0.00000000	0.00000000	0.00000000	0.00000000	0.00000000	0.00000000	0.00000000	0.00000000	0.00000000	0.00000000	0.00000000	0.00000000	0.00000000	0.00000000	0.00000000	0.00000000	0.02721088	0.00000000	0.00000000	0.00000000	0.02040816	0.02721088	0.02721088	0.03401361	0.02721088	0.02721088	0.02721088	0.03401361	0.02721088	0.02721088	0.03401361	0.02721088	0.02040816	0.00000000	0.01870748	0.02267574	0.02324263
OG0010967	318	0.00000000	0.00000000	0.00000000	0.00000000	0.00000000	0.00000000	0.00000000	0.00000000	0.00000000	0.00628931	0.01257862	0.01886792	0.00000000	0.00000000	0.00000000	0.00000000	0.00000000	0.00000000	0.00000000	0.00000000	0.00000000	0.00000000	0.00000000	0.00000000	0.00000000	0.00000000	0.00000000	0.00000000	0.00000000	0.00000000	0.00000000	0.00000000	0.00000000	0.00000000	0.00000000	0.00000000	0.04088050	0.01257862	0.01257862	0.00000000	0.00000000	0.00000000	0.04402516	0.00628931	0.01257862	0.01257862	0.00628931	0.04402516	0.04402516	0.01572327	0.01572327	0.00943396	0.00314465	0.00000000	0.00000000	0.00000000	0.02201258	0.04402516	0.04402516	0.02201258	0.04402516	0.04402516	0.02201258	0.04402516	0.04402516	0.02201258	0.04402516	0.04402516	0.02201258	0.04402516	0.04402516	0.02201258	0.04402516	0.04402516	0.02201258	0.00000000	0.00000000	0.00000000	0.00000000	0.00000000	0.00000000	0.00000000	0.00000000	0.00000000	0.00000000	0.00000000	0.00000000	0.00000000	0.00000000	0.00000000	0.00000000	0.00000000	0.00000000	0.00000000	0.00000000	0.00000000	0.00000000	0.00000000	0.00000000	0.00000000
OG0005101	39385	0.02635521	0.02292751	0.01749397	0.01614828	0.01449791	0.01025771	0.00995303	0.01043544	0.02216580	0.01866193	0.00992764	0.01074013	0.00992764	0.00558588	0.00868351	0.02696458	0.00236131	0.00086327	0.00063476	0.00408785	0.00045703	0.01881427	0.02696458	0.02546655	0.02473023	0.00556049	0.01140028	0.02287673	0.02422242	0.02148026	0.02422242	0.02300368	0.01960137	0.02155643	0.01693538	0.01503110	0.01023232	0.02394313	0.01505649	0.00000000	0.00000000	0.00000000	0.00000000	0.00000000	0.00000000	0.00000000	0.00553510	0.01251746	0.02328298	0.00820109	0.00000000	0.00000000	0.00000000	0.00012695	0.00015234	0.00005078	0.00005078	0.00000000	0.00000000	0.00000000	0.00099022	0.00345309	0.01498032	0.00038086	0.00469722	0.00002539	0.00000000	0.00002539	0.02546655	0.02696458	0.00449410	0.00000000	0.00152342	0.00000000	0.00000000	0.00000000	0.00000000	0.00000000	0.00000000	0.00000000	0.01030849	0.01325378	0.00002539	0.00000000	0.00144725	0.00149803	0.00068554	0.01107020	0.01772248	0.02051542	0.01934747	0.01261902	0.00906436	0.00926749	0.02318141	0.01919513	0.02564428	0.02473023	0.02219119	0.02508569
OG0002170	501	0.00000000	0.04391218	0.00998004	0.00598802	0.00000000	0.00000000	0.00798403	0.00798403	0.00998004	0.02395210	0.00000000	0.04391218	0.04391218	0.06586826	0.04391218	0.02395210	0.00598802	0.00399202	0.00399202	0.00000000	0.00000000	0.00000000	0.00399202	0.00798403	0.00000000	0.00000000	0.00000000	0.00000000	0.00000000	0.00000000	0.00000000	0.00399202	0.01197605	0.00798403	0.00798403	0.01397206	0.04391218	0.01197605	0.00798403	0.00998004	0.01197605	0.00798403	0.00798403	0.01197605	0.00798403	0.01197605	0.00798403	0.00798403	0.01197605	0.00798403	0.00798403	0.01197605	0.00798403	0.00798403	0.01197605	0.00798403	0.01197605	0.00798403	0.00798403	0.01197605	0.00798403	0.00798403	0.01197605	0.00798403	0.01197605	0.00798403	0.04391218	0.04790419	0.00798403	0.00798403	0.01197605	0.00798403	0.01197605	0.00399202	0.00000000	0.00000000	0.00000000	0.00000000	0.00000000	0.00000000	0.00000000	0.00000000	0.00000000	0.00000000	0.00000000	0.00000000	0.00000000	0.00000000	0.00000000	0.00000000	0.00000000	0.00000000	0.00000000	0.00000000	0.00000000	0.00000000	0.00199601	0.04590818	0.04391218	0.03992016
OG0011905	6710	0.02026826	0.00730253	0.00417288	0.00193741	0.00238450	0.00387481	0.00387481	0.00968703	0.00327869	0.00193741	0.00193741	0.00193741	0.01222057	0.00327869	0.00000000	0.00059613	0.00059613	0.00000000	0.00298063	0.00000000	0.00432191	0.00149031	0.00059613	0.00000000	0.00238450	0.00834575	0.00834575	0.01549925	0.01430700	0.01549925	0.01549925	0.01311475	0.00000000	0.00000000	0.00000000	0.00000000	0.00283159	0.00804769	0.00372578	0.00193741	0.00640835	0.00387481	0.00327869	0.00193741	0.01028316	0.00372578	0.01162444	0.00923994	0.00193741	0.00312966	0.00760060	0.00774963	0.01058122	0.01028316	0.00968703	0.00670641	0.00834575	0.01013413	0.00909091	0.00968703	0.00566319	0.00357675	0.00193741	0.00402385	0.00625931	0.00789866	0.02131148	0.02131148	0.02131148	0.02131148	0.02131148	0.01967213	0.02131148	0.02131148	0.02131148	0.02131148	0.02131148	0.02131148	0.01967213	0.02131148	0.02131148	0.02131148	0.02131148	0.02131148	0.02131148	0.01967213	0.02131148	0.02131148	0.02131148	0.02131148	0.02131148	0.02131148	0.01967213	0.02131148	0.01087928	0.00789866	0.00372578	0.00268256	0.00670641	0.00506706
OG0001249	1610	0.02608696	0.02546584	0.02484472	0.02484472	0.02422360	0.02484472	0.02795031	0.02111801	0.02484472	0.02795031	0.02546584	0.02795031	0.02795031	0.02608696	0.01987578	0.02422360	0.02173913	0.02173913	0.02173913	0.02298137	0.00062112	0.00000000	0.00000000	0.00000000	0.00000000	0.00000000	0.00000000	0.00000000	0.00000000	0.00000000	0.00000000	0.00000000	0.00000000	0.00000000	0.00000000	0.00000000	0.00000000	0.00000000	0.00000000	0.00000000	0.00000000	0.00000000	0.02236025	0.02795031	0.02795031	0.02236025	0.00000000	0.00186335	0.00000000	0.00434783	0.00310559	0.00062112	0.01180124	0.00434783	0.00621118	0.00807453	0.00310559	0.00496894	0.02795031	0.01055901	0.00000000	0.00000000	0.00000000	0.00000000	0.00000000	0.00000000	0.00000000	0.00000000	0.00000000	0.00000000	0.00000000	0.00000000	0.00000000	0.00000000	0.00000000	0.00000000	0.00000000	0.00000000	0.00062112	0.01180124	0.01677019	0.00000000	0.00000000	0.00000000	0.00124224	0.00248447	0.00000000	0.00000000	0.00186335	0.01801242	0.02795031	0.02795031	0.02236025	0.02795031	0.02795031	0.02795031	0.02795031	0.02795031	0.02795031	0.02111801
OG0008802	4915	0.04679552	0.03886063	0.05045778	0.04211597	0.05615463	0.05269583	0.02746694	0.03763988	0.05798576	0.04496439	0.03560529	0.04191251	0.03153611	0.02644964	0.01912513	0.02583927	0.00325534	0.00000000	0.00000000	0.00020346	0.00000000	0.00000000	0.00447609	0.00000000	0.00020346	0.00447609	0.00061038	0.00020346	0.00020346	0.02685656	0.00000000	0.00000000	0.00447609	0.00000000	0.00020346	0.00000000	0.00000000	0.00000000	0.00000000	0.00000000	0.00000000	0.00000000	0.00020346	0.00000000	0.01790437	0.00000000	0.00000000	0.00000000	0.00000000	0.00020346	0.01709054	0.00040692	0.00020346	0.00000000	0.00976602	0.00651068	0.00000000	0.02238047	0.00000000	0.00000000	0.00000000	0.00000000	0.00000000	0.00000000	0.00000000	0.00000000	0.00183113	0.00000000	0.00000000	0.00000000	0.00000000	0.00447609	0.00000000	0.00000000	0.00000000	0.00000000	0.00000000	0.00000000	0.00020346	0.00895219	0.00000000	0.00000000	0.00000000	0.00000000	0.01932859	0.01973550	0.04537131	0.00244151	0.03255341	0.00264496	0.00528993	0.00284842	0.00305188	0.00244151	0.00264496	0.00264496	0.00691760	0.01464903	0.02624619	0.04028484
OG0011252	2814	0.03873490	0.03731343	0.03375977	0.00000000	0.00000000	0.00000000	0.00000000	0.00000000	0.00000000	0.00000000	0.00533049	0.00000000	0.00000000	0.00000000	0.00000000	0.00000000	0.00000000	0.00000000	0.00000000	0.00071073	0.00000000	0.00071073	0.00426439	0.00710732	0.00284293	0.00000000	0.01847903	0.00000000	0.00781805	0.00781805	0.00639659	0.00071073	0.00355366	0.01137171	0.01137171	0.01421464	0.01705757	0.00461976	0.02238806	0.00000000	0.00000000	0.00710732	0.00177683	0.01528074	0.03731343	0.03909026	0.01954513	0.00461976	0.02807392	0.02238806	0.02594172	0.02771855	0.03091684	0.02985075	0.02594172	0.02380952	0.02771855	0.02132196	0.00000000	0.00675195	0.00106610	0.00533049	0.00071073	0.00284293	0.00461976	0.00568586	0.00177683	0.00426439	0.00355366	0.00746269	0.00177683	0.00568586	0.00781805	0.02665245	0.00071073	0.00319829	0.01599147	0.00710732	0.01634684	0.01243781	0.01385928	0.01066098	0.01385928	0.00852878	0.00497512	0.00746269	0.01599147	0.00746269	0.00817342	0.01030561	0.01741294	0.01421464	0.00995025	0.00959488	0.01208244	0.00888415	0.00923952	0.01279318	0.00888415	0.00888415
OG0018215	241	0.01659751	0.07468880	0.15767635	0.02489627	0.00000000	0.00414938	0.09128631	0.04979253	0.05394191	0.04979253	0.01244813	0.00000000	0.00000000	0.00000000	0.00000000	0.00000000	0.00000000	0.00000000	0.00000000	0.00000000	0.00000000	0.00000000	0.00000000	0.00000000	0.00000000	0.00000000	0.00000000	0.00000000	0.00000000	0.00000000	0.00000000	0.00000000	0.00000000	0.00000000	0.00000000	0.00000000	0.00000000	0.00000000	0.00000000	0.00000000	0.00000000	0.00000000	0.00000000	0.00000000	0.00000000	0.00000000	0.00000000	0.00000000	0.08713693	0.00000000	0.00000000	0.00000000	0.00000000	0.00000000	0.00000000	0.00000000	0.00000000	0.00000000	0.00000000	0.00000000	0.00000000	0.00000000	0.00000000	0.00000000	0.00000000	0.00000000	0.00000000	0.00000000	0.00000000	0.00000000	0.00000000	0.00000000	0.00000000	0.00000000	0.00000000	0.00000000	0.08298755	0.00000000	0.00000000	0.00000000	0.00000000	0.00000000	0.00000000	0.00000000	0.00000000	0.00000000	0.01659751	0.00000000	0.00000000	0.02904564	0.00000000	0.00000000	0.00000000	0.00000000	0.00000000	0.00000000	0.04979253	0.09128631	0.06639004	0.04149378
OG0015107	30	0.46666667	0.06666667	0.00000000	0.00000000	0.00000000	0.00000000	0.00000000	0.00000000	0.00000000	0.00000000	0.00000000	0.00000000	0.00000000	0.00000000	0.00000000	0.00000000	0.00000000	0.00000000	0.00000000	0.00000000	0.00000000	0.00000000	0.00000000	0.00000000	0.00000000	0.00000000	0.00000000	0.00000000	0.00000000	0.00000000	0.00000000	0.00000000	0.00000000	0.00000000	0.00000000	0.00000000	0.00000000	0.00000000	0.00000000	0.00000000	0.00000000	0.00000000	0.00000000	0.00000000	0.00000000	0.00000000	0.00000000	0.00000000	0.00000000	0.00000000	0.00000000	0.00000000	0.00000000	0.00000000	0.00000000	0.00000000	0.00000000	0.00000000	0.00000000	0.00000000	0.00000000	0.00000000	0.00000000	0.00000000	0.00000000	0.00000000	0.00000000	0.00000000	0.00000000	0.00000000	0.00000000	0.00000000	0.00000000	0.00000000	0.00000000	0.00000000	0.00000000	0.00000000	0.00000000	0.00000000	0.00000000	0.00000000	0.00000000	0.00000000	0.00000000	0.00000000	0.00000000	0.00000000	0.00000000	0.00000000	0.00000000	0.00000000	0.00000000	0.00000000	0.00000000	0.00000000	0.00000000	0.00000000	0.13333333	0.33333333
OG0008970	334	0.05389222	0.02395210	0.00000000	0.00000000	0.00000000	0.00000000	0.00000000	0.00000000	0.00000000	0.00000000	0.00000000	0.00000000	0.00000000	0.00000000	0.00000000	0.00000000	0.00000000	0.00000000	0.00000000	0.00000000	0.00000000	0.00000000	0.00000000	0.00000000	0.00000000	0.00000000	0.00000000	0.00000000	0.00000000	0.00000000	0.00000000	0.00000000	0.00000000	0.00000000	0.00000000	0.00000000	0.00000000	0.00000000	0.00000000	0.00000000	0.00000000	0.00000000	0.00000000	0.00000000	0.00000000	0.00000000	0.00000000	0.00000000	0.00000000	0.00000000	0.00000000	0.00000000	0.00000000	0.00000000	0.00000000	0.00000000	0.00000000	0.00000000	0.00000000	0.00000000	0.00000000	0.00000000	0.00000000	0.00000000	0.00000000	0.00000000	0.00000000	0.00000000	0.00000000	0.00000000	0.00000000	0.00000000	0.00000000	0.00000000	0.00000000	0.00000000	0.00000000	0.00000000	0.00000000	0.00000000	0.00000000	0.00000000	0.00000000	0.00000000	0.00000000	0.00000000	0.00000000	0.00000000	0.00000000	0.00000000	0.02694611	0.01796407	0.08682635	0.13173653	0.09880240	0.13173653	0.09880240	0.13173653	0.09880240	0.09880240
OG0004268	951	0.00315457	0.00315457	0.00105152	0.00000000	0.00946372	0.01892744	0.00000000	0.00000000	0.00000000	0.00000000	0.00000000	0.00000000	0.00000000	0.00000000	0.01892744	0.00000000	0.00000000	0.00000000	0.00000000	0.00000000	0.00000000	0.00000000	0.01051525	0.00000000	0.00000000	0.00000000	0.00000000	0.00000000	0.00000000	0.00000000	0.00000000	0.00000000	0.00000000	0.00000000	0.00000000	0.00000000	0.00000000	0.00000000	0.01892744	0.01892744	0.02839117	0.02839117	0.02839117	0.02839117	0.02839117	0.02839117	0.01892744	0.02839117	0.02839117	0.02839117	0.02839117	0.00000000	0.00000000	0.00000000	0.00000000	0.00000000	0.00000000	0.00000000	0.00000000	0.00000000	0.00000000	0.00000000	0.00000000	0.00000000	0.00000000	0.00000000	0.00000000	0.00000000	0.02523659	0.02628812	0.02839117	0.00841220	0.00000000	0.00000000	0.00841220	0.02839117	0.02839117	0.02839117	0.02839117	0.01892744	0.02839117	0.02839117	0.02839117	0.00946372	0.00105152	0.00315457	0.00210305	0.00315457	0.00525762	0.00630915	0.02208202	0.02839117	0.02839117	0.01892744	0.02839117	0.02839117	0.02839117	0.02839117	0.02839117	0.00946372
OG0015485	912	0.06907895	0.05921053	0.06907895	0.05921053	0.05921053	0.03508772	0.00657895	0.00767544	0.00657895	0.00657895	0.00767544	0.00657895	0.00986842	0.00657895	0.00657895	0.00767544	0.00657895	0.00767544	0.00657895	0.00657895	0.01754386	0.00548246	0.00000000	0.00000000	0.00000000	0.00000000	0.00986842	0.00000000	0.00000000	0.00000000	0.00000000	0.00000000	0.00000000	0.00000000	0.00000000	0.00000000	0.00000000	0.00000000	0.00000000	0.00000000	0.03947368	0.06907895	0.05701754	0.04605263	0.00109649	0.00000000	0.00000000	0.00000000	0.00000000	0.00000000	0.00000000	0.00000000	0.00000000	0.00000000	0.00000000	0.00000000	0.00000000	0.00000000	0.00548246	0.01096491	0.00657895	0.00767544	0.00657895	0.00657895	0.00767544	0.00328947	0.00657895	0.00657895	0.00109649	0.00000000	0.00000000	0.00000000	0.00000000	0.00219298	0.06578947	0.02192982	0.00000000	0.00219298	0.00000000	0.00000000	0.00000000	0.00000000	0.00000000	0.00000000	0.00000000	0.00000000	0.00000000	0.00000000	0.00000000	0.00000000	0.00000000	0.00000000	0.00000000	0.00000000	0.00000000	0.00000000	0.00000000	0.02412281	0.05921053	0.05921053
OG0016198	1077	0.05571031	0.05013928	0.05013928	0.04828227	0.05013928	0.05013928	0.05013928	0.04921077	0.05013928	0.05013928	0.05013928	0.02135562	0.00000000	0.02228412	0.02785515	0.00000000	0.00000000	0.00000000	0.00000000	0.00092851	0.00000000	0.00000000	0.00000000	0.00000000	0.00000000	0.00000000	0.00000000	0.00742804	0.00835655	0.00835655	0.00835655	0.00928505	0.00835655	0.00835655	0.00835655	0.00835655	0.00835655	0.01392758	0.00557103	0.00000000	0.00000000	0.00000000	0.00278552	0.00000000	0.00000000	0.00092851	0.00000000	0.00000000	0.00000000	0.00278552	0.00000000	0.00000000	0.00000000	0.00000000	0.00185701	0.00278552	0.00000000	0.00000000	0.00000000	0.00000000	0.00000000	0.00000000	0.00928505	0.00464253	0.00000000	0.00000000	0.00000000	0.00000000	0.00000000	0.00000000	0.00000000	0.00000000	0.00000000	0.00000000	0.00464253	0.00835655	0.01021356	0.00278552	0.01392758	0.01207057	0.01207057	0.00185701	0.01114206	0.00000000	0.00000000	0.00000000	0.00000000	0.00000000	0.00000000	0.00185701	0.00278552	0.01207057	0.00835655	0.00000000	0.00000000	0.00557103	0.05013928	0.02228412	0.01485608	0.05013928
OG0008300	163	0.01840491	0.01840491	0.03680982	0.01840491	0.03680982	0.01840491	0.03680982	0.01840491	0.03680982	0.01840491	0.03680982	0.01840491	0.03680982	0.01840491	0.03680982	0.01840491	0.03680982	0.01840491	0.03680982	0.01840491	0.03680982	0.01840491	0.03680982	0.01840491	0.03680982	0.00000000	0.00000000	0.00000000	0.00613497	0.00000000	0.00000000	0.00000000	0.00000000	0.00613497	0.00613497	0.00000000	0.00000000	0.00000000	0.00000000	0.00000000	0.00000000	0.00000000	0.00000000	0.00000000	0.00000000	0.00000000	0.00000000	0.00000000	0.00000000	0.00000000	0.00000000	0.00000000	0.00000000	0.00000000	0.00000000	0.00000000	0.00000000	0.00000000	0.00000000	0.00000000	0.00000000	0.00000000	0.00000000	0.01226994	0.00000000	0.00000000	0.00000000	0.00000000	0.00000000	0.00000000	0.00000000	0.00000000	0.00000000	0.00000000	0.00000000	0.00000000	0.00000000	0.00613497	0.00613497	0.01226994	0.01226994	0.01226994	0.00613497	0.01226994	0.01226994	0.02453988	0.00613497	0.01226994	0.00613497	0.01226994	0.00613497	0.03680982	0.01840491	0.03680982	0.00613497	0.01226994	0.00613497	0.01226994	0.00613497	0.00613497
OG0009866	1766	0.03680634	0.02944507	0.02944507	0.02944507	0.02944507	0.01132503	0.01585504	0.01585504	0.01245753	0.01415629	0.02265006	0.01585504	0.01585504	0.01585504	0.01585504	0.02491506	0.02491506	0.01812005	0.01528879	0.01585504	0.01642129	0.02151755	0.02491506	0.01755379	0.01585504	0.02887882	0.02944507	0.03680634	0.02944507	0.02944507	0.02661382	0.02661382	0.02265006	0.01585504	0.00056625	0.00000000	0.00000000	0.00000000	0.00000000	0.00736127	0.00000000	0.00000000	0.00000000	0.00000000	0.00000000	0.01472254	0.00736127	0.00679502	0.00736127	0.00000000	0.00000000	0.00000000	0.00000000	0.00000000	0.00000000	0.00000000	0.00000000	0.00000000	0.00000000	0.00000000	0.00000000	0.00000000	0.00000000	0.00000000	0.00000000	0.00736127	0.00000000	0.00000000	0.00000000	0.00056625	0.00000000	0.00000000	0.00000000	0.00000000	0.00000000	0.00000000	0.00000000	0.00000000	0.00000000	0.00000000	0.00000000	0.01472254	0.00736127	0.01472254	0.00000000	0.00000000	0.00000000	0.00736127	0.02944507	0.02944507	0.03680634	0.02944507	0.00056625	0.00113250	0.00000000	0.00000000	0.00000000	0.00000000	0.00169875	0.02378256
OG0003632	322	0.00310559	0.00000000	0.00000000	0.00000000	0.00000000	0.00000000	0.00000000	0.00000000	0.00000000	0.00621118	0.00000000	0.00000000	0.03726708	0.00000000	0.00000000	0.00000000	0.00000000	0.01863354	0.02484472	0.00000000	0.00310559	0.00000000	0.00000000	0.02173913	0.03726708	0.00000000	0.00000000	0.03726708	0.00000000	0.00000000	0.00000000	0.00000000	0.00621118	0.00310559	0.00000000	0.00000000	0.01863354	0.01863354	0.00000000	0.00000000	0.00310559	0.00000000	0.00000000	0.00000000	0.00000000	0.00000000	0.00310559	0.00000000	0.00000000	0.00000000	0.00000000	0.01552795	0.00000000	0.00000000	0.00000000	0.01552795	0.00000000	0.00000000	0.00000000	0.00000000	0.00000000	0.00000000	0.00000000	0.00000000	0.00000000	0.00000000	0.00000000	0.00000000	0.00000000	0.00000000	0.00000000	0.00000000	0.00000000	0.00000000	0.00000000	0.00000000	0.00000000	0.00000000	0.00000000	0.00000000	0.00000000	0.05590062	0.03726708	0.00000000	0.00000000	0.00931677	0.00931677	0.00000000	0.00000000	0.00000000	0.05590062	0.07453416	0.07453416	0.07453416	0.07453416	0.07453416	0.07453416	0.07453416	0.03726708	0.00000000
OG0015455	2820	0.01843972	0.01914894	0.01595745	0.01843972	0.01702128	0.01418440	0.01702128	0.01702128	0.01524823	0.01914894	0.01595745	0.01914894	0.01843972	0.01595745	0.01914894	0.01914894	0.01595745	0.01914894	0.01595745	0.01914894	0.01914894	0.01595745	0.01914894	0.01914894	0.01595745	0.01914894	0.01914894	0.01595745	0.01914894	0.01595745	0.01808511	0.01914894	0.01595745	0.01914894	0.01914894	0.01595745	0.01914894	0.01595745	0.01843972	0.01702128	0.01418440	0.01702128	0.01524823	0.01241135	0.01702128	0.01418440	0.01560284	0.00957447	0.00709220	0.00425532	0.00602837	0.00602837	0.00709220	0.00780142	0.00815603	0.00531915	0.00567376	0.01134752	0.00531915	0.00992908	0.00390071	0.00212766	0.00177305	0.00212766	0.00177305	0.00212766	0.00212766	0.00177305	0.00212766	0.00212766	0.00248227	0.00248227	0.00460993	0.01063830	0.00212766	0.00177305	0.00212766	0.00212766	0.00177305	0.00212766	0.00212766	0.00177305	0.00212766	0.00177305	0.00177305	0.00000000	0.00000000	0.00000000	0.00000000	0.00319149	0.01099291	0.00141844	0.00000000	0.00000000	0.00319149	0.00035461	0.00212766	0.00177305	0.00212766	0.00531915
OG0018557	2346	0.05924979	0.04262575	0.05115090	0.05115090	0.05115090	0.05115090	0.05115090	0.05115090	0.05115090	0.04816709	0.01065644	0.00213129	0.01321398	0.00298380	0.02088662	0.05115090	0.02046036	0.01023018	0.00000000	0.00000000	0.01023018	0.05115090	0.05115090	0.05115090	0.04092072	0.00000000	0.00000000	0.00000000	0.00000000	0.00000000	0.00000000	0.00980392	0.00000000	0.02003410	0.00000000	0.00000000	0.00000000	0.00000000	0.00000000	0.00127877	0.00213129	0.00213129	0.00085251	0.00000000	0.00000000	0.00000000	0.00000000	0.00000000	0.00000000	0.00000000	0.00000000	0.01023018	0.00000000	0.00000000	0.00000000	0.00000000	0.00000000	0.00000000	0.00000000	0.02046036	0.00000000	0.00000000	0.00000000	0.00000000	0.00000000	0.00000000	0.00000000	0.00000000	0.00000000	0.00000000	0.00000000	0.00000000	0.00000000	0.00000000	0.00000000	0.00000000	0.00000000	0.01023018	0.00000000	0.00000000	0.00000000	0.00000000	0.00000000	0.00000000	0.00000000	0.00000000	0.00000000	0.00000000	0.00000000	0.00213129	0.00213129	0.00213129	0.00213129	0.00213129	0.01193521	0.00213129	0.00000000	0.00085251	0.00213129	0.05072464
OG0012999	369	0.21951220	0.16260163	0.17886179	0.13008130	0.12195122	0.08672087	0.00000000	0.00000000	0.00000000	0.00000000	0.00000000	0.00000000	0.00000000	0.00000000	0.00000000	0.00000000	0.00000000	0.00000000	0.00000000	0.00000000	0.00000000	0.00000000	0.00000000	0.00000000	0.00000000	0.00000000	0.00000000	0.00000000	0.00000000	0.00000000	0.00000000	0.00000000	0.00000000	0.00000000	0.00000000	0.00000000	0.00000000	0.00000000	0.00000000	0.00000000	0.00000000	0.00000000	0.00000000	0.00000000	0.00000000	0.00000000	0.00000000	0.00000000	0.00000000	0.00000000	0.00000000	0.00000000	0.00000000	0.00000000	0.00000000	0.00000000	0.00000000	0.00000000	0.00000000	0.00000000	0.00000000	0.00000000	0.00000000	0.00000000	0.00000000	0.00000000	0.00000000	0.00000000	0.00000000	0.00000000	0.00000000	0.00000000	0.00000000	0.00000000	0.00000000	0.00000000	0.00000000	0.00000000	0.00000000	0.00000000	0.00000000	0.00000000	0.00000000	0.00000000	0.00000000	0.00000000	0.00000000	0.00000000	0.00000000	0.00000000	0.00000000	0.05691057	0.00000000	0.00000000	0.00000000	0.00000000	0.00000000	0.01084011	0.00813008	0.02439024
OG0016262	2516	0.03219396	0.02861685	0.02106518	0.00119237	0.00000000	0.00000000	0.00000000	0.00000000	0.00000000	0.00357711	0.00000000	0.00715421	0.00000000	0.00000000	0.00000000	0.00000000	0.00000000	0.00000000	0.00794913	0.00158983	0.00079491	0.00079491	0.00158983	0.00000000	0.00357711	0.02503975	0.00357711	0.00000000	0.00079491	0.00000000	0.00000000	0.00000000	0.00357711	0.00000000	0.00000000	0.00000000	0.00000000	0.00000000	0.00278219	0.00000000	0.00357711	0.00000000	0.00000000	0.00000000	0.00000000	0.00000000	0.00000000	0.00000000	0.00000000	0.00000000	0.00715421	0.01629571	0.00357711	0.00000000	0.00039746	0.00317965	0.00000000	0.00000000	0.00000000	0.00000000	0.00715421	0.00000000	0.00238474	0.00397456	0.00000000	0.00000000	0.00000000	0.01868045	0.03219396	0.02861685	0.02861685	0.01073132	0.00000000	0.00000000	0.01073132	0.00158983	0.00000000	0.02066773	0.02861685	0.02861685	0.03219396	0.02861685	0.03219396	0.02861685	0.02861685	0.03219396	0.02861685	0.02861685	0.03219396	0.02861685	0.02861685	0.03219396	0.02861685	0.02861685	0.03219396	0.02861685	0.02861685	0.03219396	0.02861685	0.02861685
OG0005090	9290	0.03530678	0.02615716	0.02034446	0.01550054	0.02217438	0.01711518	0.01894510	0.01765339	0.01754575	0.01603875	0.01862217	0.01550054	0.01808396	0.01410118	0.01926803	0.01776103	0.01442411	0.02228202	0.01334769	0.00753498	0.01517761	0.00000000	0.00000000	0.00000000	0.00226050	0.00010764	0.00064586	0.00279871	0.00204521	0.00118407	0.00538213	0.00258342	0.00365985	0.00430571	0.00000000	0.00344456	0.00818084	0.00322928	0.00527449	0.00150700	0.00398278	0.00559742	0.00850377	0.00645856	0.00193757	0.00215285	0.00290635	0.00021529	0.00958019	0.00086114	0.00236814	0.00635091	0.00226050	0.00333692	0.00279871	0.01765339	0.01011841	0.00764263	0.00721206	0.00516685	0.01539290	0.01022605	0.01248654	0.01410118	0.01474704	0.01001076	0.00764263	0.00785791	0.00387513	0.00473628	0.00462863	0.00548977	0.00527449	0.00613563	0.00656620	0.01184069	0.02088267	0.00645856	0.01937567	0.00182992	0.00000000	0.00215285	0.00279871	0.01044133	0.02335845	0.00904198	0.00796555	0.00032293	0.00053821	0.00010764	0.00172228	0.00914962	0.00000000	0.01905274	0.02217438	0.02045210	0.03229279	0.02906351	0.03606028	0.04714747
OG0002303	290	0.07931034	0.02068966	0.02758621	0.00000000	0.00000000	0.00000000	0.01724138	0.00000000	0.00000000	0.00344828	0.00344828	0.01034483	0.01034483	0.00000000	0.00000000	0.00000000	0.00000000	0.00000000	0.06896552	0.08275862	0.08275862	0.06896552	0.00000000	0.00000000	0.00000000	0.00000000	0.00000000	0.05517241	0.08275862	0.07586207	0.00000000	0.00000000	0.00000000	0.00000000	0.00000000	0.00000000	0.00344828	0.02413793	0.00000000	0.00000000	0.00000000	0.00000000	0.00000000	0.00000000	0.01379310	0.00000000	0.00000000	0.00000000	0.00000000	0.00000000	0.00000000	0.00000000	0.00000000	0.00000000	0.00000000	0.00000000	0.00000000	0.00000000	0.00000000	0.00000000	0.00000000	0.00000000	0.00000000	0.00000000	0.00000000	0.00000000	0.00000000	0.00000000	0.00000000	0.00000000	0.00000000	0.00000000	0.00000000	0.00000000	0.00000000	0.00344828	0.00000000	0.00000000	0.00000000	0.00689655	0.00000000	0.01379310	0.00000000	0.00000000	0.00000000	0.01379310	0.00000000	0.00344828	0.00000000	0.01379310	0.04137931	0.00689655	0.04137931	0.00000000	0.00000000	0.00000000	0.01379310	0.01379310	0.03448276	0.06206897
OG0014509	29110	0.01504638	0.01422192	0.01442803	0.01442803	0.01442803	0.01418756	0.01401580	0.01422192	0.01401580	0.01339746	0.01549296	0.01401580	0.01411886	0.01429062	0.01281347	0.00683614	0.00467193	0.01009962	0.00580557	0.00614909	0.00824459	0.00838200	0.00223291	0.00769495	0.00109928	0.00185503	0.00353830	0.00041223	0.00072140	0.00226726	0.00017176	0.00116798	0.00233597	0.00494675	0.00480934	0.00635520	0.01054620	0.00034352	0.00000000	0.00000000	0.00000000	0.00000000	0.00601168	0.01442803	0.01442803	0.01442803	0.01442803	0.01442803	0.01442803	0.00742013	0.00079011	0.00309172	0.00206115	0.01109584	0.00762625	0.00082446	0.00082446	0.00875988	0.01442803	0.01442803	0.01563037	0.00875988	0.00082446	0.01216077	0.01442803	0.00762625	0.01442803	0.00769495	0.00563380	0.01113020	0.01003092	0.01209206	0.01439368	0.01442803	0.01442803	0.01442803	0.01442803	0.01442803	0.01442803	0.01442803	0.01563037	0.01442803	0.01442803	0.01442803	0.01442803	0.01054620	0.01439368	0.01442803	0.01432497	0.01439368	0.01563037	0.01442803	0.01442803	0.01442803	0.01442803	0.01429062	0.01439368	0.01442803	0.01442803	0.01411886
OG0019122	2209	0.01946582	0.01267542	0.01267542	0.01358081	0.01267542	0.01267542	0.01267542	0.01358081	0.01267542	0.01267542	0.01358081	0.01267542	0.01267542	0.01267542	0.00905387	0.01267542	0.01267542	0.00905387	0.01267542	0.01267542	0.01267542	0.01358081	0.01267542	0.01267542	0.00724310	0.01358081	0.01267542	0.01312811	0.01358081	0.01267542	0.01267542	0.01267542	0.01358081	0.00633771	0.00000000	0.00000000	0.00090539	0.00633771	0.00452694	0.00543232	0.00271616	0.00090539	0.00543232	0.00000000	0.00000000	0.00000000	0.00045269	0.00045269	0.00000000	0.00000000	0.00905387	0.00226347	0.00000000	0.00769579	0.01222273	0.00995926	0.00000000	0.00000000	0.00226347	0.00181077	0.00905387	0.00271616	0.01267542	0.01267542	0.01358081	0.01267542	0.01267542	0.01358081	0.01267542	0.01267542	0.01267542	0.01358081	0.01448619	0.01901313	0.01267542	0.01358081	0.01267542	0.01267542	0.01358081	0.01267542	0.01267542	0.01267542	0.01358081	0.01267542	0.01267542	0.01358081	0.01267542	0.01267542	0.01267542	0.01358081	0.01267542	0.01267542	0.01358081	0.00905387	0.01267542	0.01267542	0.01358081	0.01267542	0.01267542	0.00769579
OG0005662	2726	0.02641233	0.02641233	0.02641233	0.02641233	0.02641233	0.02641233	0.02641233	0.02347762	0.02641233	0.02641233	0.02641233	0.02641233	0.01247249	0.02384446	0.02347762	0.02641233	0.02641233	0.02641233	0.02641233	0.02641233	0.02641233	0.02347762	0.02641233	0.02641233	0.02641233	0.02641233	0.02641233	0.02641233	0.02347762	0.01100514	0.01063830	0.00586941	0.02641233	0.02641233	0.02641233	0.02347762	0.02641233	0.02641233	0.02641233	0.00660308	0.00000000	0.00036684	0.00000000	0.00000000	0.00000000	0.00000000	0.00000000	0.00000000	0.00000000	0.00000000	0.00000000	0.00000000	0.00880411	0.00880411	0.00293470	0.00000000	0.00000000	0.00000000	0.00000000	0.00000000	0.00000000	0.00000000	0.00000000	0.00000000	0.00000000	0.00000000	0.00000000	0.00000000	0.00000000	0.00000000	0.00000000	0.00000000	0.00000000	0.00000000	0.00000000	0.00000000	0.00000000	0.00000000	0.00000000	0.00000000	0.00000000	0.00000000	0.00586941	0.00880411	0.00000000	0.00000000	0.00000000	0.00000000	0.00000000	0.00917095	0.00000000	0.00000000	0.00000000	0.00036684	0.00000000	0.00000000	0.00000000	0.00000000	0.00000000	0.00110051
OG0003041	2600	0.04923077	0.04307692	0.01846154	0.00000000	0.00000000	0.01230769	0.01230769	0.00000000	0.01153846	0.02230769	0.00000000	0.00000000	0.03076923	0.02846154	0.04115385	0.04192308	0.00576923	0.00000000	0.00000000	0.00000000	0.00000000	0.00000000	0.00000000	0.00000000	0.00000000	0.00000000	0.01230769	0.04307692	0.04307692	0.04307692	0.04923077	0.04307692	0.04307692	0.04307692	0.04307692	0.01846154	0.00000000	0.00000000	0.00000000	0.00000000	0.00000000	0.00000000	0.00000000	0.00076923	0.00000000	0.00000000	0.00000000	0.00000000	0.00653846	0.00000000	0.00115385	0.00192308	0.00000000	0.00000000	0.02000000	0.00115385	0.00000000	0.00000000	0.00000000	0.00000000	0.00000000	0.00000000	0.01846154	0.00000000	0.00000000	0.00000000	0.00000000	0.00000000	0.00000000	0.00000000	0.00000000	0.01230769	0.01230769	0.00000000	0.00000000	0.00000000	0.00000000	0.00000000	0.00000000	0.00000000	0.00000000	0.00000000	0.00000000	0.00000000	0.00000000	0.00000000	0.00000000	0.00000000	0.00000000	0.00000000	0.00653846	0.02692308	0.01923077	0.00269231	0.00269231	0.00423077	0.03692308	0.04307692	0.04192308	0.04230769
OG0000385	834	0.01918465	0.01918465	0.01918465	0.01678657	0.01918465	0.01918465	0.01918465	0.01918465	0.01918465	0.01678657	0.01678657	0.01798561	0.01918465	0.01918465	0.01918465	0.01918465	0.01918465	0.01918465	0.01798561	0.00239808	0.00239808	0.00239808	0.00239808	0.00239808	0.00239808	0.00000000	0.00000000	0.00959233	0.01918465	0.01918465	0.01918465	0.01918465	0.01918465	0.01918465	0.01918465	0.01918465	0.01918465	0.01918465	0.01918465	0.01918465	0.01918465	0.01918465	0.01918465	0.01918465	0.01918465	0.01918465	0.01918465	0.01918465	0.01918465	0.00959233	0.01918465	0.01918465	0.01678657	0.01798561	0.01918465	0.00959233	0.00000000	0.00000000	0.00000000	0.00000000	0.00719424	0.00719424	0.00719424	0.00719424	0.00719424	0.00719424	0.00719424	0.00719424	0.00719424	0.00719424	0.00719424	0.00719424	0.00359712	0.00000000	0.00000000	0.00000000	0.00000000	0.00000000	0.00000000	0.00000000	0.00000000	0.00000000	0.00000000	0.00000000	0.00000000	0.00000000	0.00000000	0.00000000	0.00000000	0.00000000	0.00000000	0.00000000	0.00119904	0.00239808	0.00239808	0.00239808	0.00239808	0.00239808	0.00239808	0.00119904
OG0016319	2456	0.01017915	0.00122150	0.00122150	0.00122150	0.00122150	0.00122150	0.00122150	0.00122150	0.00122150	0.00122150	0.00122150	0.00122150	0.00122150	0.00122150	0.00122150	0.00122150	0.00122150	0.00122150	0.00122150	0.00122150	0.00122150	0.00122150	0.00122150	0.00122150	0.00162866	0.00162866	0.00122150	0.00122150	0.00122150	0.00122150	0.00122150	0.00122150	0.00122150	0.00122150	0.00122150	0.00122150	0.00122150	0.00122150	0.00122150	0.00122150	0.00122150	0.00122150	0.00122150	0.00122150	0.00000000	0.00000000	0.00000000	0.00000000	0.00000000	0.00000000	0.00936482	0.02809446	0.01017915	0.00081433	0.00122150	0.00122150	0.00895765	0.02442997	0.02605863	0.02524430	0.00122150	0.00895765	0.02605863	0.02565147	0.02565147	0.02728013	0.02809446	0.02809446	0.02809446	0.02809446	0.02809446	0.02524430	0.00122150	0.00122150	0.00122150	0.00162866	0.01384365	0.01099349	0.00692182	0.00122150	0.00162866	0.00122150	0.01628664	0.02524430	0.02565147	0.02605863	0.02687296	0.02687296	0.02687296	0.02687296	0.02768730	0.02809446	0.02809446	0.02809446	0.02809446	0.02809446	0.02809446	0.02809446	0.02768730	0.02646580
OG0009056	1068	0.04494382	0.04494382	0.04494382	0.03370787	0.04494382	0.04494382	0.03370787	0.04494382	0.04494382	0.04494382	0.03370787	0.04494382	0.04494382	0.03370787	0.04494382	0.04494382	0.04494382	0.01310861	0.00187266	0.00000000	0.00000000	0.00000000	0.00000000	0.00000000	0.00000000	0.00000000	0.00000000	0.00000000	0.00000000	0.00000000	0.00000000	0.00000000	0.01123596	0.00000000	0.00000000	0.00000000	0.00000000	0.00000000	0.00000000	0.00000000	0.00000000	0.00000000	0.00000000	0.02247191	0.00000000	0.00000000	0.00000000	0.00000000	0.00000000	0.00000000	0.00000000	0.00000000	0.00000000	0.00000000	0.00000000	0.00000000	0.00000000	0.00000000	0.00000000	0.00000000	0.00000000	0.01123596	0.00000000	0.00000000	0.00000000	0.00000000	0.00000000	0.00000000	0.00000000	0.00000000	0.00093633	0.00280899	0.00000000	0.00000000	0.01123596	0.00000000	0.00000000	0.02808989	0.00374532	0.00093633	0.00000000	0.00000000	0.02059925	0.04119850	0.04119850	0.04119850	0.02902622	0.00000000	0.00000000	0.00000000	0.00000000	0.00000000	0.00000000	0.00000000	0.00000000	0.00000000	0.00000000	0.00000000	0.00000000	0.00000000
OG0000832	31	0.29032258	0.19354839	0.00000000	0.00000000	0.00000000	0.00000000	0.00000000	0.00000000	0.00000000	0.00000000	0.00000000	0.00000000	0.00000000	0.00000000	0.00000000	0.00000000	0.00000000	0.00000000	0.00000000	0.00000000	0.00000000	0.00000000	0.00000000	0.00000000	0.00000000	0.00000000	0.00000000	0.00000000	0.00000000	0.00000000	0.00000000	0.00000000	0.00000000	0.00000000	0.00000000	0.00000000	0.00000000	0.00000000	0.00000000	0.00000000	0.00000000	0.00000000	0.00000000	0.00000000	0.00000000	0.00000000	0.00000000	0.00000000	0.00000000	0.00000000	0.00000000	0.00000000	0.00000000	0.00000000	0.00000000	0.00000000	0.00000000	0.00000000	0.00000000	0.00000000	0.00000000	0.00000000	0.00000000	0.00000000	0.00000000	0.00000000	0.00000000	0.00000000	0.00000000	0.00000000	0.00000000	0.00000000	0.00000000	0.00000000	0.00000000	0.00000000	0.00000000	0.00000000	0.00000000	0.00000000	0.00000000	0.00000000	0.00000000	0.00000000	0.00000000	0.00000000	0.00000000	0.00000000	0.00000000	0.00000000	0.00000000	0.00000000	0.00000000	0.00000000	0.00000000	0.00000000	0.00000000	0.12903226	0.19354839	0.19354839
OG0015156	1643	0.04686549	0.03590992	0.02860621	0.02373707	0.01886792	0.01582471	0.01582471	0.01582471	0.01704200	0.01582471	0.01582471	0.01704200	0.01947657	0.04625685	0.04625685	0.00791236	0.00852100	0.00791236	0.00852100	0.00791236	0.01278150	0.00791236	0.00791236	0.01034693	0.00791236	0.00852100	0.03347535	0.00791236	0.00852100	0.01339014	0.04625685	0.02921485	0.00791236	0.00852100	0.00791236	0.01034693	0.00791236	0.00852100	0.00791236	0.00912964	0.00791236	0.00852100	0.00791236	0.00791236	0.00791236	0.00852100	0.00791236	0.00791236	0.00060864	0.00000000	0.00000000	0.00000000	0.00000000	0.00000000	0.00000000	0.00000000	0.02251978	0.00000000	0.00000000	0.00060864	0.01765064	0.00000000	0.00000000	0.00243457	0.02008521	0.00000000	0.00426050	0.00000000	0.00973828	0.01095557	0.00669507	0.01399878	0.02130250	0.00365186	0.00304321	0.00486914	0.00243457	0.02434571	0.01947657	0.00791236	0.00000000	0.02008521	0.00121729	0.01095557	0.00730371	0.00304321	0.00486914	0.00791236	0.00000000	0.00000000	0.00000000	0.00000000	0.00000000	0.00000000	0.00000000	0.00000000	0.00000000	0.00000000	0.00000000	0.00121729
OG0016045	812	0.00246305	0.00000000	0.00000000	0.00000000	0.01231527	0.00369458	0.00246305	0.00000000	0.00000000	0.00000000	0.00000000	0.00000000	0.00000000	0.00000000	0.00000000	0.00985222	0.01970443	0.00738916	0.00862069	0.00738916	0.01724138	0.00369458	0.00492611	0.00000000	0.01231527	0.00000000	0.00000000	0.00000000	0.00000000	0.01724138	0.02216749	0.00369458	0.01970443	0.00000000	0.00000000	0.00000000	0.00000000	0.00615764	0.00000000	0.00000000	0.00000000	0.00000000	0.00000000	0.00000000	0.01231527	0.00000000	0.00000000	0.00000000	0.00000000	0.01477833	0.00000000	0.00000000	0.00000000	0.00000000	0.00000000	0.01231527	0.00000000	0.00000000	0.00000000	0.01231527	0.01231527	0.05295567	0.00000000	0.00000000	0.00000000	0.00000000	0.00000000	0.00000000	0.00000000	0.00000000	0.01477833	0.04802956	0.07881773	0.06650246	0.03325123	0.07389163	0.07389163	0.07389163	0.07389163	0.00000000	0.00000000	0.00985222	0.00000000	0.00000000	0.00000000	0.00000000	0.00000000	0.00000000	0.00000000	0.00123153	0.02463054	0.01847291	0.01847291	0.01600985	0.00369458	0.00369458	0.01970443	0.00000000	0.00000000	0.04926108
OG0008317	19	0.00000000	0.00000000	0.00000000	0.00000000	0.00000000	0.00000000	0.00000000	0.00000000	0.00000000	0.00000000	0.00000000	0.00000000	0.00000000	0.00000000	0.00000000	0.00000000	0.00000000	0.00000000	0.00000000	0.00000000	0.00000000	0.00000000	0.00000000	0.00000000	0.00000000	0.00000000	0.00000000	0.00000000	0.00000000	0.00000000	0.00000000	0.00000000	0.00000000	0.00000000	0.00000000	0.00000000	0.00000000	0.00000000	0.00000000	0.00000000	0.00000000	0.00000000	0.00000000	0.00000000	0.00000000	0.00000000	0.00000000	0.00000000	0.00000000	0.00000000	0.00000000	0.00000000	0.00000000	0.00000000	0.00000000	0.00000000	0.00000000	0.00000000	0.00000000	0.00000000	0.00000000	0.00000000	0.00000000	0.00000000	0.00000000	0.00000000	0.00000000	0.00000000	0.00000000	0.00000000	0.00000000	0.00000000	0.05263158	0.00000000	0.00000000	0.00000000	0.00000000	0.00000000	0.00000000	0.00000000	0.00000000	0.00000000	0.00000000	0.00000000	0.00000000	0.00000000	0.00000000	0.00000000	0.00000000	0.00000000	0.00000000	0.00000000	0.21052632	0.21052632	0.21052632	0.00000000	0.21052632	0.05263158	0.05263158	0.00000000
OG0009059	3010	0.02192691	0.01827243	0.01827243	0.01827243	0.02192691	0.01827243	0.01827243	0.01827243	0.01827243	0.02192691	0.01827243	0.01827243	0.01827243	0.02192691	0.01827243	0.01827243	0.01827243	0.01827243	0.02192691	0.01827243	0.01827243	0.01827243	0.02192691	0.01827243	0.01827243	0.01827243	0.01827243	0.02192691	0.01827243	0.01827243	0.01827243	0.02192691	0.01827243	0.01827243	0.01827243	0.01827243	0.02192691	0.00830565	0.00664452	0.00664452	0.00598007	0.00332226	0.00299003	0.00000000	0.00000000	0.00000000	0.00000000	0.00000000	0.00000000	0.00000000	0.00000000	0.00000000	0.00000000	0.00000000	0.00332226	0.00332226	0.00332226	0.00332226	0.00332226	0.00398671	0.00332226	0.00332226	0.00332226	0.00398671	0.00332226	0.00332226	0.00332226	0.00564784	0.02192691	0.01694352	0.01495017	0.00564784	0.00398671	0.00332226	0.00332226	0.00332226	0.00332226	0.00398671	0.00332226	0.00332226	0.00996678	0.01063123	0.00332226	0.00332226	0.00332226	0.00332226	0.00398671	0.00332226	0.00332226	0.00332226	0.00398671	0.00332226	0.00332226	0.00797342	0.00564784	0.00531561	0.00365449	0.00598007	0.01760797	0.01495017
OG0012953	142	0.11971831	0.11267606	0.02112676	0.02112676	0.00704225	0.00000000	0.00000000	0.00000000	0.00000000	0.00000000	0.00000000	0.00000000	0.00000000	0.00000000	0.00000000	0.00000000	0.00000000	0.00000000	0.00000000	0.00000000	0.00000000	0.00000000	0.00000000	0.00000000	0.00000000	0.00000000	0.00000000	0.00000000	0.00000000	0.00000000	0.00000000	0.00000000	0.00000000	0.00000000	0.00000000	0.00000000	0.00000000	0.00000000	0.00000000	0.00000000	0.00000000	0.00000000	0.00000000	0.00000000	0.00000000	0.00000000	0.00000000	0.00000000	0.00000000	0.00000000	0.00000000	0.00000000	0.00000000	0.00000000	0.00000000	0.00000000	0.00000000	0.00000000	0.00000000	0.00000000	0.00000000	0.00000000	0.00000000	0.00000000	0.00000000	0.00000000	0.00000000	0.00000000	0.00000000	0.00000000	0.00000000	0.00000000	0.00000000	0.00000000	0.00000000	0.00000000	0.00000000	0.00000000	0.00000000	0.00000000	0.00000000	0.00704225	0.02112676	0.02112676	0.02112676	0.02112676	0.02816901	0.02112676	0.02112676	0.02112676	0.02112676	0.02112676	0.02112676	0.02816901	0.02112676	0.02112676	0.02112676	0.02112676	0.07746479	0.28169014
OG0015070	6952	0.02977560	0.02603567	0.02661105	0.02661105	0.02661105	0.02531646	0.01280207	0.00647296	0.00676064	0.00632911	0.00733602	0.02172037	0.02229574	0.01726122	0.02172037	0.01999425	0.02229574	0.01913119	0.02143268	0.01150748	0.02056962	0.02301496	0.02042578	0.02488493	0.02661105	0.02100115	0.01352129	0.01366513	0.02445339	0.01855581	0.01323360	0.00791139	0.01035673	0.02546030	0.02258343	0.02359033	0.01208285	0.00287687	0.00230150	0.00258918	0.00287687	0.00287687	0.00287687	0.00287687	0.00201381	0.00172612	0.00143843	0.00287687	0.00143843	0.00143843	0.00143843	0.00129459	0.00071922	0.00071922	0.00086306	0.00071922	0.00071922	0.00071922	0.00071922	0.00071922	0.00071922	0.00071922	0.00129459	0.00388377	0.00661680	0.00000000	0.00000000	0.00014384	0.00000000	0.00000000	0.00000000	0.00000000	0.00000000	0.00000000	0.00000000	0.00000000	0.00000000	0.00000000	0.00000000	0.00028769	0.00000000	0.02661105	0.02661105	0.00000000	0.00115075	0.00000000	0.00014384	0.01395282	0.00000000	0.01064442	0.00043153	0.00071922	0.02661105	0.02661105	0.02661105	0.02661105	0.00618527	0.00632911	0.02373418	0.02459724
OG0008254	21	0.00000000	0.00000000	0.00000000	0.00000000	0.00000000	0.00000000	0.00000000	0.00000000	0.00000000	0.00000000	0.00000000	0.00000000	0.00000000	0.00000000	0.00000000	0.00000000	0.00000000	0.00000000	0.00000000	0.00000000	0.00000000	0.00000000	0.00000000	0.00000000	0.00000000	0.00000000	0.00000000	0.00000000	0.00000000	0.00000000	0.00000000	0.00000000	0.09523810	0.09523810	0.09523810	0.09523810	0.00000000	0.09523810	0.09523810	0.00000000	0.00000000	0.00000000	0.00000000	0.00000000	0.00000000	0.00000000	0.00000000	0.00000000	0.00000000	0.00000000	0.00000000	0.00000000	0.00000000	0.00000000	0.00000000	0.00000000	0.00000000	0.00000000	0.00000000	0.00000000	0.00000000	0.00000000	0.00000000	0.00000000	0.00000000	0.00000000	0.00000000	0.00000000	0.00000000	0.00000000	0.00000000	0.00000000	0.00000000	0.00000000	0.00000000	0.00000000	0.00000000	0.00000000	0.00000000	0.00000000	0.00000000	0.00000000	0.00000000	0.00000000	0.00000000	0.00000000	0.00000000	0.00000000	0.00000000	0.04761905	0.00000000	0.04761905	0.04761905	0.04761905	0.04761905	0.04761905	0.04761905	0.04761905	0.04761905	0.00000000
OG0003746	715	0.04195804	0.04195804	0.02797203	0.04195804	0.02797203	0.04195804	0.02797203	0.04195804	0.02797203	0.04195804	0.04195804	0.02797203	0.04195804	0.02797203	0.00839161	0.00979021	0.01258741	0.00839161	0.02237762	0.00839161	0.00979021	0.00559441	0.00139860	0.00000000	0.00000000	0.00000000	0.00000000	0.00000000	0.00000000	0.00000000	0.00000000	0.00000000	0.00000000	0.00000000	0.00000000	0.00000000	0.00000000	0.00000000	0.00000000	0.00000000	0.00000000	0.00000000	0.00000000	0.00000000	0.00000000	0.00279720	0.00139860	0.00139860	0.00000000	0.00139860	0.00000000	0.00000000	0.00000000	0.00000000	0.00000000	0.00139860	0.00000000	0.00000000	0.00000000	0.00000000	0.01398601	0.02797203	0.00000000	0.00000000	0.00000000	0.00000000	0.00000000	0.00279720	0.00279720	0.00000000	0.00000000	0.00139860	0.00419580	0.00000000	0.00000000	0.00000000	0.00000000	0.00000000	0.00000000	0.00000000	0.00000000	0.00000000	0.00000000	0.00000000	0.00000000	0.00000000	0.00000000	0.00000000	0.00419580	0.00839161	0.03076923	0.02797203	0.03916084	0.02797203	0.04195804	0.02797203	0.04195804	0.02797203	0.04195804	0.02797203
OG0003067	993	0.03826788	0.00604230	0.05337362	0.05035247	0.06042296	0.05135952	0.05538771	0.05538771	0.05538771	0.06948640	0.05538771	0.00503525	0.01611279	0.00503525	0.00604230	0.00503525	0.00503525	0.00503525	0.00503525	0.00604230	0.00503525	0.00503525	0.00503525	0.00604230	0.00402820	0.00000000	0.00000000	0.00000000	0.00000000	0.00000000	0.01208459	0.00000000	0.00000000	0.00000000	0.00000000	0.00000000	0.00000000	0.00100705	0.00503525	0.05135952	0.01409869	0.00000000	0.00000000	0.00000000	0.00000000	0.00000000	0.00000000	0.00000000	0.00000000	0.00000000	0.00000000	0.01208459	0.00000000	0.00000000	0.00000000	0.00000000	0.00000000	0.00000000	0.02920443	0.01007049	0.00000000	0.00000000	0.00000000	0.00000000	0.00000000	0.00000000	0.00000000	0.00100705	0.00000000	0.00000000	0.00000000	0.00000000	0.00000000	0.00000000	0.00000000	0.00000000	0.00000000	0.00000000	0.00000000	0.00000000	0.03625378	0.00000000	0.00000000	0.00000000	0.00000000	0.00000000	0.00000000	0.00000000	0.02416918	0.02416918	0.02416918	0.00000000	0.00000000	0.00000000	0.06042296	0.02416918	0.00000000	0.00000000	0.03222558	0.00402820
OG0009446	0	0.00000000	0.00000000	0.00000000	0.00000000	0.00000000	0.00000000	0.00000000	0.00000000	0.00000000	0.00000000	0.00000000	0.00000000	0.00000000	0.00000000	0.00000000	0.00000000	0.00000000	0.00000000	0.00000000	0.00000000	0.00000000	0.00000000	0.00000000	0.00000000	0.00000000	0.00000000	0.00000000	0.00000000	0.00000000	0.00000000	0.00000000	0.00000000	0.00000000	0.00000000	0.00000000	0.00000000	0.00000000	0.00000000	0.00000000	0.00000000	0.00000000	0.00000000	0.00000000	0.00000000	0.00000000	0.00000000	0.00000000	0.00000000	0.00000000	0.00000000	0.00000000	0.00000000	0.00000000	0.00000000	0.00000000	0.00000000	0.00000000	0.00000000	0.00000000	0.00000000	0.00000000	0.00000000	0.00000000	0.00000000	0.00000000	0.00000000	0.00000000	0.00000000	0.00000000	0.00000000	0.00000000	0.00000000	0.00000000	0.00000000	0.00000000	0.00000000	0.00000000	0.00000000	0.00000000	0.00000000	0.00000000	0.00000000	0.00000000	0.00000000	0.00000000	0.00000000	0.00000000	0.00000000	0.00000000	0.00000000	0.00000000	0.00000000	0.00000000	0.00000000	0.00000000	0.00000000	0.00000000	0.00000000	0.00000000	0.00000000
OG0012557	6097	0.00016402	0.00000000	0.00328030	0.00000000	0.00393636	0.00000000	0.00475644	0.01968181	0.00164015	0.00016402	0.00082008	0.00000000	0.00000000	0.00000000	0.00164015	0.00656060	0.00754469	0.00213220	0.00016402	0.00705265	0.00082008	0.01689355	0.02132196	0.00656060	0.00541250	0.00016402	0.00000000	0.00000000	0.00000000	0.00000000	0.00820075	0.00016402	0.00000000	0.00000000	0.00000000	0.00032803	0.00032803	0.00016402	0.00000000	0.00328030	0.00000000	0.00000000	0.00000000	0.00000000	0.00000000	0.00000000	0.00000000	0.00000000	0.01180909	0.00147614	0.00000000	0.00000000	0.00049205	0.00410038	0.00032803	0.00164015	0.00114811	0.02132196	0.01262916	0.00541250	0.01836969	0.01754961	0.01115303	0.01033295	0.01623749	0.01918977	0.01968181	0.02132196	0.02132196	0.02132196	0.02132196	0.02132196	0.02132196	0.02132196	0.02050189	0.02296211	0.02132196	0.02132196	0.02132196	0.02132196	0.02132196	0.02132196	0.01984583	0.02279810	0.02132196	0.02132196	0.02132196	0.02132196	0.02132196	0.02132196	0.02132196	0.02296211	0.02132196	0.02132196	0.02132196	0.02132196	0.02132196	0.02000984	0.02099393	0.02082992
OG0015017	1495	0.05351171	0.05351171	0.04816054	0.05351171	0.04816054	0.02541806	0.00936455	0.01137124	0.00869565	0.00936455	0.00602007	0.00668896	0.00602007	0.00334448	0.00000000	0.00000000	0.00133779	0.00066890	0.00468227	0.00000000	0.00000000	0.00133779	0.00668896	0.00133779	0.00000000	0.00000000	0.00535117	0.00000000	0.00535117	0.00602007	0.00267559	0.00267559	0.00000000	0.00000000	0.00066890	0.00802676	0.00000000	0.00000000	0.00000000	0.00000000	0.00000000	0.00000000	0.00000000	0.00000000	0.00000000	0.00000000	0.00000000	0.00267559	0.00000000	0.00000000	0.00000000	0.00000000	0.00000000	0.00000000	0.00000000	0.00000000	0.00000000	0.00000000	0.00000000	0.00000000	0.00000000	0.00000000	0.00000000	0.00066890	0.00133779	0.00535117	0.00000000	0.00133779	0.00000000	0.00200669	0.00602007	0.00668896	0.00602007	0.00668896	0.00468227	0.00668896	0.00602007	0.00602007	0.00000000	0.00000000	0.03210702	0.05351171	0.04816054	0.00535117	0.00200669	0.00267559	0.01337793	0.02608696	0.01070234	0.00602007	0.00802676	0.00802676	0.01204013	0.04280936	0.03879599	0.04749164	0.04882943	0.04749164	0.05217391	0.04214047
OG0013871	4027	0.02979886	0.02979886	0.02781227	0.02979886	0.02781227	0.02979886	0.02781227	0.02979886	0.02781227	0.02979886	0.00794636	0.00000000	0.00000000	0.00000000	0.00198659	0.00000000	0.00422150	0.00446983	0.00446983	0.00744971	0.01638937	0.00744971	0.00446983	0.00000000	0.00844301	0.00297989	0.01042960	0.00645642	0.00496648	0.00844301	0.02781227	0.01191954	0.01564440	0.01440278	0.01216787	0.01067792	0.01340949	0.02806059	0.02781227	0.01167122	0.02781227	0.00322821	0.00148994	0.00819469	0.00471815	0.00000000	0.00000000	0.00198659	0.00322821	0.02160417	0.01018128	0.00620810	0.02979886	0.01738267	0.00695307	0.00844301	0.02607400	0.02135585	0.00496648	0.00595977	0.00422150	0.00794636	0.01067792	0.01142290	0.00670474	0.00198659	0.00000000	0.00347653	0.00000000	0.00148994	0.01018128	0.02085920	0.00918798	0.00000000	0.00000000	0.00000000	0.01018128	0.00943630	0.00496648	0.00595977	0.01738267	0.00273156	0.01688602	0.00347653	0.00571145	0.00347653	0.00372486	0.00347653	0.00372486	0.00347653	0.00372486	0.00347653	0.00372486	0.00347653	0.00372486	0.00347653	0.00372486	0.00372486	0.00397318	0.01042960
OG0011950	2596	0.04391371	0.03659476	0.04391371	0.03659476	0.03659476	0.04391371	0.03659476	0.03659476	0.04237288	0.01386749	0.00000000	0.00731895	0.02927581	0.00000000	0.02195686	0.02927581	0.00000000	0.00000000	0.00000000	0.00000000	0.00000000	0.00000000	0.00038521	0.00577812	0.01463790	0.03659476	0.04391371	0.02927581	0.00000000	0.00000000	0.00000000	0.00000000	0.00154083	0.00231125	0.00192604	0.01617874	0.00885978	0.00192604	0.00231125	0.00192604	0.00192604	0.00231125	0.00192604	0.00192604	0.00308166	0.00192604	0.00192604	0.00539291	0.00577812	0.00577812	0.00693374	0.00577812	0.00693374	0.00616333	0.00577812	0.00693374	0.00577812	0.00577812	0.00693374	0.00577812	0.00346687	0.00693374	0.00577812	0.00577812	0.00693374	0.00885978	0.00577812	0.00693374	0.00577812	0.00577812	0.00693374	0.00577812	0.00577812	0.00693374	0.00577812	0.00577812	0.00693374	0.00577812	0.00577812	0.00385208	0.00500770	0.00154083	0.00693374	0.00423729	0.00500770	0.00693374	0.00577812	0.01194145	0.01926040	0.00577812	0.00654854	0.00808937	0.00577812	0.00577812	0.00693374	0.00577812	0.01194145	0.00963020	0.01425270	0.01040062
OG0001439	69	0.02898551	0.04347826	0.00000000	0.00000000	0.00000000	0.00000000	0.00000000	0.00000000	0.00000000	0.00000000	0.00000000	0.00000000	0.00000000	0.00000000	0.00000000	0.00000000	0.00000000	0.00000000	0.00000000	0.00000000	0.00000000	0.00000000	0.00000000	0.00000000	0.00000000	0.00000000	0.00000000	0.00000000	0.00000000	0.00000000	0.00000000	0.00000000	0.00000000	0.00000000	0.00000000	0.00000000	0.00000000	0.00000000	0.00000000	0.00000000	0.00000000	0.00000000	0.00000000	0.00000000	0.00000000	0.00000000	0.00000000	0.00000000	0.00000000	0.00000000	0.00000000	0.00000000	0.00000000	0.00000000	0.00000000	0.00000000	0.00000000	0.00000000	0.00000000	0.00000000	0.00000000	0.00000000	0.00000000	0.00000000	0.00000000	0.00000000	0.00000000	0.00000000	0.00000000	0.00000000	0.00000000	0.00000000	0.00000000	0.00000000	0.00000000	0.00000000	0.00000000	0.00000000	0.00000000	0.00000000	0.00000000	0.00000000	0.00000000	0.13043478	0.00000000	0.00000000	0.00000000	0.00000000	0.00000000	0.00000000	0.00000000	0.00000000	0.00000000	0.00000000	0.00000000	0.00000000	0.10144928	0.11594203	0.34782609	0.23188406
OG0004308	82	0.02439024	0.04878049	0.00000000	0.00000000	0.00000000	0.00000000	0.00000000	0.00000000	0.00000000	0.00000000	0.00000000	0.00000000	0.00000000	0.00000000	0.02439024	0.09756098	0.10975610	0.07317073	0.10975610	0.09756098	0.07317073	0.09756098	0.00000000	0.00000000	0.00000000	0.00000000	0.00000000	0.00000000	0.00000000	0.00000000	0.00000000	0.00000000	0.00000000	0.00000000	0.00000000	0.00000000	0.00000000	0.00000000	0.00000000	0.00000000	0.00000000	0.00000000	0.00000000	0.00000000	0.00000000	0.00000000	0.00000000	0.00000000	0.00000000	0.00000000	0.00000000	0.00000000	0.00000000	0.00000000	0.00000000	0.00000000	0.00000000	0.00000000	0.00000000	0.00000000	0.00000000	0.00000000	0.00000000	0.00000000	0.00000000	0.00000000	0.00000000	0.00000000	0.00000000	0.00000000	0.00000000	0.00000000	0.00000000	0.00000000	0.00000000	0.00000000	0.00000000	0.00000000	0.00000000	0.00000000	0.00000000	0.00000000	0.00000000	0.00000000	0.00000000	0.00000000	0.00000000	0.00000000	0.00000000	0.00000000	0.00000000	0.00000000	0.00000000	0.00000000	0.00000000	0.00000000	0.00000000	0.00000000	0.06097561	0.18292683
OG0012001	473	0.03171247	0.02536998	0.01902748	0.01268499	0.01902748	0.01268499	0.04862579	0.01268499	0.01268499	0.01902748	0.01268499	0.01902748	0.01268499	0.02114165	0.02748414	0.04228330	0.06342495	0.04228330	0.01902748	0.04228330	0.01902748	0.01057082	0.00422833	0.00634249	0.00422833	0.00634249	0.00422833	0.00634249	0.00422833	0.00422833	0.00634249	0.00422833	0.00634249	0.00422833	0.00634249	0.00422833	0.00422833	0.00634249	0.00422833	0.00634249	0.00422833	0.00634249	0.00422833	0.00422833	0.00634249	0.00422833	0.00634249	0.00422833	0.00634249	0.00422833	0.00422833	0.00634249	0.00422833	0.00634249	0.00422833	0.00634249	0.00422833	0.00422833	0.00634249	0.00422833	0.00634249	0.00000000	0.00634249	0.00422833	0.00422833	0.00634249	0.00211416	0.00634249	0.00422833	0.00634249	0.00422833	0.00422833	0.00634249	0.00634249	0.01057082	0.00422833	0.00845666	0.00422833	0.00422833	0.00634249	0.00422833	0.00634249	0.00422833	0.02536998	0.00422833	0.00634249	0.00634249	0.00422833	0.03805497	0.00422833	0.00634249	0.00422833	0.00422833	0.00634249	0.00422833	0.00634249	0.00422833	0.00634249	0.00422833	0.00422833
OG0006889	188	0.01063830	0.01063830	0.00531915	0.01063830	0.00531915	0.01063830	0.02659574	0.05319149	0.00531915	0.01063830	0.00531915	0.00531915	0.00000000	0.00000000	0.00000000	0.00000000	0.00000000	0.00000000	0.00000000	0.00000000	0.00000000	0.00000000	0.00000000	0.00000000	0.00000000	0.00000000	0.00000000	0.00000000	0.00000000	0.00000000	0.00000000	0.00000000	0.00000000	0.00000000	0.00000000	0.00000000	0.00000000	0.00000000	0.00000000	0.00000000	0.00000000	0.00000000	0.00000000	0.00000000	0.00000000	0.00000000	0.00000000	0.00000000	0.00000000	0.00000000	0.00000000	0.00000000	0.00000000	0.00000000	0.00000000	0.00000000	0.00000000	0.00000000	0.00000000	0.00531915	0.00000000	0.00000000	0.00000000	0.00000000	0.00000000	0.00000000	0.00000000	0.00000000	0.00000000	0.00000000	0.00000000	0.00000000	0.00000000	0.00000000	0.00000000	0.00000000	0.02127660	0.01595745	0.03191489	0.01595745	0.05319149	0.02659574	0.05319149	0.02659574	0.05319149	0.02659574	0.05319149	0.02659574	0.05319149	0.02659574	0.05319149	0.02659574	0.04255319	0.01595745	0.03191489	0.02127660	0.05319149	0.02659574	0.05319149	0.02659574
OG0010468	181	0.05524862	0.05524862	0.04419890	0.04419890	0.01104972	0.00000000	0.00000000	0.00000000	0.00000000	0.00000000	0.02209945	0.11049724	0.08839779	0.07734807	0.04419890	0.00552486	0.00000000	0.00000000	0.00000000	0.00000000	0.04972376	0.06629834	0.02209945	0.04419890	0.00000000	0.00000000	0.00000000	0.00000000	0.00000000	0.00000000	0.00000000	0.00000000	0.00000000	0.00000000	0.00000000	0.00000000	0.00000000	0.00000000	0.00000000	0.00000000	0.00000000	0.00000000	0.00000000	0.00000000	0.00000000	0.00000000	0.00000000	0.00000000	0.00000000	0.00000000	0.00000000	0.00000000	0.00000000	0.00000000	0.00000000	0.00000000	0.00000000	0.00000000	0.00000000	0.00000000	0.00000000	0.00000000	0.00000000	0.00000000	0.00000000	0.00000000	0.00000000	0.00000000	0.00000000	0.00000000	0.00000000	0.00000000	0.00000000	0.00000000	0.00000000	0.03314917	0.04419890	0.05524862	0.01104972	0.00000000	0.02209945	0.00000000	0.00000000	0.00000000	0.00552486	0.00000000	0.00000000	0.04419890	0.00000000	0.00000000	0.00000000	0.00000000	0.00000000	0.00000000	0.00000000	0.00000000	0.00000000	0.00000000	0.00000000	0.04419890
OG0015749	1279	0.05160281	0.04300235	0.04300235	0.05160281	0.04300235	0.04300235	0.05160281	0.01485536	0.00781861	0.00781861	0.00938233	0.00781861	0.00781861	0.00625489	0.00078186	0.04300235	0.05160281	0.02971071	0.00078186	0.00000000	0.00078186	0.00860047	0.03440188	0.00000000	0.00000000	0.00000000	0.00000000	0.00000000	0.00000000	0.00000000	0.00000000	0.00000000	0.00000000	0.00000000	0.00000000	0.00000000	0.00000000	0.00000000	0.00000000	0.00000000	0.00000000	0.00860047	0.00000000	0.00000000	0.00000000	0.00000000	0.00000000	0.00000000	0.00000000	0.00000000	0.00000000	0.00000000	0.00000000	0.00000000	0.00000000	0.00078186	0.00000000	0.00000000	0.00000000	0.00000000	0.00078186	0.00000000	0.00000000	0.00000000	0.00000000	0.00000000	0.00000000	0.00000000	0.00000000	0.00000000	0.00000000	0.00000000	0.00000000	0.00000000	0.00000000	0.00000000	0.00000000	0.00000000	0.00000000	0.03440188	0.05160281	0.04300235	0.04300235	0.05160281	0.04300235	0.04300235	0.00860047	0.04300235	0.01798280	0.00156372	0.00000000	0.00000000	0.00860047	0.00000000	0.00390930	0.00390930	0.00312744	0.00390930	0.00078186	0.02658327
OG0004667	245	0.06938776	0.06530612	0.07755102	0.06122449	0.08163265	0.08163265	0.06122449	0.08163265	0.08163265	0.06122449	0.08163265	0.01632653	0.00000000	0.02040816	0.00000000	0.00000000	0.00000000	0.00000000	0.00000000	0.01632653	0.01224490	0.00000000	0.00000000	0.00000000	0.00000000	0.00000000	0.00000000	0.00000000	0.00000000	0.00000000	0.00000000	0.00000000	0.00000000	0.00000000	0.00408163	0.00000000	0.00000000	0.00000000	0.00000000	0.00000000	0.00000000	0.01224490	0.01632653	0.00000000	0.00000000	0.00000000	0.01224490	0.00000000	0.00000000	0.00000000	0.00000000	0.00000000	0.00000000	0.00000000	0.00000000	0.00000000	0.00000000	0.00000000	0.00000000	0.00000000	0.00000000	0.00000000	0.00000000	0.00408163	0.00000000	0.00000000	0.00000000	0.00000000	0.00000000	0.00000000	0.00000000	0.00000000	0.00000000	0.00000000	0.00000000	0.00000000	0.00000000	0.00000000	0.00000000	0.00000000	0.00000000	0.00000000	0.00000000	0.00000000	0.00000000	0.00000000	0.00000000	0.00000000	0.00000000	0.00000000	0.00000000	0.00000000	0.00000000	0.00000000	0.00000000	0.02448980	0.01224490	0.01632653	0.01632653	0.01224490
OG0000383	73	0.00000000	0.06849315	0.00000000	0.00000000	0.00000000	0.00000000	0.00000000	0.00000000	0.00000000	0.00000000	0.00000000	0.06849315	0.06849315	0.00000000	0.00000000	0.00000000	0.00000000	0.00000000	0.06849315	0.12328767	0.05479452	0.00000000	0.00000000	0.00000000	0.00000000	0.00000000	0.00000000	0.00000000	0.00000000	0.00000000	0.00000000	0.00000000	0.06849315	0.00000000	0.02739726	0.00000000	0.00000000	0.01369863	0.02739726	0.02739726	0.04109589	0.00000000	0.00000000	0.00000000	0.00000000	0.00000000	0.00000000	0.00000000	0.00000000	0.00000000	0.13698630	0.13698630	0.06849315	0.00000000	0.00000000	0.00000000	0.00000000	0.00000000	0.00000000	0.00000000	0.00000000	0.00000000	0.00000000	0.00000000	0.00000000	0.00000000	0.00000000	0.00000000	0.00000000	0.00000000	0.00000000	0.00000000	0.00000000	0.00000000	0.00000000	0.00000000	0.00000000	0.00000000	0.00000000	0.00000000	0.00000000	0.00000000	0.00000000	0.00000000	0.00000000	0.00000000	0.00000000	0.00000000	0.00000000	0.00000000	0.00000000	0.00000000	0.00000000	0.00000000	0.00000000	0.00000000	0.00000000	0.00000000	0.00000000	0.00000000
OG0018489	2504	0.02715655	0.02675719	0.03075080	0.02316294	0.00519169	0.00678914	0.00638978	0.00559105	0.02156550	0.02635783	0.02875399	0.02356230	0.00918530	0.00479233	0.01677316	0.01158147	0.01717252	0.00439297	0.00439297	0.00439297	0.00479233	0.00838658	0.00439297	0.04073482	0.00479233	0.00798722	0.02156550	0.00599042	0.00439297	0.00439297	0.00519169	0.00439297	0.02436102	0.00079872	0.01597444	0.00599042	0.00599042	0.01357827	0.00599042	0.00119808	0.00479233	0.00039936	0.00159744	0.00479233	0.00958466	0.00878594	0.00000000	0.00000000	0.00439297	0.00000000	0.00039936	0.00000000	0.00000000	0.00039936	0.00399361	0.00359425	0.00000000	0.00000000	0.00000000	0.00798722	0.00000000	0.00000000	0.03833866	0.00958466	0.00319489	0.04392971	0.04712460	0.00758786	0.00439297	0.02436102	0.01477636	0.01198083	0.02196486	0.00000000	0.00479233	0.00000000	0.00039936	0.01277955	0.00000000	0.00678914	0.02715655	0.00878594	0.00638978	0.00798722	0.00000000	0.00878594	0.00359425	0.02196486	0.00159744	0.00000000	0.00439297	0.00000000	0.00039936	0.00079872	0.00000000	0.00039936	0.01317891	0.00399361	0.04472843	0.04752396
OG0010994	346	0.02890173	0.04335260	0.04335260	0.04335260	0.04335260	0.02312139	0.00000000	0.00000000	0.00000000	0.00000000	0.00000000	0.00289017	0.00867052	0.00867052	0.00867052	0.00000000	0.00000000	0.00000000	0.00000000	0.00000000	0.00000000	0.00000000	0.00000000	0.00000000	0.00000000	0.00000000	0.00000000	0.00000000	0.00000000	0.00000000	0.00000000	0.00000000	0.00000000	0.00000000	0.01445087	0.01445087	0.00000000	0.00000000	0.00000000	0.00000000	0.00000000	0.00000000	0.01156069	0.00000000	0.00000000	0.00000000	0.00000000	0.00289017	0.00000000	0.00000000	0.00000000	0.02890173	0.04335260	0.02890173	0.00000000	0.00000000	0.01445087	0.00000000	0.00000000	0.00000000	0.00000000	0.00000000	0.00000000	0.00000000	0.00000000	0.02312139	0.03468208	0.03468208	0.03468208	0.03468208	0.03468208	0.04624277	0.03468208	0.03468208	0.03468208	0.03468208	0.03468208	0.03468208	0.03468208	0.00000000	0.00000000	0.00000000	0.00000000	0.00000000	0.00000000	0.02890173	0.02890173	0.00000000	0.00000000	0.00000000	0.00000000	0.00000000	0.00000000	0.02890173	0.00000000	0.00000000	0.00000000	0.00000000	0.00000000	0.01445087
OG0004420	0	0.00000000	0.00000000	0.00000000	0.00000000	0.00000000	0.00000000	0.00000000	0.00000000	0.00000000	0.00000000	0.00000000	0.00000000	0.00000000	0.00000000	0.00000000	0.00000000	0.00000000	0.00000000	0.00000000	0.00000000	0.00000000	0.00000000	0.00000000	0.00000000	0.00000000	0.00000000	0.00000000	0.00000000	0.00000000	0.00000000	0.00000000	0.00000000	0.00000000	0.00000000	0.00000000	0.00000000	0.00000000	0.00000000	0.00000000	0.00000000	0.00000000	0.00000000	0.00000000	0.00000000	0.00000000	0.00000000	0.00000000	0.00000000	0.00000000	0.00000000	0.00000000	0.00000000	0.00000000	0.00000000	0.00000000	0.00000000	0.00000000	0.00000000	0.00000000	0.00000000	0.00000000	0.00000000	0.00000000	0.00000000	0.00000000	0.00000000	0.00000000	0.00000000	0.00000000	0.00000000	0.00000000	0.00000000	0.00000000	0.00000000	0.00000000	0.00000000	0.00000000	0.00000000	0.00000000	0.00000000	0.00000000	0.00000000	0.00000000	0.00000000	0.00000000	0.00000000	0.00000000	0.00000000	0.00000000	0.00000000	0.00000000	0.00000000	0.00000000	0.00000000	0.00000000	0.00000000	0.00000000	0.00000000	0.00000000	0.00000000
OG0007160	814	0.02579853	0.01719902	0.00000000	0.00000000	0.00000000	0.00491400	0.04422604	0.00737101	0.00859951	0.01351351	0.00614251	0.00737101	0.00982801	0.01719902	0.02579853	0.04791155	0.03439803	0.01719902	0.00122850	0.00000000	0.00000000	0.00000000	0.00737101	0.00122850	0.00000000	0.00000000	0.00000000	0.00000000	0.01965602	0.00737101	0.00000000	0.00122850	0.00000000	0.00000000	0.00491400	0.00982801	0.00000000	0.00000000	0.00000000	0.00000000	0.00000000	0.00000000	0.02702703	0.00000000	0.00000000	0.00000000	0.00000000	0.00000000	0.00000000	0.00000000	0.00000000	0.00000000	0.00000000	0.00000000	0.00000000	0.00000000	0.00000000	0.00000000	0.00000000	0.00000000	0.00000000	0.00000000	0.00000000	0.00000000	0.00000000	0.00000000	0.00000000	0.00491400	0.06879607	0.06879607	0.07371007	0.06879607	0.06879607	0.02457002	0.01105651	0.00368550	0.00982801	0.00000000	0.01105651	0.01597052	0.01228501	0.00491400	0.01474201	0.02211302	0.00122850	0.00000000	0.00000000	0.00000000	0.00000000	0.00000000	0.00000000	0.00000000	0.00122850	0.00122850	0.00122850	0.00122850	0.00000000	0.03439803	0.06879607	0.03931204
OG0003703	312	0.03205128	0.01602564	0.00000000	0.00000000	0.00000000	0.00000000	0.00000000	0.00000000	0.00000000	0.00000000	0.00000000	0.00000000	0.00000000	0.00000000	0.00000000	0.00000000	0.00000000	0.00000000	0.00000000	0.00000000	0.00000000	0.00000000	0.00000000	0.00000000	0.00000000	0.00000000	0.00000000	0.00000000	0.00000000	0.00000000	0.00000000	0.00000000	0.00000000	0.00000000	0.00000000	0.00000000	0.00000000	0.00000000	0.00000000	0.00000000	0.00000000	0.00000000	0.00320513	0.00641026	0.00000000	0.00000000	0.00000000	0.00000000	0.00000000	0.00000000	0.00000000	0.00000000	0.00000000	0.00000000	0.00000000	0.00000000	0.00000000	0.00000000	0.00000000	0.00000000	0.00000000	0.00000000	0.00000000	0.00000000	0.00000000	0.00000000	0.00320513	0.02884615	0.07051282	0.01602564	0.00000000	0.00000000	0.00000000	0.00000000	0.00000000	0.00000000	0.00000000	0.00000000	0.00000000	0.00000000	0.00000000	0.03846154	0.01282051	0.01282051	0.01282051	0.00000000	0.00000000	0.00641026	0.01282051	0.04487179	0.07692308	0.07051282	0.04807692	0.06410256	0.06410256	0.07051282	0.07692308	0.07692308	0.07692308	0.05769231
OG0008042	26	0.00000000	0.00000000	0.00000000	0.00000000	0.00000000	0.00000000	0.00000000	0.00000000	0.00000000	0.00000000	0.00000000	0.00000000	0.00000000	0.00000000	0.00000000	0.00000000	0.00000000	0.00000000	0.00000000	0.00000000	0.00000000	0.00000000	0.00000000	0.00000000	0.00000000	0.00000000	0.00000000	0.00000000	0.15384615	0.15384615	0.15384615	0.00000000	0.00000000	0.00000000	0.00000000	0.00000000	0.00000000	0.00000000	0.00000000	0.00000000	0.00000000	0.00000000	0.00000000	0.00000000	0.03846154	0.03846154	0.03846154	0.03846154	0.03846154	0.03846154	0.07692308	0.03846154	0.03846154	0.03846154	0.03846154	0.03846154	0.03846154	0.00000000	0.00000000	0.00000000	0.00000000	0.00000000	0.00000000	0.00000000	0.00000000	0.00000000	0.00000000	0.00000000	0.00000000	0.00000000	0.00000000	0.00000000	0.00000000	0.00000000	0.00000000	0.00000000	0.00000000	0.00000000	0.00000000	0.00000000	0.00000000	0.00000000	0.00000000	0.00000000	0.00000000	0.00000000	0.00000000	0.00000000	0.00000000	0.00000000	0.00000000	0.00000000	0.00000000	0.00000000	0.00000000	0.00000000	0.00000000	0.00000000	0.00000000	0.00000000
