file,model,I,alpha,rates,alisim_model
ENSB:-NIejT4BKcsCdL3,LG+I+R4,0.0000,,"(0.0703,0.0977) (0.3175,0.4526) (0.3792,0.9957) (0.2331,2.0244)","LG+I{0.0000}+R4{0.0703,0.0977,0.3175,0.4526,0.3792,0.9957,0.2331,2.0244}"
ENSB:sPcvZ-EhIBoTBDb,LG+I+R4,0.0000,,"(0.0703,0.0977) (0.3175,0.4526) (0.3792,0.9957) (0.2331,2.0244)","LG+I{0.0000}+R4{0.0703,0.0977,0.3175,0.4526,0.3792,0.9957,0.2331,2.0244}"
ENSB:RRiT9U3Lyl5qlZg,LG+I+R4,0.0000,,"(0.0703,0.0977) (0.3175,0.4526) (0.3792,0.9957) (0.2331,2.0244)","LG+I{0.0000}+R4{0.0703,0.0977,0.3175,0.4526,0.3792,0.9957,0.2331,2.0244}"
ENSB:bmw9a2nxSGy1Fr6,LG+I+R4,0.0000,,"(0.0703,0.0977) (0.3175,0.4526) (0.3792,0.9957) (0.2331,2.0244)","LG+I{0.0000}+R4{0.0703,0.0977,0.3175,0.4526,0.3792,0.9957,0.2331,2.0244}"
ENSB:HDHgVBh5DDNVUH-,LG+I+R4,0.0000,,"(0.0703,0.0977) (0.3175,0.4526) (0.3792,0.9957) (0.2331,2.0244)","LG+I{0.0000}+R4{0.0703,0.0977,0.3175,0.4526,0.3792,0.9957,0.2331,2.0244}"
ENSB:4coOD6o_tPUKmbv,LG+I+R4,0.0000,,"(0.0703,0.0977) (0.3175,0.4526) (0.3792,0.9957) (0.2331,2.0244)","LG+I{0.0000}+R4{0.0703,0.0977,0.3175,0.4526,0.3792,0.9957,0.2331,2.0244}"
ENSB:g3ugn83_M7SWTdy,LG+I+R4,0.0000,,"(0.0703,0.0977) (0.3175,0.4526) (0.3792,0.9957) (0.2331,2.0244)","LG+I{0.0000}+R4{0.0703,0.0977,0.3175,0.4526,0.3792,0.9957,0.2331,2.0244}"
ENSB:lyPTY7ILnbIMDV4,LG+I+R4,0.0000,,"(0.0703,0.0977) (0.3175,0.4526) (0.3792,0.9957) (0.2331,2.0244)","LG+I{0.0000}+R4{0.0703,0.0977,0.3175,0.4526,0.3792,0.9957,0.2331,2.0244}"
ENSB:3XLZF4ssN2LPKXL,LG+I+R4,0.0119,,"(0.0568,0.0760) (0.1945,0.3324) (0.3266,0.7964) (0.4102,1.6357)","LG+I{0.0119}+R4{0.0568,0.0760,0.1945,0.3324,0.3266,0.7964,0.4102,1.6357}"
ENSB:3XLZF4ssN2LPKXL,LG+I+R4,0.0119,,"(0.0568,0.0760) (0.1945,0.3324) (0.3266,0.7964) (0.4102,1.6357)","LG+I{0.0119}+R4{0.0568,0.0760,0.1945,0.3324,0.3266,0.7964,0.4102,1.6357}"
ENSB:weLIqK0NPvyYpxl,LG+I+R4,0.0119,,"(0.0568,0.0760) (0.1945,0.3324) (0.3266,0.7964) (0.4102,1.6357)","LG+I{0.0119}+R4{0.0568,0.0760,0.1945,0.3324,0.3266,0.7964,0.4102,1.6357}"
ENSB:vJX4k29zPqDMIwj,LG+I+R4,0.0119,,"(0.0568,0.0760) (0.1945,0.3324) (0.3266,0.7964) (0.4102,1.6357)","LG+I{0.0119}+R4{0.0568,0.0760,0.1945,0.3324,0.3266,0.7964,0.4102,1.6357}"
ENSB:97tOIxiFq0W3-wu,LG+I+R4,0.0119,,"(0.0568,0.0760) (0.1945,0.3324) (0.3266,0.7964) (0.4102,1.6357)","LG+I{0.0119}+R4{0.0568,0.0760,0.1945,0.3324,0.3266,0.7964,0.4102,1.6357}"
ENSB:97tOIxiFq0W3-wu,LG+I+R4,0.0119,,"(0.0568,0.0760) (0.1945,0.3324) (0.3266,0.7964) (0.4102,1.6357)","LG+I{0.0119}+R4{0.0568,0.0760,0.1945,0.3324,0.3266,0.7964,0.4102,1.6357}"
ENSB:aIvlNlVelaGffHw,LG+I+R4,0.0119,,"(0.0568,0.0760) (0.1945,0.3324) (0.3266,0.7964) (0.4102,1.6357)","LG+I{0.0119}+R4{0.0568,0.0760,0.1945,0.3324,0.3266,0.7964,0.4102,1.6357}"
ENSB:tFVqGp2eiBtJqCG,LG+I+R4,0.0119,,"(0.0568,0.0760) (0.1945,0.3324) (0.3266,0.7964) (0.4102,1.6357)","LG+I{0.0119}+R4{0.0568,0.0760,0.1945,0.3324,0.3266,0.7964,0.4102,1.6357}"
ENSB:apKOmMZJ900WvVo,LG+I+R4,0.0119,,"(0.0568,0.0760) (0.1945,0.3324) (0.3266,0.7964) (0.4102,1.6357)","LG+I{0.0119}+R4{0.0568,0.0760,0.1945,0.3324,0.3266,0.7964,0.4102,1.6357}"
ENSB:7PZpiO61DeQMTvM,LG+I+R4,0.0119,,"(0.0568,0.0760) (0.1945,0.3324) (0.3266,0.7964) (0.4102,1.6357)","LG+I{0.0119}+R4{0.0568,0.0760,0.1945,0.3324,0.3266,0.7964,0.4102,1.6357}"
ENSB:maDHFrJ_hVxnnVZ,LG+I+R4,0.0119,,"(0.0568,0.0760) (0.1945,0.3324) (0.3266,0.7964) (0.4102,1.6357)","LG+I{0.0119}+R4{0.0568,0.0760,0.1945,0.3324,0.3266,0.7964,0.4102,1.6357}"
ENSB:maDHFrJ_hVxnnVZ,LG+I+R4,0.0119,,"(0.0568,0.0760) (0.1945,0.3324) (0.3266,0.7964) (0.4102,1.6357)","LG+I{0.0119}+R4{0.0568,0.0760,0.1945,0.3324,0.3266,0.7964,0.4102,1.6357}"
ENSB:PPRFED9Gxqjv0zP,LG+I+R4,0.0119,,"(0.0568,0.0760) (0.1945,0.3324) (0.3266,0.7964) (0.4102,1.6357)","LG+I{0.0119}+R4{0.0568,0.0760,0.1945,0.3324,0.3266,0.7964,0.4102,1.6357}"
ENSB:boGpGf1L2YgHXzG,LG+I+R4,0.0119,,"(0.0568,0.0760) (0.1945,0.3324) (0.3266,0.7964) (0.4102,1.6357)","LG+I{0.0119}+R4{0.0568,0.0760,0.1945,0.3324,0.3266,0.7964,0.4102,1.6357}"
ENSB:IODu6jsq_8U5obv,LG+I+R4,0.0119,,"(0.0568,0.0760) (0.1945,0.3324) (0.3266,0.7964) (0.4102,1.6357)","LG+I{0.0119}+R4{0.0568,0.0760,0.1945,0.3324,0.3266,0.7964,0.4102,1.6357}"
ENSB:Y5N0MWAB-DxLj5n,LG+I+R4,0.0119,,"(0.0568,0.0760) (0.1945,0.3324) (0.3266,0.7964) (0.4102,1.6357)","LG+I{0.0119}+R4{0.0568,0.0760,0.1945,0.3324,0.3266,0.7964,0.4102,1.6357}"
ENSB:Z9pOX6nRUaMSfMI,LG+I+R4,0.0119,,"(0.0568,0.0760) (0.1945,0.3324) (0.3266,0.7964) (0.4102,1.6357)","LG+I{0.0119}+R4{0.0568,0.0760,0.1945,0.3324,0.3266,0.7964,0.4102,1.6357}"
ENSB:X3Bhlob4Bv8a5s4,LG+I+R4,0.0119,,"(0.0568,0.0760) (0.1945,0.3324) (0.3266,0.7964) (0.4102,1.6357)","LG+I{0.0119}+R4{0.0568,0.0760,0.1945,0.3324,0.3266,0.7964,0.4102,1.6357}"
ENSB:gvQMwPkR_ZbghfB,LG+I+R4,0.0119,,"(0.0568,0.0760) (0.1945,0.3324) (0.3266,0.7964) (0.4102,1.6357)","LG+I{0.0119}+R4{0.0568,0.0760,0.1945,0.3324,0.3266,0.7964,0.4102,1.6357}"
ENSB:gvQMwPkR_ZbghfB,LG+I+R4,0.0119,,"(0.0568,0.0760) (0.1945,0.3324) (0.3266,0.7964) (0.4102,1.6357)","LG+I{0.0119}+R4{0.0568,0.0760,0.1945,0.3324,0.3266,0.7964,0.4102,1.6357}"
ENSB:hbBhgzqJCnW3ZRq,LG+I+R4,0.0119,,"(0.0568,0.0760) (0.1945,0.3324) (0.3266,0.7964) (0.4102,1.6357)","LG+I{0.0119}+R4{0.0568,0.0760,0.1945,0.3324,0.3266,0.7964,0.4102,1.6357}"
ENSB:u9IZjC39ONK7mSM,LG+I+R4,0.0119,,"(0.0568,0.0760) (0.1945,0.3324) (0.3266,0.7964) (0.4102,1.6357)","LG+I{0.0119}+R4{0.0568,0.0760,0.1945,0.3324,0.3266,0.7964,0.4102,1.6357}"
ENSB:XZWx2IVc2VLXf9G,LG+I+R4,0.0119,,"(0.0568,0.0760) (0.1945,0.3324) (0.3266,0.7964) (0.4102,1.6357)","LG+I{0.0119}+R4{0.0568,0.0760,0.1945,0.3324,0.3266,0.7964,0.4102,1.6357}"
ENSB:djLfkfoPwBQSy68,LG+I+R4,0.0119,,"(0.0568,0.0760) (0.1945,0.3324) (0.3266,0.7964) (0.4102,1.6357)","LG+I{0.0119}+R4{0.0568,0.0760,0.1945,0.3324,0.3266,0.7964,0.4102,1.6357}"
ENSB:bWJUeXQMoTTuUlM,LG+I+R4,0.0119,,"(0.0568,0.0760) (0.1945,0.3324) (0.3266,0.7964) (0.4102,1.6357)","LG+I{0.0119}+R4{0.0568,0.0760,0.1945,0.3324,0.3266,0.7964,0.4102,1.6357}"
ENSB:bWJUeXQMoTTuUlM,LG+I+R4,0.0119,,"(0.0568,0.0760) (0.1945,0.3324) (0.3266,0.7964) (0.4102,1.6357)","LG+I{0.0119}+R4{0.0568,0.0760,0.1945,0.3324,0.3266,0.7964,0.4102,1.6357}"
ENSB:iymaCGRhqOqEXiy,LG+I+R4,0.0119,,"(0.0568,0.0760) (0.1945,0.3324) (0.3266,0.7964) (0.4102,1.6357)","LG+I{0.0119}+R4{0.0568,0.0760,0.1945,0.3324,0.3266,0.7964,0.4102,1.6357}"
ENSB:FOWMv_DOQPXm1fB,LG+I+R4,0.0119,,"(0.0568,0.0760) (0.1945,0.3324) (0.3266,0.7964) (0.4102,1.6357)","LG+I{0.0119}+R4{0.0568,0.0760,0.1945,0.3324,0.3266,0.7964,0.4102,1.6357}"
ENSB:a4KeK67le8bfTF-,LG+I+R4,0.0119,,"(0.0568,0.0760) (0.1945,0.3324) (0.3266,0.7964) (0.4102,1.6357)","LG+I{0.0119}+R4{0.0568,0.0760,0.1945,0.3324,0.3266,0.7964,0.4102,1.6357}"
ENSB:1-WcmAH4j5dIOpv,LG+I+R4,0.0119,,"(0.0568,0.0760) (0.1945,0.3324) (0.3266,0.7964) (0.4102,1.6357)","LG+I{0.0119}+R4{0.0568,0.0760,0.1945,0.3324,0.3266,0.7964,0.4102,1.6357}"
ENSB:aRxEqj_6ylfl9-T,LG+I+R4,0.0119,,"(0.0568,0.0760) (0.1945,0.3324) (0.3266,0.7964) (0.4102,1.6357)","LG+I{0.0119}+R4{0.0568,0.0760,0.1945,0.3324,0.3266,0.7964,0.4102,1.6357}"
ENSB:vZoRefhzSkwh6nY,LG+I+R4,0.0119,,"(0.0568,0.0760) (0.1945,0.3324) (0.3266,0.7964) (0.4102,1.6357)","LG+I{0.0119}+R4{0.0568,0.0760,0.1945,0.3324,0.3266,0.7964,0.4102,1.6357}"
ENSB:vZoRefhzSkwh6nY,LG+I+R4,0.0119,,"(0.0568,0.0760) (0.1945,0.3324) (0.3266,0.7964) (0.4102,1.6357)","LG+I{0.0119}+R4{0.0568,0.0760,0.1945,0.3324,0.3266,0.7964,0.4102,1.6357}"
ENSB:ko76rzpzgCgg6Cv,LG+I+R4,0.0119,,"(0.0568,0.0760) (0.1945,0.3324) (0.3266,0.7964) (0.4102,1.6357)","LG+I{0.0119}+R4{0.0568,0.0760,0.1945,0.3324,0.3266,0.7964,0.4102,1.6357}"
ENSB:ZTIxkSYQAIgNzqq,LG+I+R4,0.0119,,"(0.0568,0.0760) (0.1945,0.3324) (0.3266,0.7964) (0.4102,1.6357)","LG+I{0.0119}+R4{0.0568,0.0760,0.1945,0.3324,0.3266,0.7964,0.4102,1.6357}"
ENSB:ZTIxkSYQAIgNzqq,LG+I+R4,0.0119,,"(0.0568,0.0760) (0.1945,0.3324) (0.3266,0.7964) (0.4102,1.6357)","LG+I{0.0119}+R4{0.0568,0.0760,0.1945,0.3324,0.3266,0.7964,0.4102,1.6357}"
ENSB:_aaRCWJl_J_HADL,LG+I+R4,0.0119,,"(0.0568,0.0760) (0.1945,0.3324) (0.3266,0.7964) (0.4102,1.6357)","LG+I{0.0119}+R4{0.0568,0.0760,0.1945,0.3324,0.3266,0.7964,0.4102,1.6357}"
ENSB:hJcQgfZ3PvFzV42,LG+I+R4,0.0119,,"(0.0568,0.0760) (0.1945,0.3324) (0.3266,0.7964) (0.4102,1.6357)","LG+I{0.0119}+R4{0.0568,0.0760,0.1945,0.3324,0.3266,0.7964,0.4102,1.6357}"
ENSB:wyHNhQKihKL_jSG,LG+I+R4,0.0119,,"(0.0568,0.0760) (0.1945,0.3324) (0.3266,0.7964) (0.4102,1.6357)","LG+I{0.0119}+R4{0.0568,0.0760,0.1945,0.3324,0.3266,0.7964,0.4102,1.6357}"
ENSB:04Io4ja8Hxuq6RL,LG+I+R4,0.0119,,"(0.0568,0.0760) (0.1945,0.3324) (0.3266,0.7964) (0.4102,1.6357)","LG+I{0.0119}+R4{0.0568,0.0760,0.1945,0.3324,0.3266,0.7964,0.4102,1.6357}"
ENSB:HLUE02ovfriEKmz,LG+I+R4,0.0119,,"(0.0568,0.0760) (0.1945,0.3324) (0.3266,0.7964) (0.4102,1.6357)","LG+I{0.0119}+R4{0.0568,0.0760,0.1945,0.3324,0.3266,0.7964,0.4102,1.6357}"
ENSB:ubnzsD38Cwmd6fP,LG+I+R4,0.0119,,"(0.0568,0.0760) (0.1945,0.3324) (0.3266,0.7964) (0.4102,1.6357)","LG+I{0.0119}+R4{0.0568,0.0760,0.1945,0.3324,0.3266,0.7964,0.4102,1.6357}"
ENSB:ft3UXJYOwRW36vx,LG+I+R4,0.0119,,"(0.0568,0.0760) (0.1945,0.3324) (0.3266,0.7964) (0.4102,1.6357)","LG+I{0.0119}+R4{0.0568,0.0760,0.1945,0.3324,0.3266,0.7964,0.4102,1.6357}"
ENSB:TYT7-AfloVOJQkQ,LG+I+R4,0.0119,,"(0.0568,0.0760) (0.1945,0.3324) (0.3266,0.7964) (0.4102,1.6357)","LG+I{0.0119}+R4{0.0568,0.0760,0.1945,0.3324,0.3266,0.7964,0.4102,1.6357}"
ENSB:TYT7-AfloVOJQkQ,LG+I+R4,0.0119,,"(0.0568,0.0760) (0.1945,0.3324) (0.3266,0.7964) (0.4102,1.6357)","LG+I{0.0119}+R4{0.0568,0.0760,0.1945,0.3324,0.3266,0.7964,0.4102,1.6357}"
ENSB:AHe_8Wb3dT0m4eG,LG+I+R4,0.0119,,"(0.0568,0.0760) (0.1945,0.3324) (0.3266,0.7964) (0.4102,1.6357)","LG+I{0.0119}+R4{0.0568,0.0760,0.1945,0.3324,0.3266,0.7964,0.4102,1.6357}"
ENSB:z35jiZyi_kBUiop,LG+I+R4,0.0119,,"(0.0568,0.0760) (0.1945,0.3324) (0.3266,0.7964) (0.4102,1.6357)","LG+I{0.0119}+R4{0.0568,0.0760,0.1945,0.3324,0.3266,0.7964,0.4102,1.6357}"
ENSB:z35jiZyi_kBUiop,LG+I+R4,0.0119,,"(0.0568,0.0760) (0.1945,0.3324) (0.3266,0.7964) (0.4102,1.6357)","LG+I{0.0119}+R4{0.0568,0.0760,0.1945,0.3324,0.3266,0.7964,0.4102,1.6357}"
ENSB:myV63rFMRd8wH-S,LG+I+R4,0.0119,,"(0.0568,0.0760) (0.1945,0.3324) (0.3266,0.7964) (0.4102,1.6357)","LG+I{0.0119}+R4{0.0568,0.0760,0.1945,0.3324,0.3266,0.7964,0.4102,1.6357}"
ENSB:LOEPoB58bEXqAa4,LG+I+R4,0.0119,,"(0.0568,0.0760) (0.1945,0.3324) (0.3266,0.7964) (0.4102,1.6357)","LG+I{0.0119}+R4{0.0568,0.0760,0.1945,0.3324,0.3266,0.7964,0.4102,1.6357}"
ENSB:9UGFLJzsHmXQFEf,LG+I+R4,0.0119,,"(0.0568,0.0760) (0.1945,0.3324) (0.3266,0.7964) (0.4102,1.6357)","LG+I{0.0119}+R4{0.0568,0.0760,0.1945,0.3324,0.3266,0.7964,0.4102,1.6357}"
ENSB:SdYLk8BRGf142iP,LG+I+R4,0.0119,,"(0.0568,0.0760) (0.1945,0.3324) (0.3266,0.7964) (0.4102,1.6357)","LG+I{0.0119}+R4{0.0568,0.0760,0.1945,0.3324,0.3266,0.7964,0.4102,1.6357}"
ENSB:ihUh4tBoPtAs-RG,LG+I+R4,0.0119,,"(0.0568,0.0760) (0.1945,0.3324) (0.3266,0.7964) (0.4102,1.6357)","LG+I{0.0119}+R4{0.0568,0.0760,0.1945,0.3324,0.3266,0.7964,0.4102,1.6357}"
ENSB:ihUh4tBoPtAs-RG,LG+I+R4,0.0119,,"(0.0568,0.0760) (0.1945,0.3324) (0.3266,0.7964) (0.4102,1.6357)","LG+I{0.0119}+R4{0.0568,0.0760,0.1945,0.3324,0.3266,0.7964,0.4102,1.6357}"
ENSB:dDb7kWPrQUKs_eA,LG+I+R4,0.0119,,"(0.0568,0.0760) (0.1945,0.3324) (0.3266,0.7964) (0.4102,1.6357)","LG+I{0.0119}+R4{0.0568,0.0760,0.1945,0.3324,0.3266,0.7964,0.4102,1.6357}"
ENSB:1XKa7IaJs57HXkV,LG+I+R4,0.0119,,"(0.0568,0.0760) (0.1945,0.3324) (0.3266,0.7964) (0.4102,1.6357)","LG+I{0.0119}+R4{0.0568,0.0760,0.1945,0.3324,0.3266,0.7964,0.4102,1.6357}"
ENSB:1XKa7IaJs57HXkV,LG+I+R4,0.0119,,"(0.0568,0.0760) (0.1945,0.3324) (0.3266,0.7964) (0.4102,1.6357)","LG+I{0.0119}+R4{0.0568,0.0760,0.1945,0.3324,0.3266,0.7964,0.4102,1.6357}"
ENSB:RunlsunpSngWT4N,LG+I+R4,0.0119,,"(0.0568,0.0760) (0.1945,0.3324) (0.3266,0.7964) (0.4102,1.6357)","LG+I{0.0119}+R4{0.0568,0.0760,0.1945,0.3324,0.3266,0.7964,0.4102,1.6357}"
ENSB:IfCRdiVxnWffk5L,LG+I+R4,0.0119,,"(0.0568,0.0760) (0.1945,0.3324) (0.3266,0.7964) (0.4102,1.6357)","LG+I{0.0119}+R4{0.0568,0.0760,0.1945,0.3324,0.3266,0.7964,0.4102,1.6357}"
ENSB:ofFatuoNwGmyEMO,LG+I+R4,0.0119,,"(0.0568,0.0760) (0.1945,0.3324) (0.3266,0.7964) (0.4102,1.6357)","LG+I{0.0119}+R4{0.0568,0.0760,0.1945,0.3324,0.3266,0.7964,0.4102,1.6357}"
ENSB:8U83CAowaaNxjuI,LG+I+R4,0.0119,,"(0.0568,0.0760) (0.1945,0.3324) (0.3266,0.7964) (0.4102,1.6357)","LG+I{0.0119}+R4{0.0568,0.0760,0.1945,0.3324,0.3266,0.7964,0.4102,1.6357}"
ENSB:8g04ZB0mBORO0c6,LG+I+R4,0.0119,,"(0.0568,0.0760) (0.1945,0.3324) (0.3266,0.7964) (0.4102,1.6357)","LG+I{0.0119}+R4{0.0568,0.0760,0.1945,0.3324,0.3266,0.7964,0.4102,1.6357}"
ENSB:dueQyi6SF6vNrzq,LG+I+R4,0.0119,,"(0.0568,0.0760) (0.1945,0.3324) (0.3266,0.7964) (0.4102,1.6357)","LG+I{0.0119}+R4{0.0568,0.0760,0.1945,0.3324,0.3266,0.7964,0.4102,1.6357}"
ENSB:nBm5xdaPx92z92l,LG+I+R4,0.0119,,"(0.0568,0.0760) (0.1945,0.3324) (0.3266,0.7964) (0.4102,1.6357)","LG+I{0.0119}+R4{0.0568,0.0760,0.1945,0.3324,0.3266,0.7964,0.4102,1.6357}"
ENSB:LpUsjPUCzjWixqZ,LG+I+R4,0.0119,,"(0.0568,0.0760) (0.1945,0.3324) (0.3266,0.7964) (0.4102,1.6357)","LG+I{0.0119}+R4{0.0568,0.0760,0.1945,0.3324,0.3266,0.7964,0.4102,1.6357}"
ENSB:MvQMmyTrvXgPwH8,LG+I+R4,0.0119,,"(0.0568,0.0760) (0.1945,0.3324) (0.3266,0.7964) (0.4102,1.6357)","LG+I{0.0119}+R4{0.0568,0.0760,0.1945,0.3324,0.3266,0.7964,0.4102,1.6357}"
ENSB:76DCQ5N5ZxcN6-J,LG+I+R4,0.0119,,"(0.0568,0.0760) (0.1945,0.3324) (0.3266,0.7964) (0.4102,1.6357)","LG+I{0.0119}+R4{0.0568,0.0760,0.1945,0.3324,0.3266,0.7964,0.4102,1.6357}"
ENSB:yyEFWz4gyirQhvE,LG+I+R4,0.0119,,"(0.0568,0.0760) (0.1945,0.3324) (0.3266,0.7964) (0.4102,1.6357)","LG+I{0.0119}+R4{0.0568,0.0760,0.1945,0.3324,0.3266,0.7964,0.4102,1.6357}"
ENSB:yyEFWz4gyirQhvE,LG+I+R4,0.0119,,"(0.0568,0.0760) (0.1945,0.3324) (0.3266,0.7964) (0.4102,1.6357)","LG+I{0.0119}+R4{0.0568,0.0760,0.1945,0.3324,0.3266,0.7964,0.4102,1.6357}"
ENSB:PMYSEB3eTgh8g2o,LG+I+R4,0.0119,,"(0.0568,0.0760) (0.1945,0.3324) (0.3266,0.7964) (0.4102,1.6357)","LG+I{0.0119}+R4{0.0568,0.0760,0.1945,0.3324,0.3266,0.7964,0.4102,1.6357}"
ENSB:PMYSEB3eTgh8g2o,LG+I+R4,0.0119,,"(0.0568,0.0760) (0.1945,0.3324) (0.3266,0.7964) (0.4102,1.6357)","LG+I{0.0119}+R4{0.0568,0.0760,0.1945,0.3324,0.3266,0.7964,0.4102,1.6357}"
ENSB:8sU-3x1CgNF4TJw,LG+I+R4,0.0119,,"(0.0568,0.0760) (0.1945,0.3324) (0.3266,0.7964) (0.4102,1.6357)","LG+I{0.0119}+R4{0.0568,0.0760,0.1945,0.3324,0.3266,0.7964,0.4102,1.6357}"
ENSB:iprEI1AnBlEOhsr,LG+I+R4,0.0119,,"(0.0568,0.0760) (0.1945,0.3324) (0.3266,0.7964) (0.4102,1.6357)","LG+I{0.0119}+R4{0.0568,0.0760,0.1945,0.3324,0.3266,0.7964,0.4102,1.6357}"
ENSB:1nzwD76gviYKaU3,LG+I+R4,0.0119,,"(0.0568,0.0760) (0.1945,0.3324) (0.3266,0.7964) (0.4102,1.6357)","LG+I{0.0119}+R4{0.0568,0.0760,0.1945,0.3324,0.3266,0.7964,0.4102,1.6357}"
ENSB:1nzwD76gviYKaU3,LG+I+R4,0.0119,,"(0.0568,0.0760) (0.1945,0.3324) (0.3266,0.7964) (0.4102,1.6357)","LG+I{0.0119}+R4{0.0568,0.0760,0.1945,0.3324,0.3266,0.7964,0.4102,1.6357}"
ENSB:Be5EyaW54NutIsq,LG+I+R4,0.0119,,"(0.0568,0.0760) (0.1945,0.3324) (0.3266,0.7964) (0.4102,1.6357)","LG+I{0.0119}+R4{0.0568,0.0760,0.1945,0.3324,0.3266,0.7964,0.4102,1.6357}"
ENSB:iiDuZx_MaIzFJo4,LG+I+R4,0.0119,,"(0.0568,0.0760) (0.1945,0.3324) (0.3266,0.7964) (0.4102,1.6357)","LG+I{0.0119}+R4{0.0568,0.0760,0.1945,0.3324,0.3266,0.7964,0.4102,1.6357}"
ENSB:NSMZ6t_Ehl0HPPx,LG+I+R4,0.0119,,"(0.0568,0.0760) (0.1945,0.3324) (0.3266,0.7964) (0.4102,1.6357)","LG+I{0.0119}+R4{0.0568,0.0760,0.1945,0.3324,0.3266,0.7964,0.4102,1.6357}"
ENSB:NSMZ6t_Ehl0HPPx,LG+I+R4,0.0119,,"(0.0568,0.0760) (0.1945,0.3324) (0.3266,0.7964) (0.4102,1.6357)","LG+I{0.0119}+R4{0.0568,0.0760,0.1945,0.3324,0.3266,0.7964,0.4102,1.6357}"
ENSB:5hDV4Lb9f3JOLRj,LG+I+R4,0.0119,,"(0.0568,0.0760) (0.1945,0.3324) (0.3266,0.7964) (0.4102,1.6357)","LG+I{0.0119}+R4{0.0568,0.0760,0.1945,0.3324,0.3266,0.7964,0.4102,1.6357}"
ENSB:wXWA6Qe6APh-y-W,LG+I+R4,0.0119,,"(0.0568,0.0760) (0.1945,0.3324) (0.3266,0.7964) (0.4102,1.6357)","LG+I{0.0119}+R4{0.0568,0.0760,0.1945,0.3324,0.3266,0.7964,0.4102,1.6357}"
ENSB:a53pWoYX0hxjnR1,LG+I+R4,0.0119,,"(0.0568,0.0760) (0.1945,0.3324) (0.3266,0.7964) (0.4102,1.6357)","LG+I{0.0119}+R4{0.0568,0.0760,0.1945,0.3324,0.3266,0.7964,0.4102,1.6357}"
ENSB:XQBm8Ve8PlUQYTj,LG+I+R4,0.0119,,"(0.0568,0.0760) (0.1945,0.3324) (0.3266,0.7964) (0.4102,1.6357)","LG+I{0.0119}+R4{0.0568,0.0760,0.1945,0.3324,0.3266,0.7964,0.4102,1.6357}"
ENSB:FnP6_8JmBXK7zEx,LG+I+R4,0.0119,,"(0.0568,0.0760) (0.1945,0.3324) (0.3266,0.7964) (0.4102,1.6357)","LG+I{0.0119}+R4{0.0568,0.0760,0.1945,0.3324,0.3266,0.7964,0.4102,1.6357}"
ENSB:WhlTo-Jymh_fkMA,LG+I+R4,0.0119,,"(0.0568,0.0760) (0.1945,0.3324) (0.3266,0.7964) (0.4102,1.6357)","LG+I{0.0119}+R4{0.0568,0.0760,0.1945,0.3324,0.3266,0.7964,0.4102,1.6357}"
ENSB:49G1eMnf4imtFSP,LG+I+R4,0.0119,,"(0.0568,0.0760) (0.1945,0.3324) (0.3266,0.7964) (0.4102,1.6357)","LG+I{0.0119}+R4{0.0568,0.0760,0.1945,0.3324,0.3266,0.7964,0.4102,1.6357}"
ENSB:49G1eMnf4imtFSP,LG+I+R4,0.0119,,"(0.0568,0.0760) (0.1945,0.3324) (0.3266,0.7964) (0.4102,1.6357)","LG+I{0.0119}+R4{0.0568,0.0760,0.1945,0.3324,0.3266,0.7964,0.4102,1.6357}"
ENSB:erPGzBt_ZD1szrN,LG+I+R4,0.0119,,"(0.0568,0.0760) (0.1945,0.3324) (0.3266,0.7964) (0.4102,1.6357)","LG+I{0.0119}+R4{0.0568,0.0760,0.1945,0.3324,0.3266,0.7964,0.4102,1.6357}"
ENSB:erPGzBt_ZD1szrN,LG+I+R4,0.0119,,"(0.0568,0.0760) (0.1945,0.3324) (0.3266,0.7964) (0.4102,1.6357)","LG+I{0.0119}+R4{0.0568,0.0760,0.1945,0.3324,0.3266,0.7964,0.4102,1.6357}"
ENSB:aQSG3lIfPuF-0wk,LG+I+R4,0.0119,,"(0.0568,0.0760) (0.1945,0.3324) (0.3266,0.7964) (0.4102,1.6357)","LG+I{0.0119}+R4{0.0568,0.0760,0.1945,0.3324,0.3266,0.7964,0.4102,1.6357}"
ENSB:rH1oerWSvnQkl7n,LG+I+R4,0.0119,,"(0.0568,0.0760) (0.1945,0.3324) (0.3266,0.7964) (0.4102,1.6357)","LG+I{0.0119}+R4{0.0568,0.0760,0.1945,0.3324,0.3266,0.7964,0.4102,1.6357}"
ENSB:vvYKVeT7PR3e6gf,LG+I+R4,0.0119,,"(0.0568,0.0760) (0.1945,0.3324) (0.3266,0.7964) (0.4102,1.6357)","LG+I{0.0119}+R4{0.0568,0.0760,0.1945,0.3324,0.3266,0.7964,0.4102,1.6357}"
ENSB:6TwwEA7L7nEDYjY,LG+I+R4,0.0119,,"(0.0568,0.0760) (0.1945,0.3324) (0.3266,0.7964) (0.4102,1.6357)","LG+I{0.0119}+R4{0.0568,0.0760,0.1945,0.3324,0.3266,0.7964,0.4102,1.6357}"
ENSB:oW60tHOtCEYuYWh,LG+I+R4,0.0119,,"(0.0568,0.0760) (0.1945,0.3324) (0.3266,0.7964) (0.4102,1.6357)","LG+I{0.0119}+R4{0.0568,0.0760,0.1945,0.3324,0.3266,0.7964,0.4102,1.6357}"
ENSB:qzPyyDyQEAhKFZV,LG+I+R4,0.0119,,"(0.0568,0.0760) (0.1945,0.3324) (0.3266,0.7964) (0.4102,1.6357)","LG+I{0.0119}+R4{0.0568,0.0760,0.1945,0.3324,0.3266,0.7964,0.4102,1.6357}"
ENSB:BRnycuFsDGkXwHV,LG+I+G4,0.0083,1.0956,,LG+I{0.0083}+G4{1.0956}
ENSB:zVnAxvCL9WxhBhZ,LG+I+G4,0.0083,1.0956,,LG+I{0.0083}+G4{1.0956}
ENSB:C3V2OOHu2zCV98Q,LG+I+G4,0.0083,1.0956,,LG+I{0.0083}+G4{1.0956}
ENSB:5tZPf8_D0vTPC8O,LG+I+G4,0.0083,1.0956,,LG+I{0.0083}+G4{1.0956}
ENSB:RlAsrJ4KGg9jnjD,LG+I+G4,0.0083,1.0956,,LG+I{0.0083}+G4{1.0956}
ENSB:baVPxOxtO2BC4Zw,LG+I+R4,0.0129,,"(0.0933,0.0898) (0.2267,0.3423) (0.3319,0.8373) (0.3353,1.8972)","LG+I{0.0129}+R4{0.0933,0.0898,0.2267,0.3423,0.3319,0.8373,0.3353,1.8972}"
ENSB:DE3eezEi6_UPRc5,LG+I+R4,0.0129,,"(0.0933,0.0898) (0.2267,0.3423) (0.3319,0.8373) (0.3353,1.8972)","LG+I{0.0129}+R4{0.0933,0.0898,0.2267,0.3423,0.3319,0.8373,0.3353,1.8972}"
ENSB:UZxjNgQXTkyC4bT,LG+I+R4,0.0129,,"(0.0933,0.0898) (0.2267,0.3423) (0.3319,0.8373) (0.3353,1.8972)","LG+I{0.0129}+R4{0.0933,0.0898,0.2267,0.3423,0.3319,0.8373,0.3353,1.8972}"
ENSB:WSTP1XQlm2KsX5K,LG+I+R4,0.0129,,"(0.0933,0.0898) (0.2267,0.3423) (0.3319,0.8373) (0.3353,1.8972)","LG+I{0.0129}+R4{0.0933,0.0898,0.2267,0.3423,0.3319,0.8373,0.3353,1.8972}"
ENSB:xd_xUzZpwHiWmzl,LG+I+R4,0.0129,,"(0.0933,0.0898) (0.2267,0.3423) (0.3319,0.8373) (0.3353,1.8972)","LG+I{0.0129}+R4{0.0933,0.0898,0.2267,0.3423,0.3319,0.8373,0.3353,1.8972}"
ENSB:eBAyqZaF645KBi7,LG+I+R4,0.0129,,"(0.0933,0.0898) (0.2267,0.3423) (0.3319,0.8373) (0.3353,1.8972)","LG+I{0.0129}+R4{0.0933,0.0898,0.2267,0.3423,0.3319,0.8373,0.3353,1.8972}"
ENSB:qTbSpQJoTi2Tcht,LG+I+R4,0.0129,,"(0.0933,0.0898) (0.2267,0.3423) (0.3319,0.8373) (0.3353,1.8972)","LG+I{0.0129}+R4{0.0933,0.0898,0.2267,0.3423,0.3319,0.8373,0.3353,1.8972}"
ENSB:zIlK0bHai61BZxO,LG+I+R4,0.0129,,"(0.0933,0.0898) (0.2267,0.3423) (0.3319,0.8373) (0.3353,1.8972)","LG+I{0.0129}+R4{0.0933,0.0898,0.2267,0.3423,0.3319,0.8373,0.3353,1.8972}"
ENSB:boDqDJvpmvUybIL,LG+I+R4,0.0129,,"(0.0933,0.0898) (0.2267,0.3423) (0.3319,0.8373) (0.3353,1.8972)","LG+I{0.0129}+R4{0.0933,0.0898,0.2267,0.3423,0.3319,0.8373,0.3353,1.8972}"
ENSB:VmPmSRoy-KIQ29Q,LG+I+G4,0.0139,2.3468,,LG+I{0.0139}+G4{2.3468}
ENSB:7ksHV4RHMXwtZ3a,LG+I+G4,0.0139,2.3468,,LG+I{0.0139}+G4{2.3468}
ENSB:Ci0qgDX2dC4WazB,LG+I+G4,0.0000,2.8148,,LG+I{0.0000}+G4{2.8148}
ENSB:KmDtC96XkX7oFKT,LG+I+R4,0.0000,,"(0.0277,0.1766) (0.2516,0.5470) (0.3586,0.8942) (0.3621,1.4826)","LG+I{0.0000}+R4{0.0277,0.1766,0.2516,0.5470,0.3586,0.8942,0.3621,1.4826}"
ENSB:N3EBmJx2WxBxaDS,LG+I+R4,0.0000,,"(0.0277,0.1766) (0.2516,0.5470) (0.3586,0.8942) (0.3621,1.4826)","LG+I{0.0000}+R4{0.0277,0.1766,0.2516,0.5470,0.3586,0.8942,0.3621,1.4826}"
ENSB:ZoZHU7r42XXVCSL,LG+I+R4,0.0000,,"(0.0277,0.1766) (0.2516,0.5470) (0.3586,0.8942) (0.3621,1.4826)","LG+I{0.0000}+R4{0.0277,0.1766,0.2516,0.5470,0.3586,0.8942,0.3621,1.4826}"
ENSB:glPpL9eQxqwqwwK,LG+I+G4,0.0224,2.8247,,LG+I{0.0224}+G4{2.8247}
ENSB:ei4E2sxlX9bYFIN,LG+I+G4,0.0000,1.0545,,LG+I{0.0000}+G4{1.0545}
ENSB:yS4L4fKYWhIhdny,LG+I+G4,0.1250,1.7448,,LG+I{0.1250}+G4{1.7448}
ENSB:QYZphCN-IfwcbZh,LG+I+G4,0.1250,1.7448,,LG+I{0.1250}+G4{1.7448}
ENSB:H4f12BKPfrZn5cs,LG+F+I+G4,0.0147,4.0245,,LG+F+I{0.0147}+G4{4.0245}
ENSB:X9qPbmOtwm8saZA,LG+I+R3,0.0000,,"(0.0306,0.1502) (0.4029,0.6028) (0.5664,1.3285)","LG+I{0.0000}+R3{0.0306,0.1502,0.4029,0.6028,0.5664,1.3285}"
ENSB:-67IX8eNcT1yyVt,LG+I+R3,0.0000,,"(0.0306,0.1502) (0.4029,0.6028) (0.5664,1.3285)","LG+I{0.0000}+R3{0.0306,0.1502,0.4029,0.6028,0.5664,1.3285}"
ENSB:58q1rdmOY_eiia4,LG+I+R3,0.0000,,"(0.0306,0.1502) (0.4029,0.6028) (0.5664,1.3285)","LG+I{0.0000}+R3{0.0306,0.1502,0.4029,0.6028,0.5664,1.3285}"
ENSB:7g7-OSszjN_08jh,LG+I+R3,0.0000,,"(0.0306,0.1502) (0.4029,0.6028) (0.5664,1.3285)","LG+I{0.0000}+R3{0.0306,0.1502,0.4029,0.6028,0.5664,1.3285}"
ENSB:lASZ1pu_Rdlbsso,LG+I+R3,0.0000,,"(0.0306,0.1502) (0.4029,0.6028) (0.5664,1.3285)","LG+I{0.0000}+R3{0.0306,0.1502,0.4029,0.6028,0.5664,1.3285}"
ENSB:hrElgQIOYR6tG7u,LG+I+R4,0.0049,,"(0.1162,0.0734) (0.2553,0.3938) (0.3066,0.9160) (0.3170,1.9243)","LG+I{0.0049}+R4{0.1162,0.0734,0.2553,0.3938,0.3066,0.9160,0.3170,1.9243}"
ENSB:mrx3R54ST-M2SaH,LG+I+R4,0.0049,,"(0.1162,0.0734) (0.2553,0.3938) (0.3066,0.9160) (0.3170,1.9243)","LG+I{0.0049}+R4{0.1162,0.0734,0.2553,0.3938,0.3066,0.9160,0.3170,1.9243}"
ENSB:so84-D89T7KzBpL,LG+I+R4,0.0049,,"(0.1162,0.0734) (0.2553,0.3938) (0.3066,0.9160) (0.3170,1.9243)","LG+I{0.0049}+R4{0.1162,0.0734,0.2553,0.3938,0.3066,0.9160,0.3170,1.9243}"
ENSB:uwpAxt9oDgEHG98,LG+I+G4,0.0247,1.7642,,LG+I{0.0247}+G4{1.7642}
ENSB:qYnsWzi2qHoWL3k,LG+F+I+R4,0.0221,,"(0.0778,0.1239) (0.3040,0.4581) (0.3899,1.1330) (0.2062,1.9856)","LG+F+I{0.0221}+R4{0.0778,0.1239,0.3040,0.4581,0.3899,1.1330,0.2062,1.9856}"
ENSB:so6bK7Tin6q0Y3q,LG+I+G4,0.0154,2.0987,,LG+I{0.0154}+G4{2.0987}
ENSB:yj0YHYU4vPuDW7o,LG+I+G4,0.0154,2.0987,,LG+I{0.0154}+G4{2.0987}
ENSB:z0E04OQX5LuOXd7,LG+I+G4,0.0154,2.0987,,LG+I{0.0154}+G4{2.0987}
ENSB:szRuJIqAFnaB90B,LG+I+G4,0.0154,2.0987,,LG+I{0.0154}+G4{2.0987}
ENSB:GYQpC6mszGCrt3o,LG+I+G4,0.0154,2.0987,,LG+I{0.0154}+G4{2.0987}
ENSB:5M3OKn3pExoBBLR,LG+I+G4,0.0154,2.0987,,LG+I{0.0154}+G4{2.0987}
ENSB:fP-sDI6EBWU2Qu9,LG+I+G4,0.0154,2.0987,,LG+I{0.0154}+G4{2.0987}
ENSB:v2vMok91N4JmQJA,LG+I+G4,0.0154,2.0987,,LG+I{0.0154}+G4{2.0987}
ENSB:pRHjG_yG3NlQVnT,LG+I+G4,0.0154,2.0987,,LG+I{0.0154}+G4{2.0987}
ENSB:CPam0tzJcgdxIV5,LG+I+G4,0.0154,2.0987,,LG+I{0.0154}+G4{2.0987}
ENSB:lkp8czEj5ffd447,LG+I+G4,0.0154,2.0987,,LG+I{0.0154}+G4{2.0987}
ENSB:yid2QmbPK9pJ5Ua,LG+I+G4,0.0154,2.0987,,LG+I{0.0154}+G4{2.0987}
ENSB:Zs1ISeQSwW7H42P,LG+I+G4,0.0154,2.0987,,LG+I{0.0154}+G4{2.0987}
ENSB:BunA8rgbC3Jv7HZ,LG+I+G4,0.0154,2.0987,,LG+I{0.0154}+G4{2.0987}
ENSB:It5sswacJilGBrj,LG+I+G4,0.0154,2.0987,,LG+I{0.0154}+G4{2.0987}
ENSB:wLPk4yVl65fLaRa,LG+I+G4,0.0154,2.0987,,LG+I{0.0154}+G4{2.0987}
ENSB:fgC632Wo6VY00Ao,LG+I+G4,0.0154,2.0987,,LG+I{0.0154}+G4{2.0987}
ENSB:Z10TAzTiDDgln3N,LG+I+G4,0.0154,2.0987,,LG+I{0.0154}+G4{2.0987}
ENSB:Ck5icONds9hqc1d,LG+I+G4,0.0154,2.0987,,LG+I{0.0154}+G4{2.0987}
ENSB:jxjwi89Q8-A0Y-1,LG+I+G4,0.0154,2.0987,,LG+I{0.0154}+G4{2.0987}
ENSB:IGaEGVuJbxr6Vtz,LG+I+G4,0.0154,2.0987,,LG+I{0.0154}+G4{2.0987}
ENSB:LmzH7G7ORR3sePy,LG+I+G4,0.0154,2.0987,,LG+I{0.0154}+G4{2.0987}
ENSB:-77g3bV_icJH_zO,LG+I+G4,0.0154,2.0987,,LG+I{0.0154}+G4{2.0987}
ENSB:HfWpjSIidKwf-Xh,LG+I+G4,0.0154,2.0987,,LG+I{0.0154}+G4{2.0987}
ENSB:os_sABa7dvXZGDC,LG+I+G4,0.0154,2.0987,,LG+I{0.0154}+G4{2.0987}
ENSB:Iaab_HT1uvn49LJ,LG+I+G4,0.0154,2.0987,,LG+I{0.0154}+G4{2.0987}
ENSB:Alc6CHwOa4aCXdJ,LG+I+G4,0.0154,2.0987,,LG+I{0.0154}+G4{2.0987}
ENSB:liqPtSeHxc4HLBQ,LG+I+G4,0.0154,2.0987,,LG+I{0.0154}+G4{2.0987}
ENSB:bkzTINGeZKFYbaZ,LG+I+G4,0.0154,2.0987,,LG+I{0.0154}+G4{2.0987}
ENSB:pK45jukPPr0dsb_,LG+I+G4,0.0154,2.0987,,LG+I{0.0154}+G4{2.0987}
ENSB:VZcnoCKiAgOCS1-,LG+I+G4,0.0154,2.0987,,LG+I{0.0154}+G4{2.0987}
ENSB:oIXU-kHll86Mj5J,LG+I+G4,0.0154,2.0987,,LG+I{0.0154}+G4{2.0987}
ENSB:yrbE6NpwjfkuZu7,LG+I+G4,0.0154,2.0987,,LG+I{0.0154}+G4{2.0987}
ENSB:8knaAoyYalKwIoV,LG+I+G4,0.0154,2.0987,,LG+I{0.0154}+G4{2.0987}
ENSB:AMIw--hO5z0vDhe,LG+I+G4,0.0154,2.0987,,LG+I{0.0154}+G4{2.0987}
ENSB:g9rhYNgvoi-iJJR,LG+I+G4,0.0154,2.0987,,LG+I{0.0154}+G4{2.0987}
ENSB:Mj28TaC-ZLSKUxy,LG+I+G4,0.0337,1.5734,,LG+I{0.0337}+G4{1.5734}
ENSB:e3OXAA0wio1l6GY,LG+I+R4,0.0000,,"(0.0634,0.0644) (0.1476,0.2676) (0.2938,0.6450) (0.4952,1.5487)","LG+I{0.0000}+R4{0.0634,0.0644,0.1476,0.2676,0.2938,0.6450,0.4952,1.5487}"
ENSB:fXMv30Y_6r5x0w6,LG+I+G4,0.0648,1.5996,,LG+I{0.0648}+G4{1.5996}
ENSB:mnXHl7uP7UogmMw,LG+I+G4,0.0648,1.5996,,LG+I{0.0648}+G4{1.5996}
ENSB:FWsb0W_wcn7QxHk,LG+I+G4,0.0233,1.7895,,LG+I{0.0233}+G4{1.7895}
ENSB:AksKtlGbPheJ3Ls,LG+I+G4,0.0233,1.7895,,LG+I{0.0233}+G4{1.7895}
ENSB:uWVWeQ4TSY4UWP_,LG+I+G4,0.0233,1.7895,,LG+I{0.0233}+G4{1.7895}
ENSB:Ij4vqVW8lmCTg9N,LG+I+R4,0.0001,,"(0.0654,0.0638) (0.1973,0.3523) (0.3286,0.7593) (0.4086,1.6564)","LG+I{0.0001}+R4{0.0654,0.0638,0.1973,0.3523,0.3286,0.7593,0.4086,1.6564}"
ENSB:Um5Mx9DOHyPgXaI,LG+I+R4,0.0062,,"(0.0497,0.0958) (0.2173,0.4197) (0.3994,0.8604) (0.3274,1.7115)","LG+I{0.0062}+R4{0.0497,0.0958,0.2173,0.4197,0.3994,0.8604,0.3274,1.7115}"
ENSB:NhwJxB1Hgp2VR9G,LG+I+R4,0.0000,,"(0.0325,0.1290) (0.2391,0.4350) (0.3477,0.8919) (0.3808,1.5276)","LG+I{0.0000}+R4{0.0325,0.1290,0.2391,0.4350,0.3477,0.8919,0.3808,1.5276}"
ENSB:xkuqMluj0CzWUrm,LG+I+R4,0.0087,,"(0.1202,0.1493) (0.2603,0.4964) (0.3715,1.0041) (0.2394,2.0045)","LG+I{0.0087}+R4{0.1202,0.1493,0.2603,0.4964,0.3715,1.0041,0.2394,2.0045}"
ENSB:lTXAPji0HLxDpFy,LG+I+R4,0.0087,,"(0.1202,0.1493) (0.2603,0.4964) (0.3715,1.0041) (0.2394,2.0045)","LG+I{0.0087}+R4{0.1202,0.1493,0.2603,0.4964,0.3715,1.0041,0.2394,2.0045}"
ENSB:pI30p9fxxLFrT68,LG+I+R4,0.0087,,"(0.1202,0.1493) (0.2603,0.4964) (0.3715,1.0041) (0.2394,2.0045)","LG+I{0.0087}+R4{0.1202,0.1493,0.2603,0.4964,0.3715,1.0041,0.2394,2.0045}"
ENSB:z9TNpqK0MMB0pD3,LG+I+R4,0.0087,,"(0.1202,0.1493) (0.2603,0.4964) (0.3715,1.0041) (0.2394,2.0045)","LG+I{0.0087}+R4{0.1202,0.1493,0.2603,0.4964,0.3715,1.0041,0.2394,2.0045}"
ENSB:vArHPAvfms51TxE,LG+I+R4,0.0087,,"(0.1202,0.1493) (0.2603,0.4964) (0.3715,1.0041) (0.2394,2.0045)","LG+I{0.0087}+R4{0.1202,0.1493,0.2603,0.4964,0.3715,1.0041,0.2394,2.0045}"
ENSB:cLa8FBODDbjE5dT,LG+I+R4,0.0087,,"(0.1202,0.1493) (0.2603,0.4964) (0.3715,1.0041) (0.2394,2.0045)","LG+I{0.0087}+R4{0.1202,0.1493,0.2603,0.4964,0.3715,1.0041,0.2394,2.0045}"
ENSB:-Cuv9GbNSw8iaUs,LG+I+R4,0.0087,,"(0.1202,0.1493) (0.2603,0.4964) (0.3715,1.0041) (0.2394,2.0045)","LG+I{0.0087}+R4{0.1202,0.1493,0.2603,0.4964,0.3715,1.0041,0.2394,2.0045}"
ENSB:6Zaqq-YEEhiY0T6,LG+I+R4,0.0000,,"(0.0936,0.2029) (0.1929,0.4609) (0.3346,0.8825) (0.3789,1.5751)","LG+I{0.0000}+R4{0.0936,0.2029,0.1929,0.4609,0.3346,0.8825,0.3789,1.5751}"
ENSB:c3jMHV2rgYWheTD,LG+I+R4,0.0000,,"(0.0936,0.2029) (0.1929,0.4609) (0.3346,0.8825) (0.3789,1.5751)","LG+I{0.0000}+R4{0.0936,0.2029,0.1929,0.4609,0.3346,0.8825,0.3789,1.5751}"
ENSB:8fIxOMOGh5QMu0q,LG+I+R4,0.0000,,"(0.0936,0.2029) (0.1929,0.4609) (0.3346,0.8825) (0.3789,1.5751)","LG+I{0.0000}+R4{0.0936,0.2029,0.1929,0.4609,0.3346,0.8825,0.3789,1.5751}"
ENSB:oGPmf_zg-lUPqrU,LG+I+R4,0.0000,,"(0.0936,0.2029) (0.1929,0.4609) (0.3346,0.8825) (0.3789,1.5751)","LG+I{0.0000}+R4{0.0936,0.2029,0.1929,0.4609,0.3346,0.8825,0.3789,1.5751}"
ENSB:8SKPaABX3OrOE6W,LG+I+R4,0.0000,,"(0.0936,0.2029) (0.1929,0.4609) (0.3346,0.8825) (0.3789,1.5751)","LG+I{0.0000}+R4{0.0936,0.2029,0.1929,0.4609,0.3346,0.8825,0.3789,1.5751}"
ENSB:fCbCEMqjPqnpSZD,LG+I+R4,0.0000,,"(0.0936,0.2029) (0.1929,0.4609) (0.3346,0.8825) (0.3789,1.5751)","LG+I{0.0000}+R4{0.0936,0.2029,0.1929,0.4609,0.3346,0.8825,0.3789,1.5751}"
ENSB:tSjmrP8stU7q7jA,LG+I+R4,0.0000,,"(0.0936,0.2029) (0.1929,0.4609) (0.3346,0.8825) (0.3789,1.5751)","LG+I{0.0000}+R4{0.0936,0.2029,0.1929,0.4609,0.3346,0.8825,0.3789,1.5751}"
ENSB:-bKGPsIPdy4vqnc,LG+I+R4,0.0000,,"(0.0936,0.2029) (0.1929,0.4609) (0.3346,0.8825) (0.3789,1.5751)","LG+I{0.0000}+R4{0.0936,0.2029,0.1929,0.4609,0.3346,0.8825,0.3789,1.5751}"
ENSB:5tSIaAj9ahXWvYR,LG+I+R4,0.0000,,"(0.0936,0.2029) (0.1929,0.4609) (0.3346,0.8825) (0.3789,1.5751)","LG+I{0.0000}+R4{0.0936,0.2029,0.1929,0.4609,0.3346,0.8825,0.3789,1.5751}"
ENSB:IVPUNzGJF9sXgu_,LG+I+R4,0.0000,,"(0.0936,0.2029) (0.1929,0.4609) (0.3346,0.8825) (0.3789,1.5751)","LG+I{0.0000}+R4{0.0936,0.2029,0.1929,0.4609,0.3346,0.8825,0.3789,1.5751}"
ENSB:3Fik_FAndfF59hq,LG+I+R4,0.0000,,"(0.0936,0.2029) (0.1929,0.4609) (0.3346,0.8825) (0.3789,1.5751)","LG+I{0.0000}+R4{0.0936,0.2029,0.1929,0.4609,0.3346,0.8825,0.3789,1.5751}"
ENSB:XDGI9Cs0wGdKP6a,LG+I+R4,0.0000,,"(0.0936,0.2029) (0.1929,0.4609) (0.3346,0.8825) (0.3789,1.5751)","LG+I{0.0000}+R4{0.0936,0.2029,0.1929,0.4609,0.3346,0.8825,0.3789,1.5751}"
ENSB:q6GEuYZwTQs8q7a,LG+I+R4,0.0000,,"(0.0936,0.2029) (0.1929,0.4609) (0.3346,0.8825) (0.3789,1.5751)","LG+I{0.0000}+R4{0.0936,0.2029,0.1929,0.4609,0.3346,0.8825,0.3789,1.5751}"
ENSB:qKW4CvgjqOlgC3S,LG+I+R4,0.0000,,"(0.0936,0.2029) (0.1929,0.4609) (0.3346,0.8825) (0.3789,1.5751)","LG+I{0.0000}+R4{0.0936,0.2029,0.1929,0.4609,0.3346,0.8825,0.3789,1.5751}"
ENSB:LJ_niMWRinJ7kmO,LG+I+R4,0.0000,,"(0.0936,0.2029) (0.1929,0.4609) (0.3346,0.8825) (0.3789,1.5751)","LG+I{0.0000}+R4{0.0936,0.2029,0.1929,0.4609,0.3346,0.8825,0.3789,1.5751}"
ENSB:Q-nMTCZs6eniKWP,LG+I+R4,0.0000,,"(0.0936,0.2029) (0.1929,0.4609) (0.3346,0.8825) (0.3789,1.5751)","LG+I{0.0000}+R4{0.0936,0.2029,0.1929,0.4609,0.3346,0.8825,0.3789,1.5751}"
ENSB:wQuZFbvbMpExux-,LG+I+R4,0.0000,,"(0.0936,0.2029) (0.1929,0.4609) (0.3346,0.8825) (0.3789,1.5751)","LG+I{0.0000}+R4{0.0936,0.2029,0.1929,0.4609,0.3346,0.8825,0.3789,1.5751}"
ENSB:OJxBW0aqriD2wSv,LG+I+R4,0.0000,,"(0.0936,0.2029) (0.1929,0.4609) (0.3346,0.8825) (0.3789,1.5751)","LG+I{0.0000}+R4{0.0936,0.2029,0.1929,0.4609,0.3346,0.8825,0.3789,1.5751}"
ENSB:aHz7SWqovAZ-Daf,LG+I+G4,0.0123,1.5123,,LG+I{0.0123}+G4{1.5123}
ENSB:BYSLJQ0gFk8BcPX,LG+I+G4,0.0123,1.5123,,LG+I{0.0123}+G4{1.5123}
ENSB:JR60Ue3crYicclK,LG+I+G4,0.0123,1.5123,,LG+I{0.0123}+G4{1.5123}
ENSB:hl_cVXpgQwKXax7,LG+I+G4,0.0123,1.5123,,LG+I{0.0123}+G4{1.5123}
ENSB:Kh2hkbwth1HlaR7,LG+I+G4,0.0000,1.6651,,LG+I{0.0000}+G4{1.6651}
ENSB:ANxW3p5A49KZJyv,LG+I+G4,0.0000,1.6651,,LG+I{0.0000}+G4{1.6651}
ENSB:3E8w_UQkH1fhiPK,LG+I+R4,0.0202,,"(0.0754,0.3042) (0.2128,0.5427) (0.3786,0.9640) (0.3129,1.5868)","LG+I{0.0202}+R4{0.0754,0.3042,0.2128,0.5427,0.3786,0.9640,0.3129,1.5868}"
ENSB:x5cXtufwBR1jlVJ,LG+I+R4,0.0202,,"(0.0754,0.3042) (0.2128,0.5427) (0.3786,0.9640) (0.3129,1.5868)","LG+I{0.0202}+R4{0.0754,0.3042,0.2128,0.5427,0.3786,0.9640,0.3129,1.5868}"
ENSB:X7DEk2yhgeUOqOj,LG+I+R4,0.0202,,"(0.0754,0.3042) (0.2128,0.5427) (0.3786,0.9640) (0.3129,1.5868)","LG+I{0.0202}+R4{0.0754,0.3042,0.2128,0.5427,0.3786,0.9640,0.3129,1.5868}"
ENSB:d8P6AEjDm-jlm6y,LG+I+R4,0.0202,,"(0.0754,0.3042) (0.2128,0.5427) (0.3786,0.9640) (0.3129,1.5868)","LG+I{0.0202}+R4{0.0754,0.3042,0.2128,0.5427,0.3786,0.9640,0.3129,1.5868}"
ENSB:Ro_PJDgnt3fykxn,LG+I+R4,0.0202,,"(0.0754,0.3042) (0.2128,0.5427) (0.3786,0.9640) (0.3129,1.5868)","LG+I{0.0202}+R4{0.0754,0.3042,0.2128,0.5427,0.3786,0.9640,0.3129,1.5868}"
ENSB:to32BxS98In0UGf,LG+I+R4,0.0202,,"(0.0754,0.3042) (0.2128,0.5427) (0.3786,0.9640) (0.3129,1.5868)","LG+I{0.0202}+R4{0.0754,0.3042,0.2128,0.5427,0.3786,0.9640,0.3129,1.5868}"
ENSB:Pkm-99Zgy4f-j9N,LG+I+R4,0.0202,,"(0.0754,0.3042) (0.2128,0.5427) (0.3786,0.9640) (0.3129,1.5868)","LG+I{0.0202}+R4{0.0754,0.3042,0.2128,0.5427,0.3786,0.9640,0.3129,1.5868}"
ENSB:Cyj4EcKQdDIcoGt,LG+I+R4,0.0202,,"(0.0754,0.3042) (0.2128,0.5427) (0.3786,0.9640) (0.3129,1.5868)","LG+I{0.0202}+R4{0.0754,0.3042,0.2128,0.5427,0.3786,0.9640,0.3129,1.5868}"
ENSB:Wq8l-vYYQvSRdkH,LG+I+G4,0.1450,1.3554,,LG+I{0.1450}+G4{1.3554}
ENSB:Rx8BzXwsYrf4EJB,LG+I+G4,0.0574,1.1249,,LG+I{0.0574}+G4{1.1249}
ENSB:CepZlfIjg9FOcMG,LG+I+R4,0.0071,,"(0.0706,0.0858) (0.2016,0.3935) (0.3929,0.8798) (0.3278,1.7358)","LG+I{0.0071}+R4{0.0706,0.0858,0.2016,0.3935,0.3929,0.8798,0.3278,1.7358}"
ENSB:99YoBAXlYUbM7BS,LG+I+R4,0.0071,,"(0.0706,0.0858) (0.2016,0.3935) (0.3929,0.8798) (0.3278,1.7358)","LG+I{0.0071}+R4{0.0706,0.0858,0.2016,0.3935,0.3929,0.8798,0.3278,1.7358}"
ENSB:VQ_ms-fpCKKmOb8,LG+I+R4,0.0071,,"(0.0706,0.0858) (0.2016,0.3935) (0.3929,0.8798) (0.3278,1.7358)","LG+I{0.0071}+R4{0.0706,0.0858,0.2016,0.3935,0.3929,0.8798,0.3278,1.7358}"
ENSB:nHGW-7ot24vT0ZH,LG+I+R4,0.0071,,"(0.0706,0.0858) (0.2016,0.3935) (0.3929,0.8798) (0.3278,1.7358)","LG+I{0.0071}+R4{0.0706,0.0858,0.2016,0.3935,0.3929,0.8798,0.3278,1.7358}"
ENSB:HqBMycwj0gK5ttj,LG+I+R4,0.0071,,"(0.0706,0.0858) (0.2016,0.3935) (0.3929,0.8798) (0.3278,1.7358)","LG+I{0.0071}+R4{0.0706,0.0858,0.2016,0.3935,0.3929,0.8798,0.3278,1.7358}"
ENSB:jDwOyEDUqSEHJRQ,LG+I+R4,0.0071,,"(0.0706,0.0858) (0.2016,0.3935) (0.3929,0.8798) (0.3278,1.7358)","LG+I{0.0071}+R4{0.0706,0.0858,0.2016,0.3935,0.3929,0.8798,0.3278,1.7358}"
ENSB:v6_sMCFKyCjiDE5,LG+F+I+R4,0.0026,,"(0.0944,0.1442) (0.2427,0.4227) (0.3186,0.8648) (0.3417,1.7804)","LG+F+I{0.0026}+R4{0.0944,0.1442,0.2427,0.4227,0.3186,0.8648,0.3417,1.7804}"
ENSB:bm_2KuSg6N3U6GJ,LG+I+R4,0.0137,,"(0.0966,0.0804) (0.2853,0.4410) (0.3667,1.0352) (0.2377,2.0479)","LG+I{0.0137}+R4{0.0966,0.0804,0.2853,0.4410,0.3667,1.0352,0.2377,2.0479}"
ENSB:LOg3HOMz5paaRaw,LG+I+R4,0.0137,,"(0.0966,0.0804) (0.2853,0.4410) (0.3667,1.0352) (0.2377,2.0479)","LG+I{0.0137}+R4{0.0966,0.0804,0.2853,0.4410,0.3667,1.0352,0.2377,2.0479}"
ENSB:k0bGSH9Esf9WGDc,LG+I+R4,0.0295,,"(0.1186,0.0783) (0.1768,0.3645) (0.3259,0.8402) (0.3492,1.8685)","LG+I{0.0295}+R4{0.1186,0.0783,0.1768,0.3645,0.3259,0.8402,0.3492,1.8685}"
ENSB:a9Ir5jCH6cysmFU,LG+I+R4,0.0000,,"(0.2396,0.1860) (0.3061,0.6390) (0.3408,1.4180) (0.1136,2.4361)","LG+I{0.0000}+R4{0.2396,0.1860,0.3061,0.6390,0.3408,1.4180,0.1136,2.4361}"
ENSB:yO4LMJc-iPCrp-d,LG+I+R4,0.0000,,"(0.2396,0.1860) (0.3061,0.6390) (0.3408,1.4180) (0.1136,2.4361)","LG+I{0.0000}+R4{0.2396,0.1860,0.3061,0.6390,0.3408,1.4180,0.1136,2.4361}"
ENSB:blsVNdfQAIyKBNh,LG+I+R4,0.0000,,"(0.2396,0.1860) (0.3061,0.6390) (0.3408,1.4180) (0.1136,2.4361)","LG+I{0.0000}+R4{0.2396,0.1860,0.3061,0.6390,0.3408,1.4180,0.1136,2.4361}"
ENSB:3YqQrniyu0-rOaU,LG+I+R4,0.0000,,"(0.2396,0.1860) (0.3061,0.6390) (0.3408,1.4180) (0.1136,2.4361)","LG+I{0.0000}+R4{0.2396,0.1860,0.3061,0.6390,0.3408,1.4180,0.1136,2.4361}"
ENSB:bR45Q87wFp7oNuY,LG+I+R4,0.0000,,"(0.2396,0.1860) (0.3061,0.6390) (0.3408,1.4180) (0.1136,2.4361)","LG+I{0.0000}+R4{0.2396,0.1860,0.3061,0.6390,0.3408,1.4180,0.1136,2.4361}"
ENSB:8Gs4uX-3YYFD7uT,LG+I+R4,0.0000,,"(0.2396,0.1860) (0.3061,0.6390) (0.3408,1.4180) (0.1136,2.4361)","LG+I{0.0000}+R4{0.2396,0.1860,0.3061,0.6390,0.3408,1.4180,0.1136,2.4361}"
ENSB:w9lOrUUDyNx5J-p,LG+I+R4,0.0000,,"(0.2396,0.1860) (0.3061,0.6390) (0.3408,1.4180) (0.1136,2.4361)","LG+I{0.0000}+R4{0.2396,0.1860,0.3061,0.6390,0.3408,1.4180,0.1136,2.4361}"
ENSB:uxe-o7cxU3Y_X4O,LG+I+R4,0.0000,,"(0.2396,0.1860) (0.3061,0.6390) (0.3408,1.4180) (0.1136,2.4361)","LG+I{0.0000}+R4{0.2396,0.1860,0.3061,0.6390,0.3408,1.4180,0.1136,2.4361}"
ENSB:oZ-ihxw9IrpgR_u,LG+I+R4,0.0000,,"(0.2396,0.1860) (0.3061,0.6390) (0.3408,1.4180) (0.1136,2.4361)","LG+I{0.0000}+R4{0.2396,0.1860,0.3061,0.6390,0.3408,1.4180,0.1136,2.4361}"
ENSB:KJ0jSapkN20xqN7,LG+I+R4,0.0000,,"(0.2396,0.1860) (0.3061,0.6390) (0.3408,1.4180) (0.1136,2.4361)","LG+I{0.0000}+R4{0.2396,0.1860,0.3061,0.6390,0.3408,1.4180,0.1136,2.4361}"
ENSB:0N-ZFXLk3-5XHbS,LG+I+R4,0.0000,,"(0.2396,0.1860) (0.3061,0.6390) (0.3408,1.4180) (0.1136,2.4361)","LG+I{0.0000}+R4{0.2396,0.1860,0.3061,0.6390,0.3408,1.4180,0.1136,2.4361}"
ENSB:rOtfunen1s1gsPJ,LG+I+R4,0.0000,,"(0.2396,0.1860) (0.3061,0.6390) (0.3408,1.4180) (0.1136,2.4361)","LG+I{0.0000}+R4{0.2396,0.1860,0.3061,0.6390,0.3408,1.4180,0.1136,2.4361}"
ENSB:Kd5c6pPEEnJtwlp,LG+I+R4,0.0000,,"(0.2396,0.1860) (0.3061,0.6390) (0.3408,1.4180) (0.1136,2.4361)","LG+I{0.0000}+R4{0.2396,0.1860,0.3061,0.6390,0.3408,1.4180,0.1136,2.4361}"
ENSB:bxHiSNVol1Og9M4,LG+I+R4,0.0000,,"(0.2396,0.1860) (0.3061,0.6390) (0.3408,1.4180) (0.1136,2.4361)","LG+I{0.0000}+R4{0.2396,0.1860,0.3061,0.6390,0.3408,1.4180,0.1136,2.4361}"
ENSB:Qj5NcnJ_WC_w3JB,LG+I+R4,0.0000,,"(0.2396,0.1860) (0.3061,0.6390) (0.3408,1.4180) (0.1136,2.4361)","LG+I{0.0000}+R4{0.2396,0.1860,0.3061,0.6390,0.3408,1.4180,0.1136,2.4361}"
ENSB:sLoxxAkL0udgDgJ,LG+I+R4,0.0000,,"(0.2396,0.1860) (0.3061,0.6390) (0.3408,1.4180) (0.1136,2.4361)","LG+I{0.0000}+R4{0.2396,0.1860,0.3061,0.6390,0.3408,1.4180,0.1136,2.4361}"
ENSB:l-oKNo1-3trQZQ4,LG+I+R4,0.0000,,"(0.2396,0.1860) (0.3061,0.6390) (0.3408,1.4180) (0.1136,2.4361)","LG+I{0.0000}+R4{0.2396,0.1860,0.3061,0.6390,0.3408,1.4180,0.1136,2.4361}"
ENSB:7Cx0m5BFqLZQMbP,LG+I+R4,0.0000,,"(0.2396,0.1860) (0.3061,0.6390) (0.3408,1.4180) (0.1136,2.4361)","LG+I{0.0000}+R4{0.2396,0.1860,0.3061,0.6390,0.3408,1.4180,0.1136,2.4361}"
ENSB:3TzjAHnDiORzoh1,LG+I+R4,0.0000,,"(0.2396,0.1860) (0.3061,0.6390) (0.3408,1.4180) (0.1136,2.4361)","LG+I{0.0000}+R4{0.2396,0.1860,0.3061,0.6390,0.3408,1.4180,0.1136,2.4361}"
ENSB:vMWBMfOSFExKXCG,LG+I+R4,0.0000,,"(0.2396,0.1860) (0.3061,0.6390) (0.3408,1.4180) (0.1136,2.4361)","LG+I{0.0000}+R4{0.2396,0.1860,0.3061,0.6390,0.3408,1.4180,0.1136,2.4361}"
ENSB:Mg7TaF2tlDGXns-,LG+I+R4,0.0000,,"(0.2396,0.1860) (0.3061,0.6390) (0.3408,1.4180) (0.1136,2.4361)","LG+I{0.0000}+R4{0.2396,0.1860,0.3061,0.6390,0.3408,1.4180,0.1136,2.4361}"
ENSB:yKQz6JjGJdDA9C4,LG+I+R4,0.0000,,"(0.2396,0.1860) (0.3061,0.6390) (0.3408,1.4180) (0.1136,2.4361)","LG+I{0.0000}+R4{0.2396,0.1860,0.3061,0.6390,0.3408,1.4180,0.1136,2.4361}"
ENSB:QLA4djaU6-2uS19,LG+I+R4,0.0000,,"(0.2396,0.1860) (0.3061,0.6390) (0.3408,1.4180) (0.1136,2.4361)","LG+I{0.0000}+R4{0.2396,0.1860,0.3061,0.6390,0.3408,1.4180,0.1136,2.4361}"
ENSB:uA9n1iva1z94FGd,LG+I+R4,0.0000,,"(0.2396,0.1860) (0.3061,0.6390) (0.3408,1.4180) (0.1136,2.4361)","LG+I{0.0000}+R4{0.2396,0.1860,0.3061,0.6390,0.3408,1.4180,0.1136,2.4361}"
ENSB:8UH5lSpComMEwoV,LG+I+R4,0.0000,,"(0.2396,0.1860) (0.3061,0.6390) (0.3408,1.4180) (0.1136,2.4361)","LG+I{0.0000}+R4{0.2396,0.1860,0.3061,0.6390,0.3408,1.4180,0.1136,2.4361}"
ENSB:iFoWyG3bU-6H0fE,LG+I+R4,0.0000,,"(0.2396,0.1860) (0.3061,0.6390) (0.3408,1.4180) (0.1136,2.4361)","LG+I{0.0000}+R4{0.2396,0.1860,0.3061,0.6390,0.3408,1.4180,0.1136,2.4361}"
ENSB:YCFbVa9eeEbKEjG,LG+I+R4,0.0000,,"(0.2396,0.1860) (0.3061,0.6390) (0.3408,1.4180) (0.1136,2.4361)","LG+I{0.0000}+R4{0.2396,0.1860,0.3061,0.6390,0.3408,1.4180,0.1136,2.4361}"
ENSB:fmkqm1wyPIZyqhr,LG+I+R4,0.0000,,"(0.2396,0.1860) (0.3061,0.6390) (0.3408,1.4180) (0.1136,2.4361)","LG+I{0.0000}+R4{0.2396,0.1860,0.3061,0.6390,0.3408,1.4180,0.1136,2.4361}"
ENSB:7DjzkLmKDeT3px6,LG+I+R4,0.0000,,"(0.2396,0.1860) (0.3061,0.6390) (0.3408,1.4180) (0.1136,2.4361)","LG+I{0.0000}+R4{0.2396,0.1860,0.3061,0.6390,0.3408,1.4180,0.1136,2.4361}"
ENSB:8-yTbqZ_rp5t1fb,LG+I+R4,0.0000,,"(0.2396,0.1860) (0.3061,0.6390) (0.3408,1.4180) (0.1136,2.4361)","LG+I{0.0000}+R4{0.2396,0.1860,0.3061,0.6390,0.3408,1.4180,0.1136,2.4361}"
ENSB:VDm9TPBWvHIN0VT,LG+I+R4,0.0000,,"(0.2396,0.1860) (0.3061,0.6390) (0.3408,1.4180) (0.1136,2.4361)","LG+I{0.0000}+R4{0.2396,0.1860,0.3061,0.6390,0.3408,1.4180,0.1136,2.4361}"
ENSB:cZl3tADBA4Wog1x,LG+I+R4,0.0000,,"(0.2396,0.1860) (0.3061,0.6390) (0.3408,1.4180) (0.1136,2.4361)","LG+I{0.0000}+R4{0.2396,0.1860,0.3061,0.6390,0.3408,1.4180,0.1136,2.4361}"
ENSB:OHa8AWP-V-g_LUK,LG+I+R4,0.0000,,"(0.2396,0.1860) (0.3061,0.6390) (0.3408,1.4180) (0.1136,2.4361)","LG+I{0.0000}+R4{0.2396,0.1860,0.3061,0.6390,0.3408,1.4180,0.1136,2.4361}"
ENSB:2wk1Urdvx43NSRL,LG+I+R4,0.0000,,"(0.2396,0.1860) (0.3061,0.6390) (0.3408,1.4180) (0.1136,2.4361)","LG+I{0.0000}+R4{0.2396,0.1860,0.3061,0.6390,0.3408,1.4180,0.1136,2.4361}"
ENSB:VvzxxMUrL6x6sCw,LG+I+R4,0.0000,,"(0.2396,0.1860) (0.3061,0.6390) (0.3408,1.4180) (0.1136,2.4361)","LG+I{0.0000}+R4{0.2396,0.1860,0.3061,0.6390,0.3408,1.4180,0.1136,2.4361}"
ENSB:Pii6o2AJPoU4LbU,LG+I+R4,0.0000,,"(0.2396,0.1860) (0.3061,0.6390) (0.3408,1.4180) (0.1136,2.4361)","LG+I{0.0000}+R4{0.2396,0.1860,0.3061,0.6390,0.3408,1.4180,0.1136,2.4361}"
ENSB:nZYBmBSKbIQE79j,LG+I+R4,0.0000,,"(0.2396,0.1860) (0.3061,0.6390) (0.3408,1.4180) (0.1136,2.4361)","LG+I{0.0000}+R4{0.2396,0.1860,0.3061,0.6390,0.3408,1.4180,0.1136,2.4361}"
ENSB:STtRzh33I3kw5D-,LG+I+R4,0.0000,,"(0.2396,0.1860) (0.3061,0.6390) (0.3408,1.4180) (0.1136,2.4361)","LG+I{0.0000}+R4{0.2396,0.1860,0.3061,0.6390,0.3408,1.4180,0.1136,2.4361}"
ENSB:KO7MOkAcv9eNV0W,LG+I+R4,0.0000,,"(0.2396,0.1860) (0.3061,0.6390) (0.3408,1.4180) (0.1136,2.4361)","LG+I{0.0000}+R4{0.2396,0.1860,0.3061,0.6390,0.3408,1.4180,0.1136,2.4361}"
ENSB:xwImu-OSbuoY1bg,LG+I+R4,0.0000,,"(0.2396,0.1860) (0.3061,0.6390) (0.3408,1.4180) (0.1136,2.4361)","LG+I{0.0000}+R4{0.2396,0.1860,0.3061,0.6390,0.3408,1.4180,0.1136,2.4361}"
ENSB:asxQg_JuiBUTFVI,LG+I+R4,0.0000,,"(0.2396,0.1860) (0.3061,0.6390) (0.3408,1.4180) (0.1136,2.4361)","LG+I{0.0000}+R4{0.2396,0.1860,0.3061,0.6390,0.3408,1.4180,0.1136,2.4361}"
ENSB:I488dsPc0WfDkfx,LG+I+R4,0.0000,,"(0.2396,0.1860) (0.3061,0.6390) (0.3408,1.4180) (0.1136,2.4361)","LG+I{0.0000}+R4{0.2396,0.1860,0.3061,0.6390,0.3408,1.4180,0.1136,2.4361}"
ENSB:cI7IurS0gJ1Pg2Y,LG+I+G4,0.0412,2.0307,,LG+I{0.0412}+G4{2.0307}
ENSB:XAeS5IwW95F1CxB,LG+I+G4,0.0412,2.0307,,LG+I{0.0412}+G4{2.0307}
ENSB:XAeS5IwW95F1CxB,LG+I+G4,0.0412,2.0307,,LG+I{0.0412}+G4{2.0307}
ENSB:p5dX9jFo-IwQgVP,LG+I+G4,0.0412,2.0307,,LG+I{0.0412}+G4{2.0307}
ENSB:HjRz5Nx46WjR9NF,LG+I+G4,0.0412,2.0307,,LG+I{0.0412}+G4{2.0307}
ENSB:O__2V5hvhFYAxHi,LG+I+G4,0.0412,2.0307,,LG+I{0.0412}+G4{2.0307}
ENSB:vFLjLLW8uLAQkaR,LG+I+G4,0.0412,2.0307,,LG+I{0.0412}+G4{2.0307}
ENSB:iCr5igDoEkf25bz,LG+I+G4,0.0412,2.0307,,LG+I{0.0412}+G4{2.0307}
ENSB:uWrQLSVOyldp98S,LG+I+G4,0.0329,2.0208,,LG+I{0.0329}+G4{2.0208}
ENSB:9HfVfr3tDB9UWgo,LG+I+G4,0.0329,2.0208,,LG+I{0.0329}+G4{2.0208}
ENSB:9HfVfr3tDB9UWgo,LG+I+G4,0.0329,2.0208,,LG+I{0.0329}+G4{2.0208}
ENSB:lImP9Ffv_uh5KxL,LG+I+G4,0.0329,2.0208,,LG+I{0.0329}+G4{2.0208}
ENSB:MlXnqMg-YK6JrCj,LG+F+I+G4,0.0000,3.1386,,LG+F+I{0.0000}+G4{3.1386}
ENSB:sWk5MZblpNIBCHY,LG+I+R4,0.0020,,"(0.0826,0.1148) (0.2087,0.3812) (0.2554,0.8209) (0.4512,1.5543)","LG+I{0.0020}+R4{0.0826,0.1148,0.2087,0.3812,0.2554,0.8209,0.4512,1.5543}"
ENSB:sWk5MZblpNIBCHY,LG+I+R4,0.0020,,"(0.0826,0.1148) (0.2087,0.3812) (0.2554,0.8209) (0.4512,1.5543)","LG+I{0.0020}+R4{0.0826,0.1148,0.2087,0.3812,0.2554,0.8209,0.4512,1.5543}"
ENSB:6u8OZa2XGJpBjfn,LG+F+I+R4,0.0000,,"(0.0514,0.1569) (0.2123,0.4421) (0.3071,0.8580) (0.4293,1.4784)","LG+F+I{0.0000}+R4{0.0514,0.1569,0.2123,0.4421,0.3071,0.8580,0.4293,1.4784}"
ENSB:TLEEfN21pK-M7FP,LG+F+I+R4,0.0000,,"(0.0514,0.1569) (0.2123,0.4421) (0.3071,0.8580) (0.4293,1.4784)","LG+F+I{0.0000}+R4{0.0514,0.1569,0.2123,0.4421,0.3071,0.8580,0.4293,1.4784}"
ENSB:lRpLoKEhjckvXvl,LG+F+I+R4,0.0000,,"(0.0514,0.1569) (0.2123,0.4421) (0.3071,0.8580) (0.4293,1.4784)","LG+F+I{0.0000}+R4{0.0514,0.1569,0.2123,0.4421,0.3071,0.8580,0.4293,1.4784}"
ENSB:eZWCvZ5uu4hjw9W,LG+I+R4,0.0124,,"(0.0422,0.0820) (0.1886,0.2926) (0.3566,0.7586) (0.4002,1.6761)","LG+I{0.0124}+R4{0.0422,0.0820,0.1886,0.2926,0.3566,0.7586,0.4002,1.6761}"
ENSB:Eqhop9RZJJzBwFI,LG+I+R4,0.0124,,"(0.0422,0.0820) (0.1886,0.2926) (0.3566,0.7586) (0.4002,1.6761)","LG+I{0.0124}+R4{0.0422,0.0820,0.1886,0.2926,0.3566,0.7586,0.4002,1.6761}"
ENSB:NnOJAoRGXxAsHWB,LG+I+R4,0.0000,,"(0.0251,0.0431) (0.1018,0.3626) (0.3383,0.7824) (0.5348,1.3040)","LG+I{0.0000}+R4{0.0251,0.0431,0.1018,0.3626,0.3383,0.7824,0.5348,1.3040}"
ENSB:w6IXj6vBjY6Xy1e,LG+I+R4,0.0000,,"(0.0251,0.0431) (0.1018,0.3626) (0.3383,0.7824) (0.5348,1.3040)","LG+I{0.0000}+R4{0.0251,0.0431,0.1018,0.3626,0.3383,0.7824,0.5348,1.3040}"
ENSB:DW7qhAfY3duzJRk,LG+I+R4,0.0000,,"(0.0251,0.0431) (0.1018,0.3626) (0.3383,0.7824) (0.5348,1.3040)","LG+I{0.0000}+R4{0.0251,0.0431,0.1018,0.3626,0.3383,0.7824,0.5348,1.3040}"
ENSB:peDpMQ0PM8fKfNP,LG+I+R4,0.0000,,"(0.0251,0.0431) (0.1018,0.3626) (0.3383,0.7824) (0.5348,1.3040)","LG+I{0.0000}+R4{0.0251,0.0431,0.1018,0.3626,0.3383,0.7824,0.5348,1.3040}"
ENSB:CNrePAtkj57ThR9,LG+I+R4,0.0000,,"(0.0251,0.0431) (0.1018,0.3626) (0.3383,0.7824) (0.5348,1.3040)","LG+I{0.0000}+R4{0.0251,0.0431,0.1018,0.3626,0.3383,0.7824,0.5348,1.3040}"
ENSB:kBeWGwwrVbl1awE,LG+I+R4,0.0000,,"(0.0251,0.0431) (0.1018,0.3626) (0.3383,0.7824) (0.5348,1.3040)","LG+I{0.0000}+R4{0.0251,0.0431,0.1018,0.3626,0.3383,0.7824,0.5348,1.3040}"
ENSB:uIS1vui9ymXuiId,LG+I+R4,0.0000,,"(0.0251,0.0431) (0.1018,0.3626) (0.3383,0.7824) (0.5348,1.3040)","LG+I{0.0000}+R4{0.0251,0.0431,0.1018,0.3626,0.3383,0.7824,0.5348,1.3040}"
ENSB:pkOdbEnyZaXzX_s,LG+I+R4,0.0000,,"(0.0251,0.0431) (0.1018,0.3626) (0.3383,0.7824) (0.5348,1.3040)","LG+I{0.0000}+R4{0.0251,0.0431,0.1018,0.3626,0.3383,0.7824,0.5348,1.3040}"
ENSB:42UMHGCFILxsCGy,LG+I+R4,0.0094,,"(0.1115,0.0791) (0.2029,0.2971) (0.2823,0.7505) (0.3940,1.8252)","LG+I{0.0094}+R4{0.1115,0.0791,0.2029,0.2971,0.2823,0.7505,0.3940,1.8252}"
ENSB:m5A21m9_tyRtgZ1,LG+I+R4,0.0094,,"(0.1115,0.0791) (0.2029,0.2971) (0.2823,0.7505) (0.3940,1.8252)","LG+I{0.0094}+R4{0.1115,0.0791,0.2029,0.2971,0.2823,0.7505,0.3940,1.8252}"
ENSB:rEEoBvQYuO-EUpe,LG+I+R4,0.0094,,"(0.1115,0.0791) (0.2029,0.2971) (0.2823,0.7505) (0.3940,1.8252)","LG+I{0.0094}+R4{0.1115,0.0791,0.2029,0.2971,0.2823,0.7505,0.3940,1.8252}"
ENSB:cId6kWyhWlZhAt9,LG+I+R4,0.0094,,"(0.1115,0.0791) (0.2029,0.2971) (0.2823,0.7505) (0.3940,1.8252)","LG+I{0.0094}+R4{0.1115,0.0791,0.2029,0.2971,0.2823,0.7505,0.3940,1.8252}"
ENSB:G9UYYvbfmjYe_fv,LG+I+R4,0.0094,,"(0.1115,0.0791) (0.2029,0.2971) (0.2823,0.7505) (0.3940,1.8252)","LG+I{0.0094}+R4{0.1115,0.0791,0.2029,0.2971,0.2823,0.7505,0.3940,1.8252}"
ENSB:2JtnPtaPS7TcH1L,LG+I+R4,0.0000,,"(0.0375,0.1046) (0.2550,0.4536) (0.4222,0.8718) (0.2854,1.7955)","LG+I{0.0000}+R4{0.0375,0.1046,0.2550,0.4536,0.4222,0.8718,0.2854,1.7955}"
ENSB:dxRlVys9RcGqyrO,LG+I+R4,0.0000,,"(0.0375,0.1046) (0.2550,0.4536) (0.4222,0.8718) (0.2854,1.7955)","LG+I{0.0000}+R4{0.0375,0.1046,0.2550,0.4536,0.4222,0.8718,0.2854,1.7955}"
ENSB:SyIjsrrdBYBziih,LG+I+R4,0.0000,,"(0.0375,0.1046) (0.2550,0.4536) (0.4222,0.8718) (0.2854,1.7955)","LG+I{0.0000}+R4{0.0375,0.1046,0.2550,0.4536,0.4222,0.8718,0.2854,1.7955}"
ENSB:lon0v5qekGOlmyf,LG+I+R4,0.0000,,"(0.0375,0.1046) (0.2550,0.4536) (0.4222,0.8718) (0.2854,1.7955)","LG+I{0.0000}+R4{0.0375,0.1046,0.2550,0.4536,0.4222,0.8718,0.2854,1.7955}"
ENSB:ZuVurarrP4IyL9S,LG+I+R4,0.0000,,"(0.0375,0.1046) (0.2550,0.4536) (0.4222,0.8718) (0.2854,1.7955)","LG+I{0.0000}+R4{0.0375,0.1046,0.2550,0.4536,0.4222,0.8718,0.2854,1.7955}"
ENSB:0K34prn2oTEmYtb,LG+I+R4,0.0000,,"(0.0375,0.1046) (0.2550,0.4536) (0.4222,0.8718) (0.2854,1.7955)","LG+I{0.0000}+R4{0.0375,0.1046,0.2550,0.4536,0.4222,0.8718,0.2854,1.7955}"
ENSB:cNvfG_9_VBN9v5Z,LG+I+R4,0.0000,,"(0.0375,0.1046) (0.2550,0.4536) (0.4222,0.8718) (0.2854,1.7955)","LG+I{0.0000}+R4{0.0375,0.1046,0.2550,0.4536,0.4222,0.8718,0.2854,1.7955}"
ENSB:dJHOUdd3lv55fDZ,LG+I+R4,0.0000,,"(0.0375,0.1046) (0.2550,0.4536) (0.4222,0.8718) (0.2854,1.7955)","LG+I{0.0000}+R4{0.0375,0.1046,0.2550,0.4536,0.4222,0.8718,0.2854,1.7955}"
ENSB:ebRGRGS8NHm-l5Y,LG+I+R4,0.0000,,"(0.0375,0.1046) (0.2550,0.4536) (0.4222,0.8718) (0.2854,1.7955)","LG+I{0.0000}+R4{0.0375,0.1046,0.2550,0.4536,0.4222,0.8718,0.2854,1.7955}"
ENSB:euC_IyeNtbo9dyi,LG+I+R4,0.0000,,"(0.0375,0.1046) (0.2550,0.4536) (0.4222,0.8718) (0.2854,1.7955)","LG+I{0.0000}+R4{0.0375,0.1046,0.2550,0.4536,0.4222,0.8718,0.2854,1.7955}"
ENSB:9W8Zam8EV7kbjE4,LG+I+R4,0.0000,,"(0.0375,0.1046) (0.2550,0.4536) (0.4222,0.8718) (0.2854,1.7955)","LG+I{0.0000}+R4{0.0375,0.1046,0.2550,0.4536,0.4222,0.8718,0.2854,1.7955}"
ENSB:PckSCNt4WKG_q5e,LG+I+R4,0.0000,,"(0.0375,0.1046) (0.2550,0.4536) (0.4222,0.8718) (0.2854,1.7955)","LG+I{0.0000}+R4{0.0375,0.1046,0.2550,0.4536,0.4222,0.8718,0.2854,1.7955}"
ENSB:Yvp9wBGuayJ4-tM,LG+I+R4,0.0000,,"(0.0375,0.1046) (0.2550,0.4536) (0.4222,0.8718) (0.2854,1.7955)","LG+I{0.0000}+R4{0.0375,0.1046,0.2550,0.4536,0.4222,0.8718,0.2854,1.7955}"
ENSB:NEuFAj0OOeer_1e,LG+I+R4,0.0000,,"(0.0375,0.1046) (0.2550,0.4536) (0.4222,0.8718) (0.2854,1.7955)","LG+I{0.0000}+R4{0.0375,0.1046,0.2550,0.4536,0.4222,0.8718,0.2854,1.7955}"
ENSB:5iAJyUZqxvVdpEO,LG+I+G4,0.0000,1.9745,,LG+I{0.0000}+G4{1.9745}
ENSB:jvN45M301y9-LOA,LG+I+G4,0.0000,1.9745,,LG+I{0.0000}+G4{1.9745}
ENSB:CHSbfOA58zqEi1Z,LG+I+G4,0.0000,1.9745,,LG+I{0.0000}+G4{1.9745}
ENSB:IDWoISeHu_kOefp,LG+I+G4,0.0000,1.9745,,LG+I{0.0000}+G4{1.9745}
ENSB:n_uPSno6e2J9SAM,LG+I+G4,0.0000,1.9745,,LG+I{0.0000}+G4{1.9745}
ENSB:9g4PlRCx12zo_aH,LG+I+G4,0.0000,1.9745,,LG+I{0.0000}+G4{1.9745}
ENSB:gMHwkva2n6suNAP,LG+I+G4,0.0440,0.9035,,LG+I{0.0440}+G4{0.9035}
ENSB:VfsgTgmXCr8R9Cw,LG+I+G4,0.0440,0.9035,,LG+I{0.0440}+G4{0.9035}
ENSB:o0zoOZb5tl8A0jO,LG+I+G4,0.0440,0.9035,,LG+I{0.0440}+G4{0.9035}
ENSB:Radbd_-O6fr7Tlz,LG+I+G4,0.0440,0.9035,,LG+I{0.0440}+G4{0.9035}
ENSB:rRb2qVnCWr83dvj,LG+I+G4,0.0440,0.9035,,LG+I{0.0440}+G4{0.9035}
ENSB:Ck5icONds9hqc1d,LG+I+G4,0.0440,0.9035,,LG+I{0.0440}+G4{0.9035}
ENSB:HfWpjSIidKwf-Xh,LG+I+G4,0.0440,0.9035,,LG+I{0.0440}+G4{0.9035}
ENSB:9tr5sweah_jgyeg,LG+I+G4,0.0440,0.9035,,LG+I{0.0440}+G4{0.9035}
ENSB:Iaab_HT1uvn49LJ,LG+I+G4,0.0440,0.9035,,LG+I{0.0440}+G4{0.9035}
ENSB:v_A8K3gi4NwhzGa,LG+I+G4,0.0440,0.9035,,LG+I{0.0440}+G4{0.9035}
ENSB:63hxmaiiRl6nywK,LG+I+G4,0.0440,0.9035,,LG+I{0.0440}+G4{0.9035}
ENSB:81jma_czPaIpXhz,LG+I+G4,0.0440,0.9035,,LG+I{0.0440}+G4{0.9035}
ENSB:j6ZwkpscVMdspEq,LG+I+G4,0.0440,0.9035,,LG+I{0.0440}+G4{0.9035}
ENSB:2xBP3JXKBhDbCh1,LG+I+R4,0.0000,,"(0.0953,0.1349) (0.1758,0.3617) (0.3689,0.8293) (0.3599,1.7158)","LG+I{0.0000}+R4{0.0953,0.1349,0.1758,0.3617,0.3689,0.8293,0.3599,1.7158}"
ENSB:AVy-VTpOuhqgiCn,LG+I+R4,0.0000,,"(0.0953,0.1349) (0.1758,0.3617) (0.3689,0.8293) (0.3599,1.7158)","LG+I{0.0000}+R4{0.0953,0.1349,0.1758,0.3617,0.3689,0.8293,0.3599,1.7158}"
ENSB:RC7BBD4RvepXl7E,LG+I+R4,0.0093,,"(0.0953,0.0675) (0.1742,0.3098) (0.2628,0.6989) (0.4584,1.6489)","LG+I{0.0093}+R4{0.0953,0.0675,0.1742,0.3098,0.2628,0.6989,0.4584,1.6489}"
ENSB:Nm2bXeyikETb17X,LG+I+G4,0.0551,2.6007,,LG+I{0.0551}+G4{2.6007}
ENSB:cYhnJJQan0rAHYP,LG+I+G4,0.0000,2.1665,,LG+I{0.0000}+G4{2.1665}
ENSB:ONjcZK3r6OAnYzP,LG+I+R4,0.0000,,"(0.1058,0.1388) (0.2838,0.4345) (0.3294,0.9886) (0.2809,1.9090)","LG+I{0.0000}+R4{0.1058,0.1388,0.2838,0.4345,0.3294,0.9886,0.2809,1.9090}"
ENSB:2edlaKfXSk2P8Tu,LG+I+G4,0.0135,1.8259,,LG+I{0.0135}+G4{1.8259}
ENSB:m9f6u6-kS9nnpDm,LG+I+G4,0.0135,1.8259,,LG+I{0.0135}+G4{1.8259}
ENSB:pJP811Eh8zCC-2b,LG+I+G4,0.0135,1.8259,,LG+I{0.0135}+G4{1.8259}
ENSB:d8P6AEjDm-jlm6y,LG+I+G4,0.0135,1.8259,,LG+I{0.0135}+G4{1.8259}
ENSB:H4f12BKPfrZn5cs,LG+I+G4,0.0135,1.8259,,LG+I{0.0135}+G4{1.8259}
ENSB:Cyj4EcKQdDIcoGt,LG+I+G4,0.0135,1.8259,,LG+I{0.0135}+G4{1.8259}
ENSB:Iygok0ti0GcMXM2,LG+I+G4,0.0032,1.2438,,LG+I{0.0032}+G4{1.2438}
ENSB:-_aRGpiJ3sIwsik,LG+I+G4,0.0040,1.3866,,LG+I{0.0040}+G4{1.3866}
ENSB:NV_KcPVdrYse5B1,LG+I+G4,0.0251,1.1910,,LG+I{0.0251}+G4{1.1910}
ENSB:BYWc0qvwdCG3x7v,LG+I+G4,0.0251,1.1910,,LG+I{0.0251}+G4{1.1910}
ENSB:Vjbm8pQDiMcbux4,LG+I+G4,0.0251,1.1910,,LG+I{0.0251}+G4{1.1910}
ENSB:s4SmIMEWVuzi5fr,LG+I+G4,0.0098,1.1696,,LG+I{0.0098}+G4{1.1696}
ENSB:TuOtU3RGOxH8ksg,LG+I+G4,0.0000,1.3614,,LG+I{0.0000}+G4{1.3614}
ENSB:3gGRLQgV3o6G0m5,LG+I+G4,0.0000,1.3614,,LG+I{0.0000}+G4{1.3614}
ENSB:ZBOi1cDRhxyAW1r,LG+I+G4,0.0000,1.3614,,LG+I{0.0000}+G4{1.3614}
ENSB:R90At8zXxpL1X-1,LG+I+R4,0.0000,,"(0.1037,0.0397) (0.2296,0.3733) (0.3377,0.8724) (0.3291,1.8707)","LG+I{0.0000}+R4{0.1037,0.0397,0.2296,0.3733,0.3377,0.8724,0.3291,1.8707}"
ENSB:NtrM49ply5zK4mT,LG+I+G4,0.0366,1.4724,,LG+I{0.0366}+G4{1.4724}
ENSB:yj0YHYU4vPuDW7o,LG+I+G4,0.0000,1.2889,,LG+I{0.0000}+G4{1.2889}
ENSB:ZttLvlx1eEjbqte,LG+I+G4,0.0000,1.2889,,LG+I{0.0000}+G4{1.2889}
ENSB:Dji_gv_qtwuRRHu,LG+I+G4,0.0000,1.2889,,LG+I{0.0000}+G4{1.2889}
ENSB:_ECSTSGz4BZyKp7,LG+I+G4,0.0000,1.2889,,LG+I{0.0000}+G4{1.2889}
ENSB:_aJpzY53uXFaqEX,LG+I+G4,0.0000,1.2889,,LG+I{0.0000}+G4{1.2889}
ENSB:lkp8czEj5ffd447,LG+I+G4,0.0000,1.2889,,LG+I{0.0000}+G4{1.2889}
ENSB:6d0uvSx0mL053FG,LG+I+G4,0.0000,1.2889,,LG+I{0.0000}+G4{1.2889}
ENSB:d15JM88S03Vey-d,LG+I+G4,0.0000,1.2889,,LG+I{0.0000}+G4{1.2889}
ENSB:iEg0vZ_TG8Ls587,LG+I+G4,0.0000,1.2889,,LG+I{0.0000}+G4{1.2889}
ENSB:BunA8rgbC3Jv7HZ,LG+I+G4,0.0000,1.2889,,LG+I{0.0000}+G4{1.2889}
ENSB:E3QMrX2AZyuN6Yv,LG+I+G4,0.0000,1.2889,,LG+I{0.0000}+G4{1.2889}
ENSB:wLPk4yVl65fLaRa,LG+I+G4,0.0000,1.2889,,LG+I{0.0000}+G4{1.2889}
ENSB:mkZel1ufF3VzcID,LG+I+G4,0.0000,1.2889,,LG+I{0.0000}+G4{1.2889}
ENSB:DLK7jP6dPRRPGG_,LG+I+G4,0.0000,1.2889,,LG+I{0.0000}+G4{1.2889}
ENSB:ipHT7XDIMYqAkmS,LG+I+G4,0.0000,1.2889,,LG+I{0.0000}+G4{1.2889}
ENSB:z9f2XFMWginRycI,LG+I+G4,0.0000,1.2889,,LG+I{0.0000}+G4{1.2889}
ENSB:liqPtSeHxc4HLBQ,LG+I+G4,0.0000,1.2889,,LG+I{0.0000}+G4{1.2889}
ENSB:ERNV1Io0R6fJh4-,LG+I+G4,0.0000,1.2889,,LG+I{0.0000}+G4{1.2889}
ENSB:VZcnoCKiAgOCS1-,LG+I+G4,0.0000,1.2889,,LG+I{0.0000}+G4{1.2889}
ENSB:oIXU-kHll86Mj5J,LG+I+G4,0.0000,1.2889,,LG+I{0.0000}+G4{1.2889}
ENSB:gSsGTJFrnNyHagw,LG+I+R4,0.0027,,"(0.0530,0.0811) (0.2686,0.3743) (0.3891,0.8829) (0.2867,1.9242)","LG+I{0.0027}+R4{0.0530,0.0811,0.2686,0.3743,0.3891,0.8829,0.2867,1.9242}"
ENSB:9fLacNC-YhWp-HP,LG+I+R4,0.0027,,"(0.0530,0.0811) (0.2686,0.3743) (0.3891,0.8829) (0.2867,1.9242)","LG+I{0.0027}+R4{0.0530,0.0811,0.2686,0.3743,0.3891,0.8829,0.2867,1.9242}"
ENSB:5-mDLm6jgMPMopi,LG+I+R4,0.0185,,"(0.1989,0.1364) (0.2898,0.5481) (0.3048,1.1968) (0.1881,2.3887)","LG+I{0.0185}+R4{0.1989,0.1364,0.2898,0.5481,0.3048,1.1968,0.1881,2.3887}"
ENSB:kMO_wBIOx8T6Gr5,LG+I+G4,0.0253,2.2104,,LG+I{0.0253}+G4{2.2104}
ENSB:D1ipoFU8tkscpJH,LG+I+G4,0.0253,2.2104,,LG+I{0.0253}+G4{2.2104}
ENSB:K6TLzrdP1kjA_q_,LG+I+G4,0.0253,2.2104,,LG+I{0.0253}+G4{2.2104}
ENSB:nWkyFuTIp82ZP7z,LG+I+G4,0.0253,2.2104,,LG+I{0.0253}+G4{2.2104}
ENSB:1zZf1Agqb2IsIXs,LG+I+G4,0.0253,2.2104,,LG+I{0.0253}+G4{2.2104}
ENSB:X8btC-peY8P8via,LG+I+G4,0.0253,2.2104,,LG+I{0.0253}+G4{2.2104}
ENSB:ndN6i_ZoXdYAi2Y,LG+I+G4,0.0253,2.2104,,LG+I{0.0253}+G4{2.2104}
ENSB:faGCxvBRUXkW9eX,LG+I+G4,0.0000,1.1515,,LG+I{0.0000}+G4{1.1515}
ENSB:6stz-9Bv4O50OuD,LG+I+R4,0.0137,,"(0.0793,0.1537) (0.3203,0.5394) (0.3866,1.1009) (0.2001,1.9467)","LG+I{0.0137}+R4{0.0793,0.1537,0.3203,0.5394,0.3866,1.1009,0.2001,1.9467}"
ENSB:iMMSDeM1dHRE9OI,LG+I+R4,0.0137,,"(0.0793,0.1537) (0.3203,0.5394) (0.3866,1.1009) (0.2001,1.9467)","LG+I{0.0137}+R4{0.0793,0.1537,0.3203,0.5394,0.3866,1.1009,0.2001,1.9467}"
ENSB:4RVHwitGyAreCD2,LG+I+R4,0.0000,,"(0.0910,0.2696) (0.3527,0.5958) (0.3192,1.0152) (0.2370,1.8616)","LG+I{0.0000}+R4{0.0910,0.2696,0.3527,0.5958,0.3192,1.0152,0.2370,1.8616}"
ENSB:nr-aLS24rRmkAmt,LG+I+R4,0.0000,,"(0.0910,0.2696) (0.3527,0.5958) (0.3192,1.0152) (0.2370,1.8616)","LG+I{0.0000}+R4{0.0910,0.2696,0.3527,0.5958,0.3192,1.0152,0.2370,1.8616}"
ENSB:p6D_m3lV2zMP8qz,LG+I+R4,0.0000,,"(0.0910,0.2696) (0.3527,0.5958) (0.3192,1.0152) (0.2370,1.8616)","LG+I{0.0000}+R4{0.0910,0.2696,0.3527,0.5958,0.3192,1.0152,0.2370,1.8616}"
ENSB:_b1nEr_tMq4PrRv,LG+I+R4,0.0000,,"(0.0910,0.2696) (0.3527,0.5958) (0.3192,1.0152) (0.2370,1.8616)","LG+I{0.0000}+R4{0.0910,0.2696,0.3527,0.5958,0.3192,1.0152,0.2370,1.8616}"
ENSB:nvM6kzu1o8oxwQ3,LG+I+R4,0.0000,,"(0.0910,0.2696) (0.3527,0.5958) (0.3192,1.0152) (0.2370,1.8616)","LG+I{0.0000}+R4{0.0910,0.2696,0.3527,0.5958,0.3192,1.0152,0.2370,1.8616}"
ENSB:8zkWXQM9ooTX_0T,LG+I+R4,0.0000,,"(0.0910,0.2696) (0.3527,0.5958) (0.3192,1.0152) (0.2370,1.8616)","LG+I{0.0000}+R4{0.0910,0.2696,0.3527,0.5958,0.3192,1.0152,0.2370,1.8616}"
ENSB:WItT58xM27Q4BfS,LG+I+G4,0.0269,1.8161,,LG+I{0.0269}+G4{1.8161}
ENSB:CllrtlsZliYye36,LG+I+G4,0.0269,1.8161,,LG+I{0.0269}+G4{1.8161}
ENSB:YrXe5KGuW5h5qW9,LG+I+G4,0.0269,1.8161,,LG+I{0.0269}+G4{1.8161}
ENSB:Wb9uxKaCmCsF0wF,LG+I+G4,0.0269,1.8161,,LG+I{0.0269}+G4{1.8161}
ENSB:FoZeiC4QR5f3h-p,LG+I+R4,0.0172,,"(0.1111,0.0875) (0.1980,0.3289) (0.3108,0.7800) (0.3629,1.8811)","LG+I{0.0172}+R4{0.1111,0.0875,0.1980,0.3289,0.3108,0.7800,0.3629,1.8811}"
ENSB:VLzOjNTufG62ZDc,LG+I+R4,0.0000,,"(0.1179,0.3158) (0.3376,0.6082) (0.3007,1.0510) (0.2437,1.8109)","LG+I{0.0000}+R4{0.1179,0.3158,0.3376,0.6082,0.3007,1.0510,0.2437,1.8109}"
ENSB:0_hEhq2p_-8bF-Y,LG+I+R4,0.0000,,"(0.1179,0.3158) (0.3376,0.6082) (0.3007,1.0510) (0.2437,1.8109)","LG+I{0.0000}+R4{0.1179,0.3158,0.3376,0.6082,0.3007,1.0510,0.2437,1.8109}"
ENSB:BC2nGur1ByN37MC,LG+I+R4,0.0000,,"(0.1179,0.3158) (0.3376,0.6082) (0.3007,1.0510) (0.2437,1.8109)","LG+I{0.0000}+R4{0.1179,0.3158,0.3376,0.6082,0.3007,1.0510,0.2437,1.8109}"
ENSB:sTe0tVxM_0NPmIU,LG+I+R4,0.0000,,"(0.1179,0.3158) (0.3376,0.6082) (0.3007,1.0510) (0.2437,1.8109)","LG+I{0.0000}+R4{0.1179,0.3158,0.3376,0.6082,0.3007,1.0510,0.2437,1.8109}"
ENSB:XhLT-ZkT4fSr51m,LG+I+R4,0.0087,,"(0.0962,0.1602) (0.2654,0.4581) (0.2947,0.9182) (0.3351,1.7679)","LG+I{0.0087}+R4{0.0962,0.1602,0.2654,0.4581,0.2947,0.9182,0.3351,1.7679}"
ENSB:72YKjM6ydwcrECV,LG+I+R4,0.0087,,"(0.0962,0.1602) (0.2654,0.4581) (0.2947,0.9182) (0.3351,1.7679)","LG+I{0.0087}+R4{0.0962,0.1602,0.2654,0.4581,0.2947,0.9182,0.3351,1.7679}"
ENSB:GRJ2pFjSwWuukbf,LG+I+R4,0.0087,,"(0.0962,0.1602) (0.2654,0.4581) (0.2947,0.9182) (0.3351,1.7679)","LG+I{0.0087}+R4{0.0962,0.1602,0.2654,0.4581,0.2947,0.9182,0.3351,1.7679}"
ENSB:0QV-Zc7GSYxpC1Y,LG+I+G4,0.0000,2.3383,,LG+I{0.0000}+G4{2.3383}
ENSB:xiixdZicvUsR6w9,LG+I+G4,0.0000,2.3383,,LG+I{0.0000}+G4{2.3383}
ENSB:DL2Py7K_rJVwqif,LG+I+G4,0.0000,2.3383,,LG+I{0.0000}+G4{2.3383}
ENSB:n6B-B0l2Gjrcl8K,LG+I+G4,0.0000,2.3383,,LG+I{0.0000}+G4{2.3383}
ENSB:Y_g5m3jpH1aaChc,LG+I+G4,0.0615,1.5251,,LG+I{0.0615}+G4{1.5251}
ENSB:8qIDIe0Eyga3mhn,LG+I+G4,0.0849,0.9703,,LG+I{0.0849}+G4{0.9703}
ENSB:KeUBBR13KFbyxE6,LG+I+G4,0.0849,0.9703,,LG+I{0.0849}+G4{0.9703}
ENSB:E70oycXiQ_z2Pb6,LG+I+R4,0.0088,,"(0.1094,0.0672) (0.2549,0.4400) (0.2907,0.8893) (0.3363,1.8496)","LG+I{0.0088}+R4{0.1094,0.0672,0.2549,0.4400,0.2907,0.8893,0.3363,1.8496}"
ENSB:LNaKuRmnVvASeEU,LG+I+R4,0.0088,,"(0.1094,0.0672) (0.2549,0.4400) (0.2907,0.8893) (0.3363,1.8496)","LG+I{0.0088}+R4{0.1094,0.0672,0.2549,0.4400,0.2907,0.8893,0.3363,1.8496}"
ENSB:HAAhuGHgMf0f-Yy,LG+I+R4,0.0088,,"(0.1094,0.0672) (0.2549,0.4400) (0.2907,0.8893) (0.3363,1.8496)","LG+I{0.0088}+R4{0.1094,0.0672,0.2549,0.4400,0.2907,0.8893,0.3363,1.8496}"
ENSB:-NA_QUyPTcJyjKX,LG+I+R4,0.0000,,"(0.0363,0.1433) (0.3276,0.5747) (0.3546,1.0141) (0.2816,1.5872)","LG+I{0.0000}+R4{0.0363,0.1433,0.3276,0.5747,0.3546,1.0141,0.2816,1.5872}"
ENSB:HATpo18Wjf8mrGO,LG+I+R4,0.0017,,"(0.0575,0.0508) (0.1199,0.2324) (0.2681,0.5982) (0.5528,1.4632)","LG+I{0.0017}+R4{0.0575,0.0508,0.1199,0.2324,0.2681,0.5982,0.5528,1.4632}"
ENSB:c-oz9OZkyMPCC0r,LG+I+G4,0.0411,1.5432,,LG+I{0.0411}+G4{1.5432}
ENSB:kVkTEad-EGXS3N6,LG+I+G4,0.0411,1.5432,,LG+I{0.0411}+G4{1.5432}
ENSB:_bKQAPSzQ6cLZHe,LG+I+G4,0.0411,1.5432,,LG+I{0.0411}+G4{1.5432}
ENSB:Q3sBnj5eOV323t9,LG+I+G4,0.0411,1.5432,,LG+I{0.0411}+G4{1.5432}
ENSB:Sc3illoIOuzUnFK,LG+I+G4,0.0000,1.6585,,LG+I{0.0000}+G4{1.6585}
ENSB:3JwJ36YDY_9Y_KK,LG+I+R4,0.0188,,"(0.1616,0.1591) (0.2660,0.4679) (0.2814,1.0493) (0.2721,2.0378)","LG+I{0.0188}+R4{0.1616,0.1591,0.2660,0.4679,0.2814,1.0493,0.2721,2.0378}"
ENSB:VOpZMkO3lOAXfXf,LG+I+R4,0.0056,,"(0.0408,0.0568) (0.1697,0.3507) (0.4112,0.8434) (0.3726,1.5870)","LG+I{0.0056}+R4{0.0408,0.0568,0.1697,0.3507,0.4112,0.8434,0.3726,1.5870}"
ENSB:3apVMCzDMRJFOGE,LG+I+R4,0.0056,,"(0.0408,0.0568) (0.1697,0.3507) (0.4112,0.8434) (0.3726,1.5870)","LG+I{0.0056}+R4{0.0408,0.0568,0.1697,0.3507,0.4112,0.8434,0.3726,1.5870}"
ENSB:duakZwBIE54q7NL,LG+I+R4,0.0056,,"(0.0408,0.0568) (0.1697,0.3507) (0.4112,0.8434) (0.3726,1.5870)","LG+I{0.0056}+R4{0.0408,0.0568,0.1697,0.3507,0.4112,0.8434,0.3726,1.5870}"
ENSB:uTOQEYOdf62AFXC,LG+I+R4,0.0056,,"(0.0408,0.0568) (0.1697,0.3507) (0.4112,0.8434) (0.3726,1.5870)","LG+I{0.0056}+R4{0.0408,0.0568,0.1697,0.3507,0.4112,0.8434,0.3726,1.5870}"
ENSB:z433annxiz1_3dU,LG+I+G4,0.0675,2.3983,,LG+I{0.0675}+G4{2.3983}
ENSB:pPGcG3adB0GZI-c,LG+I+R4,0.0039,,"(0.0612,0.1323) (0.3085,0.4704) (0.3536,0.9336) (0.2729,1.8937)","LG+I{0.0039}+R4{0.0612,0.1323,0.3085,0.4704,0.3536,0.9336,0.2729,1.8937}"
ENSB:gOf0SLK31u6ebQC,LG+I+R4,0.0006,,"(0.0307,0.0839) (0.2483,0.3775) (0.4727,0.9205) (0.2477,1.8917)","LG+I{0.0006}+R4{0.0307,0.0839,0.2483,0.3775,0.4727,0.9205,0.2477,1.8917}"
ENSB:1eaM6Ay6uwjWWN8,LG+I+R4,0.0006,,"(0.0307,0.0839) (0.2483,0.3775) (0.4727,0.9205) (0.2477,1.8917)","LG+I{0.0006}+R4{0.0307,0.0839,0.2483,0.3775,0.4727,0.9205,0.2477,1.8917}"
ENSB:moDCpZNyPm6FN89,LG+I+R4,0.0006,,"(0.0307,0.0839) (0.2483,0.3775) (0.4727,0.9205) (0.2477,1.8917)","LG+I{0.0006}+R4{0.0307,0.0839,0.2483,0.3775,0.4727,0.9205,0.2477,1.8917}"
ENSB:cOXM_t56Jzu6KCf,LG+I+R4,0.0006,,"(0.0307,0.0839) (0.2483,0.3775) (0.4727,0.9205) (0.2477,1.8917)","LG+I{0.0006}+R4{0.0307,0.0839,0.2483,0.3775,0.4727,0.9205,0.2477,1.8917}"
ENSB:w-NVRod9y4HA5pX,LG+I+R4,0.0006,,"(0.0307,0.0839) (0.2483,0.3775) (0.4727,0.9205) (0.2477,1.8917)","LG+I{0.0006}+R4{0.0307,0.0839,0.2483,0.3775,0.4727,0.9205,0.2477,1.8917}"
ENSB:viAwtQpXtfV-jkT,LG+I+R4,0.0006,,"(0.0307,0.0839) (0.2483,0.3775) (0.4727,0.9205) (0.2477,1.8917)","LG+I{0.0006}+R4{0.0307,0.0839,0.2483,0.3775,0.4727,0.9205,0.2477,1.8917}"
ENSB:ePFl6AB4c907oZQ,LG+I+R4,0.0006,,"(0.0307,0.0839) (0.2483,0.3775) (0.4727,0.9205) (0.2477,1.8917)","LG+I{0.0006}+R4{0.0307,0.0839,0.2483,0.3775,0.4727,0.9205,0.2477,1.8917}"
ENSB:--SEpcri7L6l_h_,LG+I+R4,0.0006,,"(0.0307,0.0839) (0.2483,0.3775) (0.4727,0.9205) (0.2477,1.8917)","LG+I{0.0006}+R4{0.0307,0.0839,0.2483,0.3775,0.4727,0.9205,0.2477,1.8917}"
ENSB:ufqsqFDKR3dV3Mr,LG+I+R4,0.0006,,"(0.0307,0.0839) (0.2483,0.3775) (0.4727,0.9205) (0.2477,1.8917)","LG+I{0.0006}+R4{0.0307,0.0839,0.2483,0.3775,0.4727,0.9205,0.2477,1.8917}"
ENSB:Ot04LvLPd_H8ykf,LG+I+R4,0.0006,,"(0.0307,0.0839) (0.2483,0.3775) (0.4727,0.9205) (0.2477,1.8917)","LG+I{0.0006}+R4{0.0307,0.0839,0.2483,0.3775,0.4727,0.9205,0.2477,1.8917}"
ENSB:-hCa-_3evYbBxxg,LG+I+R4,0.0058,,"(0.1434,0.1655) (0.2356,0.5463) (0.3648,1.0248) (0.2504,1.8920)","LG+I{0.0058}+R4{0.1434,0.1655,0.2356,0.5463,0.3648,1.0248,0.2504,1.8920}"
ENSB:8oKf-qsz5MGZzQ7,LG+I+G4,0.0000,2.0451,,LG+I{0.0000}+G4{2.0451}
ENSB:ljfl2tw9LbrMUBE,LG+I+G4,0.0000,2.0451,,LG+I{0.0000}+G4{2.0451}
ENSB:HZU4xx7jDyIWz86,LG+I+G4,0.0000,2.0451,,LG+I{0.0000}+G4{2.0451}
ENSB:h94Qy0m8oa9RIZ_,LG+I+G4,0.0000,2.0451,,LG+I{0.0000}+G4{2.0451}
ENSB:3hPsX0WbCcjzoIr,LG+I+G4,0.0000,2.0451,,LG+I{0.0000}+G4{2.0451}
ENSB:2edlaKfXSk2P8Tu,LG+I+R4,0.0000,,"(0.0384,0.1263) (0.1854,0.3843) (0.3567,0.8510) (0.4195,1.4788)","LG+I{0.0000}+R4{0.0384,0.1263,0.1854,0.3843,0.3567,0.8510,0.4195,1.4788}"
ENSB:GaFpS3lifVTfRSv,LG+I+R4,0.0000,,"(0.0384,0.1263) (0.1854,0.3843) (0.3567,0.8510) (0.4195,1.4788)","LG+I{0.0000}+R4{0.0384,0.1263,0.1854,0.3843,0.3567,0.8510,0.4195,1.4788}"
ENSB:J7EuuPwu0k5BAEA,LG+I+R4,0.0000,,"(0.0384,0.1263) (0.1854,0.3843) (0.3567,0.8510) (0.4195,1.4788)","LG+I{0.0000}+R4{0.0384,0.1263,0.1854,0.3843,0.3567,0.8510,0.4195,1.4788}"
ENSB:bFbdNQuLirufugB,LG+I+R4,0.0000,,"(0.0384,0.1263) (0.1854,0.3843) (0.3567,0.8510) (0.4195,1.4788)","LG+I{0.0000}+R4{0.0384,0.1263,0.1854,0.3843,0.3567,0.8510,0.4195,1.4788}"
ENSB:DDtLL6i1YgEieb1,LG+I+R4,0.0000,,"(0.0384,0.1263) (0.1854,0.3843) (0.3567,0.8510) (0.4195,1.4788)","LG+I{0.0000}+R4{0.0384,0.1263,0.1854,0.3843,0.3567,0.8510,0.4195,1.4788}"
ENSB:1Dmt-6NnVJxjvyv,LG+I+R4,0.0000,,"(0.0384,0.1263) (0.1854,0.3843) (0.3567,0.8510) (0.4195,1.4788)","LG+I{0.0000}+R4{0.0384,0.1263,0.1854,0.3843,0.3567,0.8510,0.4195,1.4788}"
ENSB:UioVECIVe7MGZzb,LG+I+G4,0.0123,1.5996,,LG+I{0.0123}+G4{1.5996}
ENSB:3wSJZRpVMguqd1i,LG+I+G4,0.0123,1.5996,,LG+I{0.0123}+G4{1.5996}
ENSB:75QijHIi3FftHAI,LG+I+G4,0.0123,1.5996,,LG+I{0.0123}+G4{1.5996}
ENSB:QijUsJOVUHPnc7J,LG+I+G4,0.0123,1.5996,,LG+I{0.0123}+G4{1.5996}
ENSB:cFGsN4i5BfoXjy1,LG+F+I+G4,0.0007,0.8922,,LG+F+I{0.0007}+G4{0.8922}
ENSB:Gw72DopnWHzhBjO,LG+F+I+G4,0.0007,0.8922,,LG+F+I{0.0007}+G4{0.8922}
ENSB:xPDRsvjUn40zmlw,LG+F+I+G4,0.0007,0.8922,,LG+F+I{0.0007}+G4{0.8922}
ENSB:pkfl-bbMojpF6pt,LG+F+I+G4,0.0007,0.8922,,LG+F+I{0.0007}+G4{0.8922}
ENSB:tmpAhS4cyO2iRm3,LG+F+I+G4,0.0007,0.8922,,LG+F+I{0.0007}+G4{0.8922}
ENSB:v266CAL8aHfT1bx,LG+F+I+G4,0.0007,0.8922,,LG+F+I{0.0007}+G4{0.8922}
ENSB:Tj4tsCQpNNH59Ok,LG+I+R4,0.0058,,"(0.2573,0.2556) (0.3470,0.6115) (0.2047,1.3230) (0.1852,2.4367)","LG+I{0.0058}+R4{0.2573,0.2556,0.3470,0.6115,0.2047,1.3230,0.1852,2.4367}"
ENSB:FybulG0z2BacKNu,LG+I+R4,0.0058,,"(0.2573,0.2556) (0.3470,0.6115) (0.2047,1.3230) (0.1852,2.4367)","LG+I{0.0058}+R4{0.2573,0.2556,0.3470,0.6115,0.2047,1.3230,0.1852,2.4367}"
ENSB:uZlp1GZj_DMBeH0,LG+I+R4,0.0061,,"(0.0535,0.0482) (0.1219,0.3052) (0.3089,0.6667) (0.5096,1.4801)","LG+I{0.0061}+R4{0.0535,0.0482,0.1219,0.3052,0.3089,0.6667,0.5096,1.4801}"
ENSB:0vfk0CVS_Er9Cgm,LG+I+R4,0.0061,,"(0.0535,0.0482) (0.1219,0.3052) (0.3089,0.6667) (0.5096,1.4801)","LG+I{0.0061}+R4{0.0535,0.0482,0.1219,0.3052,0.3089,0.6667,0.5096,1.4801}"
ENSB:z_eIFe4c6b-iU_z,LG+I+R4,0.0061,,"(0.0535,0.0482) (0.1219,0.3052) (0.3089,0.6667) (0.5096,1.4801)","LG+I{0.0061}+R4{0.0535,0.0482,0.1219,0.3052,0.3089,0.6667,0.5096,1.4801}"
ENSB:0T3h89O9zg59VEA,LG+I+R4,0.0061,,"(0.0535,0.0482) (0.1219,0.3052) (0.3089,0.6667) (0.5096,1.4801)","LG+I{0.0061}+R4{0.0535,0.0482,0.1219,0.3052,0.3089,0.6667,0.5096,1.4801}"
ENSB:MA8yEczvvbKtfeh,LG+I+R4,0.0061,,"(0.0535,0.0482) (0.1219,0.3052) (0.3089,0.6667) (0.5096,1.4801)","LG+I{0.0061}+R4{0.0535,0.0482,0.1219,0.3052,0.3089,0.6667,0.5096,1.4801}"
ENSB:PMFxfa6HuRt2Y8E,LG+I+R4,0.0061,,"(0.0535,0.0482) (0.1219,0.3052) (0.3089,0.6667) (0.5096,1.4801)","LG+I{0.0061}+R4{0.0535,0.0482,0.1219,0.3052,0.3089,0.6667,0.5096,1.4801}"
ENSB:9q1YibVA3U9mQoL,LG+I+R4,0.0061,,"(0.0535,0.0482) (0.1219,0.3052) (0.3089,0.6667) (0.5096,1.4801)","LG+I{0.0061}+R4{0.0535,0.0482,0.1219,0.3052,0.3089,0.6667,0.5096,1.4801}"
ENSB:B3M_8mFWnSs0w5t,LG+I+R4,0.0061,,"(0.0535,0.0482) (0.1219,0.3052) (0.3089,0.6667) (0.5096,1.4801)","LG+I{0.0061}+R4{0.0535,0.0482,0.1219,0.3052,0.3089,0.6667,0.5096,1.4801}"
ENSB:hw3WSQ5GLUTxZg5,LG+I+R4,0.0061,,"(0.0535,0.0482) (0.1219,0.3052) (0.3089,0.6667) (0.5096,1.4801)","LG+I{0.0061}+R4{0.0535,0.0482,0.1219,0.3052,0.3089,0.6667,0.5096,1.4801}"
ENSB:zgTkjqGnj7Rjwh5,LG+I+R4,0.0061,,"(0.0535,0.0482) (0.1219,0.3052) (0.3089,0.6667) (0.5096,1.4801)","LG+I{0.0061}+R4{0.0535,0.0482,0.1219,0.3052,0.3089,0.6667,0.5096,1.4801}"
ENSB:U-T1IPJYG70Gn8h,LG+I+R4,0.0061,,"(0.0535,0.0482) (0.1219,0.3052) (0.3089,0.6667) (0.5096,1.4801)","LG+I{0.0061}+R4{0.0535,0.0482,0.1219,0.3052,0.3089,0.6667,0.5096,1.4801}"
ENSB:F4jeeRl7_Jr2nH4,LG+I+R4,0.0061,,"(0.0535,0.0482) (0.1219,0.3052) (0.3089,0.6667) (0.5096,1.4801)","LG+I{0.0061}+R4{0.0535,0.0482,0.1219,0.3052,0.3089,0.6667,0.5096,1.4801}"
ENSB:eTH2c4tye_8ovI0,LG+I+R4,0.0061,,"(0.0535,0.0482) (0.1219,0.3052) (0.3089,0.6667) (0.5096,1.4801)","LG+I{0.0061}+R4{0.0535,0.0482,0.1219,0.3052,0.3089,0.6667,0.5096,1.4801}"
ENSB:UAxV6dazlXJKreu,LG+I+R4,0.0061,,"(0.0535,0.0482) (0.1219,0.3052) (0.3089,0.6667) (0.5096,1.4801)","LG+I{0.0061}+R4{0.0535,0.0482,0.1219,0.3052,0.3089,0.6667,0.5096,1.4801}"
ENSB:uZlp1GZj_DMBeH0,LG+I+G4,0.0000,1.4044,,LG+I{0.0000}+G4{1.4044}
ENSB:0vfk0CVS_Er9Cgm,LG+I+G4,0.0000,1.4044,,LG+I{0.0000}+G4{1.4044}
ENSB:z_eIFe4c6b-iU_z,LG+I+G4,0.0000,1.4044,,LG+I{0.0000}+G4{1.4044}
ENSB:0T3h89O9zg59VEA,LG+I+G4,0.0000,1.4044,,LG+I{0.0000}+G4{1.4044}
ENSB:MA8yEczvvbKtfeh,LG+I+G4,0.0000,1.4044,,LG+I{0.0000}+G4{1.4044}
ENSB:9q1YibVA3U9mQoL,LG+I+G4,0.0000,1.4044,,LG+I{0.0000}+G4{1.4044}
ENSB:B3M_8mFWnSs0w5t,LG+I+G4,0.0000,1.4044,,LG+I{0.0000}+G4{1.4044}
ENSB:zAfbGWdDCqCtBaQ,LG+I+G4,0.0000,1.4044,,LG+I{0.0000}+G4{1.4044}
ENSB:Iygok0ti0GcMXM2,LG+I+G4,0.0000,1.4044,,LG+I{0.0000}+G4{1.4044}
ENSB:hw3WSQ5GLUTxZg5,LG+I+G4,0.0000,1.4044,,LG+I{0.0000}+G4{1.4044}
ENSB:zgTkjqGnj7Rjwh5,LG+I+G4,0.0000,1.4044,,LG+I{0.0000}+G4{1.4044}
ENSB:9gi2_XpjtF3BTla,LG+I+G4,0.0000,1.4044,,LG+I{0.0000}+G4{1.4044}
ENSB:U-T1IPJYG70Gn8h,LG+I+G4,0.0000,1.4044,,LG+I{0.0000}+G4{1.4044}
ENSB:eTH2c4tye_8ovI0,LG+I+G4,0.0000,1.4044,,LG+I{0.0000}+G4{1.4044}
ENSB:UAxV6dazlXJKreu,LG+I+G4,0.0000,1.4044,,LG+I{0.0000}+G4{1.4044}
ENSB:sy2tyu5BlUKri8S,LG+I+R4,0.0035,,"(0.1237,0.1157) (0.3059,0.4251) (0.1948,0.9431) (0.3722,1.8055)","LG+I{0.0035}+R4{0.1237,0.1157,0.3059,0.4251,0.1948,0.9431,0.3722,1.8055}"
ENSB:IASPtulBf1_VtI0,LG+I+G4,0.0000,1.3412,,LG+I{0.0000}+G4{1.3412}
ENSB:YF8lwvZ8tJKIh7I,LG+I+G4,0.0111,2.2232,,LG+I{0.0111}+G4{2.2232}
ENSB:YozHuqjeUqqY4kb,LG+I+G4,0.0111,2.2232,,LG+I{0.0111}+G4{2.2232}
ENSB:os9dRP0O9-KbarA,LG+I+R4,0.0000,,"(0.1263,0.1312) (0.2373,0.4287) (0.2883,0.8641) (0.3481,1.8171)","LG+I{0.0000}+R4{0.1263,0.1312,0.2373,0.4287,0.2883,0.8641,0.3481,1.8171}"
ENSB:A2GO5V620UaOYjY,LG+I+R4,0.0000,,"(0.1263,0.1312) (0.2373,0.4287) (0.2883,0.8641) (0.3481,1.8171)","LG+I{0.0000}+R4{0.1263,0.1312,0.2373,0.4287,0.2883,0.8641,0.3481,1.8171}"
ENSB:BaFL5l19y0eAUCG,LG+I+R4,0.0000,,"(0.0780,0.0913) (0.2698,0.3933) (0.2931,0.8718) (0.3592,1.7577)","LG+I{0.0000}+R4{0.0780,0.0913,0.2698,0.3933,0.2931,0.8718,0.3592,1.7577}"
ENSB:PLkJih2OoZ3hVvu,LG+I+R4,0.0000,,"(0.0780,0.0913) (0.2698,0.3933) (0.2931,0.8718) (0.3592,1.7577)","LG+I{0.0000}+R4{0.0780,0.0913,0.2698,0.3933,0.2931,0.8718,0.3592,1.7577}"
ENSB:vGvVeNc2z0szcbT,LG+I+R4,0.0000,,"(0.0780,0.0913) (0.2698,0.3933) (0.2931,0.8718) (0.3592,1.7577)","LG+I{0.0000}+R4{0.0780,0.0913,0.2698,0.3933,0.2931,0.8718,0.3592,1.7577}"
ENSB:qWAMoo4uOLQ3_fP,LG+I+G4,0.0106,1.1389,,LG+I{0.0106}+G4{1.1389}
ENSB:BKHF_VPCaPDtvqS,LG+I+G4,0.0204,1.5900,,LG+I{0.0204}+G4{1.5900}
ENSB:bwPD7ZfYPjMjG1F,LG+F+I+R4,0.0000,,"(0.0269,0.0573) (0.1127,0.3063) (0.3787,0.7600) (0.4818,1.4034)","LG+F+I{0.0000}+R4{0.0269,0.0573,0.1127,0.3063,0.3787,0.7600,0.4818,1.4034}"
ENSB:c1sqfrv4FwyKQZ0,LG+F+I+R4,0.0000,,"(0.0269,0.0573) (0.1127,0.3063) (0.3787,0.7600) (0.4818,1.4034)","LG+F+I{0.0000}+R4{0.0269,0.0573,0.1127,0.3063,0.3787,0.7600,0.4818,1.4034}"
ENSB:Hpwz44_gMQao5NZ,LG+F+I+R4,0.0000,,"(0.0269,0.0573) (0.1127,0.3063) (0.3787,0.7600) (0.4818,1.4034)","LG+F+I{0.0000}+R4{0.0269,0.0573,0.1127,0.3063,0.3787,0.7600,0.4818,1.4034}"
ENSB:4WzYEVIJQLo7WdH,LG+F+I+R4,0.0000,,"(0.0269,0.0573) (0.1127,0.3063) (0.3787,0.7600) (0.4818,1.4034)","LG+F+I{0.0000}+R4{0.0269,0.0573,0.1127,0.3063,0.3787,0.7600,0.4818,1.4034}"
ENSB:XSeokNvBovhvAIv,LG+F+I+R4,0.0000,,"(0.0269,0.0573) (0.1127,0.3063) (0.3787,0.7600) (0.4818,1.4034)","LG+F+I{0.0000}+R4{0.0269,0.0573,0.1127,0.3063,0.3787,0.7600,0.4818,1.4034}"
ENSB:Qvhk5K5EU4-3gyE,LG+F+I+R4,0.0000,,"(0.0269,0.0573) (0.1127,0.3063) (0.3787,0.7600) (0.4818,1.4034)","LG+F+I{0.0000}+R4{0.0269,0.0573,0.1127,0.3063,0.3787,0.7600,0.4818,1.4034}"
ENSB:hIsfEIXdKQbZNc9,LG+F+I+R4,0.0000,,"(0.0269,0.0573) (0.1127,0.3063) (0.3787,0.7600) (0.4818,1.4034)","LG+F+I{0.0000}+R4{0.0269,0.0573,0.1127,0.3063,0.3787,0.7600,0.4818,1.4034}"
ENSB:c4RoD9G_f_k0VEX,LG+F+I+R4,0.0000,,"(0.0269,0.0573) (0.1127,0.3063) (0.3787,0.7600) (0.4818,1.4034)","LG+F+I{0.0000}+R4{0.0269,0.0573,0.1127,0.3063,0.3787,0.7600,0.4818,1.4034}"
ENSB:Gq188nU0MK1gma_,LG+F+I+R4,0.0000,,"(0.0269,0.0573) (0.1127,0.3063) (0.3787,0.7600) (0.4818,1.4034)","LG+F+I{0.0000}+R4{0.0269,0.0573,0.1127,0.3063,0.3787,0.7600,0.4818,1.4034}"
ENSB:UNHGtQcSZx6Taid,LG+F+I+R4,0.0000,,"(0.0269,0.0573) (0.1127,0.3063) (0.3787,0.7600) (0.4818,1.4034)","LG+F+I{0.0000}+R4{0.0269,0.0573,0.1127,0.3063,0.3787,0.7600,0.4818,1.4034}"
ENSB:aREaRzjjTjeO-La,LG+F+I+R4,0.0000,,"(0.0269,0.0573) (0.1127,0.3063) (0.3787,0.7600) (0.4818,1.4034)","LG+F+I{0.0000}+R4{0.0269,0.0573,0.1127,0.3063,0.3787,0.7600,0.4818,1.4034}"
ENSB:xXsapEDHifur_vY,LG+F+I+R4,0.0000,,"(0.0269,0.0573) (0.1127,0.3063) (0.3787,0.7600) (0.4818,1.4034)","LG+F+I{0.0000}+R4{0.0269,0.0573,0.1127,0.3063,0.3787,0.7600,0.4818,1.4034}"
ENSB:8NKSwCfl-8YC5F0,LG+F+I+R4,0.0000,,"(0.0269,0.0573) (0.1127,0.3063) (0.3787,0.7600) (0.4818,1.4034)","LG+F+I{0.0000}+R4{0.0269,0.0573,0.1127,0.3063,0.3787,0.7600,0.4818,1.4034}"
ENSB:kIUz5x-Mnlc1Q7J,LG+F+I+R4,0.0000,,"(0.0269,0.0573) (0.1127,0.3063) (0.3787,0.7600) (0.4818,1.4034)","LG+F+I{0.0000}+R4{0.0269,0.0573,0.1127,0.3063,0.3787,0.7600,0.4818,1.4034}"
ENSB:Xicq2f8tWc4NWkZ,LG+I+R4,0.0053,,"(0.0513,0.1442) (0.2099,0.4174) (0.3967,0.9064) (0.3368,1.6192)","LG+I{0.0053}+R4{0.0513,0.1442,0.2099,0.4174,0.3967,0.9064,0.3368,1.6192}"
ENSB:0VS-mKGmhbbo05S,LG+I+R4,0.0053,,"(0.0513,0.1442) (0.2099,0.4174) (0.3967,0.9064) (0.3368,1.6192)","LG+I{0.0053}+R4{0.0513,0.1442,0.2099,0.4174,0.3967,0.9064,0.3368,1.6192}"
ENSB:4OUKJ9kHkdhrjKi,LG+I+R4,0.0053,,"(0.0513,0.1442) (0.2099,0.4174) (0.3967,0.9064) (0.3368,1.6192)","LG+I{0.0053}+R4{0.0513,0.1442,0.2099,0.4174,0.3967,0.9064,0.3368,1.6192}"
ENSB:QmddyiYI4kpFE2f,LG+I+R4,0.0053,,"(0.0513,0.1442) (0.2099,0.4174) (0.3967,0.9064) (0.3368,1.6192)","LG+I{0.0053}+R4{0.0513,0.1442,0.2099,0.4174,0.3967,0.9064,0.3368,1.6192}"
ENSB:TQhrEWkNKllsaa1,LG+I+R4,0.0053,,"(0.0513,0.1442) (0.2099,0.4174) (0.3967,0.9064) (0.3368,1.6192)","LG+I{0.0053}+R4{0.0513,0.1442,0.2099,0.4174,0.3967,0.9064,0.3368,1.6192}"
ENSB:0_artYZlzZpSaLP,LG+I+R4,0.0053,,"(0.0513,0.1442) (0.2099,0.4174) (0.3967,0.9064) (0.3368,1.6192)","LG+I{0.0053}+R4{0.0513,0.1442,0.2099,0.4174,0.3967,0.9064,0.3368,1.6192}"
ENSB:jfT1LVhowXee2BD,LG+I+R4,0.0053,,"(0.0513,0.1442) (0.2099,0.4174) (0.3967,0.9064) (0.3368,1.6192)","LG+I{0.0053}+R4{0.0513,0.1442,0.2099,0.4174,0.3967,0.9064,0.3368,1.6192}"
ENSB:GhCwZ9PySb3xpYV,LG+I+R4,0.0053,,"(0.0513,0.1442) (0.2099,0.4174) (0.3967,0.9064) (0.3368,1.6192)","LG+I{0.0053}+R4{0.0513,0.1442,0.2099,0.4174,0.3967,0.9064,0.3368,1.6192}"
ENSB:UDcxxWO1qJ1uN_6,LG+I+R4,0.0053,,"(0.0513,0.1442) (0.2099,0.4174) (0.3967,0.9064) (0.3368,1.6192)","LG+I{0.0053}+R4{0.0513,0.1442,0.2099,0.4174,0.3967,0.9064,0.3368,1.6192}"
ENSB:kZ7Fi48kQk9mx1q,LG+I+R4,0.0053,,"(0.0513,0.1442) (0.2099,0.4174) (0.3967,0.9064) (0.3368,1.6192)","LG+I{0.0053}+R4{0.0513,0.1442,0.2099,0.4174,0.3967,0.9064,0.3368,1.6192}"
ENSB:-TeX_41j1I8j-tE,LG+I+R4,0.0053,,"(0.0513,0.1442) (0.2099,0.4174) (0.3967,0.9064) (0.3368,1.6192)","LG+I{0.0053}+R4{0.0513,0.1442,0.2099,0.4174,0.3967,0.9064,0.3368,1.6192}"
ENSB:5ikAEj2pcqzyHyk,LG+I+R4,0.0053,,"(0.0513,0.1442) (0.2099,0.4174) (0.3967,0.9064) (0.3368,1.6192)","LG+I{0.0053}+R4{0.0513,0.1442,0.2099,0.4174,0.3967,0.9064,0.3368,1.6192}"
ENSB:sHJzzOwGpasoS7R,LG+F+I+R3,0.0000,,"(0.0850,0.2203) (0.2646,0.5804) (0.6503,1.2727)","LG+F+I{0.0000}+R3{0.0850,0.2203,0.2646,0.5804,0.6503,1.2727}"
ENSB:cWMKkbtRmjt_Ro_,LG+F+I+R3,0.0000,,"(0.0850,0.2203) (0.2646,0.5804) (0.6503,1.2727)","LG+F+I{0.0000}+R3{0.0850,0.2203,0.2646,0.5804,0.6503,1.2727}"
ENSB:fFdRNtf7Kio7YJs,LG+F+I+R3,0.0000,,"(0.0850,0.2203) (0.2646,0.5804) (0.6503,1.2727)","LG+F+I{0.0000}+R3{0.0850,0.2203,0.2646,0.5804,0.6503,1.2727}"
ENSB:l9NdVQt5oldOP_-,LG+I+R4,0.0079,,"(0.1228,0.2305) (0.2019,0.5279) (0.2496,0.9032) (0.4178,1.5313)","LG+I{0.0079}+R4{0.1228,0.2305,0.2019,0.5279,0.2496,0.9032,0.4178,1.5313}"
ENSB:CbiCZrv2ClngjVy,LG+F+I+R4,0.0000,,"(0.0888,0.0708) (0.1608,0.3452) (0.3038,0.7876) (0.4466,1.5651)","LG+F+I{0.0000}+R4{0.0888,0.0708,0.1608,0.3452,0.3038,0.7876,0.4466,1.5651}"
ENSB:Ysepgwrd4Auobsk,LG+F+I+R4,0.0000,,"(0.0888,0.0708) (0.1608,0.3452) (0.3038,0.7876) (0.4466,1.5651)","LG+F+I{0.0000}+R4{0.0888,0.0708,0.1608,0.3452,0.3038,0.7876,0.4466,1.5651}"
ENSB:u4bDY6kwSd6xwoq,LG+F+I+R4,0.0000,,"(0.0888,0.0708) (0.1608,0.3452) (0.3038,0.7876) (0.4466,1.5651)","LG+F+I{0.0000}+R4{0.0888,0.0708,0.1608,0.3452,0.3038,0.7876,0.4466,1.5651}"
ENSB:3Upfnhq0fry_UNi,LG+F+I+R4,0.0000,,"(0.0888,0.0708) (0.1608,0.3452) (0.3038,0.7876) (0.4466,1.5651)","LG+F+I{0.0000}+R4{0.0888,0.0708,0.1608,0.3452,0.3038,0.7876,0.4466,1.5651}"
ENSB:--BlIIr7jBFlo49,LG+F+I+R4,0.0000,,"(0.0888,0.0708) (0.1608,0.3452) (0.3038,0.7876) (0.4466,1.5651)","LG+F+I{0.0000}+R4{0.0888,0.0708,0.1608,0.3452,0.3038,0.7876,0.4466,1.5651}"
ENSB:GaFpS3lifVTfRSv,LG+I+G4,0.2014,2.4352,,LG+I{0.2014}+G4{2.4352}
ENSB:Na9VuISmodpyq5N,LG+I+R4,0.0145,,"(0.1561,0.0818) (0.2640,0.3954) (0.2335,0.9660) (0.3320,1.9801)","LG+I{0.0145}+R4{0.1561,0.0818,0.2640,0.3954,0.2335,0.9660,0.3320,1.9801}"
ENSB:C3V2OOHu2zCV98Q,LG+I+G4,0.0236,1.2634,,LG+I{0.0236}+G4{1.2634}
ENSB:fY0fvXfkR2Wt0F8,LG+I+G4,0.0628,1.5880,,LG+I{0.0628}+G4{1.5880}
ENSB:h_QLZwAuaOLVV50,LG+I+G4,0.0628,1.5880,,LG+I{0.0628}+G4{1.5880}
ENSB:2EjPpoBiRGKPmCW,LG+I+G4,0.0978,0.9927,,LG+I{0.0978}+G4{0.9927}
ENSB:cziNA6WD6j2a94R,LG+I+R4,0.0000,,"(0.2035,0.1546) (0.3332,0.5427) (0.3150,1.3617) (0.1482,2.4202)","LG+I{0.0000}+R4{0.2035,0.1546,0.3332,0.5427,0.3150,1.3617,0.1482,2.4202}"
ENSB:k2xXB1RYu3PhUnG,LG+I+G4,0.0398,1.0858,,LG+I{0.0398}+G4{1.0858}
ENSB:oajgYuFAlMjsCEQ,LG+I+G4,0.0398,1.0858,,LG+I{0.0398}+G4{1.0858}
ENSB:DMX7weJqPX5fjFz,LG+I+G4,0.0398,1.0858,,LG+I{0.0398}+G4{1.0858}
ENSB:VrxYa6lL1RCj8tu,LG+I+G4,0.0398,1.0858,,LG+I{0.0398}+G4{1.0858}
ENSB:Yzb-hodYbykcdoP,LG+I+G4,0.0398,1.0858,,LG+I{0.0398}+G4{1.0858}
ENSB:8UrsuyhF3vnYVv8,LG+I+G4,0.0398,1.0858,,LG+I{0.0398}+G4{1.0858}
ENSB:5vW7OJgZQb6Q4Nf,LG+I+G4,0.0398,1.0858,,LG+I{0.0398}+G4{1.0858}
ENSB:xQCRoeqvO1kGObM,LG+I+G4,0.0398,1.0858,,LG+I{0.0398}+G4{1.0858}
ENSB:ySgMJbPgZLKVY_-,LG+I+G4,0.1051,2.2745,,LG+I{0.1051}+G4{2.2745}
ENSB:ZFh70lFkadt9pX5,LG+I+R4,0.0000,,"(0.1316,0.1715) (0.2283,0.4023) (0.3054,0.8857) (0.3347,1.8379)","LG+I{0.0000}+R4{0.1316,0.1715,0.2283,0.4023,0.3054,0.8857,0.3347,1.8379}"
ENSB:XblhhjM6lGFidN_,LG+I+R4,0.0000,,"(0.1316,0.1715) (0.2283,0.4023) (0.3054,0.8857) (0.3347,1.8379)","LG+I{0.0000}+R4{0.1316,0.1715,0.2283,0.4023,0.3054,0.8857,0.3347,1.8379}"
ENSB:hbU_U_R1lZ-CCyf,LG+F+I+G4,0.0000,3.1480,,LG+F+I{0.0000}+G4{3.1480}
ENSB:v5ZoYVPEi4H9jn5,LG+F+I+G4,0.0000,3.1480,,LG+F+I{0.0000}+G4{3.1480}
ENSB:M3GtzhdCVV4JLWK,LG+F+I+G4,0.0000,3.1480,,LG+F+I{0.0000}+G4{3.1480}
ENSB:9IlmJysN37U34ba,LG+F+I+G4,0.0000,3.1480,,LG+F+I{0.0000}+G4{3.1480}
ENSB:DwUyhF4eF3iMxPo,LG+F+I+G4,0.0000,3.1480,,LG+F+I{0.0000}+G4{3.1480}
ENSB:ixH6k-DdvQHDW6Y,LG+F+I+G4,0.0000,3.1480,,LG+F+I{0.0000}+G4{3.1480}
ENSB:zhjHjbgxbz8Rmlm,LG+F+I+G4,0.0000,3.1480,,LG+F+I{0.0000}+G4{3.1480}
ENSB:WHKkM7TZrXxAxCW,LG+F+I+G4,0.0000,3.1480,,LG+F+I{0.0000}+G4{3.1480}
ENSB:6qz07lyA-3hyGhZ,LG+F+I+G4,0.0000,3.1480,,LG+F+I{0.0000}+G4{3.1480}
ENSB:C3LY4_VGSBGL3A0,LG+F+I+G4,0.0000,3.1480,,LG+F+I{0.0000}+G4{3.1480}
ENSB:qmS61OE3fCRl8Yx,LG+F+I+R4,0.0111,,"(0.0977,0.2318) (0.4634,0.6663) (0.3208,1.1526) (0.1070,2.7938)","LG+F+I{0.0111}+R4{0.0977,0.2318,0.4634,0.6663,0.3208,1.1526,0.1070,2.7938}"
ENSB:DuO27ElAx9MwQVr,LG+F+I+R4,0.0111,,"(0.0977,0.2318) (0.4634,0.6663) (0.3208,1.1526) (0.1070,2.7938)","LG+F+I{0.0111}+R4{0.0977,0.2318,0.4634,0.6663,0.3208,1.1526,0.1070,2.7938}"
ENSB:BU73pr95PWIfcu5,LG+I+R4,0.0000,,"(0.1941,0.3205) (0.3314,0.6890) (0.3606,1.2749) (0.1139,2.1923)","LG+I{0.0000}+R4{0.1941,0.3205,0.3314,0.6890,0.3606,1.2749,0.1139,2.1923}"
ENSB:erG_vHIHpEvlotG,LG+I+R4,0.0000,,"(0.0533,0.0914) (0.1628,0.3453) (0.4183,0.7388) (0.3656,1.7227)","LG+I{0.0000}+R4{0.0533,0.0914,0.1628,0.3453,0.4183,0.7388,0.3656,1.7227}"
ENSB:HNePC9ZpB1ttGot,LG+I+R4,0.0000,,"(0.0533,0.0914) (0.1628,0.3453) (0.4183,0.7388) (0.3656,1.7227)","LG+I{0.0000}+R4{0.0533,0.0914,0.1628,0.3453,0.4183,0.7388,0.3656,1.7227}"
ENSB:UNk02_JEtu58LvM,LG+I+R4,0.0000,,"(0.0533,0.0914) (0.1628,0.3453) (0.4183,0.7388) (0.3656,1.7227)","LG+I{0.0000}+R4{0.0533,0.0914,0.1628,0.3453,0.4183,0.7388,0.3656,1.7227}"
ENSB:jszriHmrH5ZJisq,LG+I+G4,0.0000,1.0980,,LG+I{0.0000}+G4{1.0980}
ENSB:OV9-epg8mvN2hDM,LG+I+R4,0.0061,,"(0.0647,0.0463) (0.2655,0.3445) (0.4100,0.8564) (0.2537,2.1852)","LG+I{0.0061}+R4{0.0647,0.0463,0.2655,0.3445,0.4100,0.8564,0.2537,2.1852}"
ENSB:3PgOj_bRjPjSeOM,LG+I+R4,0.0000,,"(0.1892,0.4315) (0.4073,0.7591) (0.3122,1.2709) (0.0913,2.3266)","LG+I{0.0000}+R4{0.1892,0.4315,0.4073,0.7591,0.3122,1.2709,0.0913,2.3266}"
ENSB:IoTlyCTw4ojCl_J,LG+I+G4,0.0785,1.0918,,LG+I{0.0785}+G4{1.0918}
ENSB:t3hh76RSRrYajFJ,LG+F+I+G4,0.0201,1.7645,,LG+F+I{0.0201}+G4{1.7645}
ENSB:2RDBIHV8VaBKcrS,LG+F+I+G4,0.0201,1.7645,,LG+F+I{0.0201}+G4{1.7645}
ENSB:5DDsEqT19r07GEk,LG+F+I+G4,0.0201,1.7645,,LG+F+I{0.0201}+G4{1.7645}
ENSB:P11EZO15w96zwpQ,LG+F+I+G4,0.0201,1.7645,,LG+F+I{0.0201}+G4{1.7645}
ENSB:hcrvjB9W-Jm6o0O,LG+F+I+G4,0.0201,1.7645,,LG+F+I{0.0201}+G4{1.7645}
ENSB:ZAy6aWFVHoTuIqi,LG+F+I+G4,0.0201,1.7645,,LG+F+I{0.0201}+G4{1.7645}
ENSB:kvpklMrRx-r-aS-,LG+F+I+G4,0.0201,1.7645,,LG+F+I{0.0201}+G4{1.7645}
ENSB:cTUkBzR1T3JnRHg,LG+F+I+G4,0.0201,1.7645,,LG+F+I{0.0201}+G4{1.7645}
ENSB:GRHjnunuHoaWsQP,LG+F+I+G4,0.0201,1.7645,,LG+F+I{0.0201}+G4{1.7645}
ENSB:e62dh9sK-y9DdlL,LG+F+I+G4,0.0201,1.7645,,LG+F+I{0.0201}+G4{1.7645}
ENSB:70r5hD4nHqWHF7P,LG+F+I+G4,0.0201,1.7645,,LG+F+I{0.0201}+G4{1.7645}
ENSB:71NiZxdLShDjZ8z,LG+F+I+G4,0.0201,1.7645,,LG+F+I{0.0201}+G4{1.7645}
ENSB:TpBbWYX3BBFHgy7,LG+F+I+G4,0.0201,1.7645,,LG+F+I{0.0201}+G4{1.7645}
ENSB:OPm2X3OMAyL2v50,LG+F+I+G4,0.0201,1.7645,,LG+F+I{0.0201}+G4{1.7645}
ENSB:sAy94gtKo_D-x6j,LG+F+I+G4,0.0201,1.7645,,LG+F+I{0.0201}+G4{1.7645}
ENSB:zmB9n08_t1thZdZ,LG+I+G4,0.0000,1.8482,,LG+I{0.0000}+G4{1.8482}
ENSB:zmB9n08_t1thZdZ,LG+I+G4,0.0000,1.8482,,LG+I{0.0000}+G4{1.8482}
ENSB:iTP8tei-5nBIJA4,LG+I+R4,0.0174,,"(0.0959,0.1153) (0.2689,0.4469) (0.2759,0.9835) (0.3419,1.7476)","LG+I{0.0174}+R4{0.0959,0.1153,0.2689,0.4469,0.2759,0.9835,0.3419,1.7476}"
ENSB:dr-tGBMNCqsAIga,LG+I+R4,0.0174,,"(0.0959,0.1153) (0.2689,0.4469) (0.2759,0.9835) (0.3419,1.7476)","LG+I{0.0174}+R4{0.0959,0.1153,0.2689,0.4469,0.2759,0.9835,0.3419,1.7476}"
ENSB:VzjtKZZy22AS4dp,LG+I+R4,0.0113,,"(0.0287,0.0408) (0.2466,0.2499) (0.2930,0.6019) (0.4204,1.8097)","LG+I{0.0113}+R4{0.0287,0.0408,0.2466,0.2499,0.2930,0.6019,0.4204,1.8097}"
ENSB:nPTGuWC13njzEUZ,LG+I+G4,0.0293,4.0384,,LG+I{0.0293}+G4{4.0384}
ENSB:ebxiYqedNMYiJuc,LG+I+G4,0.0293,4.0384,,LG+I{0.0293}+G4{4.0384}
ENSB:2lfN6yH8jmkTv-U,LG+I+G4,0.0293,4.0384,,LG+I{0.0293}+G4{4.0384}
ENSB:oHvNo4dIsqMTV4v,LG+I+G4,0.0292,1.0410,,LG+I{0.0292}+G4{1.0410}
ENSB:UKDYOsZQD4OgKqu,LG+I+G4,0.0292,1.0410,,LG+I{0.0292}+G4{1.0410}
ENSB:Wvjmq_fG9xpCXPu,LG+I+G4,0.0292,1.0410,,LG+I{0.0292}+G4{1.0410}
ENSB:QBoCmo-044W5HDN,LG+I+G4,0.0292,1.0410,,LG+I{0.0292}+G4{1.0410}
ENSB:b0iqUkLqqYydyrQ,LG+I+G4,0.0292,1.0410,,LG+I{0.0292}+G4{1.0410}
ENSB:mUvmWRLTtld4jSp,LG+I+G4,0.0292,1.0410,,LG+I{0.0292}+G4{1.0410}
ENSB:NSV-pa0mQKNHFIQ,LG+I+G4,0.0292,1.0410,,LG+I{0.0292}+G4{1.0410}
ENSB:-iZggiPd3KKNbmL,LG+I+G4,0.0292,1.0410,,LG+I{0.0292}+G4{1.0410}
ENSB:TwcjUVRo-X_dC1J,LG+I+G4,0.0292,1.0410,,LG+I{0.0292}+G4{1.0410}
ENSB:D6UfqnB8yLuiF9r,LG+I+G4,0.0292,1.0410,,LG+I{0.0292}+G4{1.0410}
ENSB:ul4QewNaUklrZ11,LG+I+G4,0.0292,1.0410,,LG+I{0.0292}+G4{1.0410}
ENSB:jA2yxdxl87VvYDK,LG+I+G4,0.0292,1.0410,,LG+I{0.0292}+G4{1.0410}
ENSB:-jisWkD9RZqQEY2,LG+I+G4,0.0292,1.0410,,LG+I{0.0292}+G4{1.0410}
ENSB:z8hWpZ6oSIoYMpG,LG+I+G4,0.0292,1.0410,,LG+I{0.0292}+G4{1.0410}
ENSB:ma4Dh5phUeJ2s_D,LG+I+R4,0.0061,,"(0.0904,0.0567) (0.2310,0.3810) (0.2662,0.8622) (0.4063,1.6671)","LG+I{0.0061}+R4{0.0904,0.0567,0.2310,0.3810,0.2662,0.8622,0.4063,1.6671}"
ENSB:au25Z33E2ukHZv-,LG+I+R4,0.0061,,"(0.0904,0.0567) (0.2310,0.3810) (0.2662,0.8622) (0.4063,1.6671)","LG+I{0.0061}+R4{0.0904,0.0567,0.2310,0.3810,0.2662,0.8622,0.4063,1.6671}"
ENSB:dUc0DnNG_5t5lDJ,LG+I+R4,0.0061,,"(0.0904,0.0567) (0.2310,0.3810) (0.2662,0.8622) (0.4063,1.6671)","LG+I{0.0061}+R4{0.0904,0.0567,0.2310,0.3810,0.2662,0.8622,0.4063,1.6671}"
ENSB:GoXQFjkqfvs1OUv,LG+F+I+R4,0.0056,,"(0.1004,0.2363) (0.2313,0.5085) (0.3616,1.0220) (0.3011,1.6245)","LG+F+I{0.0056}+R4{0.1004,0.2363,0.2313,0.5085,0.3616,1.0220,0.3011,1.6245}"
ENSB:UXYU_jOS8lYgxPt,LG+F+I+R4,0.0056,,"(0.1004,0.2363) (0.2313,0.5085) (0.3616,1.0220) (0.3011,1.6245)","LG+F+I{0.0056}+R4{0.1004,0.2363,0.2313,0.5085,0.3616,1.0220,0.3011,1.6245}"
ENSB:5PGWOr-rOkC2Bie,LG+F+I+R4,0.0056,,"(0.1004,0.2363) (0.2313,0.5085) (0.3616,1.0220) (0.3011,1.6245)","LG+F+I{0.0056}+R4{0.1004,0.2363,0.2313,0.5085,0.3616,1.0220,0.3011,1.6245}"
ENSB:jgOZC4c9waS49c8,LG+F+I+R4,0.0056,,"(0.1004,0.2363) (0.2313,0.5085) (0.3616,1.0220) (0.3011,1.6245)","LG+F+I{0.0056}+R4{0.1004,0.2363,0.2313,0.5085,0.3616,1.0220,0.3011,1.6245}"
ENSB:IL3Yw9gVEyTn-7E,LG+F+I+R4,0.0056,,"(0.1004,0.2363) (0.2313,0.5085) (0.3616,1.0220) (0.3011,1.6245)","LG+F+I{0.0056}+R4{0.1004,0.2363,0.2313,0.5085,0.3616,1.0220,0.3011,1.6245}"
ENSB:PbWKcP1B-iloeO7,LG+F+I+R4,0.0056,,"(0.1004,0.2363) (0.2313,0.5085) (0.3616,1.0220) (0.3011,1.6245)","LG+F+I{0.0056}+R4{0.1004,0.2363,0.2313,0.5085,0.3616,1.0220,0.3011,1.6245}"
ENSB:HxGbMhHnrLi-sEk,LG+F+I+R4,0.0056,,"(0.1004,0.2363) (0.2313,0.5085) (0.3616,1.0220) (0.3011,1.6245)","LG+F+I{0.0056}+R4{0.1004,0.2363,0.2313,0.5085,0.3616,1.0220,0.3011,1.6245}"
ENSB:rG-nSw2nj7OLD92,LG+F+I+R4,0.0056,,"(0.1004,0.2363) (0.2313,0.5085) (0.3616,1.0220) (0.3011,1.6245)","LG+F+I{0.0056}+R4{0.1004,0.2363,0.2313,0.5085,0.3616,1.0220,0.3011,1.6245}"
ENSB:mFbPHrZY77l3Zap,LG+F+I+R4,0.0056,,"(0.1004,0.2363) (0.2313,0.5085) (0.3616,1.0220) (0.3011,1.6245)","LG+F+I{0.0056}+R4{0.1004,0.2363,0.2313,0.5085,0.3616,1.0220,0.3011,1.6245}"
ENSB:yMmgJaT5yPutZpV,LG+F+I+R4,0.0056,,"(0.1004,0.2363) (0.2313,0.5085) (0.3616,1.0220) (0.3011,1.6245)","LG+F+I{0.0056}+R4{0.1004,0.2363,0.2313,0.5085,0.3616,1.0220,0.3011,1.6245}"
ENSB:4UYasrJPA88gkex,LG+F+I+R4,0.0056,,"(0.1004,0.2363) (0.2313,0.5085) (0.3616,1.0220) (0.3011,1.6245)","LG+F+I{0.0056}+R4{0.1004,0.2363,0.2313,0.5085,0.3616,1.0220,0.3011,1.6245}"
ENSB:BJ85BQnUM_gyIfK,LG+F+I+G4,0.0039,1.7309,,LG+F+I{0.0039}+G4{1.7309}
ENSB:84lObD06WmmZxiv,LG+F+I+G4,0.0039,1.7309,,LG+F+I{0.0039}+G4{1.7309}
ENSB:psLPfENAuzfLeE_,LG+F+I+G4,0.0039,1.7309,,LG+F+I{0.0039}+G4{1.7309}
ENSB:434qfsZzTvYIQFa,LG+F+I+G4,0.0039,1.7309,,LG+F+I{0.0039}+G4{1.7309}
ENSB:nqO-XNzoq1wjw3O,LG+F+I+G4,0.0039,1.7309,,LG+F+I{0.0039}+G4{1.7309}
ENSB:UTx5ZRYnsg0QVO9,LG+F+I+G4,0.0039,1.7309,,LG+F+I{0.0039}+G4{1.7309}
ENSB:iHHZk4h5caE7pFe,LG+F+I+G4,0.0039,1.7309,,LG+F+I{0.0039}+G4{1.7309}
ENSB:gSsGTJFrnNyHagw,LG+I+G4,0.0239,2.1384,,LG+I{0.0239}+G4{2.1384}
ENSB:gSsGTJFrnNyHagw,LG+I+G4,0.0239,2.1384,,LG+I{0.0239}+G4{2.1384}
ENSB:gSsGTJFrnNyHagw,LG+I+G4,0.0239,2.1384,,LG+I{0.0239}+G4{2.1384}
ENSB:MEKs8WZbGlGDLbM,LG+I+G4,0.0239,2.1384,,LG+I{0.0239}+G4{2.1384}
ENSB:9fLacNC-YhWp-HP,LG+I+G4,0.0239,2.1384,,LG+I{0.0239}+G4{2.1384}
ENSB:u-Oqu9XgRuwZiZB,LG+I+R4,0.0040,,"(0.1277,0.1088) (0.2259,0.4073) (0.2264,0.8358) (0.4160,1.6946)","LG+I{0.0040}+R4{0.1277,0.1088,0.2259,0.4073,0.2264,0.8358,0.4160,1.6946}"
ENSB:ExEwmJYBqpXp1Jt,LG+I+R4,0.0000,,"(0.2356,0.1644) (0.3041,0.5528) (0.2134,1.2264) (0.2469,2.1528)","LG+I{0.0000}+R4{0.2356,0.1644,0.3041,0.5528,0.2134,1.2264,0.2469,2.1528}"
ENSB:NDxYv03AXK7YXp1,LG+I+R4,0.0155,,"(0.1458,0.0427) (0.2866,0.3988) (0.2566,1.0341) (0.2954,2.0787)","LG+I{0.0155}+R4{0.1458,0.0427,0.2866,0.3988,0.2566,1.0341,0.2954,2.0787}"
ENSB:eJNP1kU9la_gsOF,LG+I+R4,0.0155,,"(0.1458,0.0427) (0.2866,0.3988) (0.2566,1.0341) (0.2954,2.0787)","LG+I{0.0155}+R4{0.1458,0.0427,0.2866,0.3988,0.2566,1.0341,0.2954,2.0787}"
ENSB:ma4Dh5phUeJ2s_D,LG+I+R4,0.0155,,"(0.1458,0.0427) (0.2866,0.3988) (0.2566,1.0341) (0.2954,2.0787)","LG+I{0.0155}+R4{0.1458,0.0427,0.2866,0.3988,0.2566,1.0341,0.2954,2.0787}"
ENSB:20R0ZEf8UA2l2dd,LG+I+R4,0.0155,,"(0.1458,0.0427) (0.2866,0.3988) (0.2566,1.0341) (0.2954,2.0787)","LG+I{0.0155}+R4{0.1458,0.0427,0.2866,0.3988,0.2566,1.0341,0.2954,2.0787}"
ENSB:keHC8ILe_8NUR4m,LG+I+R4,0.0155,,"(0.1458,0.0427) (0.2866,0.3988) (0.2566,1.0341) (0.2954,2.0787)","LG+I{0.0155}+R4{0.1458,0.0427,0.2866,0.3988,0.2566,1.0341,0.2954,2.0787}"
ENSB:au25Z33E2ukHZv-,LG+I+R4,0.0155,,"(0.1458,0.0427) (0.2866,0.3988) (0.2566,1.0341) (0.2954,2.0787)","LG+I{0.0155}+R4{0.1458,0.0427,0.2866,0.3988,0.2566,1.0341,0.2954,2.0787}"
ENSB:aJZ63-RunQpubLt,LG+I+R4,0.0155,,"(0.1458,0.0427) (0.2866,0.3988) (0.2566,1.0341) (0.2954,2.0787)","LG+I{0.0155}+R4{0.1458,0.0427,0.2866,0.3988,0.2566,1.0341,0.2954,2.0787}"
ENSB:zuaxSI-tPZDpklj,LG+I+R4,0.0155,,"(0.1458,0.0427) (0.2866,0.3988) (0.2566,1.0341) (0.2954,2.0787)","LG+I{0.0155}+R4{0.1458,0.0427,0.2866,0.3988,0.2566,1.0341,0.2954,2.0787}"
ENSB:PF26x3xcODu730S,LG+I+G4,0.0008,2.3729,,LG+I{0.0008}+G4{2.3729}
ENSB:3h-e4xhqizzn7TU,LG+I+G4,0.0008,2.3729,,LG+I{0.0008}+G4{2.3729}
ENSB:rR-IFFQ1dM2a4Q4,LG+I+G4,0.0008,2.3729,,LG+I{0.0008}+G4{2.3729}
ENSB:E0rJT9DTgWT4O76,LG+I+G4,0.0008,2.3729,,LG+I{0.0008}+G4{2.3729}
ENSB:deLTWdiioC_QH0i,LG+I+G4,0.0008,2.3729,,LG+I{0.0008}+G4{2.3729}
ENSB:coR6oyD8Ml41qzr,LG+I+G4,0.0008,2.3729,,LG+I{0.0008}+G4{2.3729}
ENSB:YjOitrWBu9OwOre,LG+I+G4,0.0008,2.3729,,LG+I{0.0008}+G4{2.3729}
ENSB:aPmmHC_Jt2809Kr,LG+I+G4,0.0128,2.0171,,LG+I{0.0128}+G4{2.0171}
ENSB:Jo2DhUWvKU-Uyhq,LG+I+G4,0.0128,2.0171,,LG+I{0.0128}+G4{2.0171}
ENSB:y3T8E2uOYJFSuGC,LG+I+G4,0.0128,2.0171,,LG+I{0.0128}+G4{2.0171}
ENSB:bhCOlOxLmpvBwQL,LG+I+G4,0.0128,2.0171,,LG+I{0.0128}+G4{2.0171}
ENSB:vOGVKR4cdEuwnpF,LG+I+G4,0.0128,2.0171,,LG+I{0.0128}+G4{2.0171}
ENSB:lc9qK19Cr_-DvdC,LG+I+G4,0.0128,2.0171,,LG+I{0.0128}+G4{2.0171}
ENSB:Rx5M-Tx3ywDNsmv,LG+I+G4,0.0128,2.0171,,LG+I{0.0128}+G4{2.0171}
ENSB:jgOZC4c9waS49c8,LG+I+R4,0.0000,,"(0.1233,0.1648) (0.3132,0.4869) (0.1899,0.9475) (0.3737,1.7321)","LG+I{0.0000}+R4{0.1233,0.1648,0.3132,0.4869,0.1899,0.9475,0.3737,1.7321}"
ENSB:IL3Yw9gVEyTn-7E,LG+I+R4,0.0000,,"(0.1233,0.1648) (0.3132,0.4869) (0.1899,0.9475) (0.3737,1.7321)","LG+I{0.0000}+R4{0.1233,0.1648,0.3132,0.4869,0.1899,0.9475,0.3737,1.7321}"
ENSB:3JRMSB8M2SW2-zE,LG+I+R4,0.0000,,"(0.1233,0.1648) (0.3132,0.4869) (0.1899,0.9475) (0.3737,1.7321)","LG+I{0.0000}+R4{0.1233,0.1648,0.3132,0.4869,0.1899,0.9475,0.3737,1.7321}"
ENSB:pYk5WOaHXdk9Mx3,LG+I+R4,0.0000,,"(0.1233,0.1648) (0.3132,0.4869) (0.1899,0.9475) (0.3737,1.7321)","LG+I{0.0000}+R4{0.1233,0.1648,0.3132,0.4869,0.1899,0.9475,0.3737,1.7321}"
ENSB:csD7valr79djO8w,LG+I+R4,0.0000,,"(0.1233,0.1648) (0.3132,0.4869) (0.1899,0.9475) (0.3737,1.7321)","LG+I{0.0000}+R4{0.1233,0.1648,0.3132,0.4869,0.1899,0.9475,0.3737,1.7321}"
ENSB:4UYasrJPA88gkex,LG+I+R4,0.0000,,"(0.1233,0.1648) (0.3132,0.4869) (0.1899,0.9475) (0.3737,1.7321)","LG+I{0.0000}+R4{0.1233,0.1648,0.3132,0.4869,0.1899,0.9475,0.3737,1.7321}"
ENSB:QK4J_7vSz7B9kmh,LG+I+R4,0.0117,,"(0.0509,0.0730) (0.2496,0.4026) (0.4958,0.9131) (0.1920,2.3081)","LG+I{0.0117}+R4{0.0509,0.0730,0.2496,0.4026,0.4958,0.9131,0.1920,2.3081}"
ENSB:CmRnsdwpyW-MbQ6,LG+I+R4,0.0117,,"(0.0509,0.0730) (0.2496,0.4026) (0.4958,0.9131) (0.1920,2.3081)","LG+I{0.0117}+R4{0.0509,0.0730,0.2496,0.4026,0.4958,0.9131,0.1920,2.3081}"
ENSB:WME5A-Zmq83WWth,LG+I+G4,0.0077,3.2774,,LG+I{0.0077}+G4{3.2774}
ENSB:bsvdb2fX173Qn_V,LG+I+G4,0.0077,3.2774,,LG+I{0.0077}+G4{3.2774}
ENSB:6jitib43BCjNblr,LG+I+G4,0.0077,3.2774,,LG+I{0.0077}+G4{3.2774}
ENSB:ghDhcY39zFKTTqz,LG+I+G4,0.0077,3.2774,,LG+I{0.0077}+G4{3.2774}
ENSB:AEf1ZM6voF02liI,LG+I+G4,0.0077,3.2774,,LG+I{0.0077}+G4{3.2774}
ENSB:DbO7iCE0KzMbw1M,LG+I+G4,0.0077,3.2774,,LG+I{0.0077}+G4{3.2774}
ENSB:BATwqo2LjHx_W6B,LG+I+G4,0.0077,3.2774,,LG+I{0.0077}+G4{3.2774}
ENSB:0phHSCBlGZyQJZR,LG+I+G4,0.0077,3.2774,,LG+I{0.0077}+G4{3.2774}
ENSB:QTCiOTLlEBWMD01,LG+I+G4,0.0077,3.2774,,LG+I{0.0077}+G4{3.2774}
ENSB:3kbWi1-1myZfByr,LG+I+G4,0.0077,3.2774,,LG+I{0.0077}+G4{3.2774}
ENSB:UWk371kCYIO_cuj,LG+I+G4,0.0077,3.2774,,LG+I{0.0077}+G4{3.2774}
ENSB:KfAzP1dUOU6uaPM,LG+I+G4,0.0077,3.2774,,LG+I{0.0077}+G4{3.2774}
ENSB:YNrBww6036fVSqv,LG+I+G4,0.0077,3.2774,,LG+I{0.0077}+G4{3.2774}
ENSB:4225opXH213iTyM,LG+I+G4,0.0077,3.2774,,LG+I{0.0077}+G4{3.2774}
ENSB:So5G-1GraZFnxdr,LG+I+G4,0.0077,3.2774,,LG+I{0.0077}+G4{3.2774}
ENSB:9IyKogfRHwzX3ak,LG+I+G4,0.0077,3.2774,,LG+I{0.0077}+G4{3.2774}
ENSB:8x55NHJ3ctYgmFQ,LG+I+G4,0.0077,3.2774,,LG+I{0.0077}+G4{3.2774}
ENSB:visQ7Wq7iF6QPhZ,LG+I+R4,0.0027,,"(0.1292,0.2707) (0.3974,0.6639) (0.3173,1.2061) (0.1533,2.0773)","LG+I{0.0027}+R4{0.1292,0.2707,0.3974,0.6639,0.3173,1.2061,0.1533,2.0773}"
ENSB:bZI1Ex8aIl-WiYB,LG+I+R4,0.0027,,"(0.1292,0.2707) (0.3974,0.6639) (0.3173,1.2061) (0.1533,2.0773)","LG+I{0.0027}+R4{0.1292,0.2707,0.3974,0.6639,0.3173,1.2061,0.1533,2.0773}"
ENSB:2Au4OORFBdqd3ih,LG+I+R4,0.0027,,"(0.1292,0.2707) (0.3974,0.6639) (0.3173,1.2061) (0.1533,2.0773)","LG+I{0.0027}+R4{0.1292,0.2707,0.3974,0.6639,0.3173,1.2061,0.1533,2.0773}"
ENSB:6KBhloHwShjn4lb,LG+I+R4,0.0027,,"(0.1292,0.2707) (0.3974,0.6639) (0.3173,1.2061) (0.1533,2.0773)","LG+I{0.0027}+R4{0.1292,0.2707,0.3974,0.6639,0.3173,1.2061,0.1533,2.0773}"
ENSB:RAo-f7Xwt7lC0OJ,LG+I+G4,0.0412,1.3111,,LG+I{0.0412}+G4{1.3111}
ENSB:qH3CoGOyIkX0LJn,LG+I+G4,0.0412,1.3111,,LG+I{0.0412}+G4{1.3111}
ENSB:bVsvZ3i0ucgC7XF,LG+I+G4,0.0000,1.0608,,LG+I{0.0000}+G4{1.0608}
ENSB:jgOZC4c9waS49c8,LG+I+G4,0.0000,1.0608,,LG+I{0.0000}+G4{1.0608}
ENSB:IL3Yw9gVEyTn-7E,LG+I+G4,0.0000,1.0608,,LG+I{0.0000}+G4{1.0608}
ENSB:3JRMSB8M2SW2-zE,LG+I+G4,0.0000,1.0608,,LG+I{0.0000}+G4{1.0608}
ENSB:eHy-VbwO5MKefrn,LG+I+G4,0.0000,1.0608,,LG+I{0.0000}+G4{1.0608}
ENSB:XbtW1JbZsVI9tap,LG+I+G4,0.0000,1.0608,,LG+I{0.0000}+G4{1.0608}
ENSB:2JtnPtaPS7TcH1L,LG+I+G4,0.0000,1.9225,,LG+I{0.0000}+G4{1.9225}
ENSB:x3H9oCNAvgklXWH,LG+I+G4,0.0000,1.9225,,LG+I{0.0000}+G4{1.9225}
ENSB:Gt7rl_7cDoezb80,LG+I+G4,0.0000,1.9225,,LG+I{0.0000}+G4{1.9225}
ENSB:K4Czy_5_2CYmgPQ,LG+I+G4,0.0000,1.9225,,LG+I{0.0000}+G4{1.9225}
ENSB:IOO1yKiBiLiB_Jb,LG+I+G4,0.0000,1.9225,,LG+I{0.0000}+G4{1.9225}
ENSB:wBejwxSYKrqIxRQ,LG+I+G4,0.0000,1.9225,,LG+I{0.0000}+G4{1.9225}
ENSB:dxRlVys9RcGqyrO,LG+I+G4,0.0000,1.9225,,LG+I{0.0000}+G4{1.9225}
ENSB:F3Q0LR9UuXvW0Vy,LG+I+G4,0.0000,1.9225,,LG+I{0.0000}+G4{1.9225}
ENSB:N-jICsd62IeVffB,LG+I+G4,0.0000,1.9225,,LG+I{0.0000}+G4{1.9225}
ENSB:Lc0qSWUVWCd-sY4,LG+I+G4,0.0000,1.9225,,LG+I{0.0000}+G4{1.9225}
ENSB:JUvq-kym-HpxC5E,LG+I+G4,0.0000,1.9225,,LG+I{0.0000}+G4{1.9225}
ENSB:U3H4w4SvW_EO-4u,LG+I+G4,0.0000,1.9225,,LG+I{0.0000}+G4{1.9225}
ENSB:JxWuhO9KWpoMKtc,LG+I+G4,0.0000,1.9225,,LG+I{0.0000}+G4{1.9225}
ENSB:qKwqoBH5qliZhoh,LG+I+G4,0.0000,1.9225,,LG+I{0.0000}+G4{1.9225}
ENSB:dmC5uZGDD2jI4xo,LG+I+G4,0.0000,1.9225,,LG+I{0.0000}+G4{1.9225}
ENSB:M6YqdmTaUdIXz73,LG+I+G4,0.0000,1.9225,,LG+I{0.0000}+G4{1.9225}
ENSB:Y9xxOibJAAdXbAh,LG+I+G4,0.0000,1.9225,,LG+I{0.0000}+G4{1.9225}
ENSB:21QRxtkilDfsWUJ,LG+I+G4,0.0000,1.9225,,LG+I{0.0000}+G4{1.9225}
ENSB:GNYoElXvP4QEm5w,LG+I+G4,0.0000,1.9225,,LG+I{0.0000}+G4{1.9225}
ENSB:Lle5cM05v_jffAA,LG+I+G4,0.0000,1.9225,,LG+I{0.0000}+G4{1.9225}
ENSB:4EpcEW6nVy8_ei8,LG+I+G4,0.0000,1.9225,,LG+I{0.0000}+G4{1.9225}
ENSB:7o5E3PXriHkQurC,LG+I+R4,0.0120,,"(0.2446,0.1061) (0.2721,0.5148) (0.2581,1.1600) (0.2133,2.5069)","LG+I{0.0120}+R4{0.2446,0.1061,0.2721,0.5148,0.2581,1.1600,0.2133,2.5069}"
ENSB:XtepuzgbfScvkLe,LG+I+G4,0.0000,1.9204,,LG+I{0.0000}+G4{1.9204}
ENSB:8qFdYMkV-RlyYzS,LG+I+G4,0.0002,2.3075,,LG+I{0.0002}+G4{2.3075}
ENSB:pUkwteihOZIgwBl,LG+I+R4,0.0000,,"(0.1571,0.1209) (0.2050,0.5043) (0.3273,1.0317) (0.3106,1.7383)","LG+I{0.0000}+R4{0.1571,0.1209,0.2050,0.5043,0.3273,1.0317,0.3106,1.7383}"
ENSB:IV2ccXGC8axxvm7,LG+I+G4,0.0000,2.6232,,LG+I{0.0000}+G4{2.6232}
ENSB:IV2ccXGC8axxvm7,LG+I+G4,0.0000,2.6232,,LG+I{0.0000}+G4{2.6232}
ENSB:YMjEQshW1Vx-UJU,LG+I+G4,0.0000,2.6232,,LG+I{0.0000}+G4{2.6232}
ENSB:tlxu-4JYsf3vkEL,LG+I+G4,0.0784,1.8829,,LG+I{0.0784}+G4{1.8829}
ENSB:-DqpwSSrj0vgnpc,LG+I+G4,0.0102,1.3449,,LG+I{0.0102}+G4{1.3449}
ENSB:wpzzcT4ElJBE9hm,LG+I+G4,0.0102,1.3449,,LG+I{0.0102}+G4{1.3449}
ENSB:h0afCDOY_yPDt6V,LG+I+G4,0.0102,1.3449,,LG+I{0.0102}+G4{1.3449}
ENSB:0YxnNYclrxP6Rlj,LG+I+G4,0.0102,1.3449,,LG+I{0.0102}+G4{1.3449}
ENSB:O1o2EBN-XDWi1oA,LG+I+G4,0.0206,1.0090,,LG+I{0.0206}+G4{1.0090}
ENSB:fd533t0E72nAa8W,LG+F+I+R4,0.0083,,"(0.0320,0.0732) (0.2687,0.4322) (0.4959,0.9175) (0.1951,2.1866)","LG+F+I{0.0083}+R4{0.0320,0.0732,0.2687,0.4322,0.4959,0.9175,0.1951,2.1866}"
ENSB:0Ku90kV4fXxN090,LG+F+I+R4,0.0083,,"(0.0320,0.0732) (0.2687,0.4322) (0.4959,0.9175) (0.1951,2.1866)","LG+F+I{0.0083}+R4{0.0320,0.0732,0.2687,0.4322,0.4959,0.9175,0.1951,2.1866}"
ENSB:VldvU7ATk17Lsal,LG+F+I+R4,0.0083,,"(0.0320,0.0732) (0.2687,0.4322) (0.4959,0.9175) (0.1951,2.1866)","LG+F+I{0.0083}+R4{0.0320,0.0732,0.2687,0.4322,0.4959,0.9175,0.1951,2.1866}"
ENSB:RtcHdhEZslIZGs3,LG+F+I+R4,0.0083,,"(0.0320,0.0732) (0.2687,0.4322) (0.4959,0.9175) (0.1951,2.1866)","LG+F+I{0.0083}+R4{0.0320,0.0732,0.2687,0.4322,0.4959,0.9175,0.1951,2.1866}"
ENSB:rYZHiFocd9GTXbM,LG+F+I+R4,0.0083,,"(0.0320,0.0732) (0.2687,0.4322) (0.4959,0.9175) (0.1951,2.1866)","LG+F+I{0.0083}+R4{0.0320,0.0732,0.2687,0.4322,0.4959,0.9175,0.1951,2.1866}"
ENSB:ticOe0If4AS75SG,LG+F+I+R4,0.0083,,"(0.0320,0.0732) (0.2687,0.4322) (0.4959,0.9175) (0.1951,2.1866)","LG+F+I{0.0083}+R4{0.0320,0.0732,0.2687,0.4322,0.4959,0.9175,0.1951,2.1866}"
ENSB:KhnA8_ZZGzBL9jO,LG+F+I+R4,0.0083,,"(0.0320,0.0732) (0.2687,0.4322) (0.4959,0.9175) (0.1951,2.1866)","LG+F+I{0.0083}+R4{0.0320,0.0732,0.2687,0.4322,0.4959,0.9175,0.1951,2.1866}"
ENSB:YzjjhE314nPLxoZ,LG+F+I+R4,0.0083,,"(0.0320,0.0732) (0.2687,0.4322) (0.4959,0.9175) (0.1951,2.1866)","LG+F+I{0.0083}+R4{0.0320,0.0732,0.2687,0.4322,0.4959,0.9175,0.1951,2.1866}"
ENSB:Bfl54y5yNpyRBw2,LG+F+I+R4,0.0083,,"(0.0320,0.0732) (0.2687,0.4322) (0.4959,0.9175) (0.1951,2.1866)","LG+F+I{0.0083}+R4{0.0320,0.0732,0.2687,0.4322,0.4959,0.9175,0.1951,2.1866}"
ENSB:PDAldkkgdwalm1j,LG+F+I+R4,0.0083,,"(0.0320,0.0732) (0.2687,0.4322) (0.4959,0.9175) (0.1951,2.1866)","LG+F+I{0.0083}+R4{0.0320,0.0732,0.2687,0.4322,0.4959,0.9175,0.1951,2.1866}"
ENSB:zKJLBZrXEJo-GIM,LG+F+I+R4,0.0083,,"(0.0320,0.0732) (0.2687,0.4322) (0.4959,0.9175) (0.1951,2.1866)","LG+F+I{0.0083}+R4{0.0320,0.0732,0.2687,0.4322,0.4959,0.9175,0.1951,2.1866}"
ENSB:UQ1Bi4WmgGWwVhn,LG+F+I+R4,0.0083,,"(0.0320,0.0732) (0.2687,0.4322) (0.4959,0.9175) (0.1951,2.1866)","LG+F+I{0.0083}+R4{0.0320,0.0732,0.2687,0.4322,0.4959,0.9175,0.1951,2.1866}"
ENSB:3lZ9Hzzfowt05Yu,LG+F+I+R4,0.0083,,"(0.0320,0.0732) (0.2687,0.4322) (0.4959,0.9175) (0.1951,2.1866)","LG+F+I{0.0083}+R4{0.0320,0.0732,0.2687,0.4322,0.4959,0.9175,0.1951,2.1866}"
ENSB:SM9p7_Gz4vMc3vE,LG+F+I+R4,0.0083,,"(0.0320,0.0732) (0.2687,0.4322) (0.4959,0.9175) (0.1951,2.1866)","LG+F+I{0.0083}+R4{0.0320,0.0732,0.2687,0.4322,0.4959,0.9175,0.1951,2.1866}"
ENSB:C6XadLSLMiu124V,LG+F+I+R4,0.0083,,"(0.0320,0.0732) (0.2687,0.4322) (0.4959,0.9175) (0.1951,2.1866)","LG+F+I{0.0083}+R4{0.0320,0.0732,0.2687,0.4322,0.4959,0.9175,0.1951,2.1866}"
ENSB:H6jby5lK5AtGP5z,LG+F+I+R4,0.0083,,"(0.0320,0.0732) (0.2687,0.4322) (0.4959,0.9175) (0.1951,2.1866)","LG+F+I{0.0083}+R4{0.0320,0.0732,0.2687,0.4322,0.4959,0.9175,0.1951,2.1866}"
ENSB:SdcskjEW19B72YN,LG+F+I+R4,0.0083,,"(0.0320,0.0732) (0.2687,0.4322) (0.4959,0.9175) (0.1951,2.1866)","LG+F+I{0.0083}+R4{0.0320,0.0732,0.2687,0.4322,0.4959,0.9175,0.1951,2.1866}"
ENSB:iQgKjHocR1bYU9d,LG+F+I+R4,0.0083,,"(0.0320,0.0732) (0.2687,0.4322) (0.4959,0.9175) (0.1951,2.1866)","LG+F+I{0.0083}+R4{0.0320,0.0732,0.2687,0.4322,0.4959,0.9175,0.1951,2.1866}"
ENSB:J-TiLSa3JlXbnyV,LG+F+I+R4,0.0083,,"(0.0320,0.0732) (0.2687,0.4322) (0.4959,0.9175) (0.1951,2.1866)","LG+F+I{0.0083}+R4{0.0320,0.0732,0.2687,0.4322,0.4959,0.9175,0.1951,2.1866}"
ENSB:oH-WJJAx6Nxkmxw,LG+F+I+R4,0.0083,,"(0.0320,0.0732) (0.2687,0.4322) (0.4959,0.9175) (0.1951,2.1866)","LG+F+I{0.0083}+R4{0.0320,0.0732,0.2687,0.4322,0.4959,0.9175,0.1951,2.1866}"
ENSB:l-ylVMHI-Oy90PX,LG+F+I+R4,0.0083,,"(0.0320,0.0732) (0.2687,0.4322) (0.4959,0.9175) (0.1951,2.1866)","LG+F+I{0.0083}+R4{0.0320,0.0732,0.2687,0.4322,0.4959,0.9175,0.1951,2.1866}"
ENSB:R7UwYQ5ceP6ASJK,LG+F+I+R4,0.0083,,"(0.0320,0.0732) (0.2687,0.4322) (0.4959,0.9175) (0.1951,2.1866)","LG+F+I{0.0083}+R4{0.0320,0.0732,0.2687,0.4322,0.4959,0.9175,0.1951,2.1866}"
ENSB:W0pelZriDSaucRD,LG+F+I+R4,0.0083,,"(0.0320,0.0732) (0.2687,0.4322) (0.4959,0.9175) (0.1951,2.1866)","LG+F+I{0.0083}+R4{0.0320,0.0732,0.2687,0.4322,0.4959,0.9175,0.1951,2.1866}"
ENSB:ghUAL0TE365qtOp,LG+F+I+R4,0.0083,,"(0.0320,0.0732) (0.2687,0.4322) (0.4959,0.9175) (0.1951,2.1866)","LG+F+I{0.0083}+R4{0.0320,0.0732,0.2687,0.4322,0.4959,0.9175,0.1951,2.1866}"
ENSB:MugKqQo2re3Mo-v,LG+F+I+R4,0.0083,,"(0.0320,0.0732) (0.2687,0.4322) (0.4959,0.9175) (0.1951,2.1866)","LG+F+I{0.0083}+R4{0.0320,0.0732,0.2687,0.4322,0.4959,0.9175,0.1951,2.1866}"
ENSB:eAUn3pHSJXEHImY,LG+F+I+R4,0.0083,,"(0.0320,0.0732) (0.2687,0.4322) (0.4959,0.9175) (0.1951,2.1866)","LG+F+I{0.0083}+R4{0.0320,0.0732,0.2687,0.4322,0.4959,0.9175,0.1951,2.1866}"
ENSB:FLlY2GVSKQECW3u,LG+F+I+R4,0.0083,,"(0.0320,0.0732) (0.2687,0.4322) (0.4959,0.9175) (0.1951,2.1866)","LG+F+I{0.0083}+R4{0.0320,0.0732,0.2687,0.4322,0.4959,0.9175,0.1951,2.1866}"
ENSB:QttFpj1J0yfsoag,LG+F+I+R4,0.0083,,"(0.0320,0.0732) (0.2687,0.4322) (0.4959,0.9175) (0.1951,2.1866)","LG+F+I{0.0083}+R4{0.0320,0.0732,0.2687,0.4322,0.4959,0.9175,0.1951,2.1866}"
ENSB:ixThjdJ_Gn_-UqV,LG+F+I+R4,0.0083,,"(0.0320,0.0732) (0.2687,0.4322) (0.4959,0.9175) (0.1951,2.1866)","LG+F+I{0.0083}+R4{0.0320,0.0732,0.2687,0.4322,0.4959,0.9175,0.1951,2.1866}"
ENSB:tIadBn0PWGJNg37,LG+F+I+R4,0.0083,,"(0.0320,0.0732) (0.2687,0.4322) (0.4959,0.9175) (0.1951,2.1866)","LG+F+I{0.0083}+R4{0.0320,0.0732,0.2687,0.4322,0.4959,0.9175,0.1951,2.1866}"
ENSB:VHzzKsUDI-PdiDc,LG+F+I+R4,0.0083,,"(0.0320,0.0732) (0.2687,0.4322) (0.4959,0.9175) (0.1951,2.1866)","LG+F+I{0.0083}+R4{0.0320,0.0732,0.2687,0.4322,0.4959,0.9175,0.1951,2.1866}"
ENSB:K-OUATmD2_EFHyv,LG+F+I+R4,0.0083,,"(0.0320,0.0732) (0.2687,0.4322) (0.4959,0.9175) (0.1951,2.1866)","LG+F+I{0.0083}+R4{0.0320,0.0732,0.2687,0.4322,0.4959,0.9175,0.1951,2.1866}"
ENSB:E-geB58z7DYOkfA,LG+F+I+R4,0.0083,,"(0.0320,0.0732) (0.2687,0.4322) (0.4959,0.9175) (0.1951,2.1866)","LG+F+I{0.0083}+R4{0.0320,0.0732,0.2687,0.4322,0.4959,0.9175,0.1951,2.1866}"
ENSB:j5cE3-pd0Jbqsam,LG+I+R4,0.0157,,"(0.1332,0.1092) (0.2327,0.4459) (0.2518,0.9257) (0.3666,1.7691)","LG+I{0.0157}+R4{0.1332,0.1092,0.2327,0.4459,0.2518,0.9257,0.3666,1.7691}"
ENSB:5Pnm1WJrh05fSRa,LG+I+R4,0.0157,,"(0.1332,0.1092) (0.2327,0.4459) (0.2518,0.9257) (0.3666,1.7691)","LG+I{0.0157}+R4{0.1332,0.1092,0.2327,0.4459,0.2518,0.9257,0.3666,1.7691}"
ENSB:6MwPmESn2V_48Dx,LG+I+R4,0.0157,,"(0.1332,0.1092) (0.2327,0.4459) (0.2518,0.9257) (0.3666,1.7691)","LG+I{0.0157}+R4{0.1332,0.1092,0.2327,0.4459,0.2518,0.9257,0.3666,1.7691}"
ENSB:nnoKUEq4goPSyAN,LG+I+R4,0.0157,,"(0.1332,0.1092) (0.2327,0.4459) (0.2518,0.9257) (0.3666,1.7691)","LG+I{0.0157}+R4{0.1332,0.1092,0.2327,0.4459,0.2518,0.9257,0.3666,1.7691}"
ENSB:yePtYI0-y-eW66E,LG+F+I+R3,0.0000,,"(0.0431,0.1127) (0.4142,0.6569) (0.5427,1.3324)","LG+F+I{0.0000}+R3{0.0431,0.1127,0.4142,0.6569,0.5427,1.3324}"
ENSB:uPjYnKiI4BNFon5,LG+F+I+R3,0.0000,,"(0.0431,0.1127) (0.4142,0.6569) (0.5427,1.3324)","LG+F+I{0.0000}+R3{0.0431,0.1127,0.4142,0.6569,0.5427,1.3324}"
ENSB:OvF5VRfUMmfMi04,LG+F+I+R3,0.0000,,"(0.0431,0.1127) (0.4142,0.6569) (0.5427,1.3324)","LG+F+I{0.0000}+R3{0.0431,0.1127,0.4142,0.6569,0.5427,1.3324}"
ENSB:AVI60R0ylDq150F,LG+I+G4,0.0321,1.1461,,LG+I{0.0321}+G4{1.1461}
ENSB:P5YWu3qmeJk9fsC,LG+I+G4,0.0321,1.1461,,LG+I{0.0321}+G4{1.1461}
ENSB:M4eqTHaF_0JxxIG,LG+I+G4,0.0321,1.1461,,LG+I{0.0321}+G4{1.1461}
ENSB:e3sBjyK2iAj4k8K,LG+I+G4,0.0321,1.1461,,LG+I{0.0321}+G4{1.1461}
ENSB:MhIr6WS-j6bR-RC,LG+I+G4,0.0321,1.1461,,LG+I{0.0321}+G4{1.1461}
ENSB:XHzXCB5bsr_7e4R,LG+I+R4,0.0206,,"(0.1909,0.0729) (0.3057,0.5233) (0.2378,1.1578) (0.2450,2.2483)","LG+I{0.0206}+R4{0.1909,0.0729,0.3057,0.5233,0.2378,1.1578,0.2450,2.2483}"
ENSB:8tJEfkKf6P8uFaC,LG+I+R4,0.0000,,"(0.2433,0.2850) (0.2569,0.6138) (0.3337,1.2204) (0.1661,2.2020)","LG+I{0.0000}+R4{0.2433,0.2850,0.2569,0.6138,0.3337,1.2204,0.1661,2.2020}"
ENSB:JPt8RA7NAYJq7Oa,LG+I+R4,0.0000,,"(0.2433,0.2850) (0.2569,0.6138) (0.3337,1.2204) (0.1661,2.2020)","LG+I{0.0000}+R4{0.2433,0.2850,0.2569,0.6138,0.3337,1.2204,0.1661,2.2020}"
ENSB:mITK974tkQJBn4j,LG+I+R4,0.0000,,"(0.2433,0.2850) (0.2569,0.6138) (0.3337,1.2204) (0.1661,2.2020)","LG+I{0.0000}+R4{0.2433,0.2850,0.2569,0.6138,0.3337,1.2204,0.1661,2.2020}"
ENSB:OiDNipWkpYKsCAr,LG+I+R4,0.0000,,"(0.2433,0.2850) (0.2569,0.6138) (0.3337,1.2204) (0.1661,2.2020)","LG+I{0.0000}+R4{0.2433,0.2850,0.2569,0.6138,0.3337,1.2204,0.1661,2.2020}"
ENSB:lcW_WNpKrj3ZSwQ,LG+I+R4,0.0000,,"(0.2433,0.2850) (0.2569,0.6138) (0.3337,1.2204) (0.1661,2.2020)","LG+I{0.0000}+R4{0.2433,0.2850,0.2569,0.6138,0.3337,1.2204,0.1661,2.2020}"
ENSB:-YeTXxHw8N8m76e,LG+I+R4,0.0000,,"(0.2433,0.2850) (0.2569,0.6138) (0.3337,1.2204) (0.1661,2.2020)","LG+I{0.0000}+R4{0.2433,0.2850,0.2569,0.6138,0.3337,1.2204,0.1661,2.2020}"
ENSB:WMrTcmbhBnjfnY9,LG+I+R4,0.0000,,"(0.2433,0.2850) (0.2569,0.6138) (0.3337,1.2204) (0.1661,2.2020)","LG+I{0.0000}+R4{0.2433,0.2850,0.2569,0.6138,0.3337,1.2204,0.1661,2.2020}"
ENSB:jTEHqlzoMP9Uxsj,LG+I+R4,0.0000,,"(0.2433,0.2850) (0.2569,0.6138) (0.3337,1.2204) (0.1661,2.2020)","LG+I{0.0000}+R4{0.2433,0.2850,0.2569,0.6138,0.3337,1.2204,0.1661,2.2020}"
ENSB:f1XIUESxCndTgFU,LG+I+R4,0.0000,,"(0.2433,0.2850) (0.2569,0.6138) (0.3337,1.2204) (0.1661,2.2020)","LG+I{0.0000}+R4{0.2433,0.2850,0.2569,0.6138,0.3337,1.2204,0.1661,2.2020}"
ENSB:GCVdgvLq4uP0mC0,LG+I+R4,0.0000,,"(0.2433,0.2850) (0.2569,0.6138) (0.3337,1.2204) (0.1661,2.2020)","LG+I{0.0000}+R4{0.2433,0.2850,0.2569,0.6138,0.3337,1.2204,0.1661,2.2020}"
ENSB:MK5kWd7ykKQe9ED,LG+I+R4,0.0000,,"(0.2433,0.2850) (0.2569,0.6138) (0.3337,1.2204) (0.1661,2.2020)","LG+I{0.0000}+R4{0.2433,0.2850,0.2569,0.6138,0.3337,1.2204,0.1661,2.2020}"
ENSB:XKfLIpVYjbQitcZ,LG+I+R4,0.0000,,"(0.2433,0.2850) (0.2569,0.6138) (0.3337,1.2204) (0.1661,2.2020)","LG+I{0.0000}+R4{0.2433,0.2850,0.2569,0.6138,0.3337,1.2204,0.1661,2.2020}"
ENSB:rr4-hsEsF4zCfET,LG+F+I+R4,0.0105,,"(0.0328,0.1031) (0.3367,0.5207) (0.4309,1.0167) (0.1890,2.0270)","LG+F+I{0.0105}+R4{0.0328,0.1031,0.3367,0.5207,0.4309,1.0167,0.1890,2.0270}"
ENSB:5FcTzNiV5BnhhHp,LG+F+I+R4,0.0105,,"(0.0328,0.1031) (0.3367,0.5207) (0.4309,1.0167) (0.1890,2.0270)","LG+F+I{0.0105}+R4{0.0328,0.1031,0.3367,0.5207,0.4309,1.0167,0.1890,2.0270}"
ENSB:gmp8jyAnGyMFk0M,LG+F+I+R4,0.0105,,"(0.0328,0.1031) (0.3367,0.5207) (0.4309,1.0167) (0.1890,2.0270)","LG+F+I{0.0105}+R4{0.0328,0.1031,0.3367,0.5207,0.4309,1.0167,0.1890,2.0270}"
ENSB:vdyvisVQfm67EBb,LG+F+I+R4,0.0105,,"(0.0328,0.1031) (0.3367,0.5207) (0.4309,1.0167) (0.1890,2.0270)","LG+F+I{0.0105}+R4{0.0328,0.1031,0.3367,0.5207,0.4309,1.0167,0.1890,2.0270}"
ENSB:SJ56wT8zLJusFKg,LG+I+G4,0.0000,1.2013,,LG+I{0.0000}+G4{1.2013}
ENSB:PXsmUAgXNOHlVZq,LG+I+G4,0.0000,1.2013,,LG+I{0.0000}+G4{1.2013}
ENSB:H1PxFmOpBbEz39E,LG+I+R4,0.0085,,"(0.0679,0.1129) (0.1671,0.3823) (0.3133,0.8436) (0.4432,1.4984)","LG+I{0.0085}+R4{0.0679,0.1129,0.1671,0.3823,0.3133,0.8436,0.4432,1.4984}"
ENSB:zAEsw1CLf_H80OB,LG+I+R4,0.0133,,"(0.1157,0.0758) (0.3171,0.4973) (0.4244,1.2427) (0.1296,2.3626)","LG+I{0.0133}+R4{0.1157,0.0758,0.3171,0.4973,0.4244,1.2427,0.1296,2.3626}"
ENSB:ZE5E6Xx94e5o1O0,LG+I+R4,0.0133,,"(0.1157,0.0758) (0.3171,0.4973) (0.4244,1.2427) (0.1296,2.3626)","LG+I{0.0133}+R4{0.1157,0.0758,0.3171,0.4973,0.4244,1.2427,0.1296,2.3626}"
ENSB:pvTgS-R5IXsq8RZ,LG+I+G4,0.0000,1.4534,,LG+I{0.0000}+G4{1.4534}
ENSB:HkK21Hvfk90p0_J,LG+I+G4,0.0000,1.4534,,LG+I{0.0000}+G4{1.4534}
ENSB:7D2ewF4wVMexlBb,LG+I+G4,0.0000,1.4534,,LG+I{0.0000}+G4{1.4534}
ENSB:7HP7A99lVFIpKz4,LG+I+G4,0.0000,1.4534,,LG+I{0.0000}+G4{1.4534}
ENSB:fTR4MkIIEUWX_-O,LG+I+G4,0.0000,1.4534,,LG+I{0.0000}+G4{1.4534}
ENSB:zourk8AwzLE-jSd,LG+I+G4,0.0000,1.4534,,LG+I{0.0000}+G4{1.4534}
ENSB:Dfdwtav_-sEo84g,LG+I+G4,0.0000,1.4534,,LG+I{0.0000}+G4{1.4534}
ENSB:0Y1eI7EBi9Zb_mQ,LG+I+G4,0.0000,1.4534,,LG+I{0.0000}+G4{1.4534}
ENSB:pHr5Z83cLg40PQy,LG+I+G4,0.0000,1.4534,,LG+I{0.0000}+G4{1.4534}
ENSB:T6ta-Z7ki7XhRgg,LG+I+G4,0.0000,1.4534,,LG+I{0.0000}+G4{1.4534}
ENSB:tctOubuGD2EAwlp,LG+I+G4,0.0000,1.4534,,LG+I{0.0000}+G4{1.4534}
ENSB:LJhr3QlrVRTCwSN,LG+I+G4,0.0830,1.9060,,LG+I{0.0830}+G4{1.9060}
ENSB:cAbkrGPofwIu-6H,LG+I+G4,0.0830,1.9060,,LG+I{0.0830}+G4{1.9060}
ENSB:fnKQ4vGaVanU7lR,LG+I+G4,0.0830,1.9060,,LG+I{0.0830}+G4{1.9060}
ENSB:WS2nm4I9olvgod3,LG+I+R4,0.0123,,"(0.1579,0.2613) (0.2247,0.5197) (0.3023,0.9951) (0.3028,1.7872)","LG+I{0.0123}+R4{0.1579,0.2613,0.2247,0.5197,0.3023,0.9951,0.3028,1.7872}"
ENSB:2L6cKnZoDFcDhYV,LG+I+R4,0.0123,,"(0.1579,0.2613) (0.2247,0.5197) (0.3023,0.9951) (0.3028,1.7872)","LG+I{0.0123}+R4{0.1579,0.2613,0.2247,0.5197,0.3023,0.9951,0.3028,1.7872}"
ENSB:LTaf2QnntSSLLNA,LG+I+R4,0.0123,,"(0.1579,0.2613) (0.2247,0.5197) (0.3023,0.9951) (0.3028,1.7872)","LG+I{0.0123}+R4{0.1579,0.2613,0.2247,0.5197,0.3023,0.9951,0.3028,1.7872}"
ENSB:I_RjBzGsWku2H8U,LG+I+R4,0.0123,,"(0.1579,0.2613) (0.2247,0.5197) (0.3023,0.9951) (0.3028,1.7872)","LG+I{0.0123}+R4{0.1579,0.2613,0.2247,0.5197,0.3023,0.9951,0.3028,1.7872}"
ENSB:fZzfpMKKW8gZ8zD,LG+I+G4,0.1367,1.0708,,LG+I{0.1367}+G4{1.0708}
ENSB:fZzfpMKKW8gZ8zD,LG+I+G4,0.1367,1.0708,,LG+I{0.1367}+G4{1.0708}
ENSB:kAbbXaEa2vCuqEo,LG+I+G4,0.0794,1.2058,,LG+I{0.0794}+G4{1.2058}
ENSB:B4GZMKSvnWX7SGJ,LG+I+R4,0.0043,,"(0.0813,0.1116) (0.2333,0.4279) (0.2928,0.9214) (0.3882,1.6003)","LG+I{0.0043}+R4{0.0813,0.1116,0.2333,0.4279,0.2928,0.9214,0.3882,1.6003}"
ENSB:MIGXXVO4g209c2v,LG+I+R4,0.0043,,"(0.0813,0.1116) (0.2333,0.4279) (0.2928,0.9214) (0.3882,1.6003)","LG+I{0.0043}+R4{0.0813,0.1116,0.2333,0.4279,0.2928,0.9214,0.3882,1.6003}"
ENSB:zs0cVyWJXiuXMbg,LG+I+R4,0.0043,,"(0.0813,0.1116) (0.2333,0.4279) (0.2928,0.9214) (0.3882,1.6003)","LG+I{0.0043}+R4{0.0813,0.1116,0.2333,0.4279,0.2928,0.9214,0.3882,1.6003}"
ENSB:W61K2RIAVcnZAAZ,LG+I+R4,0.0043,,"(0.0813,0.1116) (0.2333,0.4279) (0.2928,0.9214) (0.3882,1.6003)","LG+I{0.0043}+R4{0.0813,0.1116,0.2333,0.4279,0.2928,0.9214,0.3882,1.6003}"
ENSB:hO8CwytxJqGgyOC,LG+I+R4,0.0043,,"(0.0813,0.1116) (0.2333,0.4279) (0.2928,0.9214) (0.3882,1.6003)","LG+I{0.0043}+R4{0.0813,0.1116,0.2333,0.4279,0.2928,0.9214,0.3882,1.6003}"
ENSB:4e-t4T88YSosZme,LG+I+R4,0.0043,,"(0.0813,0.1116) (0.2333,0.4279) (0.2928,0.9214) (0.3882,1.6003)","LG+I{0.0043}+R4{0.0813,0.1116,0.2333,0.4279,0.2928,0.9214,0.3882,1.6003}"
ENSB:-7UvX-Ms78kPy16,LG+I+R4,0.0043,,"(0.0813,0.1116) (0.2333,0.4279) (0.2928,0.9214) (0.3882,1.6003)","LG+I{0.0043}+R4{0.0813,0.1116,0.2333,0.4279,0.2928,0.9214,0.3882,1.6003}"
ENSB:0JMmG0aPsK4AQvp,LG+I+R4,0.0059,,"(0.1745,0.1425) (0.2814,0.4982) (0.2734,1.0384) (0.2648,2.0811)","LG+I{0.0059}+R4{0.1745,0.1425,0.2814,0.4982,0.2734,1.0384,0.2648,2.0811}"
ENSB:5iEaCWOQFB8XKeg,LG+I+R4,0.0059,,"(0.1745,0.1425) (0.2814,0.4982) (0.2734,1.0384) (0.2648,2.0811)","LG+I{0.0059}+R4{0.1745,0.1425,0.2814,0.4982,0.2734,1.0384,0.2648,2.0811}"
ENSB:-kdOwYsKfHVpkLm,LG+I+R4,0.0059,,"(0.1745,0.1425) (0.2814,0.4982) (0.2734,1.0384) (0.2648,2.0811)","LG+I{0.0059}+R4{0.1745,0.1425,0.2814,0.4982,0.2734,1.0384,0.2648,2.0811}"
ENSB:Fjv5m53yT7qHpU7,LG+I+R4,0.0059,,"(0.1745,0.1425) (0.2814,0.4982) (0.2734,1.0384) (0.2648,2.0811)","LG+I{0.0059}+R4{0.1745,0.1425,0.2814,0.4982,0.2734,1.0384,0.2648,2.0811}"
ENSB:z2kN-3ePecl4TcC,LG+I+R4,0.0134,,"(0.1338,0.0617) (0.2128,0.3225) (0.2780,0.8109) (0.3620,1.9271)","LG+I{0.0134}+R4{0.1338,0.0617,0.2128,0.3225,0.2780,0.8109,0.3620,1.9271}"
ENSB:dKV4weIIV7EcN5x,LG+I+R4,0.0237,,"(0.1676,0.0682) (0.2847,0.3868) (0.2534,1.0652) (0.2706,2.2486)","LG+I{0.0237}+R4{0.1676,0.0682,0.2847,0.3868,0.2534,1.0652,0.2706,2.2486}"
ENSB:cSiLe120OVC0z8d,LG+I+R4,0.0237,,"(0.1676,0.0682) (0.2847,0.3868) (0.2534,1.0652) (0.2706,2.2486)","LG+I{0.0237}+R4{0.1676,0.0682,0.2847,0.3868,0.2534,1.0652,0.2706,2.2486}"
ENSB:4Xk6d06KRO1o3rS,LG+I+R4,0.0324,,"(0.1238,0.0747) (0.1726,0.2885) (0.2259,0.7734) (0.4453,1.7207)","LG+I{0.0324}+R4{0.1238,0.0747,0.1726,0.2885,0.2259,0.7734,0.4453,1.7207}"
ENSB:Twz3XT6hL7mdla5,LG+F+I+R4,0.0000,,"(0.1480,0.4150) (0.3088,0.6470) (0.3169,1.0722) (0.2263,1.7631)","LG+F+I{0.0000}+R4{0.1480,0.4150,0.3088,0.6470,0.3169,1.0722,0.2263,1.7631}"
ENSB:Twz3XT6hL7mdla5,LG+F+I+R4,0.0000,,"(0.1480,0.4150) (0.3088,0.6470) (0.3169,1.0722) (0.2263,1.7631)","LG+F+I{0.0000}+R4{0.1480,0.4150,0.3088,0.6470,0.3169,1.0722,0.2263,1.7631}"
ENSB:QlvShyk9ZuZVcBX,LG+F+I+R4,0.0000,,"(0.1480,0.4150) (0.3088,0.6470) (0.3169,1.0722) (0.2263,1.7631)","LG+F+I{0.0000}+R4{0.1480,0.4150,0.3088,0.6470,0.3169,1.0722,0.2263,1.7631}"
ENSB:QlvShyk9ZuZVcBX,LG+F+I+R4,0.0000,,"(0.1480,0.4150) (0.3088,0.6470) (0.3169,1.0722) (0.2263,1.7631)","LG+F+I{0.0000}+R4{0.1480,0.4150,0.3088,0.6470,0.3169,1.0722,0.2263,1.7631}"
ENSB:1ZWn-P5Bz42xPC-,LG+F+I+R4,0.0000,,"(0.1480,0.4150) (0.3088,0.6470) (0.3169,1.0722) (0.2263,1.7631)","LG+F+I{0.0000}+R4{0.1480,0.4150,0.3088,0.6470,0.3169,1.0722,0.2263,1.7631}"
ENSB:1ZWn-P5Bz42xPC-,LG+F+I+R4,0.0000,,"(0.1480,0.4150) (0.3088,0.6470) (0.3169,1.0722) (0.2263,1.7631)","LG+F+I{0.0000}+R4{0.1480,0.4150,0.3088,0.6470,0.3169,1.0722,0.2263,1.7631}"
ENSB:XarThEWZH_MJDVL,LG+I+R4,0.0259,,"(0.1568,0.1657) (0.2868,0.4749) (0.2749,1.0593) (0.2557,2.1381)","LG+I{0.0259}+R4{0.1568,0.1657,0.2868,0.4749,0.2749,1.0593,0.2557,2.1381}"
ENSB:3k6yym8eLUvb886,LG+I+R4,0.0259,,"(0.1568,0.1657) (0.2868,0.4749) (0.2749,1.0593) (0.2557,2.1381)","LG+I{0.0259}+R4{0.1568,0.1657,0.2868,0.4749,0.2749,1.0593,0.2557,2.1381}"
ENSB:4gnJyIYt4djd8G1,LG+I+G4,0.0292,3.2801,,LG+I{0.0292}+G4{3.2801}
ENSB:C0zo8zzkv7O9vT0,LG+I+G4,0.0292,3.2801,,LG+I{0.0292}+G4{3.2801}
ENSB:xr7CHTGNmU9UlFr,LG+I+G4,0.0292,3.2801,,LG+I{0.0292}+G4{3.2801}
ENSB:c6a4FxBaHZMud6Y,LG+I+G4,0.0000,1.1035,,LG+I{0.0000}+G4{1.1035}
ENSB:so6bK7Tin6q0Y3q,LG+I+G4,0.0000,1.1035,,LG+I{0.0000}+G4{1.1035}
ENSB:z0E04OQX5LuOXd7,LG+I+G4,0.0000,1.1035,,LG+I{0.0000}+G4{1.1035}
ENSB:VcNL3il8CGPWpa6,LG+I+G4,0.0000,1.1035,,LG+I{0.0000}+G4{1.1035}
ENSB:fP-sDI6EBWU2Qu9,LG+I+G4,0.0000,1.1035,,LG+I{0.0000}+G4{1.1035}
ENSB:EG0C0rIHM4l1ZMp,LG+I+G4,0.0000,1.1035,,LG+I{0.0000}+G4{1.1035}
ENSB:pRHjG_yG3NlQVnT,LG+I+G4,0.0000,1.1035,,LG+I{0.0000}+G4{1.1035}
ENSB:c4MetAoImYw2Da3,LG+I+G4,0.0000,1.1035,,LG+I{0.0000}+G4{1.1035}
ENSB:fgC632Wo6VY00Ao,LG+I+G4,0.0000,1.1035,,LG+I{0.0000}+G4{1.1035}
ENSB:Z10TAzTiDDgln3N,LG+I+G4,0.0000,1.1035,,LG+I{0.0000}+G4{1.1035}
ENSB:jxjwi89Q8-A0Y-1,LG+I+G4,0.0000,1.1035,,LG+I{0.0000}+G4{1.1035}
ENSB:LmzH7G7ORR3sePy,LG+I+G4,0.0000,1.1035,,LG+I{0.0000}+G4{1.1035}
ENSB:-77g3bV_icJH_zO,LG+I+G4,0.0000,1.1035,,LG+I{0.0000}+G4{1.1035}
ENSB:Alc6CHwOa4aCXdJ,LG+I+G4,0.0000,1.1035,,LG+I{0.0000}+G4{1.1035}
ENSB:bkzTINGeZKFYbaZ,LG+I+G4,0.0000,1.1035,,LG+I{0.0000}+G4{1.1035}
ENSB:yrbE6NpwjfkuZu7,LG+I+G4,0.0000,1.1035,,LG+I{0.0000}+G4{1.1035}
ENSB:8knaAoyYalKwIoV,LG+I+G4,0.0000,1.1035,,LG+I{0.0000}+G4{1.1035}
ENSB:g9rhYNgvoi-iJJR,LG+I+G4,0.0000,1.1035,,LG+I{0.0000}+G4{1.1035}
ENSB:_PqsKct1fEIobqr,LG+I+G4,0.0788,0.9158,,LG+I{0.0788}+G4{0.9158}
ENSB:ixSHWZRb_ny5nn2,LG+I+R4,0.0306,,"(0.1764,0.0743) (0.1777,0.3374) (0.3134,0.8588) (0.3019,2.1789)","LG+I{0.0306}+R4{0.1764,0.0743,0.1777,0.3374,0.3134,0.8588,0.3019,2.1789}"
ENSB:ogzhA3DhmJJjDph,LG+I+R4,0.0069,,"(0.0897,0.0998) (0.2737,0.4473) (0.3252,0.9475) (0.3045,1.8407)","LG+I{0.0069}+R4{0.0897,0.0998,0.2737,0.4473,0.3252,0.9475,0.3045,1.8407}"
ENSB:fRRvVAMMGykyklZ,LG+F+I+R4,0.0000,,"(0.0639,0.1751) (0.1569,0.4655) (0.4183,0.9094) (0.3608,1.4837)","LG+F+I{0.0000}+R4{0.0639,0.1751,0.1569,0.4655,0.4183,0.9094,0.3608,1.4837}"
ENSB:4QJYWPwEHw4XLI8,LG+F+I+R4,0.0000,,"(0.0639,0.1751) (0.1569,0.4655) (0.4183,0.9094) (0.3608,1.4837)","LG+F+I{0.0000}+R4{0.0639,0.1751,0.1569,0.4655,0.4183,0.9094,0.3608,1.4837}"
ENSB:6G2zE_-oVXnWHYH,LG+F+I+R4,0.0000,,"(0.0639,0.1751) (0.1569,0.4655) (0.4183,0.9094) (0.3608,1.4837)","LG+F+I{0.0000}+R4{0.0639,0.1751,0.1569,0.4655,0.4183,0.9094,0.3608,1.4837}"
ENSB:rZv2_AgLEjLxmeY,LG+F+I+R4,0.0000,,"(0.0639,0.1751) (0.1569,0.4655) (0.4183,0.9094) (0.3608,1.4837)","LG+F+I{0.0000}+R4{0.0639,0.1751,0.1569,0.4655,0.4183,0.9094,0.3608,1.4837}"
ENSB:FStsEJe3z6LqfgC,LG+F+I+R4,0.0000,,"(0.0639,0.1751) (0.1569,0.4655) (0.4183,0.9094) (0.3608,1.4837)","LG+F+I{0.0000}+R4{0.0639,0.1751,0.1569,0.4655,0.4183,0.9094,0.3608,1.4837}"
ENSB:xzCnmzkFDJ662-K,LG+F+I+R4,0.0000,,"(0.0639,0.1751) (0.1569,0.4655) (0.4183,0.9094) (0.3608,1.4837)","LG+F+I{0.0000}+R4{0.0639,0.1751,0.1569,0.4655,0.4183,0.9094,0.3608,1.4837}"
ENSB:WVnYEnPKbJKW5mY,LG+F+I+R4,0.0000,,"(0.0639,0.1751) (0.1569,0.4655) (0.4183,0.9094) (0.3608,1.4837)","LG+F+I{0.0000}+R4{0.0639,0.1751,0.1569,0.4655,0.4183,0.9094,0.3608,1.4837}"
ENSB:GOf_x3yNJkDyuK7,LG+F+I+R4,0.0000,,"(0.0639,0.1751) (0.1569,0.4655) (0.4183,0.9094) (0.3608,1.4837)","LG+F+I{0.0000}+R4{0.0639,0.1751,0.1569,0.4655,0.4183,0.9094,0.3608,1.4837}"
ENSB:JAvfxrh6RG5qAZE,LG+F+I+R4,0.0000,,"(0.0639,0.1751) (0.1569,0.4655) (0.4183,0.9094) (0.3608,1.4837)","LG+F+I{0.0000}+R4{0.0639,0.1751,0.1569,0.4655,0.4183,0.9094,0.3608,1.4837}"
ENSB:m9BO_nlrbedQ7lU,LG+F+I+R4,0.0000,,"(0.0639,0.1751) (0.1569,0.4655) (0.4183,0.9094) (0.3608,1.4837)","LG+F+I{0.0000}+R4{0.0639,0.1751,0.1569,0.4655,0.4183,0.9094,0.3608,1.4837}"
ENSB:cFU8sgpCGH1c4Zo,LG+F+I+R4,0.0022,,"(0.0594,0.2564) (0.2360,0.5098) (0.3393,0.8883) (0.3631,1.5507)","LG+F+I{0.0022}+R4{0.0594,0.2564,0.2360,0.5098,0.3393,0.8883,0.3631,1.5507}"
ENSB:Uv52KuTtFlAa6bu,LG+F+I+R4,0.0022,,"(0.0594,0.2564) (0.2360,0.5098) (0.3393,0.8883) (0.3631,1.5507)","LG+F+I{0.0022}+R4{0.0594,0.2564,0.2360,0.5098,0.3393,0.8883,0.3631,1.5507}"
ENSB:BPalF-YPZWlzJ6-,LG+F+I+R4,0.0022,,"(0.0594,0.2564) (0.2360,0.5098) (0.3393,0.8883) (0.3631,1.5507)","LG+F+I{0.0022}+R4{0.0594,0.2564,0.2360,0.5098,0.3393,0.8883,0.3631,1.5507}"
ENSB:XWxlBU2_4O13RQ2,LG+F+I+R4,0.0022,,"(0.0594,0.2564) (0.2360,0.5098) (0.3393,0.8883) (0.3631,1.5507)","LG+F+I{0.0022}+R4{0.0594,0.2564,0.2360,0.5098,0.3393,0.8883,0.3631,1.5507}"
ENSB:crKGNzIhrrNitYh,LG+F+I+R4,0.0022,,"(0.0594,0.2564) (0.2360,0.5098) (0.3393,0.8883) (0.3631,1.5507)","LG+F+I{0.0022}+R4{0.0594,0.2564,0.2360,0.5098,0.3393,0.8883,0.3631,1.5507}"
ENSB:2dDl7PpkkEc1a6I,LG+F+I+R4,0.0022,,"(0.0594,0.2564) (0.2360,0.5098) (0.3393,0.8883) (0.3631,1.5507)","LG+F+I{0.0022}+R4{0.0594,0.2564,0.2360,0.5098,0.3393,0.8883,0.3631,1.5507}"
ENSB:gXyFk6nHpj771am,LG+F+I+R4,0.0022,,"(0.0594,0.2564) (0.2360,0.5098) (0.3393,0.8883) (0.3631,1.5507)","LG+F+I{0.0022}+R4{0.0594,0.2564,0.2360,0.5098,0.3393,0.8883,0.3631,1.5507}"
ENSB:IGaEGVuJbxr6Vtz,LG+F+I+R4,0.0022,,"(0.0594,0.2564) (0.2360,0.5098) (0.3393,0.8883) (0.3631,1.5507)","LG+F+I{0.0022}+R4{0.0594,0.2564,0.2360,0.5098,0.3393,0.8883,0.3631,1.5507}"
ENSB:IGaEGVuJbxr6Vtz,LG+F+I+R4,0.0022,,"(0.0594,0.2564) (0.2360,0.5098) (0.3393,0.8883) (0.3631,1.5507)","LG+F+I{0.0022}+R4{0.0594,0.2564,0.2360,0.5098,0.3393,0.8883,0.3631,1.5507}"
ENSB:U9ZG038S4P3oUq7,LG+F+I+R4,0.0022,,"(0.0594,0.2564) (0.2360,0.5098) (0.3393,0.8883) (0.3631,1.5507)","LG+F+I{0.0022}+R4{0.0594,0.2564,0.2360,0.5098,0.3393,0.8883,0.3631,1.5507}"
ENSB:bFhPkXoOAOjjc9_,LG+F+I+R4,0.0022,,"(0.0594,0.2564) (0.2360,0.5098) (0.3393,0.8883) (0.3631,1.5507)","LG+F+I{0.0022}+R4{0.0594,0.2564,0.2360,0.5098,0.3393,0.8883,0.3631,1.5507}"
ENSB:Qb16D-nXuy1fUiA,LG+F+I+G4,0.1309,1.3957,,LG+F+I{0.1309}+G4{1.3957}
ENSB:zh2MuCU_-Bc2awY,LG+F+I+G4,0.0000,1.2587,,LG+F+I{0.0000}+G4{1.2587}
ENSB:SfvCVckEBCiBYSw,LG+F+I+G4,0.0000,1.2587,,LG+F+I{0.0000}+G4{1.2587}
ENSB:GYQpC6mszGCrt3o,LG+F+I+G4,0.0000,1.2587,,LG+F+I{0.0000}+G4{1.2587}
ENSB:CMWFerFNPCLpqM0,LG+F+I+G4,0.0000,1.2587,,LG+F+I{0.0000}+G4{1.2587}
ENSB:HntWdE9itZoJ_hq,LG+F+I+G4,0.0000,1.2587,,LG+F+I{0.0000}+G4{1.2587}
ENSB:nOmYjrArNHKUb37,LG+F+I+G4,0.0000,1.2587,,LG+F+I{0.0000}+G4{1.2587}
ENSB:v2vMok91N4JmQJA,LG+F+I+G4,0.0000,1.2587,,LG+F+I{0.0000}+G4{1.2587}
ENSB:Udh7LcpPLdfznnD,LG+F+I+G4,0.0000,1.2587,,LG+F+I{0.0000}+G4{1.2587}
ENSB:lQAtncj0Va4iNyP,LG+F+I+G4,0.0000,1.2587,,LG+F+I{0.0000}+G4{1.2587}
ENSB:Vm6-rmziektN2-F,LG+F+I+G4,0.0000,1.2587,,LG+F+I{0.0000}+G4{1.2587}
ENSB:Zs1ISeQSwW7H42P,LG+F+I+G4,0.0000,1.2587,,LG+F+I{0.0000}+G4{1.2587}
ENSB:6EaKilczUkk4DUk,LG+F+I+G4,0.0000,1.2587,,LG+F+I{0.0000}+G4{1.2587}
ENSB:IGaEGVuJbxr6Vtz,LG+F+I+G4,0.0000,1.2587,,LG+F+I{0.0000}+G4{1.2587}
ENSB:os_sABa7dvXZGDC,LG+F+I+G4,0.0000,1.2587,,LG+F+I{0.0000}+G4{1.2587}
ENSB:U_mq6TTdMFpJQkJ,LG+F+I+G4,0.0000,1.2587,,LG+F+I{0.0000}+G4{1.2587}
ENSB:VOkojJPJSUVLsYb,LG+F+I+G4,0.0000,1.2587,,LG+F+I{0.0000}+G4{1.2587}
ENSB:EtvHPimjdhJkQEk,LG+F+I+G4,0.0000,1.2587,,LG+F+I{0.0000}+G4{1.2587}
ENSB:uh8MPt5KQ7KnxKm,LG+F+I+G4,0.0000,1.2587,,LG+F+I{0.0000}+G4{1.2587}
ENSB:KDI0wVrhcCxktKR,LG+F+I+G4,0.0000,1.2587,,LG+F+I{0.0000}+G4{1.2587}
ENSB:4BqhjgqCe6dX5Kr,LG+I+R4,0.0267,,"(0.1271,0.1503) (0.2188,0.4414) (0.3198,0.9012) (0.3075,1.9383)","LG+I{0.0267}+R4{0.1271,0.1503,0.2188,0.4414,0.3198,0.9012,0.3075,1.9383}"
ENSB:sN8hDeLm8A3OZZG,LG+I+R4,0.0267,,"(0.1271,0.1503) (0.2188,0.4414) (0.3198,0.9012) (0.3075,1.9383)","LG+I{0.0267}+R4{0.1271,0.1503,0.2188,0.4414,0.3198,0.9012,0.3075,1.9383}"
ENSB:Cs7JuLDSbKSQWfC,,,,,
ENSB:jfnF_-tpk5g-3PJ,,,,,
ENSB:49mpiaE7LSLIPEh,,,,,
ENSB:-Df5_YRwNATC10B,,,,,
ENSB:ZVvB6vQELtuiWaN,,,,,
ENSB:y2NnKHH9JqIRgsX,,,,,
ENSB:YM5F6-TcimpbbiQ,,,,,
ENSB:W2SEduJiAmfUU44,,,,,
ENSB:knAne0ef1AK92kZ,,,,,
ENSB:TCIywVKxsdMP1vy,,,,,
ENSB:hNun9L3NQcvYp92,,,,,
ENSB:MJQ7l9TTBnspSL8,,,,,
ENSB:oHvNo4dIsqMTV4v,LG+I+G4,0.0000,2.3552,,LG+I{0.0000}+G4{2.3552}
ENSB:I5wGHjTwgD9-pJk,LG+I+G4,0.0000,2.3552,,LG+I{0.0000}+G4{2.3552}
ENSB:Wvjmq_fG9xpCXPu,LG+I+G4,0.0000,2.3552,,LG+I{0.0000}+G4{2.3552}
ENSB:NSV-pa0mQKNHFIQ,LG+I+G4,0.0000,2.3552,,LG+I{0.0000}+G4{2.3552}
ENSB:-iZggiPd3KKNbmL,LG+I+G4,0.0000,2.3552,,LG+I{0.0000}+G4{2.3552}
ENSB:TwcjUVRo-X_dC1J,LG+I+G4,0.0000,2.3552,,LG+I{0.0000}+G4{2.3552}
ENSB:4j7KNEltezfQQOj,LG+I+G4,0.0000,2.3552,,LG+I{0.0000}+G4{2.3552}
ENSB:jA2yxdxl87VvYDK,LG+I+G4,0.0000,2.3552,,LG+I{0.0000}+G4{2.3552}
ENSB:STAuB9G0bBcKWDD,LG+I+G4,0.0000,3.3166,,LG+I{0.0000}+G4{3.3166}
ENSB:Ot3aepXraKhoLRA,LG+I+R4,0.0000,,"(0.0423,0.1058) (0.2221,0.3593) (0.3803,0.8705) (0.3552,1.6459)","LG+I{0.0000}+R4{0.0423,0.1058,0.2221,0.3593,0.3803,0.8705,0.3552,1.6459}"
ENSB:-vjrfHVIopYg2EP,LG+I+R4,0.0000,,"(0.0423,0.1058) (0.2221,0.3593) (0.3803,0.8705) (0.3552,1.6459)","LG+I{0.0000}+R4{0.0423,0.1058,0.2221,0.3593,0.3803,0.8705,0.3552,1.6459}"
ENSB:NX87Rnsl0RwXPN5,LG+I+R4,0.0000,,"(0.0423,0.1058) (0.2221,0.3593) (0.3803,0.8705) (0.3552,1.6459)","LG+I{0.0000}+R4{0.0423,0.1058,0.2221,0.3593,0.3803,0.8705,0.3552,1.6459}"
ENSB:oT92yNtTVKGrVm0,LG+I+R4,0.0000,,"(0.0423,0.1058) (0.2221,0.3593) (0.3803,0.8705) (0.3552,1.6459)","LG+I{0.0000}+R4{0.0423,0.1058,0.2221,0.3593,0.3803,0.8705,0.3552,1.6459}"
ENSB:7_xnOGUcYOX97Yn,LG+I+R4,0.0000,,"(0.0423,0.1058) (0.2221,0.3593) (0.3803,0.8705) (0.3552,1.6459)","LG+I{0.0000}+R4{0.0423,0.1058,0.2221,0.3593,0.3803,0.8705,0.3552,1.6459}"
ENSB:9yTCjg5Wfd_5PgA,LG+I+R4,0.0000,,"(0.0423,0.1058) (0.2221,0.3593) (0.3803,0.8705) (0.3552,1.6459)","LG+I{0.0000}+R4{0.0423,0.1058,0.2221,0.3593,0.3803,0.8705,0.3552,1.6459}"
ENSB:b9k96_E48B7ddGg,LG+I+R4,0.0000,,"(0.0423,0.1058) (0.2221,0.3593) (0.3803,0.8705) (0.3552,1.6459)","LG+I{0.0000}+R4{0.0423,0.1058,0.2221,0.3593,0.3803,0.8705,0.3552,1.6459}"
ENSB:8SQJbbHVkeKWOO2,LG+I+R4,0.0000,,"(0.0423,0.1058) (0.2221,0.3593) (0.3803,0.8705) (0.3552,1.6459)","LG+I{0.0000}+R4{0.0423,0.1058,0.2221,0.3593,0.3803,0.8705,0.3552,1.6459}"
ENSB:t0JdoM2L0E_oAgk,LG+I+R4,0.0000,,"(0.0423,0.1058) (0.2221,0.3593) (0.3803,0.8705) (0.3552,1.6459)","LG+I{0.0000}+R4{0.0423,0.1058,0.2221,0.3593,0.3803,0.8705,0.3552,1.6459}"
ENSB:g0n5gVxq8wa-sOC,LG+I+R4,0.0000,,"(0.0423,0.1058) (0.2221,0.3593) (0.3803,0.8705) (0.3552,1.6459)","LG+I{0.0000}+R4{0.0423,0.1058,0.2221,0.3593,0.3803,0.8705,0.3552,1.6459}"
ENSB:SXY9f4F9KE5Hams,LG+I+R4,0.0000,,"(0.0423,0.1058) (0.2221,0.3593) (0.3803,0.8705) (0.3552,1.6459)","LG+I{0.0000}+R4{0.0423,0.1058,0.2221,0.3593,0.3803,0.8705,0.3552,1.6459}"
ENSB:4pg83TbvXU0058M,LG+F+I+R4,0.0076,,"(0.1210,0.0796) (0.2913,0.3590) (0.2825,1.1063) (0.2976,1.9262)","LG+F+I{0.0076}+R4{0.1210,0.0796,0.2913,0.3590,0.2825,1.1063,0.2976,1.9262}"
ENSB:9LJl9-dFFd3uObK,LG+I+R4,0.0154,,"(0.0750,0.1555) (0.3586,0.5071) (0.3320,1.0994) (0.2191,2.0158)","LG+I{0.0154}+R4{0.0750,0.1555,0.3586,0.5071,0.3320,1.0994,0.2191,2.0158}"
ENSB:c2xFgNRyOixZPv0,LG+I+R4,0.0154,,"(0.0750,0.1555) (0.3586,0.5071) (0.3320,1.0994) (0.2191,2.0158)","LG+I{0.0154}+R4{0.0750,0.1555,0.3586,0.5071,0.3320,1.0994,0.2191,2.0158}"
ENSB:v9Ch7xEG78bwZq8,LG+I+G4,0.0136,1.9319,,LG+I{0.0136}+G4{1.9319}
ENSB:Nwcr4Ge8fVhumCz,LG+I+G4,0.0136,1.9319,,LG+I{0.0136}+G4{1.9319}
ENSB:cNB4LuoIOiz1VX5,LG+I+G4,0.0136,1.9319,,LG+I{0.0136}+G4{1.9319}
ENSB:Lr-6fAyJ4FpXnnf,LG+I+G4,0.0136,1.9319,,LG+I{0.0136}+G4{1.9319}
ENSB:SEtMRmnIC-bwFXR,LG+I+R4,0.0000,,"(0.0555,0.1658) (0.2631,0.6141) (0.3329,0.9625) (0.3485,1.4600)","LG+I{0.0000}+R4{0.0555,0.1658,0.2631,0.6141,0.3329,0.9625,0.3485,1.4600}"
ENSB:cpgHYIWslgZEAeZ,LG+I+R4,0.0000,,"(0.0555,0.1658) (0.2631,0.6141) (0.3329,0.9625) (0.3485,1.4600)","LG+I{0.0000}+R4{0.0555,0.1658,0.2631,0.6141,0.3329,0.9625,0.3485,1.4600}"
ENSB:-sHsQ42g3ktaYgV,LG+I+R4,0.0000,,"(0.0555,0.1658) (0.2631,0.6141) (0.3329,0.9625) (0.3485,1.4600)","LG+I{0.0000}+R4{0.0555,0.1658,0.2631,0.6141,0.3329,0.9625,0.3485,1.4600}"
ENSB:Fpz0d-PXVY3x8Ra,LG+I+R4,0.0000,,"(0.0555,0.1658) (0.2631,0.6141) (0.3329,0.9625) (0.3485,1.4600)","LG+I{0.0000}+R4{0.0555,0.1658,0.2631,0.6141,0.3329,0.9625,0.3485,1.4600}"
ENSB:vqdRwDAgjMrKoSu,LG+I+G4,0.0144,2.4268,,LG+I{0.0144}+G4{2.4268}
ENSB:bcRTs9R6sB9hMtG,LG+I+G4,0.0144,2.4268,,LG+I{0.0144}+G4{2.4268}
ENSB:AH3wJ53DnyKJbEr,LG+I+G4,0.0144,2.4268,,LG+I{0.0144}+G4{2.4268}
ENSB:D56aBMthcX_Z0a4,LG+I+G4,0.0144,2.4268,,LG+I{0.0144}+G4{2.4268}
ENSB:ZMLkZ9hYyrhKbJg,LG+I+R4,0.0000,,"(0.0725,0.1813) (0.1945,0.4521) (0.2893,0.8443) (0.4437,1.4754)","LG+I{0.0000}+R4{0.0725,0.1813,0.1945,0.4521,0.2893,0.8443,0.4437,1.4754}"
ENSB:AEeyc3ISF2CNfUE,LG+I+R4,0.0000,,"(0.0725,0.1813) (0.1945,0.4521) (0.2893,0.8443) (0.4437,1.4754)","LG+I{0.0000}+R4{0.0725,0.1813,0.1945,0.4521,0.2893,0.8443,0.4437,1.4754}"
ENSB:vaH-Hdj1WZnX_vo,LG+I+R4,0.0000,,"(0.0725,0.1813) (0.1945,0.4521) (0.2893,0.8443) (0.4437,1.4754)","LG+I{0.0000}+R4{0.0725,0.1813,0.1945,0.4521,0.2893,0.8443,0.4437,1.4754}"
ENSB:h5pDlzQ03f0TJmy,LG+I+R4,0.0000,,"(0.0725,0.1813) (0.1945,0.4521) (0.2893,0.8443) (0.4437,1.4754)","LG+I{0.0000}+R4{0.0725,0.1813,0.1945,0.4521,0.2893,0.8443,0.4437,1.4754}"
ENSB:eQ1rkgLDWidW66E,LG+I+R4,0.0000,,"(0.0269,0.0847) (0.1063,0.3260) (0.3584,0.6423) (0.5085,1.4414)","LG+I{0.0000}+R4{0.0269,0.0847,0.1063,0.3260,0.3584,0.6423,0.5085,1.4414}"
ENSB:5FSm_U0tiBgWOl7,LG+I+R4,0.0000,,"(0.0269,0.0847) (0.1063,0.3260) (0.3584,0.6423) (0.5085,1.4414)","LG+I{0.0000}+R4{0.0269,0.0847,0.1063,0.3260,0.3584,0.6423,0.5085,1.4414}"
ENSB:RFPUBzlmgKGKM_H,LG+I+R4,0.0000,,"(0.0269,0.0847) (0.1063,0.3260) (0.3584,0.6423) (0.5085,1.4414)","LG+I{0.0000}+R4{0.0269,0.0847,0.1063,0.3260,0.3584,0.6423,0.5085,1.4414}"
ENSB:X0maVEP7qyZ5d8W,LG+I+R4,0.0000,,"(0.0269,0.0847) (0.1063,0.3260) (0.3584,0.6423) (0.5085,1.4414)","LG+I{0.0000}+R4{0.0269,0.0847,0.1063,0.3260,0.3584,0.6423,0.5085,1.4414}"
ENSB:FyWH8PR6qf7Ohzo,LG+I+R4,0.0000,,"(0.0269,0.0847) (0.1063,0.3260) (0.3584,0.6423) (0.5085,1.4414)","LG+I{0.0000}+R4{0.0269,0.0847,0.1063,0.3260,0.3584,0.6423,0.5085,1.4414}"
ENSB:F5TnG7NYodQMlkb,LG+I+R4,0.0000,,"(0.0269,0.0847) (0.1063,0.3260) (0.3584,0.6423) (0.5085,1.4414)","LG+I{0.0000}+R4{0.0269,0.0847,0.1063,0.3260,0.3584,0.6423,0.5085,1.4414}"
ENSB:2x2swCb1Bk8uv03,LG+I+R4,0.0145,,"(0.1712,0.0889) (0.2749,0.3325) (0.3022,0.7913) (0.2372,2.7581)","LG+I{0.0145}+R4{0.1712,0.0889,0.2749,0.3325,0.3022,0.7913,0.2372,2.7581}"
ENSB:O4yQf0eCCLRsGcA,LG+F+I+G4,0.0036,2.1021,,LG+F+I{0.0036}+G4{2.1021}
ENSB:ezSrG12l8b5kc-7,LG+F+I+G4,0.0036,2.1021,,LG+F+I{0.0036}+G4{2.1021}
ENSB:cuuYMKfJbcgf5XE,LG+F+I+G4,0.0036,2.1021,,LG+F+I{0.0036}+G4{2.1021}
ENSB:Ay70G2G11-Y2Fw8,LG+F+I+G4,0.0036,2.1021,,LG+F+I{0.0036}+G4{2.1021}
ENSB:LXEkFMCj7xgpCJQ,LG+F+I+G4,0.0036,2.1021,,LG+F+I{0.0036}+G4{2.1021}
ENSB:KHLQ3IXqCBfJR0e,LG+F+I+G4,0.0036,2.1021,,LG+F+I{0.0036}+G4{2.1021}
ENSB:QanVIxwH3PUF-ZQ,LG+F+I+G4,0.0036,2.1021,,LG+F+I{0.0036}+G4{2.1021}
ENSB:DLK7jP6dPRRPGG_,LG+F+I+G4,0.0036,2.1021,,LG+F+I{0.0036}+G4{2.1021}
ENSB:gS3qrHQOjbZmCmN,LG+F+I+G4,0.0036,2.1021,,LG+F+I{0.0036}+G4{2.1021}
ENSB:SXuOXhRx2kaKS9v,LG+F+I+G4,0.0036,2.1021,,LG+F+I{0.0036}+G4{2.1021}
ENSB:qHcLnTMrH5IlrlM,LG+F+I+G4,0.0036,2.1021,,LG+F+I{0.0036}+G4{2.1021}
ENSB:X4doi-ZOgj_OnAs,LG+F+I+G4,0.0036,2.1021,,LG+F+I{0.0036}+G4{2.1021}
ENSB:3rcRmj8DquAzXGC,LG+F+I+G4,0.0036,2.1021,,LG+F+I{0.0036}+G4{2.1021}
ENSB:OeuikHUNbiuYOnV,LG+F+I+G4,0.0036,2.1021,,LG+F+I{0.0036}+G4{2.1021}
ENSB:_pVmA3ggdspaVcW,LG+F+I+G4,0.0036,2.1021,,LG+F+I{0.0036}+G4{2.1021}
ENSB:H78hzRwnTwKStAU,LG+F+I+G4,0.0036,2.1021,,LG+F+I{0.0036}+G4{2.1021}
ENSB:UAxV6dazlXJKreu,LG+I+G4,0.0000,1.5969,,LG+I{0.0000}+G4{1.5969}
ENSB:XrERJjM-NafMy2H,LG+I+G4,0.0000,1.5969,,LG+I{0.0000}+G4{1.5969}
ENSB:hqdK0glEvrx281D,LG+I+R4,0.0000,,"(0.1129,0.3539) (0.1216,0.6125) (0.3585,0.9104) (0.4071,1.3738)","LG+I{0.0000}+R4{0.1129,0.3539,0.1216,0.6125,0.3585,0.9104,0.4071,1.3738}"
ENSB:IODu6jsq_8U5obv,LG+I+R4,0.0000,,"(0.1129,0.3539) (0.1216,0.6125) (0.3585,0.9104) (0.4071,1.3738)","LG+I{0.0000}+R4{0.1129,0.3539,0.1216,0.6125,0.3585,0.9104,0.4071,1.3738}"
ENSB:1wvaG_w-I2qM96j,LG+I+R4,0.0000,,"(0.1129,0.3539) (0.1216,0.6125) (0.3585,0.9104) (0.4071,1.3738)","LG+I{0.0000}+R4{0.1129,0.3539,0.1216,0.6125,0.3585,0.9104,0.4071,1.3738}"
ENSB:1wvaG_w-I2qM96j,LG+I+R4,0.0000,,"(0.1129,0.3539) (0.1216,0.6125) (0.3585,0.9104) (0.4071,1.3738)","LG+I{0.0000}+R4{0.1129,0.3539,0.1216,0.6125,0.3585,0.9104,0.4071,1.3738}"
ENSB:aRxEqj_6ylfl9-T,LG+I+R4,0.0000,,"(0.1129,0.3539) (0.1216,0.6125) (0.3585,0.9104) (0.4071,1.3738)","LG+I{0.0000}+R4{0.1129,0.3539,0.1216,0.6125,0.3585,0.9104,0.4071,1.3738}"
ENSB:-_YPSVrE0te71iT,LG+I+R4,0.0000,,"(0.1129,0.3539) (0.1216,0.6125) (0.3585,0.9104) (0.4071,1.3738)","LG+I{0.0000}+R4{0.1129,0.3539,0.1216,0.6125,0.3585,0.9104,0.4071,1.3738}"
ENSB:-_YPSVrE0te71iT,LG+I+R4,0.0000,,"(0.1129,0.3539) (0.1216,0.6125) (0.3585,0.9104) (0.4071,1.3738)","LG+I{0.0000}+R4{0.1129,0.3539,0.1216,0.6125,0.3585,0.9104,0.4071,1.3738}"
ENSB:4QxgqvcsLy_u4ql,LG+I+R4,0.0000,,"(0.1129,0.3539) (0.1216,0.6125) (0.3585,0.9104) (0.4071,1.3738)","LG+I{0.0000}+R4{0.1129,0.3539,0.1216,0.6125,0.3585,0.9104,0.4071,1.3738}"
ENSB:WBwXupnPp4yGmjZ,LG+I+R4,0.0000,,"(0.1129,0.3539) (0.1216,0.6125) (0.3585,0.9104) (0.4071,1.3738)","LG+I{0.0000}+R4{0.1129,0.3539,0.1216,0.6125,0.3585,0.9104,0.4071,1.3738}"
ENSB:WBwXupnPp4yGmjZ,LG+I+R4,0.0000,,"(0.1129,0.3539) (0.1216,0.6125) (0.3585,0.9104) (0.4071,1.3738)","LG+I{0.0000}+R4{0.1129,0.3539,0.1216,0.6125,0.3585,0.9104,0.4071,1.3738}"
ENSB:vmBvVTcOuFd_n0w,LG+I+R4,0.0000,,"(0.1129,0.3539) (0.1216,0.6125) (0.3585,0.9104) (0.4071,1.3738)","LG+I{0.0000}+R4{0.1129,0.3539,0.1216,0.6125,0.3585,0.9104,0.4071,1.3738}"
ENSB:vmBvVTcOuFd_n0w,LG+I+R4,0.0000,,"(0.1129,0.3539) (0.1216,0.6125) (0.3585,0.9104) (0.4071,1.3738)","LG+I{0.0000}+R4{0.1129,0.3539,0.1216,0.6125,0.3585,0.9104,0.4071,1.3738}"
ENSB:cSiLe120OVC0z8d,LG+I+R4,0.0000,,"(0.1129,0.3539) (0.1216,0.6125) (0.3585,0.9104) (0.4071,1.3738)","LG+I{0.0000}+R4{0.1129,0.3539,0.1216,0.6125,0.3585,0.9104,0.4071,1.3738}"
ENSB:cSiLe120OVC0z8d,LG+I+R4,0.0000,,"(0.1129,0.3539) (0.1216,0.6125) (0.3585,0.9104) (0.4071,1.3738)","LG+I{0.0000}+R4{0.1129,0.3539,0.1216,0.6125,0.3585,0.9104,0.4071,1.3738}"
ENSB:iZbhG56kJCnvE60,LG+I+G4,0.0104,1.0601,,LG+I{0.0104}+G4{1.0601}
ENSB:aXD7cX6ZkE9i4mA,LG+I+G4,0.0000,3.0469,,LG+I{0.0000}+G4{3.0469}
ENSB:Ci0qgDX2dC4WazB,LG+I+G4,0.0000,3.0469,,LG+I{0.0000}+G4{3.0469}
ENSB:dX_bFu6CcwjwLsf,LG+I+G4,0.0000,3.0469,,LG+I{0.0000}+G4{3.0469}
ENSB:dX_bFu6CcwjwLsf,LG+I+G4,0.0000,3.0469,,LG+I{0.0000}+G4{3.0469}
ENSB:dX_bFu6CcwjwLsf,LG+I+G4,0.0000,3.0469,,LG+I{0.0000}+G4{3.0469}
ENSB:dX_bFu6CcwjwLsf,LG+I+G4,0.0000,3.0469,,LG+I{0.0000}+G4{3.0469}
ENSB:dX_bFu6CcwjwLsf,LG+I+G4,0.0000,3.0469,,LG+I{0.0000}+G4{3.0469}
ENSB:dX_bFu6CcwjwLsf,LG+I+G4,0.0000,3.0469,,LG+I{0.0000}+G4{3.0469}
ENSB:Qw6f1IU0JubP4zl,LG+I+G4,0.0000,3.0469,,LG+I{0.0000}+G4{3.0469}
ENSB:CuP06KFkLHSyusP,LG+I+G4,0.0000,3.0469,,LG+I{0.0000}+G4{3.0469}
ENSB:i0kKa_ujrj7VeMw,LG+I+G4,0.0000,3.0469,,LG+I{0.0000}+G4{3.0469}
ENSB:fXHcoizGfHSPe4p,LG+I+G4,0.0000,3.0469,,LG+I{0.0000}+G4{3.0469}
ENSB:d7crhzhVCvlhIiB,LG+I+G4,0.0000,3.0469,,LG+I{0.0000}+G4{3.0469}
ENSB:qlmKcCeJgnp2p6e,LG+I+R4,0.0098,,"(0.1195,0.0571) (0.1629,0.2386) (0.3171,0.8569) (0.3906,1.7474)","LG+I{0.0098}+R4{0.1195,0.0571,0.1629,0.2386,0.3171,0.8569,0.3906,1.7474}"
ENSB:u7DwvQPG6U1JHC4,LG+I+R4,0.0000,,"(0.0297,0.1141) (0.2104,0.3936) (0.2914,0.7156) (0.4685,1.5053)","LG+I{0.0000}+R4{0.0297,0.1141,0.2104,0.3936,0.2914,0.7156,0.4685,1.5053}"
ENSB:0dlnKTmff9Wbas2,LG+I+R4,0.0000,,"(0.0297,0.1141) (0.2104,0.3936) (0.2914,0.7156) (0.4685,1.5053)","LG+I{0.0000}+R4{0.0297,0.1141,0.2104,0.3936,0.2914,0.7156,0.4685,1.5053}"
ENSB:Y_ZtlbKZBvwAslX,LG+F+I+R4,0.0078,,"(0.0592,0.0370) (0.1430,0.1990) (0.3033,0.6359) (0.4867,1.5954)","LG+F+I{0.0078}+R4{0.0592,0.0370,0.1430,0.1990,0.3033,0.6359,0.4867,1.5954}"
ENSB:Y_ZtlbKZBvwAslX,LG+F+I+R4,0.0078,,"(0.0592,0.0370) (0.1430,0.1990) (0.3033,0.6359) (0.4867,1.5954)","LG+F+I{0.0078}+R4{0.0592,0.0370,0.1430,0.1990,0.3033,0.6359,0.4867,1.5954}"
ENSB:z7soI9NeZgBBSIq,LG+F+I+R4,0.0078,,"(0.0592,0.0370) (0.1430,0.1990) (0.3033,0.6359) (0.4867,1.5954)","LG+F+I{0.0078}+R4{0.0592,0.0370,0.1430,0.1990,0.3033,0.6359,0.4867,1.5954}"
ENSB:vvLsdKyTqg8pr6K,LG+F+I+R4,0.0078,,"(0.0592,0.0370) (0.1430,0.1990) (0.3033,0.6359) (0.4867,1.5954)","LG+F+I{0.0078}+R4{0.0592,0.0370,0.1430,0.1990,0.3033,0.6359,0.4867,1.5954}"
ENSB:xRXlpfmcIG3XrTx,LG+F+I+R4,0.0078,,"(0.0592,0.0370) (0.1430,0.1990) (0.3033,0.6359) (0.4867,1.5954)","LG+F+I{0.0078}+R4{0.0592,0.0370,0.1430,0.1990,0.3033,0.6359,0.4867,1.5954}"
ENSB:QNib2yuMPI3U0XV,LG+F+I+R4,0.0078,,"(0.0592,0.0370) (0.1430,0.1990) (0.3033,0.6359) (0.4867,1.5954)","LG+F+I{0.0078}+R4{0.0592,0.0370,0.1430,0.1990,0.3033,0.6359,0.4867,1.5954}"
ENSB:HbkHxN38tAdTzqw,LG+I+R4,0.0000,,"(0.0375,0.1030) (0.1887,0.3598) (0.3493,0.8189) (0.4244,1.5132)","LG+I{0.0000}+R4{0.0375,0.1030,0.1887,0.3598,0.3493,0.8189,0.4244,1.5132}"
ENSB:HbkHxN38tAdTzqw,LG+I+R4,0.0000,,"(0.0375,0.1030) (0.1887,0.3598) (0.3493,0.8189) (0.4244,1.5132)","LG+I{0.0000}+R4{0.0375,0.1030,0.1887,0.3598,0.3493,0.8189,0.4244,1.5132}"
ENSB:HbkHxN38tAdTzqw,LG+I+R4,0.0000,,"(0.0375,0.1030) (0.1887,0.3598) (0.3493,0.8189) (0.4244,1.5132)","LG+I{0.0000}+R4{0.0375,0.1030,0.1887,0.3598,0.3493,0.8189,0.4244,1.5132}"
ENSB:cfc_wEB1WFxsHrG,LG+I+R4,0.0000,,"(0.0375,0.1030) (0.1887,0.3598) (0.3493,0.8189) (0.4244,1.5132)","LG+I{0.0000}+R4{0.0375,0.1030,0.1887,0.3598,0.3493,0.8189,0.4244,1.5132}"
ENSB:cfc_wEB1WFxsHrG,LG+I+R4,0.0000,,"(0.0375,0.1030) (0.1887,0.3598) (0.3493,0.8189) (0.4244,1.5132)","LG+I{0.0000}+R4{0.0375,0.1030,0.1887,0.3598,0.3493,0.8189,0.4244,1.5132}"
ENSB:YxBbcoEj6473K5b,LG+I+R4,0.0000,,"(0.0375,0.1030) (0.1887,0.3598) (0.3493,0.8189) (0.4244,1.5132)","LG+I{0.0000}+R4{0.0375,0.1030,0.1887,0.3598,0.3493,0.8189,0.4244,1.5132}"
ENSB:xrtiw_Illu70-Op,LG+I+R4,0.0000,,"(0.0375,0.1030) (0.1887,0.3598) (0.3493,0.8189) (0.4244,1.5132)","LG+I{0.0000}+R4{0.0375,0.1030,0.1887,0.3598,0.3493,0.8189,0.4244,1.5132}"
ENSB:-1weXIEObWNxfS6,LG+I+R4,0.0000,,"(0.0375,0.1030) (0.1887,0.3598) (0.3493,0.8189) (0.4244,1.5132)","LG+I{0.0000}+R4{0.0375,0.1030,0.1887,0.3598,0.3493,0.8189,0.4244,1.5132}"
ENSB:vp_pc9ut0BUDIcF,LG+I+R4,0.0000,,"(0.0375,0.1030) (0.1887,0.3598) (0.3493,0.8189) (0.4244,1.5132)","LG+I{0.0000}+R4{0.0375,0.1030,0.1887,0.3598,0.3493,0.8189,0.4244,1.5132}"
ENSB:ux9GebcNklCoMrH,LG+I+R4,0.0000,,"(0.0375,0.1030) (0.1887,0.3598) (0.3493,0.8189) (0.4244,1.5132)","LG+I{0.0000}+R4{0.0375,0.1030,0.1887,0.3598,0.3493,0.8189,0.4244,1.5132}"
ENSB:gzrMM83ltGWdHdd,LG+I+G4,0.0000,1.4513,,LG+I{0.0000}+G4{1.4513}
ENSB:0nyWLM5Byai4zpA,LG+I+G4,0.0000,1.4513,,LG+I{0.0000}+G4{1.4513}
ENSB:0nyWLM5Byai4zpA,LG+I+G4,0.0000,1.4513,,LG+I{0.0000}+G4{1.4513}
ENSB:yOL19-jsr32CUsQ,LG+I+G4,0.0000,1.4513,,LG+I{0.0000}+G4{1.4513}
ENSB:lnQesPJ_YIicfOL,LG+I+G4,0.0000,1.4513,,LG+I{0.0000}+G4{1.4513}
ENSB:gx86EfAd_bGmQPh,LG+I+G4,0.0000,1.4513,,LG+I{0.0000}+G4{1.4513}
ENSB:8Ln2dItC-k39Con,LG+I+G4,0.0000,1.4513,,LG+I{0.0000}+G4{1.4513}
ENSB:70CDoiLIwvIRncc,LG+I+G4,0.0016,1.7308,,LG+I{0.0016}+G4{1.7308}
ENSB:70CDoiLIwvIRncc,LG+I+G4,0.0016,1.7308,,LG+I{0.0016}+G4{1.7308}
ENSB:7A99p70HeUmjSXy,LG+I+R4,0.0000,,"(0.1036,0.1642) (0.3657,0.4800) (0.2050,0.9003) (0.3257,1.9122)","LG+I{0.0000}+R4{0.1036,0.1642,0.3657,0.4800,0.2050,0.9003,0.3257,1.9122}"
ENSB:Z5SLzuiRQFIi0mr,LG+I+R4,0.0000,,"(0.1036,0.1642) (0.3657,0.4800) (0.2050,0.9003) (0.3257,1.9122)","LG+I{0.0000}+R4{0.1036,0.1642,0.3657,0.4800,0.2050,0.9003,0.3257,1.9122}"
ENSB:14PG2JYA0CBr0Jb,LG+I+R4,0.0000,,"(0.1036,0.1642) (0.3657,0.4800) (0.2050,0.9003) (0.3257,1.9122)","LG+I{0.0000}+R4{0.1036,0.1642,0.3657,0.4800,0.2050,0.9003,0.3257,1.9122}"
ENSB:S3fQymUtKcep0cu,LG+I+R4,0.0000,,"(0.1036,0.1642) (0.3657,0.4800) (0.2050,0.9003) (0.3257,1.9122)","LG+I{0.0000}+R4{0.1036,0.1642,0.3657,0.4800,0.2050,0.9003,0.3257,1.9122}"
ENSB:66DC9dwNeylWds3,LG+I+G4,0.0212,3.9774,,LG+I{0.0212}+G4{3.9774}
ENSB:nTtfWQ6UCH-N10W,LG+I+G4,0.0212,3.9774,,LG+I{0.0212}+G4{3.9774}
ENSB:mCspyIhw6vOk6E9,LG+I+G4,0.0212,3.9774,,LG+I{0.0212}+G4{3.9774}
ENSB:eKhSfmvYlVraHk8,LG+I+R4,0.0037,,"(0.1341,0.2625) (0.2731,0.5805) (0.3203,1.0949) (0.2690,1.6942)","LG+I{0.0037}+R4{0.1341,0.2625,0.2731,0.5805,0.3203,1.0949,0.2690,1.6942}"
ENSB:IVSXyElwyQrX8gf,LG+I+R4,0.0037,,"(0.1341,0.2625) (0.2731,0.5805) (0.3203,1.0949) (0.2690,1.6942)","LG+I{0.0037}+R4{0.1341,0.2625,0.2731,0.5805,0.3203,1.0949,0.2690,1.6942}"
ENSB:99YoBAXlYUbM7BS,LG+I+G4,0.0213,1.6359,,LG+I{0.0213}+G4{1.6359}
ENSB:9-acKMDV0aOwBtq,LG+I+G4,0.0213,1.6359,,LG+I{0.0213}+G4{1.6359}
ENSB:b00szcR5aXlhk9E,LG+F+I+R4,0.0000,,"(0.0494,0.1780) (0.2052,0.4734) (0.3880,0.8643) (0.3574,1.5634)","LG+F+I{0.0000}+R4{0.0494,0.1780,0.2052,0.4734,0.3880,0.8643,0.3574,1.5634}"
ENSB:Zeo8lWHlpLs-TPw,LG+F+I+R4,0.0000,,"(0.0494,0.1780) (0.2052,0.4734) (0.3880,0.8643) (0.3574,1.5634)","LG+F+I{0.0000}+R4{0.0494,0.1780,0.2052,0.4734,0.3880,0.8643,0.3574,1.5634}"
ENSB:X8X3svH--3w8dqE,LG+F+I+R4,0.0000,,"(0.0494,0.1780) (0.2052,0.4734) (0.3880,0.8643) (0.3574,1.5634)","LG+F+I{0.0000}+R4{0.0494,0.1780,0.2052,0.4734,0.3880,0.8643,0.3574,1.5634}"
ENSB:xpIvD3C3RcxHAKV,LG+F+I+R4,0.0000,,"(0.0494,0.1780) (0.2052,0.4734) (0.3880,0.8643) (0.3574,1.5634)","LG+F+I{0.0000}+R4{0.0494,0.1780,0.2052,0.4734,0.3880,0.8643,0.3574,1.5634}"
ENSB:vR6J6F-oq4du53B,LG+F+I+R4,0.0000,,"(0.0494,0.1780) (0.2052,0.4734) (0.3880,0.8643) (0.3574,1.5634)","LG+F+I{0.0000}+R4{0.0494,0.1780,0.2052,0.4734,0.3880,0.8643,0.3574,1.5634}"
ENSB:jgsE-79hLZoKVlN,LG+F+I+R4,0.0000,,"(0.0494,0.1780) (0.2052,0.4734) (0.3880,0.8643) (0.3574,1.5634)","LG+F+I{0.0000}+R4{0.0494,0.1780,0.2052,0.4734,0.3880,0.8643,0.3574,1.5634}"
ENSB:8FhXjS-_tJI4zwG,LG+F+I+R4,0.0000,,"(0.0494,0.1780) (0.2052,0.4734) (0.3880,0.8643) (0.3574,1.5634)","LG+F+I{0.0000}+R4{0.0494,0.1780,0.2052,0.4734,0.3880,0.8643,0.3574,1.5634}"
ENSB:LNr31Y8RZEkc4aD,LG+I+G4,0.0000,2.0864,,LG+I{0.0000}+G4{2.0864}
ENSB:LNr31Y8RZEkc4aD,LG+I+G4,0.0000,2.0864,,LG+I{0.0000}+G4{2.0864}
ENSB:-ZWIOqVGXNiESe3,LG+I+G4,0.0000,2.0864,,LG+I{0.0000}+G4{2.0864}
ENSB:i-n4iLled1U78SE,LG+I+G4,0.0000,2.0864,,LG+I{0.0000}+G4{2.0864}
ENSB:i-n4iLled1U78SE,LG+I+G4,0.0000,2.0864,,LG+I{0.0000}+G4{2.0864}
ENSB:t-VCW-p_6Ukhv8X,LG+I+R4,0.0000,,"(0.0436,0.0786) (0.2278,0.4316) (0.3154,0.8186) (0.4131,1.5494)","LG+I{0.0000}+R4{0.0436,0.0786,0.2278,0.4316,0.3154,0.8186,0.4131,1.5494}"
ENSB:3KNhME8XS9OUgev,LG+I+R4,0.0000,,"(0.0436,0.0786) (0.2278,0.4316) (0.3154,0.8186) (0.4131,1.5494)","LG+I{0.0000}+R4{0.0436,0.0786,0.2278,0.4316,0.3154,0.8186,0.4131,1.5494}"
ENSB:PoGJX3inDrRuFPC,LG+I+R4,0.0000,,"(0.0436,0.0786) (0.2278,0.4316) (0.3154,0.8186) (0.4131,1.5494)","LG+I{0.0000}+R4{0.0436,0.0786,0.2278,0.4316,0.3154,0.8186,0.4131,1.5494}"
ENSB:YTdtFx33dMkywjG,LG+I+R4,0.0000,,"(0.0436,0.0786) (0.2278,0.4316) (0.3154,0.8186) (0.4131,1.5494)","LG+I{0.0000}+R4{0.0436,0.0786,0.2278,0.4316,0.3154,0.8186,0.4131,1.5494}"
ENSB:DMJNbc2mZFJTXAg,LG+I+R4,0.0000,,"(0.0436,0.0786) (0.2278,0.4316) (0.3154,0.8186) (0.4131,1.5494)","LG+I{0.0000}+R4{0.0436,0.0786,0.2278,0.4316,0.3154,0.8186,0.4131,1.5494}"
ENSB:z-WHR0mIWSkPIAE,LG+I+R4,0.0000,,"(0.0436,0.0786) (0.2278,0.4316) (0.3154,0.8186) (0.4131,1.5494)","LG+I{0.0000}+R4{0.0436,0.0786,0.2278,0.4316,0.3154,0.8186,0.4131,1.5494}"
ENSB:16yzmQJMWYD7V98,LG+I+G4,0.0038,0.6930,,LG+I{0.0038}+G4{0.6930}
ENSB:16yzmQJMWYD7V98,LG+I+G4,0.0038,0.6930,,LG+I{0.0038}+G4{0.6930}
ENSB:U0AGfQYNuH-Szn3,LG+I+G4,0.0170,3.5351,,LG+I{0.0170}+G4{3.5351}
ENSB:yS8O5QFgJof3zh8,LG+I+R3,0.0086,,"(0.0613,0.1238) (0.2623,0.4915) (0.6679,1.2929)","LG+I{0.0086}+R3{0.0613,0.1238,0.2623,0.4915,0.6679,1.2929}"
ENSB:BJ85BQnUM_gyIfK,LG+I+R4,0.0000,,"(0.1232,0.1125) (0.2744,0.3780) (0.4769,1.2254) (0.1256,2.3738)","LG+I{0.0000}+R4{0.1232,0.1125,0.2744,0.3780,0.4769,1.2254,0.1256,2.3738}"
ENSB:psLPfENAuzfLeE_,LG+I+R4,0.0000,,"(0.1232,0.1125) (0.2744,0.3780) (0.4769,1.2254) (0.1256,2.3738)","LG+I{0.0000}+R4{0.1232,0.1125,0.2744,0.3780,0.4769,1.2254,0.1256,2.3738}"
ENSB:nqO-XNzoq1wjw3O,LG+I+R4,0.0000,,"(0.1232,0.1125) (0.2744,0.3780) (0.4769,1.2254) (0.1256,2.3738)","LG+I{0.0000}+R4{0.1232,0.1125,0.2744,0.3780,0.4769,1.2254,0.1256,2.3738}"
ENSB:iHHZk4h5caE7pFe,LG+I+R4,0.0000,,"(0.1232,0.1125) (0.2744,0.3780) (0.4769,1.2254) (0.1256,2.3738)","LG+I{0.0000}+R4{0.1232,0.1125,0.2744,0.3780,0.4769,1.2254,0.1256,2.3738}"
ENSB:G3nwhQw_3Bw6cr1,LG+I+R4,0.0000,,"(0.0298,0.0730) (0.2704,0.4460) (0.4982,0.9297) (0.2016,2.0544)","LG+I{0.0000}+R4{0.0298,0.0730,0.2704,0.4460,0.4982,0.9297,0.2016,2.0544}"
ENSB:3iwzkOU-pmi1bHG,LG+I+R4,0.0000,,"(0.0298,0.0730) (0.2704,0.4460) (0.4982,0.9297) (0.2016,2.0544)","LG+I{0.0000}+R4{0.0298,0.0730,0.2704,0.4460,0.4982,0.9297,0.2016,2.0544}"
ENSB:Bb7h3XW4IF7233b,LG+I+R4,0.0000,,"(0.0298,0.0730) (0.2704,0.4460) (0.4982,0.9297) (0.2016,2.0544)","LG+I{0.0000}+R4{0.0298,0.0730,0.2704,0.4460,0.4982,0.9297,0.2016,2.0544}"
ENSB:xWUPjmhUa8zyS63,LG+I+R4,0.0000,,"(0.0298,0.0730) (0.2704,0.4460) (0.4982,0.9297) (0.2016,2.0544)","LG+I{0.0000}+R4{0.0298,0.0730,0.2704,0.4460,0.4982,0.9297,0.2016,2.0544}"
ENSB:zjVdSCeofyboj9I,LG+I+R4,0.0000,,"(0.0298,0.0730) (0.2704,0.4460) (0.4982,0.9297) (0.2016,2.0544)","LG+I{0.0000}+R4{0.0298,0.0730,0.2704,0.4460,0.4982,0.9297,0.2016,2.0544}"
ENSB:PaWsqzZI9PepSHv,LG+I+R4,0.0000,,"(0.0298,0.0730) (0.2704,0.4460) (0.4982,0.9297) (0.2016,2.0544)","LG+I{0.0000}+R4{0.0298,0.0730,0.2704,0.4460,0.4982,0.9297,0.2016,2.0544}"
ENSB:3d0e3IR9RcterH8,LG+I+R4,0.0000,,"(0.0298,0.0730) (0.2704,0.4460) (0.4982,0.9297) (0.2016,2.0544)","LG+I{0.0000}+R4{0.0298,0.0730,0.2704,0.4460,0.4982,0.9297,0.2016,2.0544}"
ENSB:2edlaKfXSk2P8Tu,LG+I+G4,0.0113,2.1806,,LG+I{0.0113}+G4{2.1806}
ENSB:Q-EabaJauWtJtNm,LG+F+I+R4,0.0000,,"(0.0274,0.1149) (0.2289,0.4512) (0.3209,0.8372) (0.4228,1.4781)","LG+F+I{0.0000}+R4{0.0274,0.1149,0.2289,0.4512,0.3209,0.8372,0.4228,1.4781}"
ENSB:tbopvi13v7tdIiV,LG+F+I+R4,0.0000,,"(0.0274,0.1149) (0.2289,0.4512) (0.3209,0.8372) (0.4228,1.4781)","LG+F+I{0.0000}+R4{0.0274,0.1149,0.2289,0.4512,0.3209,0.8372,0.4228,1.4781}"
ENSB:CMWFerFNPCLpqM0,LG+F+I+R4,0.0000,,"(0.0274,0.1149) (0.2289,0.4512) (0.3209,0.8372) (0.4228,1.4781)","LG+F+I{0.0000}+R4{0.0274,0.1149,0.2289,0.4512,0.3209,0.8372,0.4228,1.4781}"
ENSB:HntWdE9itZoJ_hq,LG+F+I+R4,0.0000,,"(0.0274,0.1149) (0.2289,0.4512) (0.3209,0.8372) (0.4228,1.4781)","LG+F+I{0.0000}+R4{0.0274,0.1149,0.2289,0.4512,0.3209,0.8372,0.4228,1.4781}"
ENSB:-8RnD-WaIQHDIMR,LG+F+I+R4,0.0000,,"(0.0274,0.1149) (0.2289,0.4512) (0.3209,0.8372) (0.4228,1.4781)","LG+F+I{0.0000}+R4{0.0274,0.1149,0.2289,0.4512,0.3209,0.8372,0.4228,1.4781}"
ENSB:nOmYjrArNHKUb37,LG+F+I+R4,0.0000,,"(0.0274,0.1149) (0.2289,0.4512) (0.3209,0.8372) (0.4228,1.4781)","LG+F+I{0.0000}+R4{0.0274,0.1149,0.2289,0.4512,0.3209,0.8372,0.4228,1.4781}"
ENSB:Zs1ISeQSwW7H42P,LG+F+I+R4,0.0000,,"(0.0274,0.1149) (0.2289,0.4512) (0.3209,0.8372) (0.4228,1.4781)","LG+F+I{0.0000}+R4{0.0274,0.1149,0.2289,0.4512,0.3209,0.8372,0.4228,1.4781}"
ENSB:LwJFJfJchNC-x4u,LG+F+I+R4,0.0000,,"(0.0274,0.1149) (0.2289,0.4512) (0.3209,0.8372) (0.4228,1.4781)","LG+F+I{0.0000}+R4{0.0274,0.1149,0.2289,0.4512,0.3209,0.8372,0.4228,1.4781}"
ENSB:hXeTmD6wdLubu4a,LG+F+I+R4,0.0000,,"(0.0274,0.1149) (0.2289,0.4512) (0.3209,0.8372) (0.4228,1.4781)","LG+F+I{0.0000}+R4{0.0274,0.1149,0.2289,0.4512,0.3209,0.8372,0.4228,1.4781}"
ENSB:os_sABa7dvXZGDC,LG+F+I+R4,0.0000,,"(0.0274,0.1149) (0.2289,0.4512) (0.3209,0.8372) (0.4228,1.4781)","LG+F+I{0.0000}+R4{0.0274,0.1149,0.2289,0.4512,0.3209,0.8372,0.4228,1.4781}"
ENSB:U_mq6TTdMFpJQkJ,LG+F+I+R4,0.0000,,"(0.0274,0.1149) (0.2289,0.4512) (0.3209,0.8372) (0.4228,1.4781)","LG+F+I{0.0000}+R4{0.0274,0.1149,0.2289,0.4512,0.3209,0.8372,0.4228,1.4781}"
ENSB:VOkojJPJSUVLsYb,LG+F+I+R4,0.0000,,"(0.0274,0.1149) (0.2289,0.4512) (0.3209,0.8372) (0.4228,1.4781)","LG+F+I{0.0000}+R4{0.0274,0.1149,0.2289,0.4512,0.3209,0.8372,0.4228,1.4781}"
ENSB:vuAGr7u0wLnqxZo,LG+F+I+R4,0.0000,,"(0.0274,0.1149) (0.2289,0.4512) (0.3209,0.8372) (0.4228,1.4781)","LG+F+I{0.0000}+R4{0.0274,0.1149,0.2289,0.4512,0.3209,0.8372,0.4228,1.4781}"
ENSB:uh8MPt5KQ7KnxKm,LG+F+I+R4,0.0000,,"(0.0274,0.1149) (0.2289,0.4512) (0.3209,0.8372) (0.4228,1.4781)","LG+F+I{0.0000}+R4{0.0274,0.1149,0.2289,0.4512,0.3209,0.8372,0.4228,1.4781}"
ENSB:KDI0wVrhcCxktKR,LG+F+I+R4,0.0000,,"(0.0274,0.1149) (0.2289,0.4512) (0.3209,0.8372) (0.4228,1.4781)","LG+F+I{0.0000}+R4{0.0274,0.1149,0.2289,0.4512,0.3209,0.8372,0.4228,1.4781}"
ENSB:XaiFMt2OxdAN9rK,LG+F+I+R4,0.0000,,"(0.0274,0.1149) (0.2289,0.4512) (0.3209,0.8372) (0.4228,1.4781)","LG+F+I{0.0000}+R4{0.0274,0.1149,0.2289,0.4512,0.3209,0.8372,0.4228,1.4781}"
ENSB:IASPtulBf1_VtI0,LG+I+G4,0.0034,1.3382,,LG+I{0.0034}+G4{1.3382}
ENSB:SJJzvn3ovTeCiLz,LG+I+G4,0.0202,2.0193,,LG+I{0.0202}+G4{2.0193}
ENSB:BOQQw4sYORoM0Wc,LG+I+R4,0.0155,,"(0.0964,0.0415) (0.2294,0.2639) (0.2525,0.8200) (0.4062,1.7933)","LG+I{0.0155}+R4{0.0964,0.0415,0.2294,0.2639,0.2525,0.8200,0.4062,1.7933}"
ENSB:BOQQw4sYORoM0Wc,LG+I+R4,0.0155,,"(0.0964,0.0415) (0.2294,0.2639) (0.2525,0.8200) (0.4062,1.7933)","LG+I{0.0155}+R4{0.0964,0.0415,0.2294,0.2639,0.2525,0.8200,0.4062,1.7933}"
ENSB:UZxjNgQXTkyC4bT,LG+I+G4,0.0109,2.4270,,LG+I{0.0109}+G4{2.4270}
ENSB:xd_xUzZpwHiWmzl,LG+I+G4,0.0109,2.4270,,LG+I{0.0109}+G4{2.4270}
ENSB:boDqDJvpmvUybIL,LG+I+G4,0.0109,2.4270,,LG+I{0.0109}+G4{2.4270}
ENSB:t9OkGMlSb5MgUfT,LG+I+G4,0.0145,1.7357,,LG+I{0.0145}+G4{1.7357}
ENSB:GlkaDkResfJGj2M,LG+I+G4,0.0145,1.7357,,LG+I{0.0145}+G4{1.7357}
ENSB:E70oycXiQ_z2Pb6,LG+I+R4,0.0544,,"(0.0970,0.0404) (0.0729,0.4116) (0.3713,0.8300) (0.4044,1.6269)","LG+I{0.0544}+R4{0.0970,0.0404,0.0729,0.4116,0.3713,0.8300,0.4044,1.6269}"
ENSB:3NK_SPHHkEul9ZA,LG+F+I+R4,0.0000,,"(0.0728,0.2430) (0.2674,0.5298) (0.4096,0.9510) (0.2502,1.8028)","LG+F+I{0.0000}+R4{0.0728,0.2430,0.2674,0.5298,0.4096,0.9510,0.2502,1.8028}"
ENSB:0IQQ7zVAzxwsh6A,LG+I+R4,0.0265,,"(0.0561,0.1315) (0.1407,0.3953) (0.3370,0.7494) (0.4398,1.5565)","LG+I{0.0265}+R4{0.0561,0.1315,0.1407,0.3953,0.3370,0.7494,0.4398,1.5565}"
ENSB:R4fB1qgpy0yg9dt,LG+I+G4,0.0000,1.2439,,LG+I{0.0000}+G4{1.2439}
ENSB:oYZntp6Z2TnsI50,LG+I+G4,0.0537,1.4177,,LG+I{0.0537}+G4{1.4177}
ENSB:A8XWxjKn4lzc0BW,LG+I+G4,0.0537,1.4177,,LG+I{0.0537}+G4{1.4177}
ENSB:Lwtt-zWDk1Cmvt0,LG+I+G4,0.0537,1.4177,,LG+I{0.0537}+G4{1.4177}
ENSB:Y_g5m3jpH1aaChc,LG+I+G4,0.0300,1.5789,,LG+I{0.0300}+G4{1.5789}
ENSB:344e3fIQ_cdnoIL,LG+I+G4,0.0257,3.1024,,LG+I{0.0257}+G4{3.1024}
ENSB:DNGiIgwA3bsok7x,LG+F+I+R2,0.0223,,"(0.8250,0.7142) (0.1527,2.6896)","LG+F+I{0.0223}+R2{0.8250,0.7142,0.1527,2.6896}"
ENSB:Jrr-ln28aC7WsT8,LG+F+I+R2,0.0223,,"(0.8250,0.7142) (0.1527,2.6896)","LG+F+I{0.0223}+R2{0.8250,0.7142,0.1527,2.6896}"
ENSB:osNQxWCdAJpnqrZ,LG+I+G4,0.0010,1.8286,,LG+I{0.0010}+G4{1.8286}
ENSB:JgvG0y8caZbjYmo,LG+I+G4,0.0010,1.8286,,LG+I{0.0010}+G4{1.8286}
ENSB:EWc785TIOv3tdnp,LG+I+R4,0.0000,,"(0.0198,0.0479) (0.1412,0.2916) (0.2760,0.6898) (0.5630,1.3632)","LG+I{0.0000}+R4{0.0198,0.0479,0.1412,0.2916,0.2760,0.6898,0.5630,1.3632}"
ENSB:irJzizzC5Kfcj0m,LG+I+R4,0.0000,,"(0.0198,0.0479) (0.1412,0.2916) (0.2760,0.6898) (0.5630,1.3632)","LG+I{0.0000}+R4{0.0198,0.0479,0.1412,0.2916,0.2760,0.6898,0.5630,1.3632}"
ENSB:aRKtYoJV98wVM7S,LG+I+R4,0.0000,,"(0.0198,0.0479) (0.1412,0.2916) (0.2760,0.6898) (0.5630,1.3632)","LG+I{0.0000}+R4{0.0198,0.0479,0.1412,0.2916,0.2760,0.6898,0.5630,1.3632}"
ENSB:5cAJHpswNi7BA1K,LG+I+R4,0.0000,,"(0.0198,0.0479) (0.1412,0.2916) (0.2760,0.6898) (0.5630,1.3632)","LG+I{0.0000}+R4{0.0198,0.0479,0.1412,0.2916,0.2760,0.6898,0.5630,1.3632}"
ENSB:3OGun6zh-bYRB4g,LG+I+R4,0.0000,,"(0.0198,0.0479) (0.1412,0.2916) (0.2760,0.6898) (0.5630,1.3632)","LG+I{0.0000}+R4{0.0198,0.0479,0.1412,0.2916,0.2760,0.6898,0.5630,1.3632}"
ENSB:MD1GenTLNL_d9Ek,LG+I+R4,0.0000,,"(0.0198,0.0479) (0.1412,0.2916) (0.2760,0.6898) (0.5630,1.3632)","LG+I{0.0000}+R4{0.0198,0.0479,0.1412,0.2916,0.2760,0.6898,0.5630,1.3632}"
ENSB:IV2ccXGC8axxvm7,LG+I+R4,0.0000,,"(0.0198,0.0479) (0.1412,0.2916) (0.2760,0.6898) (0.5630,1.3632)","LG+I{0.0000}+R4{0.0198,0.0479,0.1412,0.2916,0.2760,0.6898,0.5630,1.3632}"
ENSB:AmL1zEbVbmNGV7F,LG+I+R4,0.0000,,"(0.0198,0.0479) (0.1412,0.2916) (0.2760,0.6898) (0.5630,1.3632)","LG+I{0.0000}+R4{0.0198,0.0479,0.1412,0.2916,0.2760,0.6898,0.5630,1.3632}"
ENSB:ixYA5KJA1EdySKf,LG+I+R4,0.0000,,"(0.0198,0.0479) (0.1412,0.2916) (0.2760,0.6898) (0.5630,1.3632)","LG+I{0.0000}+R4{0.0198,0.0479,0.1412,0.2916,0.2760,0.6898,0.5630,1.3632}"
ENSB:YMjEQshW1Vx-UJU,LG+I+R4,0.0000,,"(0.0198,0.0479) (0.1412,0.2916) (0.2760,0.6898) (0.5630,1.3632)","LG+I{0.0000}+R4{0.0198,0.0479,0.1412,0.2916,0.2760,0.6898,0.5630,1.3632}"
ENSB:M29cB1kzQzDGFjd,LG+I+R4,0.0000,,"(0.0198,0.0479) (0.1412,0.2916) (0.2760,0.6898) (0.5630,1.3632)","LG+I{0.0000}+R4{0.0198,0.0479,0.1412,0.2916,0.2760,0.6898,0.5630,1.3632}"
ENSB:1Ptc4O4MSCG-40P,LG+I+R4,0.0000,,"(0.0198,0.0479) (0.1412,0.2916) (0.2760,0.6898) (0.5630,1.3632)","LG+I{0.0000}+R4{0.0198,0.0479,0.1412,0.2916,0.2760,0.6898,0.5630,1.3632}"
ENSB:0IQQ7zVAzxwsh6A,LG+I+R4,0.0000,,"(0.0198,0.0479) (0.1412,0.2916) (0.2760,0.6898) (0.5630,1.3632)","LG+I{0.0000}+R4{0.0198,0.0479,0.1412,0.2916,0.2760,0.6898,0.5630,1.3632}"
ENSB:hMf6YDAtuaNevd9,LG+I+R4,0.0000,,"(0.0198,0.0479) (0.1412,0.2916) (0.2760,0.6898) (0.5630,1.3632)","LG+I{0.0000}+R4{0.0198,0.0479,0.1412,0.2916,0.2760,0.6898,0.5630,1.3632}"
ENSB:0oqIhvXTTHawrMa,LG+F+I+R4,0.0065,,"(0.0337,0.0556) (0.1818,0.3539) (0.2782,0.7849) (0.4998,1.4315)","LG+F+I{0.0065}+R4{0.0337,0.0556,0.1818,0.3539,0.2782,0.7849,0.4998,1.4315}"
ENSB:VlgiYb88jN2jmyp,LG+F+I+R4,0.0065,,"(0.0337,0.0556) (0.1818,0.3539) (0.2782,0.7849) (0.4998,1.4315)","LG+F+I{0.0065}+R4{0.0337,0.0556,0.1818,0.3539,0.2782,0.7849,0.4998,1.4315}"
ENSB:HH81OYMiRDFrRdU,LG+F+I+R4,0.0065,,"(0.0337,0.0556) (0.1818,0.3539) (0.2782,0.7849) (0.4998,1.4315)","LG+F+I{0.0065}+R4{0.0337,0.0556,0.1818,0.3539,0.2782,0.7849,0.4998,1.4315}"
ENSB:syPsgeweFwe5igh,LG+I+G4,0.0108,1.2247,,LG+I{0.0108}+G4{1.2247}
ENSB:ApBdjDyv4OLC8sv,LG+I+R4,0.0000,,"(0.1266,0.0625) (0.1732,0.3551) (0.3345,0.9764) (0.3657,1.6515)","LG+I{0.0000}+R4{0.1266,0.0625,0.1732,0.3551,0.3345,0.9764,0.3657,1.6515}"
ENSB:s8sEDeIFMeO7Tj_,LG+I+R4,0.0000,,"(0.1266,0.0625) (0.1732,0.3551) (0.3345,0.9764) (0.3657,1.6515)","LG+I{0.0000}+R4{0.1266,0.0625,0.1732,0.3551,0.3345,0.9764,0.3657,1.6515}"
ENSB:QatlitPjSndNu2r,LG+I+R4,0.0081,,"(0.1383,0.0504) (0.2110,0.3574) (0.2617,0.8437) (0.3809,1.8295)","LG+I{0.0081}+R4{0.1383,0.0504,0.2110,0.3574,0.2617,0.8437,0.3809,1.8295}"
ENSB:oHHVxH8IBUdxZZn,LG+I+R4,0.0008,,"(0.0933,0.0876) (0.2525,0.3923) (0.2891,0.8663) (0.3643,1.7631)","LG+I{0.0008}+R4{0.0933,0.0876,0.2525,0.3923,0.2891,0.8663,0.3643,1.7631}"
ENSB:vwDDLYkXX2sng1F,LG+I+R4,0.0008,,"(0.0933,0.0876) (0.2525,0.3923) (0.2891,0.8663) (0.3643,1.7631)","LG+I{0.0008}+R4{0.0933,0.0876,0.2525,0.3923,0.2891,0.8663,0.3643,1.7631}"
ENSB:kbnfGvzWSfvtfO3,LG+I+G4,0.0000,2.3942,,LG+I{0.0000}+G4{2.3942}
ENSB:SHThvzjriSVHkTd,LG+I+R4,0.0000,,"(0.1578,0.1937) (0.3061,0.6033) (0.2848,1.1368) (0.2514,1.8340)","LG+I{0.0000}+R4{0.1578,0.1937,0.3061,0.6033,0.2848,1.1368,0.2514,1.8340}"
ENSB:zwp0Bg81HEMZ2sW,LG+I+R4,0.0000,,"(0.1578,0.1937) (0.3061,0.6033) (0.2848,1.1368) (0.2514,1.8340)","LG+I{0.0000}+R4{0.1578,0.1937,0.3061,0.6033,0.2848,1.1368,0.2514,1.8340}"
ENSB:uNEm4mQk9hkHZT-,LG+I+R4,0.0000,,"(0.1578,0.1937) (0.3061,0.6033) (0.2848,1.1368) (0.2514,1.8340)","LG+I{0.0000}+R4{0.1578,0.1937,0.3061,0.6033,0.2848,1.1368,0.2514,1.8340}"
ENSB:9tNekuY9YmvACf_,LG+I+R4,0.0000,,"(0.1578,0.1937) (0.3061,0.6033) (0.2848,1.1368) (0.2514,1.8340)","LG+I{0.0000}+R4{0.1578,0.1937,0.3061,0.6033,0.2848,1.1368,0.2514,1.8340}"
ENSB:O_iVS_6ti06FHyy,LG+I+R4,0.0047,,"(0.1430,0.0999) (0.2898,0.4786) (0.3160,1.0105) (0.2465,2.1407)","LG+I{0.0047}+R4{0.1430,0.0999,0.2898,0.4786,0.3160,1.0105,0.2465,2.1407}"
ENSB:1VFUpdpSe4Aldbe,LG+I+G4,0.0057,1.6455,,LG+I{0.0057}+G4{1.6455}
ENSB:F-DtKTtw6ilPota,LG+I+G4,0.0057,1.6455,,LG+I{0.0057}+G4{1.6455}
ENSB:Jo2DhUWvKU-Uyhq,LG+I+G4,0.0087,1.7917,,LG+I{0.0087}+G4{1.7917}
ENSB:Jo2DhUWvKU-Uyhq,LG+I+G4,0.0087,1.7917,,LG+I{0.0087}+G4{1.7917}
ENSB:Tj0Ds2rE-G32EhD,LG+I+G4,0.0087,1.7917,,LG+I{0.0087}+G4{1.7917}
ENSB:Tj0Ds2rE-G32EhD,LG+I+G4,0.0087,1.7917,,LG+I{0.0087}+G4{1.7917}
ENSB:Rx5M-Tx3ywDNsmv,LG+I+G4,0.0087,1.7917,,LG+I{0.0087}+G4{1.7917}
ENSB:Rx5M-Tx3ywDNsmv,LG+I+G4,0.0087,1.7917,,LG+I{0.0087}+G4{1.7917}
ENSB:XerbfX8_N6eLs0b,LG+I+G4,0.0000,2.2922,,LG+I{0.0000}+G4{2.2922}
ENSB:TGyotaMyzv9hlXZ,LG+I+G4,0.0000,2.2922,,LG+I{0.0000}+G4{2.2922}
ENSB:fNfbSNRFvTf3vQR,LG+I+G4,0.0000,2.2922,,LG+I{0.0000}+G4{2.2922}
ENSB:QkK3_fiQENJorE8,LG+I+R4,0.0118,,"(0.2697,0.0958) (0.2797,0.4765) (0.2004,1.2507) (0.2384,2.4757)","LG+I{0.0118}+R4{0.2697,0.0958,0.2797,0.4765,0.2004,1.2507,0.2384,2.4757}"
ENSB:pidjXltUTFeY1_L,LG+I+G4,0.0153,1.8554,,LG+I{0.0153}+G4{1.8554}
ENSB:GyIC4-5PiGgpgho,LG+F+I+R4,0.0038,,"(0.0755,0.1093) (0.2073,0.3855) (0.2900,0.8065) (0.4234,1.6014)","LG+F+I{0.0038}+R4{0.0755,0.1093,0.2073,0.3855,0.2900,0.8065,0.4234,1.6014}"
ENSB:MjcAutNAnngWxeA,LG+I+R4,0.0058,,"(0.1017,0.0801) (0.2309,0.3741) (0.2217,0.8044) (0.4399,1.6530)","LG+I{0.0058}+R4{0.1017,0.0801,0.2309,0.3741,0.2217,0.8044,0.4399,1.6530}"
ENSB:-ATlgy25IUGw-8w,LG+I+R4,0.0058,,"(0.1017,0.0801) (0.2309,0.3741) (0.2217,0.8044) (0.4399,1.6530)","LG+I{0.0058}+R4{0.1017,0.0801,0.2309,0.3741,0.2217,0.8044,0.4399,1.6530}"
ENSB:gHo0hDxBB8cFCEo,LG+F+I+G4,0.0000,2.2979,,LG+F+I{0.0000}+G4{2.2979}
ENSB:1V-L7J_rltz3Wq_,LG+I+G4,0.0279,1.7638,,LG+I{0.0279}+G4{1.7638}
ENSB:U5W6rxrNicRcrxt,LG+I+G4,0.0279,1.7638,,LG+I{0.0279}+G4{1.7638}
ENSB:YyljlibhWw5A0xS,LG+I+G4,0.0279,1.7638,,LG+I{0.0279}+G4{1.7638}
ENSB:lacxKmxb7WMGsUd,LG+I+G4,0.0526,2.1719,,LG+I{0.0526}+G4{2.1719}
ENSB:Gx2jk2aGfhQ6QzY,LG+I+R4,0.0000,,"(0.0328,0.0315) (0.1591,0.3258) (0.3991,0.7791) (0.4091,1.5553)","LG+I{0.0000}+R4{0.0328,0.0315,0.1591,0.3258,0.3991,0.7791,0.4091,1.5553}"
ENSB:Mc5p8KJ8eoUfXmg,LG+I+R4,0.0000,,"(0.0328,0.0315) (0.1591,0.3258) (0.3991,0.7791) (0.4091,1.5553)","LG+I{0.0000}+R4{0.0328,0.0315,0.1591,0.3258,0.3991,0.7791,0.4091,1.5553}"
ENSB:ZZxQ8Q80GySj3FQ,LG+I+R4,0.0000,,"(0.0328,0.0315) (0.1591,0.3258) (0.3991,0.7791) (0.4091,1.5553)","LG+I{0.0000}+R4{0.0328,0.0315,0.1591,0.3258,0.3991,0.7791,0.4091,1.5553}"
ENSB:2JnL3R4jVEIXvnW,LG+I+R4,0.0000,,"(0.0328,0.0315) (0.1591,0.3258) (0.3991,0.7791) (0.4091,1.5553)","LG+I{0.0000}+R4{0.0328,0.0315,0.1591,0.3258,0.3991,0.7791,0.4091,1.5553}"
ENSB:uj5NcDIT56OGi7f,LG+I+R3,0.0049,,"(0.0940,0.1720) (0.4533,0.6649) (0.4479,1.5238)","LG+I{0.0049}+R3{0.0940,0.1720,0.4533,0.6649,0.4479,1.5238}"
ENSB:Vf0NTH701UAsTSX,LG+I+R3,0.0049,,"(0.0940,0.1720) (0.4533,0.6649) (0.4479,1.5238)","LG+I{0.0049}+R3{0.0940,0.1720,0.4533,0.6649,0.4479,1.5238}"
ENSB:oTCRcsE3C7gU_OD,LG+I+R3,0.0049,,"(0.0940,0.1720) (0.4533,0.6649) (0.4479,1.5238)","LG+I{0.0049}+R3{0.0940,0.1720,0.4533,0.6649,0.4479,1.5238}"
ENSB:4iWaL_NY0ovcGzp,LG+I+R3,0.0049,,"(0.0940,0.1720) (0.4533,0.6649) (0.4479,1.5238)","LG+I{0.0049}+R3{0.0940,0.1720,0.4533,0.6649,0.4479,1.5238}"
ENSB:iGYoF2p1-ZqfXZf,LG+I+R4,0.0068,,"(0.1284,0.1268) (0.2105,0.4196) (0.2944,0.8992) (0.3599,1.7523)","LG+I{0.0068}+R4{0.1284,0.1268,0.2105,0.4196,0.2944,0.8992,0.3599,1.7523}"
ENSB:SpNiaMDVi_KiMHY,LG+I+R4,0.0047,,"(0.1615,0.1234) (0.2270,0.4296) (0.2452,0.9481) (0.3617,1.7973)","LG+I{0.0047}+R4{0.1615,0.1234,0.2270,0.4296,0.2452,0.9481,0.3617,1.7973}"
ENSB:Dzfm00DsqEqSFez,LG+I+G4,0.0940,2.1188,,LG+I{0.0940}+G4{2.1188}
ENSB:GWd5tOBCyRChaD1,LG+I+R4,0.0000,,"(0.2006,0.1271) (0.2302,0.4450) (0.3276,1.0723) (0.2415,2.1562)","LG+I{0.0000}+R4{0.2006,0.1271,0.2302,0.4450,0.3276,1.0723,0.2415,2.1562}"
ENSB:581ourNyv2QNmyu,LG+I+R4,0.0000,,"(0.2006,0.1271) (0.2302,0.4450) (0.3276,1.0723) (0.2415,2.1562)","LG+I{0.0000}+R4{0.2006,0.1271,0.2302,0.4450,0.3276,1.0723,0.2415,2.1562}"
ENSB:0oU0LGZOsNI1-ZT,LG+I+R4,0.0000,,"(0.2006,0.1271) (0.2302,0.4450) (0.3276,1.0723) (0.2415,2.1562)","LG+I{0.0000}+R4{0.2006,0.1271,0.2302,0.4450,0.3276,1.0723,0.2415,2.1562}"
ENSB:Pzs24jdEWi0hRbw,LG+I+G4,0.0496,1.6702,,LG+I{0.0496}+G4{1.6702}
ENSB:fXNszZIPMFKYvzj,LG+I+G4,0.0496,1.6702,,LG+I{0.0496}+G4{1.6702}
ENSB:4awDSUpPcViyiBC,LG+I+G4,0.0496,1.6702,,LG+I{0.0496}+G4{1.6702}
ENSB:Wof0WCaf0aK5-pc,LG+I+G4,0.0496,1.6702,,LG+I{0.0496}+G4{1.6702}
ENSB:_EYw4OhcRMc725K,LG+I+R4,0.0000,,"(0.0989,0.1963) (0.2850,0.4986) (0.1964,0.9387) (0.4198,1.5583)","LG+I{0.0000}+R4{0.0989,0.1963,0.2850,0.4986,0.1964,0.9387,0.4198,1.5583}"
ENSB:YcRcYB8YJ11LfoC,LG+I+R4,0.0000,,"(0.0989,0.1963) (0.2850,0.4986) (0.1964,0.9387) (0.4198,1.5583)","LG+I{0.0000}+R4{0.0989,0.1963,0.2850,0.4986,0.1964,0.9387,0.4198,1.5583}"
ENSB:aXD7cX6ZkE9i4mA,LG+I+R4,0.0028,,"(0.0932,0.1252) (0.1536,0.3499) (0.2754,0.7878) (0.4749,1.5109)","LG+I{0.0028}+R4{0.0932,0.1252,0.1536,0.3499,0.2754,0.7878,0.4749,1.5109}"
ENSB:CuP06KFkLHSyusP,LG+I+R4,0.0028,,"(0.0932,0.1252) (0.1536,0.3499) (0.2754,0.7878) (0.4749,1.5109)","LG+I{0.0028}+R4{0.0932,0.1252,0.1536,0.3499,0.2754,0.7878,0.4749,1.5109}"
ENSB:V3_pKFU66Vssek4,LG+I+G4,0.0061,1.2582,,LG+I{0.0061}+G4{1.2582}
ENSB:ZDq7-C47mYBw-cL,LG+I+G4,0.0171,1.4234,,LG+I{0.0171}+G4{1.4234}
ENSB:rAOBZMn3aBA54Iw,LG+I+G4,0.0171,1.4234,,LG+I{0.0171}+G4{1.4234}
ENSB:Hgl-lMeLtzx9qqH,LG+I+G4,0.0171,1.4234,,LG+I{0.0171}+G4{1.4234}
ENSB:fEu_ILSfqGn-Rs6,LG+I+G4,0.0171,1.4234,,LG+I{0.0171}+G4{1.4234}
ENSB:3PhReWkxq5bYnP3,LG+I+G4,0.0243,1.5263,,LG+I{0.0243}+G4{1.5263}
ENSB:S-yiONy0If77c8L,LG+I+G4,0.0243,1.5263,,LG+I{0.0243}+G4{1.5263}
ENSB:2t0kyZYTQB3LKr5,LG+I+G4,0.0000,1.2756,,LG+I{0.0000}+G4{1.2756}
ENSB:Tuuxj3c4gcpYr4D,LG+I+G4,0.0000,1.2756,,LG+I{0.0000}+G4{1.2756}
ENSB:U5W6LAR7IsBI3_x,LG+F+I+R4,0.0000,,"(0.1027,0.1489) (0.2054,0.5335) (0.3877,1.0288) (0.3042,1.5655)","LG+F+I{0.0000}+R4{0.1027,0.1489,0.2054,0.5335,0.3877,1.0288,0.3042,1.5655}"
ENSB:CAe6r_ELImG2gxe,LG+I+G4,0.0690,1.7166,,LG+I{0.0690}+G4{1.7166}
ENSB:as5h8FsJ179Thk4,LG+I+R4,0.0049,,"(0.1257,0.1256) (0.2945,0.4722) (0.2756,0.9866) (0.2992,1.9156)","LG+I{0.0049}+R4{0.1257,0.1256,0.2945,0.4722,0.2756,0.9866,0.2992,1.9156}"
ENSB:1Y132vD33laFWyt,LG+I+R4,0.0049,,"(0.1257,0.1256) (0.2945,0.4722) (0.2756,0.9866) (0.2992,1.9156)","LG+I{0.0049}+R4{0.1257,0.1256,0.2945,0.4722,0.2756,0.9866,0.2992,1.9156}"
ENSB:nPTGuWC13njzEUZ,LG+F+I+R3,0.0235,,"(0.0479,0.1319) (0.3082,0.6167) (0.6204,1.2953)","LG+F+I{0.0235}+R3{0.0479,0.1319,0.3082,0.6167,0.6204,1.2953}"
ENSB:2lfN6yH8jmkTv-U,LG+F+I+R3,0.0235,,"(0.0479,0.1319) (0.3082,0.6167) (0.6204,1.2953)","LG+F+I{0.0235}+R3{0.0479,0.1319,0.3082,0.6167,0.6204,1.2953}"
ENSB:jb7XYmPhYbISKVO,LG+I+R4,0.0043,,"(0.0574,0.1543) (0.2066,0.3993) (0.3484,0.7828) (0.3832,1.6594)","LG+I{0.0043}+R4{0.0574,0.1543,0.2066,0.3993,0.3484,0.7828,0.3832,1.6594}"
ENSB:9Cga9DqJnLVWv4x,LG+I+R4,0.0043,,"(0.0574,0.1543) (0.2066,0.3993) (0.3484,0.7828) (0.3832,1.6594)","LG+I{0.0043}+R4{0.0574,0.1543,0.2066,0.3993,0.3484,0.7828,0.3832,1.6594}"
ENSB:2Pd6fy7oYlpJCbN,LG+I+R4,0.0043,,"(0.0574,0.1543) (0.2066,0.3993) (0.3484,0.7828) (0.3832,1.6594)","LG+I{0.0043}+R4{0.0574,0.1543,0.2066,0.3993,0.3484,0.7828,0.3832,1.6594}"
ENSB:eI8QN9jXm2w9Q0K,LG+I+R4,0.0043,,"(0.0574,0.1543) (0.2066,0.3993) (0.3484,0.7828) (0.3832,1.6594)","LG+I{0.0043}+R4{0.0574,0.1543,0.2066,0.3993,0.3484,0.7828,0.3832,1.6594}"
ENSB:Fpz0d-PXVY3x8Ra,LG+I+R4,0.0043,,"(0.0574,0.1543) (0.2066,0.3993) (0.3484,0.7828) (0.3832,1.6594)","LG+I{0.0043}+R4{0.0574,0.1543,0.2066,0.3993,0.3484,0.7828,0.3832,1.6594}"
ENSB:Yz__tEk4ItuIWW3,LG+F+I+G4,0.0001,2.1592,,LG+F+I{0.0001}+G4{2.1592}
ENSB:l0XGr976W9Rz8Cb,LG+F+I+R4,0.0000,,"(0.0409,0.1059) (0.2902,0.5055) (0.3565,0.9301) (0.3125,1.6559)","LG+F+I{0.0000}+R4{0.0409,0.1059,0.2902,0.5055,0.3565,0.9301,0.3125,1.6559}"
ENSB:l0XGr976W9Rz8Cb,LG+F+I+R4,0.0000,,"(0.0409,0.1059) (0.2902,0.5055) (0.3565,0.9301) (0.3125,1.6559)","LG+F+I{0.0000}+R4{0.0409,0.1059,0.2902,0.5055,0.3565,0.9301,0.3125,1.6559}"
ENSB:JtHIt4abplV-Kv1,LG+F+I+R4,0.0000,,"(0.0409,0.1059) (0.2902,0.5055) (0.3565,0.9301) (0.3125,1.6559)","LG+F+I{0.0000}+R4{0.0409,0.1059,0.2902,0.5055,0.3565,0.9301,0.3125,1.6559}"
ENSB:JtHIt4abplV-Kv1,LG+F+I+R4,0.0000,,"(0.0409,0.1059) (0.2902,0.5055) (0.3565,0.9301) (0.3125,1.6559)","LG+F+I{0.0000}+R4{0.0409,0.1059,0.2902,0.5055,0.3565,0.9301,0.3125,1.6559}"
ENSB:_3lMZv1kfV4lKrB,LG+F+I+R4,0.0054,,"(0.0846,0.1836) (0.2287,0.5180) (0.4396,0.9617) (0.2417,1.8336)","LG+F+I{0.0054}+R4{0.0846,0.1836,0.2287,0.5180,0.4396,0.9617,0.2417,1.8336}"
ENSB:C9FyQDoxgN_QDhh,LG+I+R4,0.0000,,"(0.0527,0.0416) (0.2542,0.3903) (0.3792,0.9858) (0.3139,1.6715)","LG+I{0.0000}+R4{0.0527,0.0416,0.2542,0.3903,0.3792,0.9858,0.3139,1.6715}"
ENSB:4p-Mx9x1Ji-dODs,LG+I+R4,0.0000,,"(0.0527,0.0416) (0.2542,0.3903) (0.3792,0.9858) (0.3139,1.6715)","LG+I{0.0000}+R4{0.0527,0.0416,0.2542,0.3903,0.3792,0.9858,0.3139,1.6715}"
ENSB:KyA1PiuF9-syQAC,LG+I+R4,0.0000,,"(0.0527,0.0416) (0.2542,0.3903) (0.3792,0.9858) (0.3139,1.6715)","LG+I{0.0000}+R4{0.0527,0.0416,0.2542,0.3903,0.3792,0.9858,0.3139,1.6715}"
ENSB:TZ2s4y43qu_jZlp,LG+I+R4,0.0000,,"(0.0527,0.0416) (0.2542,0.3903) (0.3792,0.9858) (0.3139,1.6715)","LG+I{0.0000}+R4{0.0527,0.0416,0.2542,0.3903,0.3792,0.9858,0.3139,1.6715}"
ENSB:E3GL7LsiRN1wZrD,LG+I+R4,0.0000,,"(0.0527,0.0416) (0.2542,0.3903) (0.3792,0.9858) (0.3139,1.6715)","LG+I{0.0000}+R4{0.0527,0.0416,0.2542,0.3903,0.3792,0.9858,0.3139,1.6715}"
ENSB:JFwbmsLhrmeis8z,LG+I+R4,0.0000,,"(0.0595,0.1408) (0.2138,0.3747) (0.3706,0.7366) (0.3561,1.7930)","LG+I{0.0000}+R4{0.0595,0.1408,0.2138,0.3747,0.3706,0.7366,0.3561,1.7930}"
ENSB:H7mouHJmEGaJDqi,LG+I+R4,0.0000,,"(0.0595,0.1408) (0.2138,0.3747) (0.3706,0.7366) (0.3561,1.7930)","LG+I{0.0000}+R4{0.0595,0.1408,0.2138,0.3747,0.3706,0.7366,0.3561,1.7930}"
ENSB:G-7XTPOUxTYrfIT,LG+I+R4,0.0000,,"(0.0595,0.1408) (0.2138,0.3747) (0.3706,0.7366) (0.3561,1.7930)","LG+I{0.0000}+R4{0.0595,0.1408,0.2138,0.3747,0.3706,0.7366,0.3561,1.7930}"
ENSB:MCxjWAmknRYwIM0,LG+I+R4,0.0000,,"(0.0595,0.1408) (0.2138,0.3747) (0.3706,0.7366) (0.3561,1.7930)","LG+I{0.0000}+R4{0.0595,0.1408,0.2138,0.3747,0.3706,0.7366,0.3561,1.7930}"
ENSB:OiqpV-UKtVaBG74,LG+I+R4,0.0087,,"(0.1024,0.0689) (0.1841,0.3337) (0.3347,0.7709) (0.3701,1.8197)","LG+I{0.0087}+R4{0.1024,0.0689,0.1841,0.3337,0.3347,0.7709,0.3701,1.8197}"
ENSB:SKPmfZ4gGdO4XfT,LG+I+R4,0.0087,,"(0.1024,0.0689) (0.1841,0.3337) (0.3347,0.7709) (0.3701,1.8197)","LG+I{0.0087}+R4{0.1024,0.0689,0.1841,0.3337,0.3347,0.7709,0.3701,1.8197}"
ENSB:YvXX0fPxPGRtQxc,LG+I+R4,0.0000,,"(0.1347,0.1420) (0.3160,0.4926) (0.2743,1.0249) (0.2750,1.9782)","LG+I{0.0000}+R4{0.1347,0.1420,0.3160,0.4926,0.2743,1.0249,0.2750,1.9782}"
ENSB:E8_5MRH46OO-eyc,LG+F+I+G4,0.0000,3.2403,,LG+F+I{0.0000}+G4{3.2403}
ENSB:Aix9uW3X3KRZiLk,LG+F+I+G4,0.0000,3.2403,,LG+F+I{0.0000}+G4{3.2403}
ENSB:Aix9uW3X3KRZiLk,LG+F+I+G4,0.0000,3.2403,,LG+F+I{0.0000}+G4{3.2403}
ENSB:BkcGMmAujbsHEfH,LG+F+I+G4,0.0000,3.2403,,LG+F+I{0.0000}+G4{3.2403}
ENSB:jePMK8ZUywjrlA1,LG+F+I+G4,0.0000,3.2403,,LG+F+I{0.0000}+G4{3.2403}
ENSB:jePMK8ZUywjrlA1,LG+F+I+G4,0.0000,3.2403,,LG+F+I{0.0000}+G4{3.2403}
ENSB:64bO3WiNzFp7Ere,LG+F+I+G4,0.0000,3.2403,,LG+F+I{0.0000}+G4{3.2403}
ENSB:64bO3WiNzFp7Ere,LG+F+I+G4,0.0000,3.2403,,LG+F+I{0.0000}+G4{3.2403}
ENSB:SkzH5cZxfOew9k5,LG+F+I+G4,0.0000,3.2403,,LG+F+I{0.0000}+G4{3.2403}
ENSB:eUyL9GQ4Rn10IAp,LG+F+I+G4,0.0000,3.2403,,LG+F+I{0.0000}+G4{3.2403}
ENSB:eUyL9GQ4Rn10IAp,LG+F+I+G4,0.0000,3.2403,,LG+F+I{0.0000}+G4{3.2403}
ENSB:NqPNvyD5OTiFn9E,LG+F+I+G4,0.0000,3.2403,,LG+F+I{0.0000}+G4{3.2403}
ENSB:NqPNvyD5OTiFn9E,LG+F+I+G4,0.0000,3.2403,,LG+F+I{0.0000}+G4{3.2403}
ENSB:Y1hr09ilvaQfeE5,LG+F+I+G4,0.0000,3.2403,,LG+F+I{0.0000}+G4{3.2403}
ENSB:Y1hr09ilvaQfeE5,LG+F+I+G4,0.0000,3.2403,,LG+F+I{0.0000}+G4{3.2403}
ENSB:YANoku3cS1ux-wP,LG+F+I+G4,0.0000,3.2403,,LG+F+I{0.0000}+G4{3.2403}
ENSB:YANoku3cS1ux-wP,LG+F+I+G4,0.0000,3.2403,,LG+F+I{0.0000}+G4{3.2403}
ENSB:DjRkNVdupgiNGq1,LG+F+I+G4,0.0000,3.2403,,LG+F+I{0.0000}+G4{3.2403}
ENSB:77_ABsp66o63WgA,LG+I+R4,0.0056,,"(0.0647,0.0621) (0.2880,0.1728) (0.3778,0.4920) (0.2638,2.8817)","LG+I{0.0056}+R4{0.0647,0.0621,0.2880,0.1728,0.3778,0.4920,0.2638,2.8817}"
ENSB:2U97DourQrN0ygR,LG+I+R4,0.0056,,"(0.0647,0.0621) (0.2880,0.1728) (0.3778,0.4920) (0.2638,2.8817)","LG+I{0.0056}+R4{0.0647,0.0621,0.2880,0.1728,0.3778,0.4920,0.2638,2.8817}"
ENSB:WtLU8rmrmi3KUVD,LG+I+R4,0.0056,,"(0.0647,0.0621) (0.2880,0.1728) (0.3778,0.4920) (0.2638,2.8817)","LG+I{0.0056}+R4{0.0647,0.0621,0.2880,0.1728,0.3778,0.4920,0.2638,2.8817}"
ENSB:DZ5bs6IJXXMotv-,LG+F+I+R4,0.0000,,"(0.0602,0.2193) (0.1954,0.4941) (0.3620,0.8637) (0.3824,1.5104)","LG+F+I{0.0000}+R4{0.0602,0.2193,0.1954,0.4941,0.3620,0.8637,0.3824,1.5104}"
ENSB:BpeoG-JwAq53JUm,LG+F+I+R4,0.0000,,"(0.0602,0.2193) (0.1954,0.4941) (0.3620,0.8637) (0.3824,1.5104)","LG+F+I{0.0000}+R4{0.0602,0.2193,0.1954,0.4941,0.3620,0.8637,0.3824,1.5104}"
ENSB:nrlib-wjwVRZyAg,LG+F+I+R4,0.0000,,"(0.0602,0.2193) (0.1954,0.4941) (0.3620,0.8637) (0.3824,1.5104)","LG+F+I{0.0000}+R4{0.0602,0.2193,0.1954,0.4941,0.3620,0.8637,0.3824,1.5104}"
ENSB:Jb51a9UFN62F0P9,LG+F+I+R4,0.0093,,"(0.0414,0.1608) (0.4139,0.5580) (0.4381,1.1787) (0.0973,2.5285)","LG+F+I{0.0093}+R4{0.0414,0.1608,0.4139,0.5580,0.4381,1.1787,0.0973,2.5285}"
ENSB:4j0eBfay9mO35qR,LG+F+I+R4,0.0093,,"(0.0414,0.1608) (0.4139,0.5580) (0.4381,1.1787) (0.0973,2.5285)","LG+F+I{0.0093}+R4{0.0414,0.1608,0.4139,0.5580,0.4381,1.1787,0.0973,2.5285}"
ENSB:XTGzhkECw-Bm_fq,LG+F+I+R4,0.0093,,"(0.0414,0.1608) (0.4139,0.5580) (0.4381,1.1787) (0.0973,2.5285)","LG+F+I{0.0093}+R4{0.0414,0.1608,0.4139,0.5580,0.4381,1.1787,0.0973,2.5285}"
ENSB:dR2-l-d1e9xeknc,LG+F+I+R4,0.0093,,"(0.0414,0.1608) (0.4139,0.5580) (0.4381,1.1787) (0.0973,2.5285)","LG+F+I{0.0093}+R4{0.0414,0.1608,0.4139,0.5580,0.4381,1.1787,0.0973,2.5285}"
ENSB:mw1ekZM-BIPr3LP,LG+F+I+R4,0.0093,,"(0.0414,0.1608) (0.4139,0.5580) (0.4381,1.1787) (0.0973,2.5285)","LG+F+I{0.0093}+R4{0.0414,0.1608,0.4139,0.5580,0.4381,1.1787,0.0973,2.5285}"
ENSB:Fto7tf_v9c54wDh,LG+I+R4,0.0152,,"(0.0758,0.0766) (0.1369,0.2859) (0.3117,0.7046) (0.4604,1.5973)","LG+I{0.0152}+R4{0.0758,0.0766,0.1369,0.2859,0.3117,0.7046,0.4604,1.5973}"
ENSB:Jb51a9UFN62F0P9,LG+I+R4,0.0152,,"(0.0758,0.0766) (0.1369,0.2859) (0.3117,0.7046) (0.4604,1.5973)","LG+I{0.0152}+R4{0.0758,0.0766,0.1369,0.2859,0.3117,0.7046,0.4604,1.5973}"
ENSB:4j0eBfay9mO35qR,LG+I+R4,0.0152,,"(0.0758,0.0766) (0.1369,0.2859) (0.3117,0.7046) (0.4604,1.5973)","LG+I{0.0152}+R4{0.0758,0.0766,0.1369,0.2859,0.3117,0.7046,0.4604,1.5973}"
ENSB:mw1ekZM-BIPr3LP,LG+I+R4,0.0152,,"(0.0758,0.0766) (0.1369,0.2859) (0.3117,0.7046) (0.4604,1.5973)","LG+I{0.0152}+R4{0.0758,0.0766,0.1369,0.2859,0.3117,0.7046,0.4604,1.5973}"
ENSB:OcgjgYzw85QuTQz,LG+I+R4,0.0245,,"(0.1193,0.0923) (0.2918,0.4260) (0.2730,0.8989) (0.2914,2.1252)","LG+I{0.0245}+R4{0.1193,0.0923,0.2918,0.4260,0.2730,0.8989,0.2914,2.1252}"
ENSB:c8ZTP6bwsDd88Xv,LG+I+R4,0.0245,,"(0.1193,0.0923) (0.2918,0.4260) (0.2730,0.8989) (0.2914,2.1252)","LG+I{0.0245}+R4{0.1193,0.0923,0.2918,0.4260,0.2730,0.8989,0.2914,2.1252}"
ENSB:WPnxCg7m6pU2ORH,LG+I+R4,0.0106,,"(0.0906,0.0925) (0.2143,0.3401) (0.2189,0.7729) (0.4656,1.6098)","LG+I{0.0106}+R4{0.0906,0.0925,0.2143,0.3401,0.2189,0.7729,0.4656,1.6098}"
ENSB:-7-ikOUL9bZ2Hlg,LG+I+R4,0.0106,,"(0.0906,0.0925) (0.2143,0.3401) (0.2189,0.7729) (0.4656,1.6098)","LG+I{0.0106}+R4{0.0906,0.0925,0.2143,0.3401,0.2189,0.7729,0.4656,1.6098}"
ENSB:5vfgkV-bvQq4fDg,LG+I+R4,0.0106,,"(0.0906,0.0925) (0.2143,0.3401) (0.2189,0.7729) (0.4656,1.6098)","LG+I{0.0106}+R4{0.0906,0.0925,0.2143,0.3401,0.2189,0.7729,0.4656,1.6098}"
ENSB:_LYXyToR6esqZ0s,LG+I+R4,0.0106,,"(0.0906,0.0925) (0.2143,0.3401) (0.2189,0.7729) (0.4656,1.6098)","LG+I{0.0106}+R4{0.0906,0.0925,0.2143,0.3401,0.2189,0.7729,0.4656,1.6098}"
ENSB:k-RWS6ofKMIhK9x,LG+I+G4,0.0135,2.0690,,LG+I{0.0135}+G4{2.0690}
ENSB:BD6ysmfNTSZsUua,LG+I+G4,0.0135,2.0690,,LG+I{0.0135}+G4{2.0690}
ENSB:XXRUQ_8p2d4OJCW,LG+I+G4,0.0135,2.0690,,LG+I{0.0135}+G4{2.0690}
ENSB:Qkj2qy1XV-3ZuAc,LG+I+G4,0.0135,2.0690,,LG+I{0.0135}+G4{2.0690}
ENSB:ICtnS08ix9Iyiwo,LG+I+G4,0.0135,2.0690,,LG+I{0.0135}+G4{2.0690}
ENSB:fkh3mYqU7aX_7dX,LG+I+G4,0.0135,2.0690,,LG+I{0.0135}+G4{2.0690}
ENSB:mj2d6FPJZEkSMQ8,LG+I+G4,0.0213,2.4861,,LG+I{0.0213}+G4{2.4861}
ENSB:sMj63JgPQSIPWOv,LG+I+G4,0.0213,2.4861,,LG+I{0.0213}+G4{2.4861}
ENSB:DZZk_YrjIjiJOrh,LG+I+G4,0.0213,2.4861,,LG+I{0.0213}+G4{2.4861}
ENSB:0P7gYeYUK_jrBet,LG+I+G4,0.0213,2.4861,,LG+I{0.0213}+G4{2.4861}
ENSB:z0VNXAUPPwiu0HW,LG+I+G4,0.0213,2.4861,,LG+I{0.0213}+G4{2.4861}
ENSB:4hQiwNlMFXnALaE,LG+I+G4,0.0094,1.7658,,LG+I{0.0094}+G4{1.7658}
ENSB:QcykhVp4S_4d7N4,LG+I+G4,0.0094,1.7658,,LG+I{0.0094}+G4{1.7658}
ENSB:2sojSpEQ-Lb8rHW,LG+I+R4,0.0000,,"(0.0911,0.1406) (0.2166,0.4736) (0.4382,0.9463) (0.2542,1.8491)","LG+I{0.0000}+R4{0.0911,0.1406,0.2166,0.4736,0.4382,0.9463,0.2542,1.8491}"
ENSB:LL18YefRTbIt9XR,LG+I+R4,0.0000,,"(0.0911,0.1406) (0.2166,0.4736) (0.4382,0.9463) (0.2542,1.8491)","LG+I{0.0000}+R4{0.0911,0.1406,0.2166,0.4736,0.4382,0.9463,0.2542,1.8491}"
ENSB:R9FU1CSz8d7iJb3,LG+I+R4,0.0000,,"(0.0911,0.1406) (0.2166,0.4736) (0.4382,0.9463) (0.2542,1.8491)","LG+I{0.0000}+R4{0.0911,0.1406,0.2166,0.4736,0.4382,0.9463,0.2542,1.8491}"
ENSB:R9FU1CSz8d7iJb3,LG+I+R4,0.0000,,"(0.0911,0.1406) (0.2166,0.4736) (0.4382,0.9463) (0.2542,1.8491)","LG+I{0.0000}+R4{0.0911,0.1406,0.2166,0.4736,0.4382,0.9463,0.2542,1.8491}"
ENSB:eS8HTjikgtYzday,LG+I+R4,0.0000,,"(0.0911,0.1406) (0.2166,0.4736) (0.4382,0.9463) (0.2542,1.8491)","LG+I{0.0000}+R4{0.0911,0.1406,0.2166,0.4736,0.4382,0.9463,0.2542,1.8491}"
ENSB:ONSyflnD1bO_leV,LG+I+R4,0.0078,,"(0.0749,0.1456) (0.3346,0.4583) (0.2860,0.9885) (0.2967,1.8637)","LG+I{0.0078}+R4{0.0749,0.1456,0.3346,0.4583,0.2860,0.9885,0.2967,1.8637}"
ENSB:jzbPwCUBDXT9Z16,LG+I+R4,0.0078,,"(0.0749,0.1456) (0.3346,0.4583) (0.2860,0.9885) (0.2967,1.8637)","LG+I{0.0078}+R4{0.0749,0.1456,0.3346,0.4583,0.2860,0.9885,0.2967,1.8637}"
ENSB:M5jxUPLuaa3i6e0,LG+I+R4,0.0078,,"(0.0749,0.1456) (0.3346,0.4583) (0.2860,0.9885) (0.2967,1.8637)","LG+I{0.0078}+R4{0.0749,0.1456,0.3346,0.4583,0.2860,0.9885,0.2967,1.8637}"
ENSB:VQ_ms-fpCKKmOb8,LG+I+G4,0.0634,0.9087,,LG+I{0.0634}+G4{0.9087}
ENSB:4xYwmT4M9hFWCHk,LG+I+R4,0.0037,,"(0.0627,0.0546) (0.1426,0.2999) (0.3685,0.7339) (0.4225,1.6174)","LG+I{0.0037}+R4{0.0627,0.0546,0.1426,0.2999,0.3685,0.7339,0.4225,1.6174}"
ENSB:TYMiCH_dc_8Mzly,LG+I+R4,0.0037,,"(0.0627,0.0546) (0.1426,0.2999) (0.3685,0.7339) (0.4225,1.6174)","LG+I{0.0037}+R4{0.0627,0.0546,0.1426,0.2999,0.3685,0.7339,0.4225,1.6174}"
ENSB:AiU_57zWOSJTFrW,LG+I+R4,0.0037,,"(0.0627,0.0546) (0.1426,0.2999) (0.3685,0.7339) (0.4225,1.6174)","LG+I{0.0037}+R4{0.0627,0.0546,0.1426,0.2999,0.3685,0.7339,0.4225,1.6174}"
ENSB:LcqHPieCXCWcbRM,LG+I+G4,0.0349,3.2590,,LG+I{0.0349}+G4{3.2590}
ENSB:m9f6u6-kS9nnpDm,LG+I+G4,0.0000,1.3772,,LG+I{0.0000}+G4{1.3772}
ENSB:pJP811Eh8zCC-2b,LG+I+G4,0.0000,1.3772,,LG+I{0.0000}+G4{1.3772}
ENSB:d8P6AEjDm-jlm6y,LG+I+G4,0.0000,1.3772,,LG+I{0.0000}+G4{1.3772}
ENSB:H4f12BKPfrZn5cs,LG+I+G4,0.0000,1.3772,,LG+I{0.0000}+G4{1.3772}
ENSB:Pkm-99Zgy4f-j9N,LG+I+G4,0.0000,1.3772,,LG+I{0.0000}+G4{1.3772}
ENSB:Cyj4EcKQdDIcoGt,LG+I+G4,0.0000,1.3772,,LG+I{0.0000}+G4{1.3772}
ENSB:cpgHYIWslgZEAeZ,LG+F+I+R3,0.0000,,"(0.0331,0.0931) (0.4366,0.5561) (0.5303,1.4221)","LG+F+I{0.0000}+R3{0.0331,0.0931,0.4366,0.5561,0.5303,1.4221}"
ENSB:W3jeXWzxCg3xHTe,LG+I+G4,0.0000,0.9767,,LG+I{0.0000}+G4{0.9767}
ENSB:E4uL1PPgNgw7aOy,LG+I+G4,0.0000,0.9767,,LG+I{0.0000}+G4{0.9767}
ENSB:jDwOyEDUqSEHJRQ,LG+I+R4,0.0061,,"(0.1441,0.0492) (0.2128,0.3204) (0.2808,0.7263) (0.3562,2.0237)","LG+I{0.0061}+R4{0.1441,0.0492,0.2128,0.3204,0.2808,0.7263,0.3562,2.0237}"
ENSB:EBc5kuO1ZVFWX3t,LG+I+G4,0.0000,3.0907,,LG+I{0.0000}+G4{3.0907}
ENSB:gMHwkva2n6suNAP,LG+I+G4,0.0000,3.0907,,LG+I{0.0000}+G4{3.0907}
ENSB:v2vMok91N4JmQJA,LG+I+G4,0.0000,3.0907,,LG+I{0.0000}+G4{3.0907}
ENSB:Udh7LcpPLdfznnD,LG+I+G4,0.0000,3.0907,,LG+I{0.0000}+G4{3.0907}
ENSB:Vm6-rmziektN2-F,LG+I+G4,0.0000,3.0907,,LG+I{0.0000}+G4{3.0907}
ENSB:F6aJ9-6tiffk5ku,LG+I+G4,0.0000,3.0907,,LG+I{0.0000}+G4{3.0907}
ENSB:ezSrG12l8b5kc-7,LG+I+R4,0.0078,,"(0.1154,0.1028) (0.1787,0.3501) (0.3694,0.9138) (0.3286,1.7893)","LG+I{0.0078}+R4{0.1154,0.1028,0.1787,0.3501,0.3694,0.9138,0.3286,1.7893}"
ENSB:-hywGfJ5fd7QIh-,LG+I+R4,0.0078,,"(0.1154,0.1028) (0.1787,0.3501) (0.3694,0.9138) (0.3286,1.7893)","LG+I{0.0078}+R4{0.1154,0.1028,0.1787,0.3501,0.3694,0.9138,0.3286,1.7893}"
ENSB:nHs8SFp2EGp4d_s,LG+I+R4,0.0078,,"(0.1154,0.1028) (0.1787,0.3501) (0.3694,0.9138) (0.3286,1.7893)","LG+I{0.0078}+R4{0.1154,0.1028,0.1787,0.3501,0.3694,0.9138,0.3286,1.7893}"
ENSB:QanVIxwH3PUF-ZQ,LG+I+R4,0.0078,,"(0.1154,0.1028) (0.1787,0.3501) (0.3694,0.9138) (0.3286,1.7893)","LG+I{0.0078}+R4{0.1154,0.1028,0.1787,0.3501,0.3694,0.9138,0.3286,1.7893}"
ENSB:Fh2k-OqC81y9Y0P,LG+I+R4,0.0078,,"(0.1154,0.1028) (0.1787,0.3501) (0.3694,0.9138) (0.3286,1.7893)","LG+I{0.0078}+R4{0.1154,0.1028,0.1787,0.3501,0.3694,0.9138,0.3286,1.7893}"
ENSB:spqNeuHi_gOnXCN,LG+I+R4,0.0078,,"(0.1154,0.1028) (0.1787,0.3501) (0.3694,0.9138) (0.3286,1.7893)","LG+I{0.0078}+R4{0.1154,0.1028,0.1787,0.3501,0.3694,0.9138,0.3286,1.7893}"
ENSB:qIJK7F2uOHxAzTa,LG+I+R4,0.0078,,"(0.1154,0.1028) (0.1787,0.3501) (0.3694,0.9138) (0.3286,1.7893)","LG+I{0.0078}+R4{0.1154,0.1028,0.1787,0.3501,0.3694,0.9138,0.3286,1.7893}"
ENSB:4jEbCYy7546tEhb,LG+I+R4,0.0078,,"(0.1154,0.1028) (0.1787,0.3501) (0.3694,0.9138) (0.3286,1.7893)","LG+I{0.0078}+R4{0.1154,0.1028,0.1787,0.3501,0.3694,0.9138,0.3286,1.7893}"
ENSB:RBGGgzgQsfV4kA3,LG+I+R4,0.0078,,"(0.1154,0.1028) (0.1787,0.3501) (0.3694,0.9138) (0.3286,1.7893)","LG+I{0.0078}+R4{0.1154,0.1028,0.1787,0.3501,0.3694,0.9138,0.3286,1.7893}"
ENSB:SXuOXhRx2kaKS9v,LG+I+R4,0.0078,,"(0.1154,0.1028) (0.1787,0.3501) (0.3694,0.9138) (0.3286,1.7893)","LG+I{0.0078}+R4{0.1154,0.1028,0.1787,0.3501,0.3694,0.9138,0.3286,1.7893}"
ENSB:qHcLnTMrH5IlrlM,LG+I+R4,0.0078,,"(0.1154,0.1028) (0.1787,0.3501) (0.3694,0.9138) (0.3286,1.7893)","LG+I{0.0078}+R4{0.1154,0.1028,0.1787,0.3501,0.3694,0.9138,0.3286,1.7893}"
ENSB:t13Wtx76AZYJQV-,LG+I+R4,0.0078,,"(0.1154,0.1028) (0.1787,0.3501) (0.3694,0.9138) (0.3286,1.7893)","LG+I{0.0078}+R4{0.1154,0.1028,0.1787,0.3501,0.3694,0.9138,0.3286,1.7893}"
ENSB:DgtaJeKheUEuLKU,LG+I+R4,0.0078,,"(0.1154,0.1028) (0.1787,0.3501) (0.3694,0.9138) (0.3286,1.7893)","LG+I{0.0078}+R4{0.1154,0.1028,0.1787,0.3501,0.3694,0.9138,0.3286,1.7893}"
ENSB:_pVmA3ggdspaVcW,LG+I+R4,0.0078,,"(0.1154,0.1028) (0.1787,0.3501) (0.3694,0.9138) (0.3286,1.7893)","LG+I{0.0078}+R4{0.1154,0.1028,0.1787,0.3501,0.3694,0.9138,0.3286,1.7893}"
ENSB:Fx2xbV5XuEensum,LG+I+R4,0.0078,,"(0.1154,0.1028) (0.1787,0.3501) (0.3694,0.9138) (0.3286,1.7893)","LG+I{0.0078}+R4{0.1154,0.1028,0.1787,0.3501,0.3694,0.9138,0.3286,1.7893}"
ENSB:e1Ax1YSUMy9QFlu,LG+I+R4,0.0078,,"(0.1154,0.1028) (0.1787,0.3501) (0.3694,0.9138) (0.3286,1.7893)","LG+I{0.0078}+R4{0.1154,0.1028,0.1787,0.3501,0.3694,0.9138,0.3286,1.7893}"
ENSB:FOAqKL1EFcuuwsq,LG+I+R4,0.0078,,"(0.1154,0.1028) (0.1787,0.3501) (0.3694,0.9138) (0.3286,1.7893)","LG+I{0.0078}+R4{0.1154,0.1028,0.1787,0.3501,0.3694,0.9138,0.3286,1.7893}"
ENSB:TOeTvJz2jNyiCNz,LG+I+R4,0.0000,,"(0.0628,0.1100) (0.1806,0.4022) (0.3664,0.8062) (0.3902,1.6018)","LG+I{0.0000}+R4{0.0628,0.1100,0.1806,0.4022,0.3664,0.8062,0.3902,1.6018}"
ENSB:_3EMzRzq05dtKxW,LG+I+R4,0.0000,,"(0.0628,0.1100) (0.1806,0.4022) (0.3664,0.8062) (0.3902,1.6018)","LG+I{0.0000}+R4{0.0628,0.1100,0.1806,0.4022,0.3664,0.8062,0.3902,1.6018}"
ENSB:yxNJKoN5cQp_rdk,LG+I+R4,0.0000,,"(0.0628,0.1100) (0.1806,0.4022) (0.3664,0.8062) (0.3902,1.6018)","LG+I{0.0000}+R4{0.0628,0.1100,0.1806,0.4022,0.3664,0.8062,0.3902,1.6018}"
ENSB:GZG2omCtgs7NB8m,LG+I+R4,0.0000,,"(0.0628,0.1100) (0.1806,0.4022) (0.3664,0.8062) (0.3902,1.6018)","LG+I{0.0000}+R4{0.0628,0.1100,0.1806,0.4022,0.3664,0.8062,0.3902,1.6018}"
ENSB:ElZT1yEItuNNzjG,LG+F+I+R4,0.0000,,"(0.0776,0.1954) (0.2347,0.4493) (0.3649,0.9156) (0.3228,1.6892)","LG+F+I{0.0000}+R4{0.0776,0.1954,0.2347,0.4493,0.3649,0.9156,0.3228,1.6892}"
ENSB:XPkp2TfiKlGhXWH,LG+F+I+R4,0.0000,,"(0.0776,0.1954) (0.2347,0.4493) (0.3649,0.9156) (0.3228,1.6892)","LG+F+I{0.0000}+R4{0.0776,0.1954,0.2347,0.4493,0.3649,0.9156,0.3228,1.6892}"
ENSB:9d65ZchMRXglBW7,LG+F+I+R4,0.0000,,"(0.0776,0.1954) (0.2347,0.4493) (0.3649,0.9156) (0.3228,1.6892)","LG+F+I{0.0000}+R4{0.0776,0.1954,0.2347,0.4493,0.3649,0.9156,0.3228,1.6892}"
ENSB:tcrInKRQ9b3LSWI,LG+F+I+R4,0.0000,,"(0.0776,0.1954) (0.2347,0.4493) (0.3649,0.9156) (0.3228,1.6892)","LG+F+I{0.0000}+R4{0.0776,0.1954,0.2347,0.4493,0.3649,0.9156,0.3228,1.6892}"
ENSB:UvPM-rIA6jMwu9M,LG+F+I+R4,0.0000,,"(0.0776,0.1954) (0.2347,0.4493) (0.3649,0.9156) (0.3228,1.6892)","LG+F+I{0.0000}+R4{0.0776,0.1954,0.2347,0.4493,0.3649,0.9156,0.3228,1.6892}"
ENSB:M0kmsU0Z-qJuThx,LG+I+G4,0.0047,2.1116,,LG+I{0.0047}+G4{2.1116}
ENSB:1noY_BS2o9-F7OI,LG+I+R4,0.0000,,"(0.0754,0.3072) (0.2863,0.5832) (0.3050,0.9615) (0.3332,1.5502)","LG+I{0.0000}+R4{0.0754,0.3072,0.2863,0.5832,0.3050,0.9615,0.3332,1.5502}"
ENSB:ku9xPIQ4YNWuiMW,LG+I+R4,0.0000,,"(0.0754,0.3072) (0.2863,0.5832) (0.3050,0.9615) (0.3332,1.5502)","LG+I{0.0000}+R4{0.0754,0.3072,0.2863,0.5832,0.3050,0.9615,0.3332,1.5502}"
ENSB:GWd5tOBCyRChaD1,LG+I+R4,0.0000,,"(0.0754,0.3072) (0.2863,0.5832) (0.3050,0.9615) (0.3332,1.5502)","LG+I{0.0000}+R4{0.0754,0.3072,0.2863,0.5832,0.3050,0.9615,0.3332,1.5502}"
ENSB:Oz_U5bd-kmvkwKV,LG+I+R4,0.0000,,"(0.0754,0.3072) (0.2863,0.5832) (0.3050,0.9615) (0.3332,1.5502)","LG+I{0.0000}+R4{0.0754,0.3072,0.2863,0.5832,0.3050,0.9615,0.3332,1.5502}"
ENSB:581ourNyv2QNmyu,LG+I+R4,0.0000,,"(0.0754,0.3072) (0.2863,0.5832) (0.3050,0.9615) (0.3332,1.5502)","LG+I{0.0000}+R4{0.0754,0.3072,0.2863,0.5832,0.3050,0.9615,0.3332,1.5502}"
ENSB:0oU0LGZOsNI1-ZT,LG+I+R4,0.0000,,"(0.0754,0.3072) (0.2863,0.5832) (0.3050,0.9615) (0.3332,1.5502)","LG+I{0.0000}+R4{0.0754,0.3072,0.2863,0.5832,0.3050,0.9615,0.3332,1.5502}"
ENSB:I1y8oEE1ooHRI_5,LG+I+R4,0.0515,,"(0.1724,0.1011) (0.1910,0.5051) (0.3255,1.1231) (0.2596,2.0050)","LG+I{0.0515}+R4{0.1724,0.1011,0.1910,0.5051,0.3255,1.1231,0.2596,2.0050}"
ENSB:VRq_ICzMSyr10uS,LG+I+R4,0.0025,,"(0.1141,0.1270) (0.2506,0.4203) (0.3848,0.9474) (0.2480,2.0791)","LG+I{0.0025}+R4{0.1141,0.1270,0.2506,0.4203,0.3848,0.9474,0.2480,2.0791}"
ENSB:kT9osdro6B0pg2w,LG+I+G4,0.0000,1.7965,,LG+I{0.0000}+G4{1.7965}
ENSB:AmJQ28uB4MfuOpb,LG+I+G4,0.0000,1.7965,,LG+I{0.0000}+G4{1.7965}
ENSB:wOomLHJFqZBzQzC,LG+I+R4,0.0086,,"(0.0551,0.0808) (0.2112,0.4331) (0.3110,0.8469) (0.4140,1.5474)","LG+I{0.0086}+R4{0.0551,0.0808,0.2112,0.4331,0.3110,0.8469,0.4140,1.5474}"
ENSB:Kq1J2jb2Kw2Bk3G,LG+I+R4,0.0086,,"(0.0551,0.0808) (0.2112,0.4331) (0.3110,0.8469) (0.4140,1.5474)","LG+I{0.0086}+R4{0.0551,0.0808,0.2112,0.4331,0.3110,0.8469,0.4140,1.5474}"
ENSB:l8bw7kwOKDmNL2J,LG+I+R4,0.0086,,"(0.0551,0.0808) (0.2112,0.4331) (0.3110,0.8469) (0.4140,1.5474)","LG+I{0.0086}+R4{0.0551,0.0808,0.2112,0.4331,0.3110,0.8469,0.4140,1.5474}"
ENSB:LaO9EwRXFZzODQ6,LG+I+R4,0.0086,,"(0.0551,0.0808) (0.2112,0.4331) (0.3110,0.8469) (0.4140,1.5474)","LG+I{0.0086}+R4{0.0551,0.0808,0.2112,0.4331,0.3110,0.8469,0.4140,1.5474}"
ENSB:RPZhmM-vI1nYrf9,LG+I+R4,0.0000,,"(0.0281,0.0461) (0.1568,0.3064) (0.3787,0.7428) (0.4363,1.5340)","LG+I{0.0000}+R4{0.0281,0.0461,0.1568,0.3064,0.3787,0.7428,0.4363,1.5340}"
ENSB:6q3PuuL6DdCt4wh,LG+I+R4,0.0000,,"(0.0281,0.0461) (0.1568,0.3064) (0.3787,0.7428) (0.4363,1.5340)","LG+I{0.0000}+R4{0.0281,0.0461,0.1568,0.3064,0.3787,0.7428,0.4363,1.5340}"
ENSB:0728AhDZb-N6PIL,LG+I+R4,0.0000,,"(0.1675,0.1098) (0.2252,0.4665) (0.2829,1.0599) (0.3244,1.7777)","LG+I{0.0000}+R4{0.1675,0.1098,0.2252,0.4665,0.2829,1.0599,0.3244,1.7777}"
ENSB:xQgL2jZfrsfiI9G,LG+I+R4,0.0000,,"(0.1675,0.1098) (0.2252,0.4665) (0.2829,1.0599) (0.3244,1.7777)","LG+I{0.0000}+R4{0.1675,0.1098,0.2252,0.4665,0.2829,1.0599,0.3244,1.7777}"
ENSB:3hRJ247dBL7J6Ui,LG+I+R4,0.0000,,"(0.1675,0.1098) (0.2252,0.4665) (0.2829,1.0599) (0.3244,1.7777)","LG+I{0.0000}+R4{0.1675,0.1098,0.2252,0.4665,0.2829,1.0599,0.3244,1.7777}"
ENSB:q0_HEW8I0Xzp5Sf,LG+I+R4,0.0000,,"(0.0576,0.2209) (0.2582,0.4860) (0.2738,0.7955) (0.4103,1.5693)","LG+I{0.0000}+R4{0.0576,0.2209,0.2582,0.4860,0.2738,0.7955,0.4103,1.5693}"
ENSB:ZNkfSEixyZsTCvR,LG+I+R4,0.0000,,"(0.0576,0.2209) (0.2582,0.4860) (0.2738,0.7955) (0.4103,1.5693)","LG+I{0.0000}+R4{0.0576,0.2209,0.2582,0.4860,0.2738,0.7955,0.4103,1.5693}"
ENSB:UnMreF9EgDf1gnE,LG+I+R4,0.0000,,"(0.0576,0.2209) (0.2582,0.4860) (0.2738,0.7955) (0.4103,1.5693)","LG+I{0.0000}+R4{0.0576,0.2209,0.2582,0.4860,0.2738,0.7955,0.4103,1.5693}"
ENSB:jMV4-FT9n4ag3y0,LG+I+G4,0.0089,1.7487,,LG+I{0.0089}+G4{1.7487}
ENSB:Z4ql1X3zefN4Ko1,LG+I+G4,0.0089,1.7487,,LG+I{0.0089}+G4{1.7487}
ENSB:jmLQVjrHIfBs5Ml,LG+I+G4,0.0102,1.9404,,LG+I{0.0102}+G4{1.9404}
ENSB:leX4tm7OHms8TU2,LG+I+G4,0.0102,1.9404,,LG+I{0.0102}+G4{1.9404}
ENSB:cSwfcKecOyqH4In,LG+I+G4,0.0102,1.9404,,LG+I{0.0102}+G4{1.9404}
ENSB:fHEY6PxbalUw6Zi,LG+I+G4,0.0102,1.9404,,LG+I{0.0102}+G4{1.9404}
ENSB:UJslxRCWr3ZTPX8,LG+I+G4,0.0102,1.9404,,LG+I{0.0102}+G4{1.9404}
ENSB:AOxkSpvB823TDCP,LG+I+G4,0.0139,0.9035,,LG+I{0.0139}+G4{0.9035}
ENSB:D3TFbgnFzxC5uQh,LG+I+G4,0.0000,2.3804,,LG+I{0.0000}+G4{2.3804}
ENSB:SAmKSMDBVFG66Vi,LG+I+G4,0.0000,2.3804,,LG+I{0.0000}+G4{2.3804}
ENSB:vPYIg7qfHwDkPYQ,LG+I+G4,0.0000,2.3804,,LG+I{0.0000}+G4{2.3804}
ENSB:jP4olI3wPeQ7gZU,LG+I+G4,0.0000,2.3804,,LG+I{0.0000}+G4{2.3804}
ENSB:RlnIzRBuj7hXZhs,LG+I+G4,0.0000,2.3804,,LG+I{0.0000}+G4{2.3804}
ENSB:RfydcTIjo6LTDGi,LG+I+G4,0.0000,2.3804,,LG+I{0.0000}+G4{2.3804}
ENSB:MB2sHnqwuSL8tlN,LG+I+R4,0.0000,,"(0.0457,0.1622) (0.2514,0.4417) (0.2721,0.8489) (0.4309,1.5099)","LG+I{0.0000}+R4{0.0457,0.1622,0.2514,0.4417,0.2721,0.8489,0.4309,1.5099}"
ENSB:JiHGlCj0hb8atwn,LG+I+R4,0.0000,,"(0.0457,0.1622) (0.2514,0.4417) (0.2721,0.8489) (0.4309,1.5099)","LG+I{0.0000}+R4{0.0457,0.1622,0.2514,0.4417,0.2721,0.8489,0.4309,1.5099}"
ENSB:Vl0FAHkEkAObnH0,LG+I+R4,0.0000,,"(0.0457,0.1622) (0.2514,0.4417) (0.2721,0.8489) (0.4309,1.5099)","LG+I{0.0000}+R4{0.0457,0.1622,0.2514,0.4417,0.2721,0.8489,0.4309,1.5099}"
ENSB:TrvZWIh6FGapeir,LG+I+R4,0.0000,,"(0.0457,0.1622) (0.2514,0.4417) (0.2721,0.8489) (0.4309,1.5099)","LG+I{0.0000}+R4{0.0457,0.1622,0.2514,0.4417,0.2721,0.8489,0.4309,1.5099}"
ENSB:awHtX99QYtWQZWG,LG+I+R4,0.0095,,"(0.1117,0.0912) (0.2846,0.5008) (0.4247,1.1329) (0.1694,2.1613)","LG+I{0.0095}+R4{0.1117,0.0912,0.2846,0.5008,0.4247,1.1329,0.1694,2.1613}"
ENSB:J3GnBfnEqE8xba2,LG+I+R4,0.0095,,"(0.1117,0.0912) (0.2846,0.5008) (0.4247,1.1329) (0.1694,2.1613)","LG+I{0.0095}+R4{0.1117,0.0912,0.2846,0.5008,0.4247,1.1329,0.1694,2.1613}"
ENSB:jfJDw3Lp13sB0hw,LG+I+R4,0.0000,,"(0.0721,0.1021) (0.2027,0.3635) (0.2500,0.7647) (0.4752,1.5315)","LG+I{0.0000}+R4{0.0721,0.1021,0.2027,0.3635,0.2500,0.7647,0.4752,1.5315}"
ENSB:mgArOWoYV20veov,LG+I+R4,0.0000,,"(0.0721,0.1021) (0.2027,0.3635) (0.2500,0.7647) (0.4752,1.5315)","LG+I{0.0000}+R4{0.0721,0.1021,0.2027,0.3635,0.2500,0.7647,0.4752,1.5315}"
ENSB:bAXEEZoifNDJWK0,LG+I+R4,0.0132,,"(0.0760,0.1894) (0.2383,0.5480) (0.3373,0.9406) (0.3351,1.6046)","LG+I{0.0132}+R4{0.0760,0.1894,0.2383,0.5480,0.3373,0.9406,0.3351,1.6046}"
ENSB:gFTqmVpm_I93pgq,LG+I+R4,0.0132,,"(0.0760,0.1894) (0.2383,0.5480) (0.3373,0.9406) (0.3351,1.6046)","LG+I{0.0132}+R4{0.0760,0.1894,0.2383,0.5480,0.3373,0.9406,0.3351,1.6046}"
ENSB:em9xwh5ISNUqMWM,LG+I+R4,0.0132,,"(0.0760,0.1894) (0.2383,0.5480) (0.3373,0.9406) (0.3351,1.6046)","LG+I{0.0132}+R4{0.0760,0.1894,0.2383,0.5480,0.3373,0.9406,0.3351,1.6046}"
ENSB:JQbP83Qe8wCxPLC,LG+I+R4,0.0132,,"(0.0760,0.1894) (0.2383,0.5480) (0.3373,0.9406) (0.3351,1.6046)","LG+I{0.0132}+R4{0.0760,0.1894,0.2383,0.5480,0.3373,0.9406,0.3351,1.6046}"
ENSB:R2AKnxFQucpP0wa,LG+I+R4,0.0132,,"(0.0760,0.1894) (0.2383,0.5480) (0.3373,0.9406) (0.3351,1.6046)","LG+I{0.0132}+R4{0.0760,0.1894,0.2383,0.5480,0.3373,0.9406,0.3351,1.6046}"
ENSB:bV41XZp9P9kB1Ho,LG+F+I+R4,0.0000,,"(0.1046,0.3922) (0.3822,0.7223) (0.2938,1.0498) (0.2194,1.7065)","LG+F+I{0.0000}+R4{0.1046,0.3922,0.3822,0.7223,0.2938,1.0498,0.2194,1.7065}"
ENSB:iLb6mBtH2xrFgXD,LG+I+R4,0.0000,,"(0.0916,0.1661) (0.2854,0.5268) (0.2748,0.9413) (0.3482,1.6535)","LG+I{0.0000}+R4{0.0916,0.1661,0.2854,0.5268,0.2748,0.9413,0.3482,1.6535}"
ENSB:HbVXkZmuRy8np86,LG+I+R4,0.0000,,"(0.0916,0.1661) (0.2854,0.5268) (0.2748,0.9413) (0.3482,1.6535)","LG+I{0.0000}+R4{0.0916,0.1661,0.2854,0.5268,0.2748,0.9413,0.3482,1.6535}"
ENSB:-8atHtxysKTYEfw,LG+F+I+R4,0.0066,,"(0.0978,0.1119) (0.2198,0.4560) (0.3372,0.9131) (0.3386,1.7156)","LG+F+I{0.0066}+R4{0.0978,0.1119,0.2198,0.4560,0.3372,0.9131,0.3386,1.7156}"
ENSB:7AG2OE_soQXGlcx,LG+I+G4,0.0417,1.1490,,LG+I{0.0417}+G4{1.1490}
ENSB:mk5jFauKXjzt8na,LG+I+G4,0.0193,2.6001,,LG+I{0.0193}+G4{2.6001}
ENSB:_ExMMtk8WpSlSgw,LG+I+G4,0.0494,0.9186,,LG+I{0.0494}+G4{0.9186}
ENSB:93ogELlULPYic81,LG+I,0.0672,,,LG+I{0.0672}
ENSB:RW8y483i6zI2jrT,LG+I,0.0672,,,LG+I{0.0672}
ENSB:ZKEmeCMCRMPLgyz,LG+I+G4,0.0257,1.2706,,LG+I{0.0257}+G4{1.2706}
ENSB:ymjFBJ2A2ilUFcf,LG+F+I+R4,0.0000,,"(0.0785,0.0951) (0.2927,0.3299) (0.4147,0.6873) (0.2141,2.8536)","LG+F+I{0.0000}+R4{0.0785,0.0951,0.2927,0.3299,0.4147,0.6873,0.2141,2.8536}"
ENSB:eUZwx_GxBiFLOZw,LG+F+I+R4,0.0000,,"(0.0785,0.0951) (0.2927,0.3299) (0.4147,0.6873) (0.2141,2.8536)","LG+F+I{0.0000}+R4{0.0785,0.0951,0.2927,0.3299,0.4147,0.6873,0.2141,2.8536}"
ENSB:BiTR5NKWtbBUFBh,LG+I+G4,0.0272,1.0729,,LG+I{0.0272}+G4{1.0729}
ENSB:McMThQYXS-DFVSH,LG+I+R4,0.0160,,"(0.0715,0.0624) (0.1688,0.3507) (0.3520,0.7606) (0.3917,1.7069)","LG+I{0.0160}+R4{0.0715,0.0624,0.1688,0.3507,0.3520,0.7606,0.3917,1.7069}"
ENSB:hfuSmZd0ftlsKLA,LG+F+I+R4,0.0096,,"(0.0866,0.0890) (0.2266,0.3954) (0.3190,0.8536) (0.3582,1.7600)","LG+F+I{0.0096}+R4{0.0866,0.0890,0.2266,0.3954,0.3190,0.8536,0.3582,1.7600}"
ENSB:tqL080zyRpihCBS,LG+F+I+R4,0.0096,,"(0.0866,0.0890) (0.2266,0.3954) (0.3190,0.8536) (0.3582,1.7600)","LG+F+I{0.0096}+R4{0.0866,0.0890,0.2266,0.3954,0.3190,0.8536,0.3582,1.7600}"
ENSB:_Zwk7dvj2rP2PmD,LG+F+I+R4,0.0096,,"(0.0866,0.0890) (0.2266,0.3954) (0.3190,0.8536) (0.3582,1.7600)","LG+F+I{0.0096}+R4{0.0866,0.0890,0.2266,0.3954,0.3190,0.8536,0.3582,1.7600}"
ENSB:8eIlVIGY1iRzTQO,LG+F+I+R4,0.0096,,"(0.0866,0.0890) (0.2266,0.3954) (0.3190,0.8536) (0.3582,1.7600)","LG+F+I{0.0096}+R4{0.0866,0.0890,0.2266,0.3954,0.3190,0.8536,0.3582,1.7600}"
ENSB:YRfryr2AqOdDJhs,LG+I+R4,0.0059,,"(0.0968,0.1311) (0.2458,0.3617) (0.2797,0.9209) (0.3719,1.7233)","LG+I{0.0059}+R4{0.0968,0.1311,0.2458,0.3617,0.2797,0.9209,0.3719,1.7233}"
ENSB:77Lf1cuvFiD33Y9,LG+I+R4,0.0059,,"(0.0968,0.1311) (0.2458,0.3617) (0.2797,0.9209) (0.3719,1.7233)","LG+I{0.0059}+R4{0.0968,0.1311,0.2458,0.3617,0.2797,0.9209,0.3719,1.7233}"
ENSB:jaoBli8Eo1wTqMZ,LG+I+R4,0.0059,,"(0.0968,0.1311) (0.2458,0.3617) (0.2797,0.9209) (0.3719,1.7233)","LG+I{0.0059}+R4{0.0968,0.1311,0.2458,0.3617,0.2797,0.9209,0.3719,1.7233}"
ENSB:YcOujTZpVACqlDx,LG+I+R4,0.0059,,"(0.0968,0.1311) (0.2458,0.3617) (0.2797,0.9209) (0.3719,1.7233)","LG+I{0.0059}+R4{0.0968,0.1311,0.2458,0.3617,0.2797,0.9209,0.3719,1.7233}"
ENSB:yJjdOnV-5hbpRKz,LG+I+G4,0.0784,1.8972,,LG+I{0.0784}+G4{1.8972}
ENSB:IDAOYF-w3Sc9x5z,LG+I+R4,0.0000,,"(0.0993,0.1354) (0.2538,0.5717) (0.4024,0.9902) (0.2445,1.8121)","LG+I{0.0000}+R4{0.0993,0.1354,0.2538,0.5717,0.4024,0.9902,0.2445,1.8121}"
ENSB:3VcR5Xq2YWyZxnM,LG+I+R4,0.0000,,"(0.0993,0.1354) (0.2538,0.5717) (0.4024,0.9902) (0.2445,1.8121)","LG+I{0.0000}+R4{0.0993,0.1354,0.2538,0.5717,0.4024,0.9902,0.2445,1.8121}"
ENSB:sA2PHrc_LdPE1dq,LG+I+R4,0.0047,,"(0.0952,0.1266) (0.2952,0.4907) (0.2907,0.9798) (0.3143,1.7767)","LG+I{0.0047}+R4{0.0952,0.1266,0.2952,0.4907,0.2907,0.9798,0.3143,1.7767}"
ENSB:Ci0qgDX2dC4WazB,LG+I+R4,0.0000,,"(0.0462,0.1889) (0.2515,0.5397) (0.4380,0.9324) (0.2643,1.6917)","LG+I{0.0000}+R4{0.0462,0.1889,0.2515,0.5397,0.4380,0.9324,0.2643,1.6917}"
ENSB:Ci0qgDX2dC4WazB,LG+I+R4,0.0000,,"(0.0462,0.1889) (0.2515,0.5397) (0.4380,0.9324) (0.2643,1.6917)","LG+I{0.0000}+R4{0.0462,0.1889,0.2515,0.5397,0.4380,0.9324,0.2643,1.6917}"
ENSB:3gA2NulmH7lyG9a,LG+I+R4,0.0000,,"(0.0462,0.1889) (0.2515,0.5397) (0.4380,0.9324) (0.2643,1.6917)","LG+I{0.0000}+R4{0.0462,0.1889,0.2515,0.5397,0.4380,0.9324,0.2643,1.6917}"
ENSB:eywOGMbFVK4kDPE,LG+I+G4,0.0000,3.5610,,LG+I{0.0000}+G4{3.5610}
ENSB:Vi0fykqPdU0VcyB,LG+F+I+G4,0.0000,3.4268,,LG+F+I{0.0000}+G4{3.4268}
ENSB:70m-HW7RtFTif48,LG+F+I+G4,0.0000,3.4268,,LG+F+I{0.0000}+G4{3.4268}
ENSB:NFOE_8U2SBIP1qS,LG+F+I+G4,0.0000,3.4268,,LG+F+I{0.0000}+G4{3.4268}
ENSB:j1ykY3fK5zZaamx,LG+F+I+G4,0.0000,3.4268,,LG+F+I{0.0000}+G4{3.4268}
ENSB:vT9-HbUGUVDPX4a,LG+I+R4,0.0029,,"(0.0487,0.0317) (0.0588,0.1846) (0.2614,0.5024) (0.6282,1.3631)","LG+I{0.0029}+R4{0.0487,0.0317,0.0588,0.1846,0.2614,0.5024,0.6282,1.3631}"
ENSB:EnM0bvUqLd_Ng8G,LG+I+R4,0.0029,,"(0.0487,0.0317) (0.0588,0.1846) (0.2614,0.5024) (0.6282,1.3631)","LG+I{0.0029}+R4{0.0487,0.0317,0.0588,0.1846,0.2614,0.5024,0.6282,1.3631}"
ENSB:eOxlkNsLvRux1XL,LG+I+G4,0.0245,1.1826,,LG+I{0.0245}+G4{1.1826}
ENSB:EZaOarcc2EmTu1Q,LG+I+G4,0.0245,1.1826,,LG+I{0.0245}+G4{1.1826}
ENSB:Xobpj_4qQwHAPZS,LG+I+R4,0.0000,,"(0.0443,0.0751) (0.1470,0.3566) (0.2473,0.7221) (0.5615,1.3638)","LG+I{0.0000}+R4{0.0443,0.0751,0.1470,0.3566,0.2473,0.7221,0.5615,1.3638}"
ENSB:CWXBWcHOwFZoVzj,LG+I+R4,0.0000,,"(0.0443,0.0751) (0.1470,0.3566) (0.2473,0.7221) (0.5615,1.3638)","LG+I{0.0000}+R4{0.0443,0.0751,0.1470,0.3566,0.2473,0.7221,0.5615,1.3638}"
ENSB:C62mH-6E0NFYYrY,LG+I+R4,0.0000,,"(0.0443,0.0751) (0.1470,0.3566) (0.2473,0.7221) (0.5615,1.3638)","LG+I{0.0000}+R4{0.0443,0.0751,0.1470,0.3566,0.2473,0.7221,0.5615,1.3638}"
ENSB:N98pXz8DAoPmFbC,LG+I+R4,0.0000,,"(0.0204,0.0322) (0.2088,0.3475) (0.3459,0.7629) (0.4249,1.5600)","LG+I{0.0000}+R4{0.0204,0.0322,0.2088,0.3475,0.3459,0.7629,0.4249,1.5600}"
ENSB:sR6ajjGda94Z9nK,LG+I+R4,0.0000,,"(0.0204,0.0322) (0.2088,0.3475) (0.3459,0.7629) (0.4249,1.5600)","LG+I{0.0000}+R4{0.0204,0.0322,0.2088,0.3475,0.3459,0.7629,0.4249,1.5600}"
ENSB:as5h8FsJ179Thk4,LG+F+I+R4,0.0089,,"(0.0614,0.0976) (0.2210,0.3605) (0.2949,0.8264) (0.4138,1.6205)","LG+F+I{0.0089}+R4{0.0614,0.0976,0.2210,0.3605,0.2949,0.8264,0.4138,1.6205}"
ENSB:ZLKVWFT-iAVDa6W,LG+F+I+R4,0.0089,,"(0.0614,0.0976) (0.2210,0.3605) (0.2949,0.8264) (0.4138,1.6205)","LG+F+I{0.0089}+R4{0.0614,0.0976,0.2210,0.3605,0.2949,0.8264,0.4138,1.6205}"
ENSB:1Y132vD33laFWyt,LG+F+I+R4,0.0089,,"(0.0614,0.0976) (0.2210,0.3605) (0.2949,0.8264) (0.4138,1.6205)","LG+F+I{0.0089}+R4{0.0614,0.0976,0.2210,0.3605,0.2949,0.8264,0.4138,1.6205}"
ENSB:5FCwmSZymeaNWfo,LG+F+I+R4,0.0089,,"(0.0614,0.0976) (0.2210,0.3605) (0.2949,0.8264) (0.4138,1.6205)","LG+F+I{0.0089}+R4{0.0614,0.0976,0.2210,0.3605,0.2949,0.8264,0.4138,1.6205}"
ENSB:CBCNjQgeyUWNYCn,LG+I+G4,0.0009,1.4739,,LG+I{0.0009}+G4{1.4739}
ENSB:O0HNtluxlpQqej7,LG+I+G4,0.0000,1.9551,,LG+I{0.0000}+G4{1.9551}
ENSB:PiCX2Q3q4VfdHrS,LG+I+R4,0.0128,,"(0.1280,0.1462) (0.2862,0.5120) (0.2716,0.9930) (0.3014,1.8748)","LG+I{0.0128}+R4{0.1280,0.1462,0.2862,0.5120,0.2716,0.9930,0.3014,1.8748}"
ENSB:_O02HGaLmSGUmeR,LG+I+G4,0.0226,1.4382,,LG+I{0.0226}+G4{1.4382}
ENSB:oxGwaC4M3sHrrwd,LG+I+G4,0.0226,1.4382,,LG+I{0.0226}+G4{1.4382}
ENSB:RXdM0OJlTcDc85G,LG+F+I+R4,0.0120,,"(0.0799,0.0858) (0.2368,0.4449) (0.2502,0.8807) (0.4211,1.5850)","LG+F+I{0.0120}+R4{0.0799,0.0858,0.2368,0.4449,0.2502,0.8807,0.4211,1.5850}"
ENSB:J7dUg3M-W1Wyzqt,LG+F+I+R4,0.0120,,"(0.0799,0.0858) (0.2368,0.4449) (0.2502,0.8807) (0.4211,1.5850)","LG+F+I{0.0120}+R4{0.0799,0.0858,0.2368,0.4449,0.2502,0.8807,0.4211,1.5850}"
ENSB:HMhO_mctkE2uVMy,LG+F+I+R4,0.0120,,"(0.0799,0.0858) (0.2368,0.4449) (0.2502,0.8807) (0.4211,1.5850)","LG+F+I{0.0120}+R4{0.0799,0.0858,0.2368,0.4449,0.2502,0.8807,0.4211,1.5850}"
ENSB:jGncrmlKoFPDKY4,LG+F+I+G4,0.0297,1.5712,,LG+F+I{0.0297}+G4{1.5712}
ENSB:RPZhmM-vI1nYrf9,LG+I+G4,0.0208,1.2640,,LG+I{0.0208}+G4{1.2640}
ENSB:gXDF4pHuNvcpZKt,LG+I+G4,0.0208,1.2640,,LG+I{0.0208}+G4{1.2640}
ENSB:M0kmsU0Z-qJuThx,LG+F+I+R4,0.0000,,"(0.1572,0.1664) (0.1990,0.4270) (0.3846,1.0064) (0.2592,1.9362)","LG+F+I{0.0000}+R4{0.1572,0.1664,0.1990,0.4270,0.3846,1.0064,0.2592,1.9362}"
ENSB:w4KzeScMbmzMV9K,LG+I+R4,0.0035,,"(0.0863,0.0398) (0.1557,0.2803) (0.2429,0.6806) (0.5115,1.5397)","LG+I{0.0035}+R4{0.0863,0.0398,0.1557,0.2803,0.2429,0.6806,0.5115,1.5397}"
ENSB:3TT3xTSqtcePnqf,LG+I+R4,0.0053,,"(0.1424,0.1352) (0.1954,0.4603) (0.3536,1.0087) (0.3034,1.7604)","LG+I{0.0053}+R4{0.1424,0.1352,0.1954,0.4603,0.3536,1.0087,0.3034,1.7604}"
ENSB:x_9X6t-HIutNW0I,LG+I+R4,0.0053,,"(0.1424,0.1352) (0.1954,0.4603) (0.3536,1.0087) (0.3034,1.7604)","LG+I{0.0053}+R4{0.1424,0.1352,0.1954,0.4603,0.3536,1.0087,0.3034,1.7604}"
ENSB:TiS0ctsNi5Fc08W,LG+I+R4,0.0053,,"(0.1424,0.1352) (0.1954,0.4603) (0.3536,1.0087) (0.3034,1.7604)","LG+I{0.0053}+R4{0.1424,0.1352,0.1954,0.4603,0.3536,1.0087,0.3034,1.7604}"
ENSB:xqkIfWdTzCZt_lL,LG+I+R4,0.0053,,"(0.1424,0.1352) (0.1954,0.4603) (0.3536,1.0087) (0.3034,1.7604)","LG+I{0.0053}+R4{0.1424,0.1352,0.1954,0.4603,0.3536,1.0087,0.3034,1.7604}"
ENSB:eM9LOTw4SBx2zPg,LG+I+R4,0.0000,,"(0.0675,0.1440) (0.2768,0.4964) (0.2982,0.8751) (0.3575,1.6556)","LG+I{0.0000}+R4{0.0675,0.1440,0.2768,0.4964,0.2982,0.8751,0.3575,1.6556}"
ENSB:jy4SlNbqRFZSewi,LG+I+R4,0.0000,,"(0.0675,0.1440) (0.2768,0.4964) (0.2982,0.8751) (0.3575,1.6556)","LG+I{0.0000}+R4{0.0675,0.1440,0.2768,0.4964,0.2982,0.8751,0.3575,1.6556}"
ENSB:KGSeGlESKWceYmt,LG+I+R4,0.0000,,"(0.0675,0.1440) (0.2768,0.4964) (0.2982,0.8751) (0.3575,1.6556)","LG+I{0.0000}+R4{0.0675,0.1440,0.2768,0.4964,0.2982,0.8751,0.3575,1.6556}"
ENSB:C_fw2F5DDWhmuJ1,LG+I+G4,0.0254,1.6148,,LG+I{0.0254}+G4{1.6148}
ENSB:Xn2OVhbtfQ9WU_J,LG+I+G4,0.0254,1.6148,,LG+I{0.0254}+G4{1.6148}
ENSB:6U1AJCtm0sQf177,LG+I+G4,0.0254,1.6148,,LG+I{0.0254}+G4{1.6148}
ENSB:6v6WDMrqZl_a66D,LG+I+R4,0.0023,,"(0.1163,0.1979) (0.2613,0.5139) (0.3341,0.9576) (0.2860,1.8279)","LG+I{0.0023}+R4{0.1163,0.1979,0.2613,0.5139,0.3341,0.9576,0.2860,1.8279}"
ENSB:6cOn6-HCMYFtgBA,LG+F+I+R4,0.0009,,"(0.1075,0.0971) (0.2959,0.4760) (0.3945,1.0635) (0.2012,2.1330)","LG+F+I{0.0009}+R4{0.1075,0.0971,0.2959,0.4760,0.3945,1.0635,0.2012,2.1330}"
ENSB:4nA-O8v5bZJtKUv,LG+F+I+R4,0.0009,,"(0.1075,0.0971) (0.2959,0.4760) (0.3945,1.0635) (0.2012,2.1330)","LG+F+I{0.0009}+R4{0.1075,0.0971,0.2959,0.4760,0.3945,1.0635,0.2012,2.1330}"
ENSB:dTNaHuebV2XDRGE,LG+I+G4,0.0083,1.7552,,LG+I{0.0083}+G4{1.7552}
ENSB:C8HO1cq-2vXPrJ3,LG+I+G4,0.0083,1.7552,,LG+I{0.0083}+G4{1.7552}
ENSB:eLTU2Va8t361CtT,LG+I+G4,0.0083,1.7552,,LG+I{0.0083}+G4{1.7552}
ENSB:NeeWmgorURBY47t,LG+I+G4,0.0083,1.7552,,LG+I{0.0083}+G4{1.7552}
ENSB:t9u5tSdt_rojf1y,LG+I+G4,0.0449,1.2899,,LG+I{0.0449}+G4{1.2899}
ENSB:XCiZCFqdy24y7K2,LG+I+R4,0.0118,,"(0.1356,0.1245) (0.2606,0.5559) (0.4501,1.0948) (0.1418,2.4359)","LG+I{0.0118}+R4{0.1356,0.1245,0.2606,0.5559,0.4501,1.0948,0.1418,2.4359}"
ENSB:CTqyNElv_aoAVr0,LG+I+R4,0.0118,,"(0.1356,0.1245) (0.2606,0.5559) (0.4501,1.0948) (0.1418,2.4359)","LG+I{0.0118}+R4{0.1356,0.1245,0.2606,0.5559,0.4501,1.0948,0.1418,2.4359}"
ENSB:_ELRG7IPrk7nw1K,LG+I+R4,0.0118,,"(0.1356,0.1245) (0.2606,0.5559) (0.4501,1.0948) (0.1418,2.4359)","LG+I{0.0118}+R4{0.1356,0.1245,0.2606,0.5559,0.4501,1.0948,0.1418,2.4359}"
ENSB:uyBQ7exNME4gXHJ,LG+I+R4,0.0118,,"(0.1356,0.1245) (0.2606,0.5559) (0.4501,1.0948) (0.1418,2.4359)","LG+I{0.0118}+R4{0.1356,0.1245,0.2606,0.5559,0.4501,1.0948,0.1418,2.4359}"
ENSB:owv05WCCPZjzsYH,LG+I+R4,0.0118,,"(0.1356,0.1245) (0.2606,0.5559) (0.4501,1.0948) (0.1418,2.4359)","LG+I{0.0118}+R4{0.1356,0.1245,0.2606,0.5559,0.4501,1.0948,0.1418,2.4359}"
ENSB:4DK5Qup0yRlnO-l,LG+I+G4,0.0174,2.5394,,LG+I{0.0174}+G4{2.5394}
ENSB:puUGeZnveaR6g6g,LG+I+G4,0.0172,1.7311,,LG+I{0.0172}+G4{1.7311}
ENSB:ESu-1DUZL5Cd_T7,LG+I+G4,0.0172,1.7311,,LG+I{0.0172}+G4{1.7311}
ENSB:qItbf6KBJg9bSb0,LG+I+G4,0.0172,1.7311,,LG+I{0.0172}+G4{1.7311}
ENSB:Fb6oQPM880lTqg4,LG+I+G4,0.0172,1.7311,,LG+I{0.0172}+G4{1.7311}
ENSB:obttZVzHS3ZU33J,LG+I+G4,0.0172,1.7311,,LG+I{0.0172}+G4{1.7311}
ENSB:MsbKmK8ZVZvk7qw,LG+I+R4,0.0046,,"(0.0474,0.0530) (0.1535,0.2665) (0.3213,0.6905) (0.4731,1.5529)","LG+I{0.0046}+R4{0.0474,0.0530,0.1535,0.2665,0.3213,0.6905,0.4731,1.5529}"
ENSB:vms9mg9oH0UhHFn,LG+I+G4,0.0000,3.2897,,LG+I{0.0000}+G4{3.2897}
ENSB:pRzVfidUhnRocvy,LG+I+R4,0.0000,,"(0.0997,0.1927) (0.3085,0.6754) (0.4132,1.1123) (0.1785,1.7519)","LG+I{0.0000}+R4{0.0997,0.1927,0.3085,0.6754,0.4132,1.1123,0.1785,1.7519}"
ENSB:ztbf2kEvbDrqX45,LG+I+R4,0.0000,,"(0.0895,0.1651) (0.2590,0.4948) (0.2865,0.9175) (0.3650,1.6280)","LG+I{0.0000}+R4{0.0895,0.1651,0.2590,0.4948,0.2865,0.9175,0.3650,1.6280}"
ENSB:3M4uDFrdHDGGu9n,LG+I+G4,0.0317,2.1636,,LG+I{0.0317}+G4{2.1636}
ENSB:REMc_sdB6tThL_H,LG+I+R4,0.0278,,"(0.1516,0.0920) (0.1655,0.4837) (0.3983,1.0077) (0.2568,1.9648)","LG+I{0.0278}+R4{0.1516,0.0920,0.1655,0.4837,0.3983,1.0077,0.2568,1.9648}"
ENSB:qW8DDr38Xmg3PHr,LG+I+R4,0.0278,,"(0.1516,0.0920) (0.1655,0.4837) (0.3983,1.0077) (0.2568,1.9648)","LG+I{0.0278}+R4{0.1516,0.0920,0.1655,0.4837,0.3983,1.0077,0.2568,1.9648}"
ENSB:CK9bi9Mkb4A8mpE,LG+I+R4,0.0278,,"(0.1516,0.0920) (0.1655,0.4837) (0.3983,1.0077) (0.2568,1.9648)","LG+I{0.0278}+R4{0.1516,0.0920,0.1655,0.4837,0.3983,1.0077,0.2568,1.9648}"
ENSB:5JP-ROonxk4dvAC,LG+I+R4,0.0278,,"(0.1516,0.0920) (0.1655,0.4837) (0.3983,1.0077) (0.2568,1.9648)","LG+I{0.0278}+R4{0.1516,0.0920,0.1655,0.4837,0.3983,1.0077,0.2568,1.9648}"
ENSB:UO1wKrHSLC0aVM_,LG+I+R4,0.0278,,"(0.1516,0.0920) (0.1655,0.4837) (0.3983,1.0077) (0.2568,1.9648)","LG+I{0.0278}+R4{0.1516,0.0920,0.1655,0.4837,0.3983,1.0077,0.2568,1.9648}"
ENSB:q3fvVZyBz6xmrd9,LG+I+R4,0.0305,,"(0.1281,0.0667) (0.2850,0.4372) (0.2584,1.0221) (0.2980,2.0229)","LG+I{0.0305}+R4{0.1281,0.0667,0.2850,0.4372,0.2584,1.0221,0.2980,2.0229}"
ENSB:F0MldMSbf4aKhDj,LG+F+I+R4,0.0000,,"(0.0206,0.1167) (0.1830,0.4492) (0.3509,0.8177) (0.4456,1.4106)","LG+F+I{0.0000}+R4{0.0206,0.1167,0.1830,0.4492,0.3509,0.8177,0.4456,1.4106}"
ENSB:wYxWlEsCHbIeqd_,LG+F+I+R4,0.0000,,"(0.0206,0.1167) (0.1830,0.4492) (0.3509,0.8177) (0.4456,1.4106)","LG+F+I{0.0000}+R4{0.0206,0.1167,0.1830,0.4492,0.3509,0.8177,0.4456,1.4106}"
ENSB:mYCcvKH_3XVwku1,LG+F+I+R4,0.0000,,"(0.0206,0.1167) (0.1830,0.4492) (0.3509,0.8177) (0.4456,1.4106)","LG+F+I{0.0000}+R4{0.0206,0.1167,0.1830,0.4492,0.3509,0.8177,0.4456,1.4106}"
ENSB:6gWbcRJw5fiYCLE,LG+F+I+R4,0.0000,,"(0.0206,0.1167) (0.1830,0.4492) (0.3509,0.8177) (0.4456,1.4106)","LG+F+I{0.0000}+R4{0.0206,0.1167,0.1830,0.4492,0.3509,0.8177,0.4456,1.4106}"
ENSB:BGj5DzlMQNN6W0J,LG+F+I+R4,0.0000,,"(0.0206,0.1167) (0.1830,0.4492) (0.3509,0.8177) (0.4456,1.4106)","LG+F+I{0.0000}+R4{0.0206,0.1167,0.1830,0.4492,0.3509,0.8177,0.4456,1.4106}"
ENSB:AjA_KVbSJpzKq_I,LG+F+I+R4,0.0000,,"(0.0206,0.1167) (0.1830,0.4492) (0.3509,0.8177) (0.4456,1.4106)","LG+F+I{0.0000}+R4{0.0206,0.1167,0.1830,0.4492,0.3509,0.8177,0.4456,1.4106}"
ENSB:jZOTOUiGVZ2mIuP,LG+F+I+R4,0.0000,,"(0.0206,0.1167) (0.1830,0.4492) (0.3509,0.8177) (0.4456,1.4106)","LG+F+I{0.0000}+R4{0.0206,0.1167,0.1830,0.4492,0.3509,0.8177,0.4456,1.4106}"
ENSB:ItW6pRM-uRtUOXl,LG+F+I+R4,0.0000,,"(0.0206,0.1167) (0.1830,0.4492) (0.3509,0.8177) (0.4456,1.4106)","LG+F+I{0.0000}+R4{0.0206,0.1167,0.1830,0.4492,0.3509,0.8177,0.4456,1.4106}"
ENSB:FRjVJGf1D9pIPRg,LG+I+G4,0.0091,1.2561,,LG+I{0.0091}+G4{1.2561}
ENSB:nlg-mKAAtw3A7zd,LG+F+I+R4,0.0010,,"(0.0564,0.2349) (0.1743,0.4846) (0.2930,0.8462) (0.4753,1.3767)","LG+F+I{0.0010}+R4{0.0564,0.2349,0.1743,0.4846,0.2930,0.8462,0.4753,1.3767}"
ENSB:LjQTX6t5cNmy-Tb,LG+F+I+R4,0.0010,,"(0.0564,0.2349) (0.1743,0.4846) (0.2930,0.8462) (0.4753,1.3767)","LG+F+I{0.0010}+R4{0.0564,0.2349,0.1743,0.4846,0.2930,0.8462,0.4753,1.3767}"
ENSB:xXQ-MgCDvNZHtkb,LG+F+I+R4,0.0010,,"(0.0564,0.2349) (0.1743,0.4846) (0.2930,0.8462) (0.4753,1.3767)","LG+F+I{0.0010}+R4{0.0564,0.2349,0.1743,0.4846,0.2930,0.8462,0.4753,1.3767}"
ENSB:4r3dwYy_6ugsqWf,LG+F+I+R4,0.0010,,"(0.0564,0.2349) (0.1743,0.4846) (0.2930,0.8462) (0.4753,1.3767)","LG+F+I{0.0010}+R4{0.0564,0.2349,0.1743,0.4846,0.2930,0.8462,0.4753,1.3767}"
ENSB:k7bNzecb0j0npib,LG+F+I+R4,0.0010,,"(0.0564,0.2349) (0.1743,0.4846) (0.2930,0.8462) (0.4753,1.3767)","LG+F+I{0.0010}+R4{0.0564,0.2349,0.1743,0.4846,0.2930,0.8462,0.4753,1.3767}"
ENSB:n27lztSanRXrKfY,LG+F+I+R4,0.0010,,"(0.0564,0.2349) (0.1743,0.4846) (0.2930,0.8462) (0.4753,1.3767)","LG+F+I{0.0010}+R4{0.0564,0.2349,0.1743,0.4846,0.2930,0.8462,0.4753,1.3767}"
ENSB:mKR_erDz2_roKkH,LG+F+I+R4,0.0010,,"(0.0564,0.2349) (0.1743,0.4846) (0.2930,0.8462) (0.4753,1.3767)","LG+F+I{0.0010}+R4{0.0564,0.2349,0.1743,0.4846,0.2930,0.8462,0.4753,1.3767}"
ENSB:_n6_EpV3Iv3s1on,LG+F+I+R4,0.0010,,"(0.0564,0.2349) (0.1743,0.4846) (0.2930,0.8462) (0.4753,1.3767)","LG+F+I{0.0010}+R4{0.0564,0.2349,0.1743,0.4846,0.2930,0.8462,0.4753,1.3767}"
ENSB:Hhi_5NduWNQ3lft,LG+I+G4,0.0000,1.7321,,LG+I{0.0000}+G4{1.7321}
ENSB:Ceh9Wdb-1Zp5ucu,LG+I+G4,0.0000,1.7321,,LG+I{0.0000}+G4{1.7321}
ENSB:gaRNbXc5wqxqbsF,LG+I+G4,0.0000,1.7321,,LG+I{0.0000}+G4{1.7321}
ENSB:8X-8Kn8WrPGEwPT,LG+I+G4,0.0186,1.3609,,LG+I{0.0186}+G4{1.3609}
ENSB:ZkWsYM7a3Os2pbO,LG+I+G4,0.0186,1.3609,,LG+I{0.0186}+G4{1.3609}
ENSB:b5xNPXn_HtxEG5b,LG+I+G4,0.0382,2.6567,,LG+I{0.0382}+G4{2.6567}
ENSB:dhgA62RKdhVwr6j,LG+I+G4,0.0382,2.6567,,LG+I{0.0382}+G4{2.6567}
ENSB:4i0J9xGdnbK01Rc,LG+I+G4,0.0382,2.6567,,LG+I{0.0382}+G4{2.6567}
ENSB:ocEFhACXwoZcwjp,LG+I+G4,0.0382,2.6567,,LG+I{0.0382}+G4{2.6567}
ENSB:dzZFabkg-pP9Ibm,LG+I+G4,0.0382,2.6567,,LG+I{0.0382}+G4{2.6567}
ENSB:-i_yqoafme0vkID,LG+I+R4,0.0000,,"(0.2066,0.1338) (0.2857,0.4646) (0.3316,1.2905) (0.1760,2.3385)","LG+I{0.0000}+R4{0.2066,0.1338,0.2857,0.4646,0.3316,1.2905,0.1760,2.3385}"
ENSB:2Nk1areIZlV8qiA,LG+F+I+R4,0.0148,,"(0.0303,0.0229) (0.1552,0.2637) (0.2481,0.7011) (0.5516,1.4221)","LG+F+I{0.0148}+R4{0.0303,0.0229,0.1552,0.2637,0.2481,0.7011,0.5516,1.4221}"
ENSB:dUQlC3CbX_GRsmX,LG+F+I+R4,0.0033,,"(0.0184,0.0315) (0.1489,0.3486) (0.3521,0.6824) (0.4773,1.4817)","LG+F+I{0.0033}+R4{0.0184,0.0315,0.1489,0.3486,0.3521,0.6824,0.4773,1.4817}"
ENSB:6sXKCbo1ZpM6_19,LG+F+I+R4,0.0033,,"(0.0184,0.0315) (0.1489,0.3486) (0.3521,0.6824) (0.4773,1.4817)","LG+F+I{0.0033}+R4{0.0184,0.0315,0.1489,0.3486,0.3521,0.6824,0.4773,1.4817}"
ENSB:ABBB5MtiF1rerBD,LG+F+I+R4,0.0033,,"(0.0184,0.0315) (0.1489,0.3486) (0.3521,0.6824) (0.4773,1.4817)","LG+F+I{0.0033}+R4{0.0184,0.0315,0.1489,0.3486,0.3521,0.6824,0.4773,1.4817}"
ENSB:7apTyqBxsqQsa16,LG+F+I+R4,0.0033,,"(0.0184,0.0315) (0.1489,0.3486) (0.3521,0.6824) (0.4773,1.4817)","LG+F+I{0.0033}+R4{0.0184,0.0315,0.1489,0.3486,0.3521,0.6824,0.4773,1.4817}"
ENSB:rTDjsmIp3pYlyw0,LG+F+I+R4,0.0033,,"(0.0184,0.0315) (0.1489,0.3486) (0.3521,0.6824) (0.4773,1.4817)","LG+F+I{0.0033}+R4{0.0184,0.0315,0.1489,0.3486,0.3521,0.6824,0.4773,1.4817}"
ENSB:HFJHoTVZ6jw8iu5,LG+F+I+R4,0.0033,,"(0.0184,0.0315) (0.1489,0.3486) (0.3521,0.6824) (0.4773,1.4817)","LG+F+I{0.0033}+R4{0.0184,0.0315,0.1489,0.3486,0.3521,0.6824,0.4773,1.4817}"
ENSB:SJIRI8FXP4c8RDG,LG+F+I+R4,0.0033,,"(0.0184,0.0315) (0.1489,0.3486) (0.3521,0.6824) (0.4773,1.4817)","LG+F+I{0.0033}+R4{0.0184,0.0315,0.1489,0.3486,0.3521,0.6824,0.4773,1.4817}"
ENSB:O9iiMSgGpyh5etN,LG+I+R4,0.0000,,"(0.0717,0.0767) (0.2777,0.4127) (0.3312,0.8844) (0.3194,1.8377)","LG+I{0.0000}+R4{0.0717,0.0767,0.2777,0.4127,0.3312,0.8844,0.3194,1.8377}"
ENSB:ApBdjDyv4OLC8sv,LG+I+R4,0.0000,,"(0.0717,0.0767) (0.2777,0.4127) (0.3312,0.8844) (0.3194,1.8377)","LG+I{0.0000}+R4{0.0717,0.0767,0.2777,0.4127,0.3312,0.8844,0.3194,1.8377}"
ENSB:yoSt0cA591tRsR4,LG+I+R4,0.0000,,"(0.0717,0.0767) (0.2777,0.4127) (0.3312,0.8844) (0.3194,1.8377)","LG+I{0.0000}+R4{0.0717,0.0767,0.2777,0.4127,0.3312,0.8844,0.3194,1.8377}"
ENSB:Y0KaM2HjaTMfB9Q,LG+F+I+R4,0.0038,,"(0.1151,0.1874) (0.2078,0.5076) (0.3374,0.9911) (0.3360,1.6031)","LG+F+I{0.0038}+R4{0.1151,0.1874,0.2078,0.5076,0.3374,0.9911,0.3360,1.6031}"
ENSB:b9_IYhY7Jt9x6IT,LG+I+G4,0.0238,1.6554,,LG+I{0.0238}+G4{1.6554}
ENSB:SdbzVKWDSlNyZ44,LG+I+G4,0.0238,1.6554,,LG+I{0.0238}+G4{1.6554}
ENSB:UH3t__XIU8eh8TX,LG+I+G4,0.0238,1.6554,,LG+I{0.0238}+G4{1.6554}
ENSB:U4H2Iw36F_yDjmc,LG+I+G4,0.0095,1.0137,,LG+I{0.0095}+G4{1.0137}
ENSB:vaH-Hdj1WZnX_vo,LG+I+R4,0.0000,,"(0.0642,0.1730) (0.1875,0.4763) (0.3373,0.8027) (0.4111,1.5299)","LG+I{0.0000}+R4{0.0642,0.1730,0.1875,0.4763,0.3373,0.8027,0.4111,1.5299}"
ENSB:D5MyXaPzk1JMvvd,LG+I+R3,0.0000,,"(0.0338,0.0833) (0.4299,0.5800) (0.5363,1.3943)","LG+I{0.0000}+R3{0.0338,0.0833,0.4299,0.5800,0.5363,1.3943}"
ENSB:ltSif5uKMuqQwVt,LG+I+G4,0.0000,2.1701,,LG+I{0.0000}+G4{2.1701}
ENSB:eCDitrL3WmGRw44,LG+I+R4,0.0039,,"(0.0888,0.0587) (0.1450,0.3006) (0.2735,0.6800) (0.4888,1.5656)","LG+I{0.0039}+R4{0.0888,0.0587,0.1450,0.3006,0.2735,0.6800,0.4888,1.5656}"
ENSB:BTKVnUYPet7UF2v,LG+I+G4,0.0172,1.9299,,LG+I{0.0172}+G4{1.9299}
ENSB:42UMHGCFILxsCGy,LG+I+G4,0.0000,3.0924,,LG+I{0.0000}+G4{3.0924}
ENSB:m5A21m9_tyRtgZ1,LG+I+G4,0.0000,3.0924,,LG+I{0.0000}+G4{3.0924}
ENSB:nJ5KTduRza6f_QO,LG+I+G4,0.0000,3.0924,,LG+I{0.0000}+G4{3.0924}
ENSB:cId6kWyhWlZhAt9,LG+I+G4,0.0000,3.0924,,LG+I{0.0000}+G4{3.0924}
ENSB:G9UYYvbfmjYe_fv,LG+I+G4,0.0000,3.0924,,LG+I{0.0000}+G4{3.0924}
ENSB:z7Vgo-2uMxpCUHE,LG+F+I+R4,0.0000,,"(0.0824,0.1325) (0.2259,0.5092) (0.3312,0.9222) (0.3605,1.5771)","LG+F+I{0.0000}+R4{0.0824,0.1325,0.2259,0.5092,0.3312,0.9222,0.3605,1.5771}"
ENSB:szRuJIqAFnaB90B,LG+I+R4,0.0000,,"(0.1045,0.1200) (0.2846,0.4368) (0.2684,0.8805) (0.3426,1.8299)","LG+I{0.0000}+R4{0.1045,0.1200,0.2846,0.4368,0.2684,0.8805,0.3426,1.8299}"
ENSB:f5i44SfUZDM8MUO,LG+I,0.5338,,,LG+I{0.5338}
ENSB:8oKf-qsz5MGZzQ7,LG+F+I+R4,0.0000,,"(0.0594,0.1033) (0.0920,0.4019) (0.3044,0.8014) (0.5442,1.3101)","LG+F+I{0.0000}+R4{0.0594,0.1033,0.0920,0.4019,0.3044,0.8014,0.5442,1.3101}"
ENSB:HZU4xx7jDyIWz86,LG+F+I+R4,0.0000,,"(0.0594,0.1033) (0.0920,0.4019) (0.3044,0.8014) (0.5442,1.3101)","LG+F+I{0.0000}+R4{0.0594,0.1033,0.0920,0.4019,0.3044,0.8014,0.5442,1.3101}"
ENSB:3Cfi76z91rqinmk,LG+I+G4,0.0436,1.3010,,LG+I{0.0436}+G4{1.3010}
ENSB:fYP_AnHg_IdjvXi,LG+I+G4,0.0070,4.6406,,LG+I{0.0070}+G4{4.6406}
ENSB:4FlOE1lZH53veTJ,LG+I+R4,0.0068,,"(0.1684,0.1497) (0.1836,0.5157) (0.3090,0.9084) (0.3323,1.8040)","LG+I{0.0068}+R4{0.1684,0.1497,0.1836,0.5157,0.3090,0.9084,0.3323,1.8040}"
ENSB:z2kN-3ePecl4TcC,LG+I+R4,0.0068,,"(0.1684,0.1497) (0.1836,0.5157) (0.3090,0.9084) (0.3323,1.8040)","LG+I{0.0068}+R4{0.1684,0.1497,0.1836,0.5157,0.3090,0.9084,0.3323,1.8040}"
ENSB:73-1iV2QVxDYdPZ,LG+I+R4,0.0018,,"(0.0507,0.1014) (0.1390,0.3271) (0.3152,0.7223) (0.4932,1.4633)","LG+I{0.0018}+R4{0.0507,0.1014,0.1390,0.3271,0.3152,0.7223,0.4932,1.4633}"
ENSB:z0QUr7Yj452IF79,LG+I+G4,0.0164,1.4565,,LG+I{0.0164}+G4{1.4565}
ENSB:bYGEFT5QjG03RCi,LG+I+R4,0.0026,,"(0.0964,0.0388) (0.2176,0.3289) (0.2516,0.7686) (0.4318,1.6937)","LG+I{0.0026}+R4{0.0964,0.0388,0.2176,0.3289,0.2516,0.7686,0.4318,1.6937}"
ENSB:1wvaG_w-I2qM96j,LG+I+G4,0.0000,4.9892,,LG+I{0.0000}+G4{4.9892}
ENSB:HYHUmijQMxrLOxW,LG+I+G4,0.0000,4.9892,,LG+I{0.0000}+G4{4.9892}
ENSB:HYHUmijQMxrLOxW,LG+I+G4,0.0000,4.9892,,LG+I{0.0000}+G4{4.9892}
ENSB:FJlVF51Cx3ra-Op,LG+I+G4,0.0000,4.9892,,LG+I{0.0000}+G4{4.9892}
ENSB:WUWbXV0QAJwI2y5,LG+I+G4,0.0000,4.9892,,LG+I{0.0000}+G4{4.9892}
ENSB:WUWbXV0QAJwI2y5,LG+I+G4,0.0000,4.9892,,LG+I{0.0000}+G4{4.9892}
ENSB:OJ7obymvfc56rcC,LG+I+G4,0.0000,4.9892,,LG+I{0.0000}+G4{4.9892}
ENSB:XI9Nui_Dlnrldt0,LG+I+G4,0.0000,4.9892,,LG+I{0.0000}+G4{4.9892}
ENSB:vmBvVTcOuFd_n0w,LG+I+G4,0.0000,4.9892,,LG+I{0.0000}+G4{4.9892}
ENSB:EUTqXHCHyTRUd-p,LG+I+G4,0.0000,4.9892,,LG+I{0.0000}+G4{4.9892}
ENSB:xX4RndlbI-Z0FaN,LG+I+G4,0.0000,1.9179,,LG+I{0.0000}+G4{1.9179}
ENSB:4IwY2puIUOCAE8R,LG+I+G4,0.0000,1.9179,,LG+I{0.0000}+G4{1.9179}
ENSB:phDHpie5RnScsVc,LG+I+G4,0.0000,1.9179,,LG+I{0.0000}+G4{1.9179}
ENSB:Zf0S7LoF90Cp6p2,LG+I+G4,0.0000,1.9179,,LG+I{0.0000}+G4{1.9179}
ENSB:eHjKO6ozPeH3vpR,LG+I+G4,0.0000,1.9179,,LG+I{0.0000}+G4{1.9179}
ENSB:CCjZQr6PYf4vAIs,LG+I+G4,0.0000,1.9179,,LG+I{0.0000}+G4{1.9179}
ENSB:hGPPyzsUrCERhqR,LG+I+G4,0.0000,1.9179,,LG+I{0.0000}+G4{1.9179}
ENSB:zwp0Bg81HEMZ2sW,LG+I+G4,0.0000,1.9179,,LG+I{0.0000}+G4{1.9179}
ENSB:GqjMzUVW45uiaPk,LG+I+G4,0.0000,1.9179,,LG+I{0.0000}+G4{1.9179}
ENSB:ZS-ZNbcHDg5HVg3,LG+I+G4,0.0000,1.9179,,LG+I{0.0000}+G4{1.9179}
ENSB:CYXMKb4qF0nwCTY,LG+I+G4,0.0000,1.9179,,LG+I{0.0000}+G4{1.9179}
ENSB:yKqYG8vtkpdLld7,LG+I+G4,0.0000,1.9179,,LG+I{0.0000}+G4{1.9179}
ENSB:Vw4vERWjNQxXlHv,LG+I+G4,0.0000,1.9179,,LG+I{0.0000}+G4{1.9179}
ENSB:d35eXAnRfL2MPqh,LG+I+G4,0.0000,1.9179,,LG+I{0.0000}+G4{1.9179}
ENSB:OMfkIryzk18SVve,LG+I+G4,0.0000,1.9179,,LG+I{0.0000}+G4{1.9179}
ENSB:pnGM-_bDXP54Z4o,LG+I+G4,0.0000,1.9179,,LG+I{0.0000}+G4{1.9179}
ENSB:3Cgm4RzMOyxZGwP,LG+I+G4,0.0000,1.9179,,LG+I{0.0000}+G4{1.9179}
ENSB:1-cMm3n2T6HdPB1,LG+I+R4,0.0000,,"(0.0539,0.0698) (0.1312,0.3818) (0.4234,0.8131) (0.3915,1.5374)","LG+I{0.0000}+R4{0.0539,0.0698,0.1312,0.3818,0.4234,0.8131,0.3915,1.5374}"
ENSB:F5KF4JIxQt-OE8D,LG+F+I+R3,0.0000,,"(0.2580,0.1191) (0.5893,0.4923) (0.1527,4.4477)","LG+F+I{0.0000}+R3{0.2580,0.1191,0.5893,0.4923,0.1527,4.4477}"
ENSB:6eVbyXbV0bmz4tx,LG+I+G4,0.1171,2.9001,,LG+I{0.1171}+G4{2.9001}
ENSB:6eVbyXbV0bmz4tx,LG+I+G4,0.1171,2.9001,,LG+I{0.1171}+G4{2.9001}
ENSB:gjvhd9ywLrQJqwz,LG+I+G4,0.1171,2.9001,,LG+I{0.1171}+G4{2.9001}
ENSB:gjvhd9ywLrQJqwz,LG+I+G4,0.1171,2.9001,,LG+I{0.1171}+G4{2.9001}
ENSB:gjvhd9ywLrQJqwz,LG+I+G4,0.1171,2.9001,,LG+I{0.1171}+G4{2.9001}
ENSB:gjvhd9ywLrQJqwz,LG+I+G4,0.1171,2.9001,,LG+I{0.1171}+G4{2.9001}
ENSB:XFm5s46hVIHFHp8,LG+I+G4,0.0000,3.4338,,LG+I{0.0000}+G4{3.4338}
ENSB:KxZk1bg055P3BgH,LG+I+G4,0.0000,3.4338,,LG+I{0.0000}+G4{3.4338}
ENSB:1e4exXvttjlkZLd,LG+I+G4,0.0000,3.4338,,LG+I{0.0000}+G4{3.4338}
ENSB:W60spIZgMxtky3f,LG+I+G4,0.0000,3.4338,,LG+I{0.0000}+G4{3.4338}
ENSB:1VJotUwx6zjBkl_,LG+I+G4,0.1006,1.3250,,LG+I{0.1006}+G4{1.3250}
ENSB:-BO_N1Jb2XtBZfq,LG+I+R3,0.0064,,"(0.0464,0.1146) (0.4446,0.6145) (0.5026,1.4356)","LG+I{0.0064}+R3{0.0464,0.1146,0.4446,0.6145,0.5026,1.4356}"
ENSB:A0Lpr5csBfPMB9a,LG+I+R3,0.0064,,"(0.0464,0.1146) (0.4446,0.6145) (0.5026,1.4356)","LG+I{0.0064}+R3{0.0464,0.1146,0.4446,0.6145,0.5026,1.4356}"
ENSB:2qiJCSaPOD_UWl7,LG+I+R3,0.0064,,"(0.0464,0.1146) (0.4446,0.6145) (0.5026,1.4356)","LG+I{0.0064}+R3{0.0464,0.1146,0.4446,0.6145,0.5026,1.4356}"
ENSB:ugoaq8HH7UFgH2H,LG+I+R3,0.0064,,"(0.0464,0.1146) (0.4446,0.6145) (0.5026,1.4356)","LG+I{0.0064}+R3{0.0464,0.1146,0.4446,0.6145,0.5026,1.4356}"
ENSB:BTUvkHdU9_N_GV5,LG+I+R3,0.0064,,"(0.0464,0.1146) (0.4446,0.6145) (0.5026,1.4356)","LG+I{0.0064}+R3{0.0464,0.1146,0.4446,0.6145,0.5026,1.4356}"
ENSB:pG0ZXPUepy722jc,LG+I+G4,0.0136,1.2685,,LG+I{0.0136}+G4{1.2685}
ENSB:9X9wxVICTKdihft,LG+I+R4,0.0056,,"(0.0984,0.1113) (0.2351,0.3580) (0.2869,0.8008) (0.3740,1.8052)","LG+I{0.0056}+R4{0.0984,0.1113,0.2351,0.3580,0.2869,0.8008,0.3740,1.8052}"
ENSB:9X9wxVICTKdihft,LG+I+R4,0.0056,,"(0.0984,0.1113) (0.2351,0.3580) (0.2869,0.8008) (0.3740,1.8052)","LG+I{0.0056}+R4{0.0984,0.1113,0.2351,0.3580,0.2869,0.8008,0.3740,1.8052}"
ENSB:FJlVF51Cx3ra-Op,LG+I+G4,0.0000,2.5909,,LG+I{0.0000}+G4{2.5909}
ENSB:XI9Nui_Dlnrldt0,LG+I+G4,0.0000,2.5909,,LG+I{0.0000}+G4{2.5909}
ENSB:EUTqXHCHyTRUd-p,LG+I+G4,0.0000,2.5909,,LG+I{0.0000}+G4{2.5909}
ENSB:BDib_JZFXuEp4ZV,LG+F+I+R3,0.0000,,"(0.0277,0.1500) (0.4875,0.6368) (0.4848,1.4138)","LG+F+I{0.0000}+R3{0.0277,0.1500,0.4875,0.6368,0.4848,1.4138}"
ENSB:73qB_4QPzlrqN9v,LG+I+G4,0.0383,1.7143,,LG+I{0.0383}+G4{1.7143}
ENSB:sPcvZ-EhIBoTBDb,LG+I+G4,0.0669,1.4253,,LG+I{0.0669}+G4{1.4253}
ENSB:Iql19z4dTbn072L,LG+I+R3,0.0203,,"(0.0621,0.0869) (0.2431,0.5124) (0.6744,1.2900)","LG+I{0.0203}+R3{0.0621,0.0869,0.2431,0.5124,0.6744,1.2900}"
ENSB:oGcK2-w1S3PXB8E,LG+I+R3,0.0203,,"(0.0621,0.0869) (0.2431,0.5124) (0.6744,1.2900)","LG+I{0.0203}+R3{0.0621,0.0869,0.2431,0.5124,0.6744,1.2900}"
ENSB:YbWYTNP7gCG-ohp,LG+I+R3,0.0203,,"(0.0621,0.0869) (0.2431,0.5124) (0.6744,1.2900)","LG+I{0.0203}+R3{0.0621,0.0869,0.2431,0.5124,0.6744,1.2900}"
ENSB:AjHdFRZIDt39YZ8,LG+I+R3,0.0203,,"(0.0621,0.0869) (0.2431,0.5124) (0.6744,1.2900)","LG+I{0.0203}+R3{0.0621,0.0869,0.2431,0.5124,0.6744,1.2900}"
ENSB:mWjuZa6F93WGoU_,LG+I+G4,0.0250,0.9140,,LG+I{0.0250}+G4{0.9140}
ENSB:mWjuZa6F93WGoU_,LG+I+G4,0.0250,0.9140,,LG+I{0.0250}+G4{0.9140}
ENSB:WE1goHOxS1jVNlR,LG+I+G4,0.0300,2.2056,,LG+I{0.0300}+G4{2.2056}
ENSB:yckId90gO4JmqIk,LG+I+G4,0.0300,2.2056,,LG+I{0.0300}+G4{2.2056}
ENSB:EA-kDEtiELHX4Wo,LG+F+I+R4,0.0039,,"(0.1620,0.2093) (0.2054,0.4850) (0.3570,0.9788) (0.2717,1.9028)","LG+F+I{0.0039}+R4{0.1620,0.2093,0.2054,0.4850,0.3570,0.9788,0.2717,1.9028}"
ENSB:7uvVtsHhzdK99Ay,LG+F+I+R4,0.0039,,"(0.1620,0.2093) (0.2054,0.4850) (0.3570,0.9788) (0.2717,1.9028)","LG+F+I{0.0039}+R4{0.1620,0.2093,0.2054,0.4850,0.3570,0.9788,0.2717,1.9028}"
ENSB:WTSX5wmVv8WjrxA,LG+I+R3,0.0188,,"(0.1410,0.1336) (0.3486,0.6176) (0.4917,1.5577)","LG+I{0.0188}+R3{0.1410,0.1336,0.3486,0.6176,0.4917,1.5577}"
ENSB:g2VGeTtNf6ogUxv,LG+I+R3,0.0188,,"(0.1410,0.1336) (0.3486,0.6176) (0.4917,1.5577)","LG+I{0.0188}+R3{0.1410,0.1336,0.3486,0.6176,0.4917,1.5577}"
ENSB:fFeNeWSA698iMxo,LG+I+R3,0.0188,,"(0.1410,0.1336) (0.3486,0.6176) (0.4917,1.5577)","LG+I{0.0188}+R3{0.1410,0.1336,0.3486,0.6176,0.4917,1.5577}"
ENSB:-fhkmn7-merZNTS,LG+I+R3,0.0188,,"(0.1410,0.1336) (0.3486,0.6176) (0.4917,1.5577)","LG+I{0.0188}+R3{0.1410,0.1336,0.3486,0.6176,0.4917,1.5577}"
ENSB:crKGNzIhrrNitYh,LG+I+R3,0.0188,,"(0.1410,0.1336) (0.3486,0.6176) (0.4917,1.5577)","LG+I{0.0188}+R3{0.1410,0.1336,0.3486,0.6176,0.4917,1.5577}"
ENSB:_VhKB8YjEMxkn1F,LG+I+R3,0.0188,,"(0.1410,0.1336) (0.3486,0.6176) (0.4917,1.5577)","LG+I{0.0188}+R3{0.1410,0.1336,0.3486,0.6176,0.4917,1.5577}"
ENSB:cK8ipVeFQZsdgMe,LG+I+R3,0.0188,,"(0.1410,0.1336) (0.3486,0.6176) (0.4917,1.5577)","LG+I{0.0188}+R3{0.1410,0.1336,0.3486,0.6176,0.4917,1.5577}"
ENSB:crwhdF5L9sy-jwe,LG+I+R3,0.0188,,"(0.1410,0.1336) (0.3486,0.6176) (0.4917,1.5577)","LG+I{0.0188}+R3{0.1410,0.1336,0.3486,0.6176,0.4917,1.5577}"
ENSB:Kbh4nvUQD-xS-9O,LG+I+R3,0.0188,,"(0.1410,0.1336) (0.3486,0.6176) (0.4917,1.5577)","LG+I{0.0188}+R3{0.1410,0.1336,0.3486,0.6176,0.4917,1.5577}"
ENSB:edar2CIlC5j2E5I,LG+I+R4,0.0000,,"(0.0425,0.0580) (0.1035,0.2960) (0.2303,0.6445) (0.6237,1.3123)","LG+I{0.0000}+R4{0.0425,0.0580,0.1035,0.2960,0.2303,0.6445,0.6237,1.3123}"
ENSB:7QsBo16y-ZX8DpO,LG+I+R4,0.0000,,"(0.0425,0.0580) (0.1035,0.2960) (0.2303,0.6445) (0.6237,1.3123)","LG+I{0.0000}+R4{0.0425,0.0580,0.1035,0.2960,0.2303,0.6445,0.6237,1.3123}"
ENSB:GhCwZ9PySb3xpYV,LG+I+R4,0.0000,,"(0.0425,0.0580) (0.1035,0.2960) (0.2303,0.6445) (0.6237,1.3123)","LG+I{0.0000}+R4{0.0425,0.0580,0.1035,0.2960,0.2303,0.6445,0.6237,1.3123}"
ENSB:8B9S6sZIWgoKado,LG+I+R4,0.0000,,"(0.0425,0.0580) (0.1035,0.2960) (0.2303,0.6445) (0.6237,1.3123)","LG+I{0.0000}+R4{0.0425,0.0580,0.1035,0.2960,0.2303,0.6445,0.6237,1.3123}"
ENSB:RBYuGur0eOe0pzZ,LG+I+G4,0.0000,1.5817,,LG+I{0.0000}+G4{1.5817}
ENSB:GR0L_4JsWLB7IHJ,LG+I+R4,0.0000,,"(0.0542,0.1195) (0.2102,0.3305) (0.2075,0.8351) (0.5282,1.4215)","LG+I{0.0000}+R4{0.0542,0.1195,0.2102,0.3305,0.2075,0.8351,0.5282,1.4215}"
ENSB:h8IZAt-lZnhVHHL,LG+I+R4,0.0000,,"(0.0542,0.1195) (0.2102,0.3305) (0.2075,0.8351) (0.5282,1.4215)","LG+I{0.0000}+R4{0.0542,0.1195,0.2102,0.3305,0.2075,0.8351,0.5282,1.4215}"
ENSB:02SjzF-WtXUtV-9,LG+I+R4,0.0000,,"(0.0542,0.1195) (0.2102,0.3305) (0.2075,0.8351) (0.5282,1.4215)","LG+I{0.0000}+R4{0.0542,0.1195,0.2102,0.3305,0.2075,0.8351,0.5282,1.4215}"
ENSB:WQI0MqeNNYQe-9w,LG+I+R4,0.0000,,"(0.0542,0.1195) (0.2102,0.3305) (0.2075,0.8351) (0.5282,1.4215)","LG+I{0.0000}+R4{0.0542,0.1195,0.2102,0.3305,0.2075,0.8351,0.5282,1.4215}"
ENSB:_0wY_b9FDQeIt3q,LG+I+R4,0.0000,,"(0.0542,0.1195) (0.2102,0.3305) (0.2075,0.8351) (0.5282,1.4215)","LG+I{0.0000}+R4{0.0542,0.1195,0.2102,0.3305,0.2075,0.8351,0.5282,1.4215}"
ENSB:Kbh4nvUQD-xS-9O,LG+I+R4,0.0000,,"(0.0542,0.1195) (0.2102,0.3305) (0.2075,0.8351) (0.5282,1.4215)","LG+I{0.0000}+R4{0.0542,0.1195,0.2102,0.3305,0.2075,0.8351,0.5282,1.4215}"
ENSB:Kbh4nvUQD-xS-9O,LG+I+R4,0.0000,,"(0.0542,0.1195) (0.2102,0.3305) (0.2075,0.8351) (0.5282,1.4215)","LG+I{0.0000}+R4{0.0542,0.1195,0.2102,0.3305,0.2075,0.8351,0.5282,1.4215}"
ENSB:8xx2pQIp0dNtN57,LG+I+R4,0.0000,,"(0.0542,0.1195) (0.2102,0.3305) (0.2075,0.8351) (0.5282,1.4215)","LG+I{0.0000}+R4{0.0542,0.1195,0.2102,0.3305,0.2075,0.8351,0.5282,1.4215}"
ENSB:hYhw80PLPSuucmQ,LG+I+G4,0.0000,2.1232,,LG+I{0.0000}+G4{2.1232}
ENSB:xfyn6E5QwSfdfSu,LG+I+G4,0.0000,2.1232,,LG+I{0.0000}+G4{2.1232}
ENSB:8ZiH0Pt-LPm8YgA,LG+I+G4,0.0000,2.1232,,LG+I{0.0000}+G4{2.1232}
ENSB:-jWyYAkwH8B6Ixr,LG+I+G4,0.0000,2.1232,,LG+I{0.0000}+G4{2.1232}
ENSB:Zt5flPYnSUK9CUA,LG+I+G4,0.0000,2.1232,,LG+I{0.0000}+G4{2.1232}
ENSB:K-p2EIoBoDikyIA,LG+I+G4,0.0000,2.1232,,LG+I{0.0000}+G4{2.1232}
ENSB:_LHFOKVEylFdgHq,LG+I+G4,0.0000,2.1232,,LG+I{0.0000}+G4{2.1232}
ENSB:1thssRfvdbWc_qs,LG+I+R4,0.0000,,"(0.1473,0.1521) (0.2933,0.5236) (0.2738,1.0505) (0.2856,1.8781)","LG+I{0.0000}+R4{0.1473,0.1521,0.2933,0.5236,0.2738,1.0505,0.2856,1.8781}"
ENSB:nd09tZItQi93Kq6,LG+I+R4,0.0000,,"(0.1015,0.0980) (0.2487,0.3266) (0.3872,0.9594) (0.2626,2.0464)","LG+I{0.0000}+R4{0.1015,0.0980,0.2487,0.3266,0.3872,0.9594,0.2626,2.0464}"
ENSB:NzKoAHFGzp3u1HF,LG+I+G4,0.0033,2.6664,,LG+I{0.0033}+G4{2.6664}
ENSB:AD13U-Prt7eU7pD,LG+I+G4,0.0033,2.6664,,LG+I{0.0033}+G4{2.6664}
ENSB:kXeOHb6s-MogkCw,LG+I+G4,0.0033,2.6664,,LG+I{0.0033}+G4{2.6664}
ENSB:hG0KnFOhFJeOIyd,LG+I+G4,0.0129,1.7543,,LG+I{0.0129}+G4{1.7543}
ENSB:2AuQfFPNxbGbefL,LG+I+G4,0.0129,1.7543,,LG+I{0.0129}+G4{1.7543}
ENSB:kcesnBcen6M0wGR,LG+I+G4,0.0129,1.7543,,LG+I{0.0129}+G4{1.7543}
ENSB:IkPDoR_WxizpsxB,LG+I+R4,0.0204,,"(0.1376,0.0844) (0.1897,0.3776) (0.3287,0.9622) (0.3235,1.8557)","LG+I{0.0204}+R4{0.1376,0.0844,0.1897,0.3776,0.3287,0.9622,0.3235,1.8557}"
ENSB:LfMifPV_KTbKrl0,LG+I+R4,0.0000,,"(0.0720,0.1296) (0.1894,0.3828) (0.2590,0.7992) (0.4796,1.4828)","LG+I{0.0000}+R4{0.0720,0.1296,0.1894,0.3828,0.2590,0.7992,0.4796,1.4828}"
ENSB:S5LxAev42y0nDEF,LG+I+R4,0.0000,,"(0.0720,0.1296) (0.1894,0.3828) (0.2590,0.7992) (0.4796,1.4828)","LG+I{0.0000}+R4{0.0720,0.1296,0.1894,0.3828,0.2590,0.7992,0.4796,1.4828}"
ENSB:P3l5_jJGZOkqefm,LG+I+R4,0.0064,,"(0.1021,0.1238) (0.3188,0.4963) (0.2778,1.0045) (0.2948,1.8655)","LG+I{0.0064}+R4{0.1021,0.1238,0.3188,0.4963,0.2778,1.0045,0.2948,1.8655}"
ENSB:w3aoaouv6Pja5yT,LG+I+R4,0.0064,,"(0.1021,0.1238) (0.3188,0.4963) (0.2778,1.0045) (0.2948,1.8655)","LG+I{0.0064}+R4{0.1021,0.1238,0.3188,0.4963,0.2778,1.0045,0.2948,1.8655}"
ENSB:-YZ-gIFNYMwPdQy,LG+I+G4,0.0110,1.7568,,LG+I{0.0110}+G4{1.7568}
ENSB:ZBsZZhCdrbRny9o,LG+I+R4,0.0022,,"(0.0261,0.0345) (0.2060,0.2811) (0.2592,0.6845) (0.5065,1.5079)","LG+I{0.0022}+R4{0.0261,0.0345,0.2060,0.2811,0.2592,0.6845,0.5065,1.5079}"
ENSB:Xl1p6THT8apfVoY,LG+I+R4,0.0022,,"(0.0261,0.0345) (0.2060,0.2811) (0.2592,0.6845) (0.5065,1.5079)","LG+I{0.0022}+R4{0.0261,0.0345,0.2060,0.2811,0.2592,0.6845,0.5065,1.5079}"
ENSB:pVD9msR-bWppnfU,LG+I+R4,0.0022,,"(0.0261,0.0345) (0.2060,0.2811) (0.2592,0.6845) (0.5065,1.5079)","LG+I{0.0022}+R4{0.0261,0.0345,0.2060,0.2811,0.2592,0.6845,0.5065,1.5079}"
ENSB:HFsSFx1oOQ3bg1d,LG+I+R4,0.0000,,"(0.0669,0.1749) (0.3657,0.5071) (0.2645,1.0230) (0.3030,1.7570)","LG+I{0.0000}+R4{0.0669,0.1749,0.3657,0.5071,0.2645,1.0230,0.3030,1.7570}"
ENSB:Oey0FtqxtPnb6tL,LG+I+R4,0.0000,,"(0.0669,0.1749) (0.3657,0.5071) (0.2645,1.0230) (0.3030,1.7570)","LG+I{0.0000}+R4{0.0669,0.1749,0.3657,0.5071,0.2645,1.0230,0.3030,1.7570}"
ENSB:RUahLkxOaTrxP_e,LG+I+R4,0.0000,,"(0.0669,0.1749) (0.3657,0.5071) (0.2645,1.0230) (0.3030,1.7570)","LG+I{0.0000}+R4{0.0669,0.1749,0.3657,0.5071,0.2645,1.0230,0.3030,1.7570}"
ENSB:LNFIfDUnHGoDK_z,LG+I+R4,0.0000,,"(0.0669,0.1749) (0.3657,0.5071) (0.2645,1.0230) (0.3030,1.7570)","LG+I{0.0000}+R4{0.0669,0.1749,0.3657,0.5071,0.2645,1.0230,0.3030,1.7570}"
ENSB:I4K2P9ZfVYtwrh-,LG+I+R4,0.0000,,"(0.1239,0.3981) (0.3313,0.7103) (0.3560,1.0963) (0.1888,1.7221)","LG+I{0.0000}+R4{0.1239,0.3981,0.3313,0.7103,0.3560,1.0963,0.1888,1.7221}"
ENSB:jzVHWIMmuY6eIf6,LG+I+R4,0.0000,,"(0.1239,0.3981) (0.3313,0.7103) (0.3560,1.0963) (0.1888,1.7221)","LG+I{0.0000}+R4{0.1239,0.3981,0.3313,0.7103,0.3560,1.0963,0.1888,1.7221}"
ENSB:AYm4oktdb8EWQKq,LG+I+R2,0.0192,,"(0.1389,0.2341) (0.8420,1.1491)","LG+I{0.0192}+R2{0.1389,0.2341,0.8420,1.1491}"
ENSB:tfF5LBjasf5h24W,LG+I+R2,0.0192,,"(0.1389,0.2341) (0.8420,1.1491)","LG+I{0.0192}+R2{0.1389,0.2341,0.8420,1.1491}"
ENSB:-jX9oJIj-AjGMhV,LG+I+G4,0.0171,1.4591,,LG+I{0.0171}+G4{1.4591}
ENSB:tTLWoe-VBs9wUs9,LG+I+G4,0.0171,1.4591,,LG+I{0.0171}+G4{1.4591}
ENSB:ZXDPrMLtuVgcMgp,LG+I+G4,0.0171,1.4591,,LG+I{0.0171}+G4{1.4591}
ENSB:_voEeHCHonmmaI8,LG+I+G4,0.0171,1.4591,,LG+I{0.0171}+G4{1.4591}
ENSB:9d5aETDHulxVMMA,LG+I+G4,0.0171,1.4591,,LG+I{0.0171}+G4{1.4591}
ENSB:GR0L_4JsWLB7IHJ,LG+I+R4,0.0000,,"(0.1553,0.1878) (0.1378,0.4449) (0.2605,0.8165) (0.4463,1.5613)","LG+I{0.0000}+R4{0.1553,0.1878,0.1378,0.4449,0.2605,0.8165,0.4463,1.5613}"
ENSB:EF1ewHYF7-1Sw5B,LG+I+R4,0.0000,,"(0.1553,0.1878) (0.1378,0.4449) (0.2605,0.8165) (0.4463,1.5613)","LG+I{0.0000}+R4{0.1553,0.1878,0.1378,0.4449,0.2605,0.8165,0.4463,1.5613}"
ENSB:02SjzF-WtXUtV-9,LG+I+R4,0.0000,,"(0.1553,0.1878) (0.1378,0.4449) (0.2605,0.8165) (0.4463,1.5613)","LG+I{0.0000}+R4{0.1553,0.1878,0.1378,0.4449,0.2605,0.8165,0.4463,1.5613}"
ENSB:_0wY_b9FDQeIt3q,LG+I+R4,0.0000,,"(0.1553,0.1878) (0.1378,0.4449) (0.2605,0.8165) (0.4463,1.5613)","LG+I{0.0000}+R4{0.1553,0.1878,0.1378,0.4449,0.2605,0.8165,0.4463,1.5613}"
ENSB:eMSVRbbr9QPK4Pj,LG+F+I+R4,0.0021,,"(0.0434,0.0993) (0.0899,0.2738) (0.2751,0.5971) (0.5895,1.3687)","LG+F+I{0.0021}+R4{0.0434,0.0993,0.0899,0.2738,0.2751,0.5971,0.5895,1.3687}"
ENSB:37c0ZMxTea6CZFw,LG+F+I+R4,0.0021,,"(0.0434,0.0993) (0.0899,0.2738) (0.2751,0.5971) (0.5895,1.3687)","LG+F+I{0.0021}+R4{0.0434,0.0993,0.0899,0.2738,0.2751,0.5971,0.5895,1.3687}"
ENSB:E70oycXiQ_z2Pb6,LG+I+R4,0.0038,,"(0.0698,0.1619) (0.2759,0.5273) (0.3581,0.9992) (0.2925,1.6596)","LG+I{0.0038}+R4{0.0698,0.1619,0.2759,0.5273,0.3581,0.9992,0.2925,1.6596}"
ENSB:HAAhuGHgMf0f-Yy,LG+I+R4,0.0038,,"(0.0698,0.1619) (0.2759,0.5273) (0.3581,0.9992) (0.2925,1.6596)","LG+I{0.0038}+R4{0.0698,0.1619,0.2759,0.5273,0.3581,0.9992,0.2925,1.6596}"
ENSB:6Igsvig9UsSfVgR,LG+F+I+R4,0.0010,,"(0.0785,0.1348) (0.2204,0.3870) (0.3333,0.8300) (0.3669,1.7103)","LG+F+I{0.0010}+R4{0.0785,0.1348,0.2204,0.3870,0.3333,0.8300,0.3669,1.7103}"
ENSB:IUrkS0vKrAgAU8Z,LG+F+I+R4,0.0010,,"(0.0785,0.1348) (0.2204,0.3870) (0.3333,0.8300) (0.3669,1.7103)","LG+F+I{0.0010}+R4{0.0785,0.1348,0.2204,0.3870,0.3333,0.8300,0.3669,1.7103}"
ENSB:vKBH2qXzM9IBco3,LG+F+I+R4,0.0010,,"(0.0785,0.1348) (0.2204,0.3870) (0.3333,0.8300) (0.3669,1.7103)","LG+F+I{0.0010}+R4{0.0785,0.1348,0.2204,0.3870,0.3333,0.8300,0.3669,1.7103}"
ENSB:R79mRnC2G3zcj2Z,LG+F+I+R4,0.0010,,"(0.0785,0.1348) (0.2204,0.3870) (0.3333,0.8300) (0.3669,1.7103)","LG+F+I{0.0010}+R4{0.0785,0.1348,0.2204,0.3870,0.3333,0.8300,0.3669,1.7103}"
ENSB:R79mRnC2G3zcj2Z,LG+F+I+R4,0.0010,,"(0.0785,0.1348) (0.2204,0.3870) (0.3333,0.8300) (0.3669,1.7103)","LG+F+I{0.0010}+R4{0.0785,0.1348,0.2204,0.3870,0.3333,0.8300,0.3669,1.7103}"
ENSB:Fe2IUzovIBVXhhg,LG+I+G4,0.0000,2.0973,,LG+I{0.0000}+G4{2.0973}
ENSB:Pu6AUfMNPrSjBCi,LG+I+G4,0.0036,1.5369,,LG+I{0.0036}+G4{1.5369}
ENSB:VYkrE23IGSlkwJf,LG+I+R4,0.0000,,"(0.0988,0.2537) (0.3669,0.6136) (0.2782,1.1158) (0.2560,1.7160)","LG+I{0.0000}+R4{0.0988,0.2537,0.3669,0.6136,0.2782,1.1158,0.2560,1.7160}"
ENSB:rR1KBGUbsd7Q8Cx,LG+I+R4,0.0000,,"(0.0988,0.2537) (0.3669,0.6136) (0.2782,1.1158) (0.2560,1.7160)","LG+I{0.0000}+R4{0.0988,0.2537,0.3669,0.6136,0.2782,1.1158,0.2560,1.7160}"
ENSB:qWbP7DKop20hzqF,LG+I+R4,0.0000,,"(0.0988,0.2537) (0.3669,0.6136) (0.2782,1.1158) (0.2560,1.7160)","LG+I{0.0000}+R4{0.0988,0.2537,0.3669,0.6136,0.2782,1.1158,0.2560,1.7160}"
ENSB:h_CBjvswFcW7-OO,LG+I+R4,0.0000,,"(0.0988,0.2537) (0.3669,0.6136) (0.2782,1.1158) (0.2560,1.7160)","LG+I{0.0000}+R4{0.0988,0.2537,0.3669,0.6136,0.2782,1.1158,0.2560,1.7160}"
ENSB:HAnco863fmYicay,LG+I+R4,0.0000,,"(0.0988,0.2537) (0.3669,0.6136) (0.2782,1.1158) (0.2560,1.7160)","LG+I{0.0000}+R4{0.0988,0.2537,0.3669,0.6136,0.2782,1.1158,0.2560,1.7160}"
ENSB:BXr_eAVWI3YIPsk,LG+I+R4,0.0000,,"(0.0988,0.2537) (0.3669,0.6136) (0.2782,1.1158) (0.2560,1.7160)","LG+I{0.0000}+R4{0.0988,0.2537,0.3669,0.6136,0.2782,1.1158,0.2560,1.7160}"
ENSB:WME5A-Zmq83WWth,LG+I+G4,0.0000,2.1564,,LG+I{0.0000}+G4{2.1564}
ENSB:bsvdb2fX173Qn_V,LG+I+G4,0.0000,2.1564,,LG+I{0.0000}+G4{2.1564}
ENSB:ghDhcY39zFKTTqz,LG+I+G4,0.0000,2.1564,,LG+I{0.0000}+G4{2.1564}
ENSB:DbO7iCE0KzMbw1M,LG+I+G4,0.0000,2.1564,,LG+I{0.0000}+G4{2.1564}
ENSB:BATwqo2LjHx_W6B,LG+I+G4,0.0000,2.1564,,LG+I{0.0000}+G4{2.1564}
ENSB:0phHSCBlGZyQJZR,LG+I+G4,0.0000,2.1564,,LG+I{0.0000}+G4{2.1564}
ENSB:QTCiOTLlEBWMD01,LG+I+G4,0.0000,2.1564,,LG+I{0.0000}+G4{2.1564}
ENSB:3kbWi1-1myZfByr,LG+I+G4,0.0000,2.1564,,LG+I{0.0000}+G4{2.1564}
ENSB:UWk371kCYIO_cuj,LG+I+G4,0.0000,2.1564,,LG+I{0.0000}+G4{2.1564}
ENSB:YNrBww6036fVSqv,LG+I+G4,0.0000,2.1564,,LG+I{0.0000}+G4{2.1564}
ENSB:4225opXH213iTyM,LG+I+G4,0.0000,2.1564,,LG+I{0.0000}+G4{2.1564}
ENSB:So5G-1GraZFnxdr,LG+I+G4,0.0000,2.1564,,LG+I{0.0000}+G4{2.1564}
ENSB:8x55NHJ3ctYgmFQ,LG+I+G4,0.0000,2.1564,,LG+I{0.0000}+G4{2.1564}
ENSB:H6IDLFkLYiD-3QS,LG+F+I+R4,0.0092,,"(0.1055,0.1621) (0.3608,0.5448) (0.2468,1.0571) (0.2777,1.8920)","LG+F+I{0.0092}+R4{0.1055,0.1621,0.3608,0.5448,0.2468,1.0571,0.2777,1.8920}"
ENSB:8peHs2Ae0jrJ4Bw,LG+F+I+R4,0.0092,,"(0.1055,0.1621) (0.3608,0.5448) (0.2468,1.0571) (0.2777,1.8920)","LG+F+I{0.0092}+R4{0.1055,0.1621,0.3608,0.5448,0.2468,1.0571,0.2777,1.8920}"
ENSB:8Pzw6H5-48WSCt5,LG+I+G4,0.0142,1.6756,,LG+I{0.0142}+G4{1.6756}
ENSB:4U43ifI0i6nFlgU,LG+I+G4,0.0049,1.5937,,LG+I{0.0049}+G4{1.5937}
ENSB:15_jQFTeMsVpMVG,LG+I+G4,0.0225,1.1758,,LG+I{0.0225}+G4{1.1758}
ENSB:CQ5pDiAsGDT9Z7b,LG+I+G4,0.0000,2.5035,,LG+I{0.0000}+G4{2.5035}
ENSB:X6UpCqG-wEX8B7Q,LG+I+G4,0.0000,2.5035,,LG+I{0.0000}+G4{2.5035}
ENSB:KSH03TJmAJioycg,LG+I+G4,0.0098,1.6792,,LG+I{0.0098}+G4{1.6792}
ENSB:9dxLcKfQpBZEeBs,LG+I+G4,0.0098,1.6792,,LG+I{0.0098}+G4{1.6792}
ENSB:myWNgYgeyDyEPM0,LG+I+G4,0.0098,1.6792,,LG+I{0.0098}+G4{1.6792}
ENSB:E0ltcrhTHRFyEfT,LG+F+I+R4,0.0000,,"(0.0994,0.3078) (0.1588,0.5083) (0.3674,0.8690) (0.3744,1.5208)","LG+F+I{0.0000}+R4{0.0994,0.3078,0.1588,0.5083,0.3674,0.8690,0.3744,1.5208}"
ENSB:gMHwkva2n6suNAP,LG+F+I+R4,0.0000,,"(0.0994,0.3078) (0.1588,0.5083) (0.3674,0.8690) (0.3744,1.5208)","LG+F+I{0.0000}+R4{0.0994,0.3078,0.1588,0.5083,0.3674,0.8690,0.3744,1.5208}"
ENSB:o0zoOZb5tl8A0jO,LG+F+I+R4,0.0000,,"(0.0994,0.3078) (0.1588,0.5083) (0.3674,0.8690) (0.3744,1.5208)","LG+F+I{0.0000}+R4{0.0994,0.3078,0.1588,0.5083,0.3674,0.8690,0.3744,1.5208}"
ENSB:Radbd_-O6fr7Tlz,LG+F+I+R4,0.0000,,"(0.0994,0.3078) (0.1588,0.5083) (0.3674,0.8690) (0.3744,1.5208)","LG+F+I{0.0000}+R4{0.0994,0.3078,0.1588,0.5083,0.3674,0.8690,0.3744,1.5208}"
ENSB:rRb2qVnCWr83dvj,LG+F+I+R4,0.0000,,"(0.0994,0.3078) (0.1588,0.5083) (0.3674,0.8690) (0.3744,1.5208)","LG+F+I{0.0000}+R4{0.0994,0.3078,0.1588,0.5083,0.3674,0.8690,0.3744,1.5208}"
ENSB:eHy-VbwO5MKefrn,LG+F+I+R4,0.0000,,"(0.0994,0.3078) (0.1588,0.5083) (0.3674,0.8690) (0.3744,1.5208)","LG+F+I{0.0000}+R4{0.0994,0.3078,0.1588,0.5083,0.3674,0.8690,0.3744,1.5208}"
ENSB:mfmO7g0qnKwdua7,LG+F+I+R4,0.0000,,"(0.0994,0.3078) (0.1588,0.5083) (0.3674,0.8690) (0.3744,1.5208)","LG+F+I{0.0000}+R4{0.0994,0.3078,0.1588,0.5083,0.3674,0.8690,0.3744,1.5208}"
ENSB:hqdK0glEvrx281D,LG+F+I+R4,0.0000,,"(0.0763,0.2013) (0.2266,0.4548) (0.3310,0.8638) (0.3660,1.6272)","LG+F+I{0.0000}+R4{0.0763,0.2013,0.2266,0.4548,0.3310,0.8638,0.3660,1.6272}"
ENSB:4QxgqvcsLy_u4ql,LG+F+I+R4,0.0000,,"(0.0763,0.2013) (0.2266,0.4548) (0.3310,0.8638) (0.3660,1.6272)","LG+F+I{0.0000}+R4{0.0763,0.2013,0.2266,0.4548,0.3310,0.8638,0.3660,1.6272}"
ENSB:C4uikVXj4RyydnY,LG+I+G4,0.0455,4.0338,,LG+I{0.0455}+G4{4.0338}
ENSB:xhlL7bkC_TyMjkj,LG+F+I+R4,0.0021,,"(0.0100,0.0175) (0.0706,0.2518) (0.4135,0.6262) (0.5039,1.4351)","LG+F+I{0.0021}+R4{0.0100,0.0175,0.0706,0.2518,0.4135,0.6262,0.5039,1.4351}"
ENSB:oF_igHDo5KMPywT,LG+F+I+R4,0.0021,,"(0.0100,0.0175) (0.0706,0.2518) (0.4135,0.6262) (0.5039,1.4351)","LG+F+I{0.0021}+R4{0.0100,0.0175,0.0706,0.2518,0.4135,0.6262,0.5039,1.4351}"
ENSB:k4IWDsjXAI7QpV7,LG+F+I+R4,0.0021,,"(0.0100,0.0175) (0.0706,0.2518) (0.4135,0.6262) (0.5039,1.4351)","LG+F+I{0.0021}+R4{0.0100,0.0175,0.0706,0.2518,0.4135,0.6262,0.5039,1.4351}"
ENSB:VU6H3oU5AM3bhKd,LG+F+I+R4,0.0021,,"(0.0100,0.0175) (0.0706,0.2518) (0.4135,0.6262) (0.5039,1.4351)","LG+F+I{0.0021}+R4{0.0100,0.0175,0.0706,0.2518,0.4135,0.6262,0.5039,1.4351}"
ENSB:z2kN-3ePecl4TcC,LG+I+G4,0.0184,2.2876,,LG+I{0.0184}+G4{2.2876}
ENSB:XrERJjM-NafMy2H,LG+I+G4,0.0184,2.2876,,LG+I{0.0184}+G4{2.2876}
ENSB:HWaXeg_Xl4GYQy-,LG+F+I+R4,0.0000,,"(0.0474,0.1956) (0.2349,0.4149) (0.2539,0.7859) (0.4639,1.4956)","LG+F+I{0.0000}+R4{0.0474,0.1956,0.2349,0.4149,0.2539,0.7859,0.4639,1.4956}"
ENSB:fNnlDBzyznHQjxv,LG+F+I+R4,0.0000,,"(0.0474,0.1956) (0.2349,0.4149) (0.2539,0.7859) (0.4639,1.4956)","LG+F+I{0.0000}+R4{0.0474,0.1956,0.2349,0.4149,0.2539,0.7859,0.4639,1.4956}"
ENSB:54Wmgy1-18iZYn9,LG+F+I+R4,0.0000,,"(0.0474,0.1956) (0.2349,0.4149) (0.2539,0.7859) (0.4639,1.4956)","LG+F+I{0.0000}+R4{0.0474,0.1956,0.2349,0.4149,0.2539,0.7859,0.4639,1.4956}"
ENSB:SGN-gDfCcL1gArW,LG+I+G4,0.0111,2.2762,,LG+I{0.0111}+G4{2.2762}
ENSB:JG37Lw1_q7mQ2Nx,LG+I+G4,0.0111,2.2762,,LG+I{0.0111}+G4{2.2762}
ENSB:pA0TfamjVxDL2TQ,LG+I+G4,0.0111,2.2762,,LG+I{0.0111}+G4{2.2762}
ENSB:yEy21p8yE9J0tP2,LG+I+G4,0.0111,2.2762,,LG+I{0.0111}+G4{2.2762}
ENSB:LEmNYqo96TJpQHd,LG+I+G4,0.0111,2.2762,,LG+I{0.0111}+G4{2.2762}
ENSB:_PqsKct1fEIobqr,LG+I+G4,0.0000,1.5477,,LG+I{0.0000}+G4{1.5477}
ENSB:BSHN4oG879D6jR_,LG+I+R4,0.0161,,"(0.2233,0.1464) (0.2298,0.5179) (0.2771,1.0960) (0.2538,2.1464)","LG+I{0.0161}+R4{0.2233,0.1464,0.2298,0.5179,0.2771,1.0960,0.2538,2.1464}"
ENSB:gPJdj3Ul6z6i9Vm,LG+I+G4,0.0457,1.9184,,LG+I{0.0457}+G4{1.9184}
ENSB:igrYl50ENfrBxIs,LG+I+R4,0.0161,,"(0.2178,0.0590) (0.2409,0.3625) (0.2944,1.1605) (0.2307,2.4188)","LG+I{0.0161}+R4{0.2178,0.0590,0.2409,0.3625,0.2944,1.1605,0.2307,2.4188}"
ENSB:2EjPpoBiRGKPmCW,LG+I+G4,0.0479,1.5381,,LG+I{0.0479}+G4{1.5381}
ENSB:5LJgTDNY7eSD_4B,LG+F+I+R4,0.0048,,"(0.0450,0.0645) (0.0853,0.3354) (0.2256,0.6893) (0.6393,1.2716)","LG+F+I{0.0048}+R4{0.0450,0.0645,0.0853,0.3354,0.2256,0.6893,0.6393,1.2716}"
ENSB:DuUPFvBeCZwGAWB,LG+F+I+R4,0.0048,,"(0.0450,0.0645) (0.0853,0.3354) (0.2256,0.6893) (0.6393,1.2716)","LG+F+I{0.0048}+R4{0.0450,0.0645,0.0853,0.3354,0.2256,0.6893,0.6393,1.2716}"
ENSB:dYLl-Ku2bDA2OvR,LG+F+I+R4,0.0048,,"(0.0450,0.0645) (0.0853,0.3354) (0.2256,0.6893) (0.6393,1.2716)","LG+F+I{0.0048}+R4{0.0450,0.0645,0.0853,0.3354,0.2256,0.6893,0.6393,1.2716}"
ENSB:STAuB9G0bBcKWDD,LG+I+G4,0.1152,1.5068,,LG+I{0.1152}+G4{1.5068}
ENSB:DuWka_kwXzaHsCO,LG+I+G4,0.1152,1.5068,,LG+I{0.1152}+G4{1.5068}
ENSB:kSU6RTPu1xTRTpL,LG+I+R4,0.0031,,"(0.0382,0.1133) (0.2329,0.4053) (0.3909,0.8638) (0.3349,1.6831)","LG+I{0.0031}+R4{0.0382,0.1133,0.2329,0.4053,0.3909,0.8638,0.3349,1.6831}"
ENSB:M7GgCe4q0zBEiba,LG+I+G4,0.0000,1.3105,,LG+I{0.0000}+G4{1.3105}
ENSB:VVo5c7r5cl4WLuz,LG+I+G4,0.0000,1.2147,,LG+I{0.0000}+G4{1.2147}
ENSB:VVo5c7r5cl4WLuz,LG+I+G4,0.0000,1.2147,,LG+I{0.0000}+G4{1.2147}
ENSB:eb1P-Om9jsZgjUx,LG+I+R4,0.0000,,"(0.1068,0.0767) (0.2052,0.3459) (0.2251,0.8360) (0.4629,1.5828)","LG+I{0.0000}+R4{0.1068,0.0767,0.2052,0.3459,0.2251,0.8360,0.4629,1.5828}"
ENSB:wGhwxp6d8qY5yL-,LG+F+I+R4,0.0000,,"(0.0582,0.0592) (0.1971,0.3337) (0.3400,0.7900) (0.4047,1.6361)","LG+F+I{0.0000}+R4{0.0582,0.0592,0.1971,0.3337,0.3400,0.7900,0.4047,1.6361}"
ENSB:MTbKKIAgkeCEXbp,LG+F+I+R4,0.0000,,"(0.0582,0.0592) (0.1971,0.3337) (0.3400,0.7900) (0.4047,1.6361)","LG+F+I{0.0000}+R4{0.0582,0.0592,0.1971,0.3337,0.3400,0.7900,0.4047,1.6361}"
ENSB:FeN3mACf4-OShoU,LG+I,0.0717,,,LG+I{0.0717}
ENSB:C0TWERih8Z6z2q2,LG+I,0.0717,,,LG+I{0.0717}
ENSB:NKwAKOOL9uIxxEU,LG+I+R4,0.0032,,"(0.1939,0.1499) (0.2633,0.4809) (0.2045,1.0096) (0.3351,1.9033)","LG+I{0.0032}+R4{0.1939,0.1499,0.2633,0.4809,0.2045,1.0096,0.3351,1.9033}"
ENSB:js9ZNIzUUj-cMp8,LG+I+R4,0.0000,,"(0.2188,0.2769) (0.2728,0.6166) (0.2690,1.1602) (0.2395,1.9174)","LG+I{0.0000}+R4{0.2188,0.2769,0.2728,0.6166,0.2690,1.1602,0.2395,1.9174}"
ENSB:zIjE-VwQNCQKb6Y,LG+I+R4,0.0000,,"(0.2188,0.2769) (0.2728,0.6166) (0.2690,1.1602) (0.2395,1.9174)","LG+I{0.0000}+R4{0.2188,0.2769,0.2728,0.6166,0.2690,1.1602,0.2395,1.9174}"
ENSB:-qSPvVdv9k_e0OX,LG+I+R4,0.0000,,"(0.1268,0.1939) (0.1981,0.5266) (0.3360,0.9258) (0.3391,1.6514)","LG+I{0.0000}+R4{0.1268,0.1939,0.1981,0.5266,0.3360,0.9258,0.3391,1.6514}"
ENSB:rOnmf5yU9tgoR8B,LG+I+R4,0.0000,,"(0.1268,0.1939) (0.1981,0.5266) (0.3360,0.9258) (0.3391,1.6514)","LG+I{0.0000}+R4{0.1268,0.1939,0.1981,0.5266,0.3360,0.9258,0.3391,1.6514}"
ENSB:Sxf3c4dNhxuoLPs,LG+I+R4,0.0080,,"(0.1122,0.1405) (0.1527,0.3779) (0.2896,0.8225) (0.4375,1.5732)","LG+I{0.0080}+R4{0.1122,0.1405,0.1527,0.3779,0.2896,0.8225,0.4375,1.5732}"
ENSB:j9hyqnEQOPrsTBh,LG+I+R4,0.0080,,"(0.1122,0.1405) (0.1527,0.3779) (0.2896,0.8225) (0.4375,1.5732)","LG+I{0.0080}+R4{0.1122,0.1405,0.1527,0.3779,0.2896,0.8225,0.4375,1.5732}"
ENSB:JVzyBlPrbRG8tUO,LG+F+I+R4,0.0019,,"(0.1031,0.1138) (0.1734,0.3774) (0.2016,0.8153) (0.5201,1.4585)","LG+F+I{0.0019}+R4{0.1031,0.1138,0.1734,0.3774,0.2016,0.8153,0.5201,1.4585}"
ENSB:5P37tvNxUX7ZNBS,LG+I+G4,0.0015,0.7251,,LG+I{0.0015}+G4{0.7251}
ENSB:9QJofSOSJNyWKo7,LG+I+R4,0.0022,,"(0.1069,0.0887) (0.1797,0.3997) (0.2187,0.8474) (0.4925,1.4890)","LG+I{0.0022}+R4{0.1069,0.0887,0.1797,0.3997,0.2187,0.8474,0.4925,1.4890}"
ENSB:uNEm4mQk9hkHZT-,LG+I+G4,0.0593,1.5303,,LG+I{0.0593}+G4{1.5303}
ENSB:IavgIrrPVsLGOOQ,LG+I+G4,0.0264,1.4826,,LG+I{0.0264}+G4{1.4826}
ENSB:mbzGthQju7xEbmb,LG+I+R4,0.0000,,"(0.0471,0.0892) (0.1432,0.2801) (0.2940,0.6828) (0.5158,1.4637)","LG+I{0.0000}+R4{0.0471,0.0892,0.1432,0.2801,0.2940,0.6828,0.5158,1.4637}"
ENSB:clANnuewp2PqTPA,LG+I+R4,0.0000,,"(0.0471,0.0892) (0.1432,0.2801) (0.2940,0.6828) (0.5158,1.4637)","LG+I{0.0000}+R4{0.0471,0.0892,0.1432,0.2801,0.2940,0.6828,0.5158,1.4637}"
ENSB:OnLPoDb4PPGaP1x,LG+I+G4,0.0250,2.2877,,LG+I{0.0250}+G4{2.2877}
ENSB:7dHVBONhi8QyLiD,LG+I+G4,0.0250,2.2877,,LG+I{0.0250}+G4{2.2877}
ENSB:m8CahdceR4wZxiE,LG+I+G4,0.0053,1.1540,,LG+I{0.0053}+G4{1.1540}
ENSB:A1IcFzik4FKXIF0,LG+I+G4,0.0000,2.5326,,LG+I{0.0000}+G4{2.5326}
ENSB:jtukTzHEKmkcV-q,LG+I+R4,0.0000,,"(0.0779,0.0548) (0.1882,0.3033) (0.2465,0.7837) (0.4874,1.5294)","LG+I{0.0000}+R4{0.0779,0.0548,0.1882,0.3033,0.2465,0.7837,0.4874,1.5294}"
ENSB:0GD3i04WqYSyyb4,LG+I+G4,0.0671,1.4384,,LG+I{0.0671}+G4{1.4384}
ENSB:5x4i2BRj_R2K4cs,LG+I+G4,0.0671,1.4384,,LG+I{0.0671}+G4{1.4384}
ENSB:bV_LWwmdCx4bDSm,LG+I+G4,0.0263,2.7273,,LG+I{0.0263}+G4{2.7273}
ENSB:hMmJNpQT4_sRm9Y,LG+I+G4,0.0263,2.7273,,LG+I{0.0263}+G4{2.7273}
ENSB:ng5QCSNfkpC9PfK,LG+I+G4,0.0263,2.7273,,LG+I{0.0263}+G4{2.7273}
ENSB:cddJSQ9RK7CpxZO,LG+F+I+R4,0.0000,,"(0.0311,0.0773) (0.1165,0.2879) (0.3492,0.6955) (0.5032,1.4332)","LG+F+I{0.0000}+R4{0.0311,0.0773,0.1165,0.2879,0.3492,0.6955,0.5032,1.4332}"
ENSB:PHdsmJYUR4tEk2Q,LG+F+I+R4,0.0000,,"(0.0311,0.0773) (0.1165,0.2879) (0.3492,0.6955) (0.5032,1.4332)","LG+F+I{0.0000}+R4{0.0311,0.0773,0.1165,0.2879,0.3492,0.6955,0.5032,1.4332}"
ENSB:My6iFeMTCt_2dir,LG+F+I+R4,0.0000,,"(0.0311,0.0773) (0.1165,0.2879) (0.3492,0.6955) (0.5032,1.4332)","LG+F+I{0.0000}+R4{0.0311,0.0773,0.1165,0.2879,0.3492,0.6955,0.5032,1.4332}"
ENSB:tSIhJtN4C0XwBZa,LG+F+I+R4,0.0000,,"(0.0311,0.0773) (0.1165,0.2879) (0.3492,0.6955) (0.5032,1.4332)","LG+F+I{0.0000}+R4{0.0311,0.0773,0.1165,0.2879,0.3492,0.6955,0.5032,1.4332}"
ENSB:NBbxLubA-wZIUMB,LG+I+G4,0.1164,1.1148,,LG+I{0.1164}+G4{1.1148}
ENSB:4jLYPe_mJLlTyj6,LG+I+R4,0.0000,,"(0.2522,0.3018) (0.3249,0.7357) (0.2826,1.3483) (0.1403,2.1659)","LG+I{0.0000}+R4{0.2522,0.3018,0.3249,0.7357,0.2826,1.3483,0.1403,2.1659}"
ENSB:QnRkqc0GcF-LBTR,LG+I+G4,0.0104,1.9276,,LG+I{0.0104}+G4{1.9276}
ENSB:oG07Ns9vf7l6oha,LG+I+G4,0.0147,2.5620,,LG+I{0.0147}+G4{2.5620}
ENSB:x4oGKiMDG9daoc3,LG+I+G4,0.0147,2.5620,,LG+I{0.0147}+G4{2.5620}
ENSB:x4ueQJgq97bAQPU,LG+I+G4,0.0147,2.5620,,LG+I{0.0147}+G4{2.5620}
ENSB:eNlsAtnbXKEkKah,LG+I+G4,0.0147,2.5620,,LG+I{0.0147}+G4{2.5620}
ENSB:PWN4jy9p8q4xSDZ,LG+F+I+R4,0.0056,,"(0.0385,0.0724) (0.3006,0.4894) (0.3458,0.8729) (0.3094,1.7720)","LG+F+I{0.0056}+R4{0.0385,0.0724,0.3006,0.4894,0.3458,0.8729,0.3094,1.7720}"
ENSB:3E8w_UQkH1fhiPK,LG+I+R4,0.0000,,"(0.1865,0.0928) (0.2903,0.4346) (0.1785,1.0269) (0.3447,1.9533)","LG+I{0.0000}+R4{0.1865,0.0928,0.2903,0.4346,0.1785,1.0269,0.3447,1.9533}"
ENSB:b9_IYhY7Jt9x6IT,LG+I+R4,0.0000,,"(0.1865,0.0928) (0.2903,0.4346) (0.1785,1.0269) (0.3447,1.9533)","LG+I{0.0000}+R4{0.1865,0.0928,0.2903,0.4346,0.1785,1.0269,0.3447,1.9533}"
ENSB:X7DEk2yhgeUOqOj,LG+I+R4,0.0000,,"(0.1865,0.0928) (0.2903,0.4346) (0.1785,1.0269) (0.3447,1.9533)","LG+I{0.0000}+R4{0.1865,0.0928,0.2903,0.4346,0.1785,1.0269,0.3447,1.9533}"
ENSB:kda3X7vbJIXzIgV,LG+I+G4,0.0969,1.5547,,LG+I{0.0969}+G4{1.5547}
ENSB:rgmD4fYvuD9QHcB,LG+I+R4,0.0000,,"(0.0415,0.0702) (0.1010,0.3475) (0.2340,0.6805) (0.6235,1.2875)","LG+I{0.0000}+R4{0.0415,0.0702,0.1010,0.3475,0.2340,0.6805,0.6235,1.2875}"
ENSB:ATTbRQXBD1KQD5E,LG+I,0.1079,,,LG+I{0.1079}
ENSB:st-hFdxgbGR8HaF,LG+F+I+R4,0.0000,,"(0.0457,0.0678) (0.1107,0.2865) (0.2016,0.6244) (0.6419,1.3075)","LG+F+I{0.0000}+R4{0.0457,0.0678,0.1107,0.2865,0.2016,0.6244,0.6419,1.3075}"
ENSB:opcseChfvL9LXOl,LG+F+I+R4,0.0000,,"(0.0457,0.0678) (0.1107,0.2865) (0.2016,0.6244) (0.6419,1.3075)","LG+F+I{0.0000}+R4{0.0457,0.0678,0.1107,0.2865,0.2016,0.6244,0.6419,1.3075}"
ENSB:DUURvHLxRq15jVT,LG+F+I+R4,0.0000,,"(0.0847,0.1279) (0.2415,0.4365) (0.2412,0.8576) (0.4326,1.5648)","LG+F+I{0.0000}+R4{0.0847,0.1279,0.2415,0.4365,0.2412,0.8576,0.4326,1.5648}"
ENSB:cL5YA_a8-DvuwIx,LG+F+I+R4,0.0000,,"(0.0847,0.1279) (0.2415,0.4365) (0.2412,0.8576) (0.4326,1.5648)","LG+F+I{0.0000}+R4{0.0847,0.1279,0.2415,0.4365,0.2412,0.8576,0.4326,1.5648}"
ENSB:KwWd8QVAX2LEd6c,LG+F+I+G4,0.0081,2.0229,,LG+F+I{0.0081}+G4{2.0229}
ENSB:IhvfzxmeK5afoPi,LG+F+I+G4,0.0081,2.0229,,LG+F+I{0.0081}+G4{2.0229}
ENSB:bcRTs9R6sB9hMtG,LG+I+G4,0.0000,2.3460,,LG+I{0.0000}+G4{2.3460}
ENSB:Z5TzGfbxOPl2Obx,LG+I+G4,0.0000,2.3460,,LG+I{0.0000}+G4{2.3460}
ENSB:Z5TzGfbxOPl2Obx,LG+I+G4,0.0000,2.3460,,LG+I{0.0000}+G4{2.3460}
ENSB:zFFkT25G5SqWF_P,LG+F+I+R4,0.0000,,"(0.0533,0.0931) (0.1661,0.3772) (0.3496,0.8199) (0.4310,1.4982)","LG+F+I{0.0000}+R4{0.0533,0.0931,0.1661,0.3772,0.3496,0.8199,0.4310,1.4982}"
ENSB:CmRnsdwpyW-MbQ6,LG+I+G4,0.0079,2.5569,,LG+I{0.0079}+G4{2.5569}
ENSB:0CQ3atnpjIb9WIL,LG+I+G4,0.0000,2.8036,,LG+I{0.0000}+G4{2.8036}
ENSB:NWjQpRf9DeD9oQl,LG+I+R4,0.0000,,"(0.1462,0.2949) (0.2673,0.6056) (0.3220,1.0967) (0.2645,1.6707)","LG+I{0.0000}+R4{0.1462,0.2949,0.2673,0.6056,0.3220,1.0967,0.2645,1.6707}"
ENSB:NWjQpRf9DeD9oQl,LG+I+R4,0.0000,,"(0.1462,0.2949) (0.2673,0.6056) (0.3220,1.0967) (0.2645,1.6707)","LG+I{0.0000}+R4{0.1462,0.2949,0.2673,0.6056,0.3220,1.0967,0.2645,1.6707}"
ENSB:Z5TzGfbxOPl2Obx,LG+I+R4,0.0128,,"(0.0251,0.0293) (0.0991,0.2442) (0.2943,0.7177) (0.5686,1.3433)","LG+I{0.0128}+R4{0.0251,0.0293,0.0991,0.2442,0.2943,0.7177,0.5686,1.3433}"
ENSB:QcykhVp4S_4d7N4,LG+F+I+R4,0.0013,,"(0.0504,0.0717) (0.1436,0.2347) (0.3227,0.5792) (0.4821,1.6092)","LG+F+I{0.0013}+R4{0.0504,0.0717,0.1436,0.2347,0.3227,0.5792,0.4821,1.6092}"
ENSB:p6vFqLEz1WRzrrh,LG+I+R4,0.0064,,"(0.0916,0.0478) (0.2490,0.3136) (0.2233,0.7809) (0.4296,1.7299)","LG+I{0.0064}+R4{0.0916,0.0478,0.2490,0.3136,0.2233,0.7809,0.4296,1.7299}"
ENSB:1PzDjS2zfFXSaK8,LG+I+R4,0.0047,,"(0.0707,0.1064) (0.0970,0.3354) (0.3307,0.7077) (0.4968,1.4611)","LG+I{0.0047}+R4{0.0707,0.1064,0.0970,0.3354,0.3307,0.7077,0.4968,1.4611}"
ENSB:ETkGqBISTjDcYQK,LG+I+R4,0.0328,,"(0.0938,0.1300) (0.2164,0.3824) (0.2700,0.8829) (0.3870,1.7226)","LG+I{0.0328}+R4{0.0938,0.1300,0.2164,0.3824,0.2700,0.8829,0.3870,1.7226}"
ENSB:AUQTH8mUyZCZR09,LG+I+R4,0.0111,,"(0.0310,0.0655) (0.2183,0.3675) (0.4583,0.9297) (0.2812,1.7482)","LG+I{0.0111}+R4{0.0310,0.0655,0.2183,0.3675,0.4583,0.9297,0.2812,1.7482}"
ENSB:ekqQos3v0h3E-7J,LG+I+G4,0.0000,3.3703,,LG+I{0.0000}+G4{3.3703}
ENSB:Yu9iOsUgBLdx96z,LG+I+G4,0.0000,3.3703,,LG+I{0.0000}+G4{3.3703}
ENSB:NAsTiVhEzKwlpf9,LG+I+G4,0.0511,1.1914,,LG+I{0.0511}+G4{1.1914}
ENSB:2Xb4Uv4MeHnH6yF,LG+I+R4,0.0000,,"(0.2123,0.2497) (0.1935,0.6072) (0.2444,1.0851) (0.3498,1.6130)","LG+I{0.0000}+R4{0.2123,0.2497,0.1935,0.6072,0.2444,1.0851,0.3498,1.6130}"
ENSB:g0VfRcpBsd4hQG-,LG+I+R4,0.0563,,"(0.1917,0.1232) (0.2336,0.4703) (0.2279,1.0900) (0.2906,2.1269)","LG+I{0.0563}+R4{0.1917,0.1232,0.2336,0.4703,0.2279,1.0900,0.2906,2.1269}"
ENSB:x-DrYi6ih9oH-Ef,LG+I+G4,0.0034,2.4089,,LG+I{0.0034}+G4{2.4089}
ENSB:4PG8a4jpmJUjpkf,LG+I+G4,0.0034,2.4089,,LG+I{0.0034}+G4{2.4089}
ENSB:YHLMCWD5h66Cfkp,LG+I+R4,0.0256,,"(0.1273,0.0315) (0.2369,0.2569) (0.1814,0.7577) (0.4288,1.8601)","LG+I{0.0256}+R4{0.1273,0.0315,0.2369,0.2569,0.1814,0.7577,0.4288,1.8601}"
ENSB:KpFV4ZU14kdDv-u,LG+I+R4,0.0134,,"(0.0766,0.0617) (0.1555,0.2748) (0.2953,0.6971) (0.4592,1.6262)","LG+I{0.0134}+R4{0.0766,0.0617,0.1555,0.2748,0.2953,0.6971,0.4592,1.6262}"
ENSB:AG6LkBxmpnmBR5-,LG+I+G4,0.0000,1.6582,,LG+I{0.0000}+G4{1.6582}
ENSB:dluPMi9kAte149Z,LG+I+G4,0.0000,1.6582,,LG+I{0.0000}+G4{1.6582}
ENSB:PYGhs_B7QEb0Z8q,LG+I+R4,0.0000,,"(0.0342,0.1065) (0.2113,0.5022) (0.4607,0.8684) (0.2938,1.6687)","LG+I{0.0000}+R4{0.0342,0.1065,0.2113,0.5022,0.4607,0.8684,0.2938,1.6687}"
ENSB:bJK6dV6DYacAY-D,LG+I+R4,0.0000,,"(0.0342,0.1065) (0.2113,0.5022) (0.4607,0.8684) (0.2938,1.6687)","LG+I{0.0000}+R4{0.0342,0.1065,0.2113,0.5022,0.4607,0.8684,0.2938,1.6687}"
ENSB:jjuf8an_XJq8KXR,LG+I+R4,0.0000,,"(0.0342,0.1065) (0.2113,0.5022) (0.4607,0.8684) (0.2938,1.6687)","LG+I{0.0000}+R4{0.0342,0.1065,0.2113,0.5022,0.4607,0.8684,0.2938,1.6687}"
ENSB:YeliFo6773tdlS9,LG+I+R4,0.0000,,"(0.0342,0.1065) (0.2113,0.5022) (0.4607,0.8684) (0.2938,1.6687)","LG+I{0.0000}+R4{0.0342,0.1065,0.2113,0.5022,0.4607,0.8684,0.2938,1.6687}"
ENSB:6gvUxdzxThiIN6s,LG+I+R4,0.0000,,"(0.0342,0.1065) (0.2113,0.5022) (0.4607,0.8684) (0.2938,1.6687)","LG+I{0.0000}+R4{0.0342,0.1065,0.2113,0.5022,0.4607,0.8684,0.2938,1.6687}"
ENSB:keCnVZ5ppcRCzY_,LG+I+R4,0.0000,,"(0.0342,0.1065) (0.2113,0.5022) (0.4607,0.8684) (0.2938,1.6687)","LG+I{0.0000}+R4{0.0342,0.1065,0.2113,0.5022,0.4607,0.8684,0.2938,1.6687}"
ENSB:JAcbXS-UxcYOcns,LG+I+R4,0.0000,,"(0.0342,0.1065) (0.2113,0.5022) (0.4607,0.8684) (0.2938,1.6687)","LG+I{0.0000}+R4{0.0342,0.1065,0.2113,0.5022,0.4607,0.8684,0.2938,1.6687}"
ENSB:rTwsZo1GoIuBT8Z,LG+I+R4,0.0000,,"(0.0342,0.1065) (0.2113,0.5022) (0.4607,0.8684) (0.2938,1.6687)","LG+I{0.0000}+R4{0.0342,0.1065,0.2113,0.5022,0.4607,0.8684,0.2938,1.6687}"
ENSB:GEt7R3uhq4tR6Rx,LG+I+R4,0.0000,,"(0.0342,0.1065) (0.2113,0.5022) (0.4607,0.8684) (0.2938,1.6687)","LG+I{0.0000}+R4{0.0342,0.1065,0.2113,0.5022,0.4607,0.8684,0.2938,1.6687}"
ENSB:0ijazzhtVzKYoLV,LG+I+R4,0.0257,,"(0.1725,0.1489) (0.2809,0.4764) (0.2388,1.0726) (0.2822,2.0709)","LG+I{0.0257}+R4{0.1725,0.1489,0.2809,0.4764,0.2388,1.0726,0.2822,2.0709}"
ENSB:c2rtuIiIyzA1Ed1,LG+I+G4,0.0000,2.5010,,LG+I{0.0000}+G4{2.5010}
ENSB:wefNglQxh-ULju9,LG+I+R4,0.0099,,"(0.0329,0.0379) (0.1890,0.3658) (0.3193,0.6873) (0.4488,1.5821)","LG+I{0.0099}+R4{0.0329,0.0379,0.1890,0.3658,0.3193,0.6873,0.4488,1.5821}"
ENSB:U5zjOQW2zEz-HRw,LG+I+G4,0.0000,3.0163,,LG+I{0.0000}+G4{3.0163}
ENSB:azShUZWwOMYMQ0f,LG+I+G4,0.0000,3.0163,,LG+I{0.0000}+G4{3.0163}
ENSB:UtPXnOd3hgSKCp_,LG+I+G4,0.0206,1.3776,,LG+I{0.0206}+G4{1.3776}
ENSB:l7JWpS3WepXPJVt,LG+I+G4,0.0000,3.1402,,LG+I{0.0000}+G4{3.1402}
ENSB:l7JWpS3WepXPJVt,LG+I+G4,0.0000,3.1402,,LG+I{0.0000}+G4{3.1402}
ENSB:siiEpOfuvgAbq0I,LG+I+G4,0.0000,3.1402,,LG+I{0.0000}+G4{3.1402}
ENSB:siiEpOfuvgAbq0I,LG+I+G4,0.0000,3.1402,,LG+I{0.0000}+G4{3.1402}
ENSB:7mLXj5DirGfnhTx,LG+I+G4,0.0000,3.1402,,LG+I{0.0000}+G4{3.1402}
ENSB:7mLXj5DirGfnhTx,LG+I+G4,0.0000,3.1402,,LG+I{0.0000}+G4{3.1402}
ENSB:xzkyOSmaL-cN6XR,LG+I+G4,0.0000,3.1402,,LG+I{0.0000}+G4{3.1402}
ENSB:xzkyOSmaL-cN6XR,LG+I+G4,0.0000,3.1402,,LG+I{0.0000}+G4{3.1402}
ENSB:UvPM-rIA6jMwu9M,LG+I+G4,0.0000,3.1402,,LG+I{0.0000}+G4{3.1402}
ENSB:AH148wiqBoQ1s2Q,LG+I+G4,0.0066,1.6034,,LG+I{0.0066}+G4{1.6034}
ENSB:OLTFB7kKk8zfn3J,LG+I+G4,0.0066,1.6034,,LG+I{0.0066}+G4{1.6034}
ENSB:DwmRPmE7EYXeRG8,LG+I+G4,0.0723,0.7582,,LG+I{0.0723}+G4{0.7582}
ENSB:2vokEjZkJ9K6wS1,LG+I+G4,0.0885,1.8261,,LG+I{0.0885}+G4{1.8261}
ENSB:krqv-v29xESmfVP,LG+F+I+R4,0.0000,,"(0.0582,0.1662) (0.1879,0.4594) (0.4274,0.9380) (0.3264,1.5412)","LG+F+I{0.0000}+R4{0.0582,0.1662,0.1879,0.4594,0.4274,0.9380,0.3264,1.5412}"
ENSB:mJhD-6pKAkZSoAP,LG+F+I+R4,0.0000,,"(0.0582,0.1662) (0.1879,0.4594) (0.4274,0.9380) (0.3264,1.5412)","LG+F+I{0.0000}+R4{0.0582,0.1662,0.1879,0.4594,0.4274,0.9380,0.3264,1.5412}"
ENSB:f9_s59U7M77jgGz,LG+I,0.0255,,,LG+I{0.0255}
ENSB:ZjusDJxAYKr7_fW,LG+F+I+G4,0.0157,1.5678,,LG+F+I{0.0157}+G4{1.5678}
ENSB:chgrNcH0ByPjtc3,LG+I+R3,0.0529,,"(0.2581,0.3627) (0.2790,1.0127) (0.4100,1.5216)","LG+I{0.0529}+R3{0.2581,0.3627,0.2790,1.0127,0.4100,1.5216}"
ENSB:Bpu88pTwrY4EUeM,LG+I+G4,0.0081,1.3407,,LG+I{0.0081}+G4{1.3407}
ENSB:7Zz-M5P8m_vZh0b,LG+I+G4,0.0081,1.3407,,LG+I{0.0081}+G4{1.3407}
ENSB:58LDCG-qWCW4BIe,LG+I+G4,0.0081,1.3407,,LG+I{0.0081}+G4{1.3407}
ENSB:0UvkOtXdgqfy5CD,LG+I+R4,0.0057,,"(0.0456,0.0824) (0.2553,0.3869) (0.2776,0.8575) (0.4158,1.5859)","LG+I{0.0057}+R4{0.0456,0.0824,0.2553,0.3869,0.2776,0.8575,0.4158,1.5859}"
ENSB:TYwiaUfBYoERlp9,LG+I+R4,0.0057,,"(0.0456,0.0824) (0.2553,0.3869) (0.2776,0.8575) (0.4158,1.5859)","LG+I{0.0057}+R4{0.0456,0.0824,0.2553,0.3869,0.2776,0.8575,0.4158,1.5859}"
ENSB:opcseChfvL9LXOl,LG+I+G4,0.0186,2.5097,,LG+I{0.0186}+G4{2.5097}
ENSB:neRGnNLek9wZ7mx,LG+I+G4,0.0000,0.8127,,LG+I{0.0000}+G4{0.8127}
ENSB:q5eA7_vZdi2Lguw,LG+I+G4,0.0000,0.8127,,LG+I{0.0000}+G4{0.8127}
ENSB:-8RnD-WaIQHDIMR,LG+F+I+G4,0.0000,3.3257,,LG+F+I{0.0000}+G4{3.3257}
ENSB:LwJFJfJchNC-x4u,LG+F+I+G4,0.0000,3.3257,,LG+F+I{0.0000}+G4{3.3257}
ENSB:hXeTmD6wdLubu4a,LG+F+I+G4,0.0000,3.3257,,LG+F+I{0.0000}+G4{3.3257}
ENSB:XaiFMt2OxdAN9rK,LG+F+I+G4,0.0000,3.3257,,LG+F+I{0.0000}+G4{3.3257}
ENSB:p5445T3soUyb8JL,LG+I+G4,0.0217,1.6557,,LG+I{0.0217}+G4{1.6557}
ENSB:LwDfrR8M_XJ8eQ6,LG+I+G4,0.0497,1.2771,,LG+I{0.0497}+G4{1.2771}
ENSB:25GwEy96a8WAH5_,LG+I+G4,0.0497,1.2771,,LG+I{0.0497}+G4{1.2771}
ENSB:1xkhf4_-VthlYB5,LG+I+G4,0.0121,1.9386,,LG+I{0.0121}+G4{1.9386}
ENSB:ua_WlPMUYmU4Rlm,LG+I+G4,0.0569,1.4408,,LG+I{0.0569}+G4{1.4408}
ENSB:oc0tC-gCzRdAZyQ,LG+I+G4,0.0128,1.6443,,LG+I{0.0128}+G4{1.6443}
ENSB:-U2OXKgnGvaxRJp,LG+I+G4,0.0000,1.6995,,LG+I{0.0000}+G4{1.6995}
ENSB:ISKH5Ej7B15O4PT,LG+I+R4,0.0207,,"(0.1559,0.1365) (0.2168,0.5193) (0.3741,1.0486) (0.2324,2.0390)","LG+I{0.0207}+R4{0.1559,0.1365,0.2168,0.5193,0.3741,1.0486,0.2324,2.0390}"
ENSB:ElZT1yEItuNNzjG,LG+I+R4,0.0000,,"(0.1705,0.3509) (0.3174,0.6413) (0.1938,0.9751) (0.3183,1.7206)","LG+I{0.0000}+R4{0.1705,0.3509,0.3174,0.6413,0.1938,0.9751,0.3183,1.7206}"
ENSB:XPkp2TfiKlGhXWH,LG+I+R4,0.0000,,"(0.1705,0.3509) (0.3174,0.6413) (0.1938,0.9751) (0.3183,1.7206)","LG+I{0.0000}+R4{0.1705,0.3509,0.3174,0.6413,0.1938,0.9751,0.3183,1.7206}"
ENSB:1Gl3j40NLCZ3bfi,LG+I+R4,0.0000,,"(0.1705,0.3509) (0.3174,0.6413) (0.1938,0.9751) (0.3183,1.7206)","LG+I{0.0000}+R4{0.1705,0.3509,0.3174,0.6413,0.1938,0.9751,0.3183,1.7206}"
ENSB:xzkyOSmaL-cN6XR,LG+I+R4,0.0000,,"(0.1705,0.3509) (0.3174,0.6413) (0.1938,0.9751) (0.3183,1.7206)","LG+I{0.0000}+R4{0.1705,0.3509,0.3174,0.6413,0.1938,0.9751,0.3183,1.7206}"
ENSB:xzkyOSmaL-cN6XR,LG+I+R4,0.0000,,"(0.1705,0.3509) (0.3174,0.6413) (0.1938,0.9751) (0.3183,1.7206)","LG+I{0.0000}+R4{0.1705,0.3509,0.3174,0.6413,0.1938,0.9751,0.3183,1.7206}"
ENSB:tcrInKRQ9b3LSWI,LG+I+R4,0.0000,,"(0.1705,0.3509) (0.3174,0.6413) (0.1938,0.9751) (0.3183,1.7206)","LG+I{0.0000}+R4{0.1705,0.3509,0.3174,0.6413,0.1938,0.9751,0.3183,1.7206}"
ENSB:SyZ-m0kOvydBf2v,LG+I+G4,0.0088,1.0575,,LG+I{0.0088}+G4{1.0575}
ENSB:6HEfYfpwJuHsWnT,LG+I+G4,0.0088,1.0575,,LG+I{0.0088}+G4{1.0575}
ENSB:A-GUVx-sdjSV3DX,LG+I+G4,0.0671,0.8139,,LG+I{0.0671}+G4{0.8139}
ENSB:SZFI8FYPXg5XMJx,LG+F+I+R4,0.0176,,"(0.0378,0.0726) (0.1701,0.3932) (0.4928,0.8850) (0.2817,1.7544)","LG+F+I{0.0176}+R4{0.0378,0.0726,0.1701,0.3932,0.4928,0.8850,0.2817,1.7544}"
ENSB:4CM1gLdXNx1PjAX,LG+F+I+R4,0.0176,,"(0.0378,0.0726) (0.1701,0.3932) (0.4928,0.8850) (0.2817,1.7544)","LG+F+I{0.0176}+R4{0.0378,0.0726,0.1701,0.3932,0.4928,0.8850,0.2817,1.7544}"
ENSB:foF1M0f1EAai3wK,LG+F+I+R4,0.0176,,"(0.0378,0.0726) (0.1701,0.3932) (0.4928,0.8850) (0.2817,1.7544)","LG+F+I{0.0176}+R4{0.0378,0.0726,0.1701,0.3932,0.4928,0.8850,0.2817,1.7544}"
ENSB:73-1iV2QVxDYdPZ,LG+I+G4,0.0069,2.4352,,LG+I{0.0069}+G4{2.4352}
ENSB:UERc8rTbxoCARxj,LG+I+G4,0.0069,2.4352,,LG+I{0.0069}+G4{2.4352}
ENSB:S-61xIYgzhNNujm,LG+F+I+R4,0.0023,,"(0.1531,0.1170) (0.2524,0.4211) (0.2952,0.9434) (0.2970,2.0111)","LG+F+I{0.0023}+R4{0.1531,0.1170,0.2524,0.4211,0.2952,0.9434,0.2970,2.0111}"
ENSB:m7KQ-F4teT3zVsZ,LG+F+I+R4,0.0321,,"(0.1576,0.0949) (0.2134,0.3914) (0.2339,0.8836) (0.3630,1.9142)","LG+F+I{0.0321}+R4{0.1576,0.0949,0.2134,0.3914,0.2339,0.8836,0.3630,1.9142}"
ENSB:bFcBpHlrOWPKrfp,LG+F+I+G4,0.0091,1.7335,,LG+F+I{0.0091}+G4{1.7335}
ENSB:SobN5wFYGauWxb1,LG+I+R4,0.0000,,"(0.0497,0.1037) (0.2119,0.4281) (0.3718,0.8551) (0.3667,1.5988)","LG+I{0.0000}+R4{0.0497,0.1037,0.2119,0.4281,0.3718,0.8551,0.3667,1.5988}"
ENSB:vAtJLok6jewM-Ka,LG+I+R4,0.0000,,"(0.0497,0.1037) (0.2119,0.4281) (0.3718,0.8551) (0.3667,1.5988)","LG+I{0.0000}+R4{0.0497,0.1037,0.2119,0.4281,0.3718,0.8551,0.3667,1.5988}"
ENSB:5ZrK0-ApHTFbUVO,LG+I+R4,0.0000,,"(0.0497,0.1037) (0.2119,0.4281) (0.3718,0.8551) (0.3667,1.5988)","LG+I{0.0000}+R4{0.0497,0.1037,0.2119,0.4281,0.3718,0.8551,0.3667,1.5988}"
ENSB:kFZU8slVVa0I2La,LG+I+R4,0.0000,,"(0.0497,0.1037) (0.2119,0.4281) (0.3718,0.8551) (0.3667,1.5988)","LG+I{0.0000}+R4{0.0497,0.1037,0.2119,0.4281,0.3718,0.8551,0.3667,1.5988}"
ENSB:8ZfMgBC7ZdgGEbe,LG+I+R4,0.0000,,"(0.0497,0.1037) (0.2119,0.4281) (0.3718,0.8551) (0.3667,1.5988)","LG+I{0.0000}+R4{0.0497,0.1037,0.2119,0.4281,0.3718,0.8551,0.3667,1.5988}"
ENSB:UXYU_jOS8lYgxPt,LG+I+R4,0.0000,,"(0.0497,0.1037) (0.2119,0.4281) (0.3718,0.8551) (0.3667,1.5988)","LG+I{0.0000}+R4{0.0497,0.1037,0.2119,0.4281,0.3718,0.8551,0.3667,1.5988}"
ENSB:l46dM9R4Libq1MV,LG+I+R4,0.0000,,"(0.0497,0.1037) (0.2119,0.4281) (0.3718,0.8551) (0.3667,1.5988)","LG+I{0.0000}+R4{0.0497,0.1037,0.2119,0.4281,0.3718,0.8551,0.3667,1.5988}"
ENSB:PbWKcP1B-iloeO7,LG+I+R4,0.0000,,"(0.0497,0.1037) (0.2119,0.4281) (0.3718,0.8551) (0.3667,1.5988)","LG+I{0.0000}+R4{0.0497,0.1037,0.2119,0.4281,0.3718,0.8551,0.3667,1.5988}"
ENSB:Y3UA988ZxW85eso,LG+I+R4,0.0000,,"(0.0497,0.1037) (0.2119,0.4281) (0.3718,0.8551) (0.3667,1.5988)","LG+I{0.0000}+R4{0.0497,0.1037,0.2119,0.4281,0.3718,0.8551,0.3667,1.5988}"
ENSB:UoXMz-fCLvxOyH-,LG+I+R4,0.0000,,"(0.0497,0.1037) (0.2119,0.4281) (0.3718,0.8551) (0.3667,1.5988)","LG+I{0.0000}+R4{0.0497,0.1037,0.2119,0.4281,0.3718,0.8551,0.3667,1.5988}"
ENSB:AfUa781jAk6bS6D,LG+I+R4,0.0000,,"(0.0497,0.1037) (0.2119,0.4281) (0.3718,0.8551) (0.3667,1.5988)","LG+I{0.0000}+R4{0.0497,0.1037,0.2119,0.4281,0.3718,0.8551,0.3667,1.5988}"
ENSB:eFMVjShKXH1tl24,LG+I+R4,0.0000,,"(0.0497,0.1037) (0.2119,0.4281) (0.3718,0.8551) (0.3667,1.5988)","LG+I{0.0000}+R4{0.0497,0.1037,0.2119,0.4281,0.3718,0.8551,0.3667,1.5988}"
ENSB:y_IIGq7g4eKhbK6,LG+I+R4,0.0000,,"(0.0417,0.1657) (0.3118,0.5402) (0.3662,0.9549) (0.2803,1.6945)","LG+I{0.0000}+R4{0.0417,0.1657,0.3118,0.5402,0.3662,0.9549,0.2803,1.6945}"
ENSB:S-yiONy0If77c8L,LG+I+R4,0.0000,,"(0.0417,0.1657) (0.3118,0.5402) (0.3662,0.9549) (0.2803,1.6945)","LG+I{0.0000}+R4{0.0417,0.1657,0.3118,0.5402,0.3662,0.9549,0.2803,1.6945}"
ENSB:Wb_Ovov9BTMHz2l,LG+F+I+R4,0.0059,,"(0.0369,0.1987) (0.2134,0.4883) (0.3780,0.8451) (0.3658,1.5556)","LG+F+I{0.0059}+R4{0.0369,0.1987,0.2134,0.4883,0.3780,0.8451,0.3658,1.5556}"
ENSB:a7UmwpR4xn5orKj,LG+F+I+R4,0.0059,,"(0.0369,0.1987) (0.2134,0.4883) (0.3780,0.8451) (0.3658,1.5556)","LG+F+I{0.0059}+R4{0.0369,0.1987,0.2134,0.4883,0.3780,0.8451,0.3658,1.5556}"
ENSB:S6P1m5yFHeV9E1j,LG+F+I+R4,0.0059,,"(0.0369,0.1987) (0.2134,0.4883) (0.3780,0.8451) (0.3658,1.5556)","LG+F+I{0.0059}+R4{0.0369,0.1987,0.2134,0.4883,0.3780,0.8451,0.3658,1.5556}"
ENSB:WfXKpJ3mDYwRt2t,LG+F+I+R4,0.0059,,"(0.0369,0.1987) (0.2134,0.4883) (0.3780,0.8451) (0.3658,1.5556)","LG+F+I{0.0059}+R4{0.0369,0.1987,0.2134,0.4883,0.3780,0.8451,0.3658,1.5556}"
ENSB:i9e3jr7AGNlN_vc,LG+F+I+R4,0.0059,,"(0.0369,0.1987) (0.2134,0.4883) (0.3780,0.8451) (0.3658,1.5556)","LG+F+I{0.0059}+R4{0.0369,0.1987,0.2134,0.4883,0.3780,0.8451,0.3658,1.5556}"
ENSB:BJTaVHVeS85iElD,LG+F+I+G4,0.0498,2.0852,,LG+F+I{0.0498}+G4{2.0852}
ENSB:MvW5v9cMErydfWC,LG+I+G4,0.0653,1.2953,,LG+I{0.0653}+G4{1.2953}
ENSB:MvW5v9cMErydfWC,LG+I+G4,0.0653,1.2953,,LG+I{0.0653}+G4{1.2953}
ENSB:qlyR-grvuSePz6z,LG+F+I+G4,0.0057,1.5017,,LG+F+I{0.0057}+G4{1.5017}
ENSB:K_FuWBLuehwCrwQ,LG+F+I+G4,0.0057,1.5017,,LG+F+I{0.0057}+G4{1.5017}
ENSB:VLyfh423W0evmvX,LG+I+R4,0.0000,,"(0.0445,0.1493) (0.2237,0.4925) (0.3736,0.8850) (0.3582,1.5426)","LG+I{0.0000}+R4{0.0445,0.1493,0.2237,0.4925,0.3736,0.8850,0.3582,1.5426}"
ENSB:asotXwt2n2rTBUO,LG+I+R4,0.0000,,"(0.0445,0.1493) (0.2237,0.4925) (0.3736,0.8850) (0.3582,1.5426)","LG+I{0.0000}+R4{0.0445,0.1493,0.2237,0.4925,0.3736,0.8850,0.3582,1.5426}"
ENSB:FWE2divcltiVJzl,LG+F+I+R4,0.0237,,"(0.0515,0.0543) (0.1527,0.3251) (0.2348,0.6427) (0.5373,1.4827)","LG+F+I{0.0237}+R4{0.0515,0.0543,0.1527,0.3251,0.2348,0.6427,0.5373,1.4827}"
ENSB:pkr4tWlu5ruPhqw,LG+I+G4,0.0000,2.2652,,LG+I{0.0000}+G4{2.2652}
ENSB:FC5YzLy282ml7US,LG+I+R4,0.0073,,"(0.1467,0.2971) (0.3909,0.8071) (0.3935,1.2773) (0.0617,2.2424)","LG+I{0.0073}+R4{0.1467,0.2971,0.3909,0.8071,0.3935,1.2773,0.0617,2.2424}"
ENSB:FC5YzLy282ml7US,LG+I+R4,0.0073,,"(0.1467,0.2971) (0.3909,0.8071) (0.3935,1.2773) (0.0617,2.2424)","LG+I{0.0073}+R4{0.1467,0.2971,0.3909,0.8071,0.3935,1.2773,0.0617,2.2424}"
ENSB:FC5YzLy282ml7US,LG+I+R4,0.0073,,"(0.1467,0.2971) (0.3909,0.8071) (0.3935,1.2773) (0.0617,2.2424)","LG+I{0.0073}+R4{0.1467,0.2971,0.3909,0.8071,0.3935,1.2773,0.0617,2.2424}"
ENSB:dUq9Hy3ux54OKoC,LG+I+R4,0.0073,,"(0.1467,0.2971) (0.3909,0.8071) (0.3935,1.2773) (0.0617,2.2424)","LG+I{0.0073}+R4{0.1467,0.2971,0.3909,0.8071,0.3935,1.2773,0.0617,2.2424}"
ENSB:dUq9Hy3ux54OKoC,LG+I+R4,0.0073,,"(0.1467,0.2971) (0.3909,0.8071) (0.3935,1.2773) (0.0617,2.2424)","LG+I{0.0073}+R4{0.1467,0.2971,0.3909,0.8071,0.3935,1.2773,0.0617,2.2424}"
ENSB:dUq9Hy3ux54OKoC,LG+I+R4,0.0073,,"(0.1467,0.2971) (0.3909,0.8071) (0.3935,1.2773) (0.0617,2.2424)","LG+I{0.0073}+R4{0.1467,0.2971,0.3909,0.8071,0.3935,1.2773,0.0617,2.2424}"
ENSB:dUq9Hy3ux54OKoC,LG+I+R4,0.0073,,"(0.1467,0.2971) (0.3909,0.8071) (0.3935,1.2773) (0.0617,2.2424)","LG+I{0.0073}+R4{0.1467,0.2971,0.3909,0.8071,0.3935,1.2773,0.0617,2.2424}"
ENSB:dUq9Hy3ux54OKoC,LG+I+R4,0.0073,,"(0.1467,0.2971) (0.3909,0.8071) (0.3935,1.2773) (0.0617,2.2424)","LG+I{0.0073}+R4{0.1467,0.2971,0.3909,0.8071,0.3935,1.2773,0.0617,2.2424}"
ENSB:dUq9Hy3ux54OKoC,LG+I+R4,0.0073,,"(0.1467,0.2971) (0.3909,0.8071) (0.3935,1.2773) (0.0617,2.2424)","LG+I{0.0073}+R4{0.1467,0.2971,0.3909,0.8071,0.3935,1.2773,0.0617,2.2424}"
ENSB:dUq9Hy3ux54OKoC,LG+I+R4,0.0073,,"(0.1467,0.2971) (0.3909,0.8071) (0.3935,1.2773) (0.0617,2.2424)","LG+I{0.0073}+R4{0.1467,0.2971,0.3909,0.8071,0.3935,1.2773,0.0617,2.2424}"
ENSB:dUq9Hy3ux54OKoC,LG+I+R4,0.0073,,"(0.1467,0.2971) (0.3909,0.8071) (0.3935,1.2773) (0.0617,2.2424)","LG+I{0.0073}+R4{0.1467,0.2971,0.3909,0.8071,0.3935,1.2773,0.0617,2.2424}"
ENSB:dUq9Hy3ux54OKoC,LG+I+R4,0.0073,,"(0.1467,0.2971) (0.3909,0.8071) (0.3935,1.2773) (0.0617,2.2424)","LG+I{0.0073}+R4{0.1467,0.2971,0.3909,0.8071,0.3935,1.2773,0.0617,2.2424}"
ENSB:dUq9Hy3ux54OKoC,LG+I+R4,0.0073,,"(0.1467,0.2971) (0.3909,0.8071) (0.3935,1.2773) (0.0617,2.2424)","LG+I{0.0073}+R4{0.1467,0.2971,0.3909,0.8071,0.3935,1.2773,0.0617,2.2424}"
ENSB:dUq9Hy3ux54OKoC,LG+I+R4,0.0073,,"(0.1467,0.2971) (0.3909,0.8071) (0.3935,1.2773) (0.0617,2.2424)","LG+I{0.0073}+R4{0.1467,0.2971,0.3909,0.8071,0.3935,1.2773,0.0617,2.2424}"
ENSB:dUq9Hy3ux54OKoC,LG+I+R4,0.0073,,"(0.1467,0.2971) (0.3909,0.8071) (0.3935,1.2773) (0.0617,2.2424)","LG+I{0.0073}+R4{0.1467,0.2971,0.3909,0.8071,0.3935,1.2773,0.0617,2.2424}"
ENSB:dUq9Hy3ux54OKoC,LG+I+R4,0.0073,,"(0.1467,0.2971) (0.3909,0.8071) (0.3935,1.2773) (0.0617,2.2424)","LG+I{0.0073}+R4{0.1467,0.2971,0.3909,0.8071,0.3935,1.2773,0.0617,2.2424}"
ENSB:6f9l5W1RIP_XjGs,LG+F+I+R4,0.0000,,"(0.1307,0.0624) (0.1809,0.3987) (0.2658,0.9142) (0.4226,1.6014)","LG+F+I{0.0000}+R4{0.1307,0.0624,0.1809,0.3987,0.2658,0.9142,0.4226,1.6014}"
ENSB:66DC9dwNeylWds3,LG+F+I+R4,0.0000,,"(0.0406,0.0603) (0.2012,0.3398) (0.3313,0.8263) (0.4268,1.5356)","LG+F+I{0.0000}+R4{0.0406,0.0603,0.2012,0.3398,0.3313,0.8263,0.4268,1.5356}"
ENSB:2s_sCevCTbwzTqS,LG+I+G4,0.0308,1.0686,,LG+I{0.0308}+G4{1.0686}
ENSB:we4u_SqwL1eimjS,LG+I+G4,0.0000,1.6066,,LG+I{0.0000}+G4{1.6066}
ENSB:vKnCICx-6Sty-eT,LG+I+G4,0.0000,1.6066,,LG+I{0.0000}+G4{1.6066}
ENSB:wTIPf3hVpNw6VlW,LG+I+G4,0.0000,1.6066,,LG+I{0.0000}+G4{1.6066}
ENSB:ZWUu8GfH-CJMv6e,LG+F+I+R4,0.0097,,"(0.0820,0.0854) (0.2106,0.3552) (0.2712,0.8122) (0.4265,1.6364)","LG+F+I{0.0097}+R4{0.0820,0.0854,0.2106,0.3552,0.2712,0.8122,0.4265,1.6364}"
ENSB:EbY6o_59d3oL_Lj,LG+I+G4,0.0000,1.9649,,LG+I{0.0000}+G4{1.9649}
ENSB:bDaaE5XH-QLWer2,LG+I+G4,0.0000,1.9649,,LG+I{0.0000}+G4{1.9649}
ENSB:MJ3vp4r6YfAgSWR,LG+I+G4,0.0000,1.9649,,LG+I{0.0000}+G4{1.9649}
ENSB:CwtDUES94j7szR1,LG+F+I+R4,0.0081,,"(0.0468,0.0346) (0.1505,0.1294) (0.2569,0.3726) (0.5376,1.6427)","LG+F+I{0.0081}+R4{0.0468,0.0346,0.1505,0.1294,0.2569,0.3726,0.5376,1.6427}"
ENSB:YUxGTIJb97tce70,LG+F+I+R4,0.0081,,"(0.0468,0.0346) (0.1505,0.1294) (0.2569,0.3726) (0.5376,1.6427)","LG+F+I{0.0081}+R4{0.0468,0.0346,0.1505,0.1294,0.2569,0.3726,0.5376,1.6427}"
ENSB:C8seSgamjUPz3Lj,LG+I+R4,0.0072,,"(0.0236,0.1079) (0.3357,0.4308) (0.2900,0.9846) (0.3435,1.6516)","LG+I{0.0072}+R4{0.0236,0.1079,0.3357,0.4308,0.2900,0.9846,0.3435,1.6516}"
ENSB:MVsQoB3TNsiDPE6,LG+I+R4,0.0072,,"(0.0236,0.1079) (0.3357,0.4308) (0.2900,0.9846) (0.3435,1.6516)","LG+I{0.0072}+R4{0.0236,0.1079,0.3357,0.4308,0.2900,0.9846,0.3435,1.6516}"
ENSB:MVsQoB3TNsiDPE6,LG+I+R4,0.0072,,"(0.0236,0.1079) (0.3357,0.4308) (0.2900,0.9846) (0.3435,1.6516)","LG+I{0.0072}+R4{0.0236,0.1079,0.3357,0.4308,0.2900,0.9846,0.3435,1.6516}"
ENSB:MVsQoB3TNsiDPE6,LG+I+R4,0.0072,,"(0.0236,0.1079) (0.3357,0.4308) (0.2900,0.9846) (0.3435,1.6516)","LG+I{0.0072}+R4{0.0236,0.1079,0.3357,0.4308,0.2900,0.9846,0.3435,1.6516}"
ENSB:eZqDQajRagaetoq,LG+I+R4,0.0072,,"(0.0236,0.1079) (0.3357,0.4308) (0.2900,0.9846) (0.3435,1.6516)","LG+I{0.0072}+R4{0.0236,0.1079,0.3357,0.4308,0.2900,0.9846,0.3435,1.6516}"
ENSB:eZqDQajRagaetoq,LG+I+R4,0.0072,,"(0.0236,0.1079) (0.3357,0.4308) (0.2900,0.9846) (0.3435,1.6516)","LG+I{0.0072}+R4{0.0236,0.1079,0.3357,0.4308,0.2900,0.9846,0.3435,1.6516}"
ENSB:eZqDQajRagaetoq,LG+I+R4,0.0072,,"(0.0236,0.1079) (0.3357,0.4308) (0.2900,0.9846) (0.3435,1.6516)","LG+I{0.0072}+R4{0.0236,0.1079,0.3357,0.4308,0.2900,0.9846,0.3435,1.6516}"
ENSB:eZqDQajRagaetoq,LG+I+R4,0.0072,,"(0.0236,0.1079) (0.3357,0.4308) (0.2900,0.9846) (0.3435,1.6516)","LG+I{0.0072}+R4{0.0236,0.1079,0.3357,0.4308,0.2900,0.9846,0.3435,1.6516}"
ENSB:eZqDQajRagaetoq,LG+I+R4,0.0072,,"(0.0236,0.1079) (0.3357,0.4308) (0.2900,0.9846) (0.3435,1.6516)","LG+I{0.0072}+R4{0.0236,0.1079,0.3357,0.4308,0.2900,0.9846,0.3435,1.6516}"
ENSB:eZqDQajRagaetoq,LG+I+R4,0.0072,,"(0.0236,0.1079) (0.3357,0.4308) (0.2900,0.9846) (0.3435,1.6516)","LG+I{0.0072}+R4{0.0236,0.1079,0.3357,0.4308,0.2900,0.9846,0.3435,1.6516}"
ENSB:DcjTZlgynX1oS0G,LG+I+G4,0.0485,1.4998,,LG+I{0.0485}+G4{1.4998}
ENSB:pKUbJ0DNcVJk7Lo,LG+I+G4,0.0000,1.7371,,LG+I{0.0000}+G4{1.7371}
ENSB:-CM3wA3WAmQMRd8,LG+I+R4,0.0113,,"(0.0749,0.0562) (0.1464,0.3005) (0.3359,0.6189) (0.4314,1.7244)","LG+I{0.0113}+R4{0.0749,0.0562,0.1464,0.3005,0.3359,0.6189,0.4314,1.7244}"
ENSB:VtlH7JFmIWHANOi,LG+I+R4,0.0113,,"(0.0749,0.0562) (0.1464,0.3005) (0.3359,0.6189) (0.4314,1.7244)","LG+I{0.0113}+R4{0.0749,0.0562,0.1464,0.3005,0.3359,0.6189,0.4314,1.7244}"
ENSB:CsbsIeoGL7Yhvk_,LG+I+R4,0.0113,,"(0.0749,0.0562) (0.1464,0.3005) (0.3359,0.6189) (0.4314,1.7244)","LG+I{0.0113}+R4{0.0749,0.0562,0.1464,0.3005,0.3359,0.6189,0.4314,1.7244}"
ENSB:-iNGqihQ5wQLZi-,LG+F+I+R4,0.0000,,"(0.0394,0.0643) (0.0660,0.3061) (0.4212,0.6988) (0.4734,1.4427)","LG+F+I{0.0000}+R4{0.0394,0.0643,0.0660,0.3061,0.4212,0.6988,0.4734,1.4427}"
ENSB:qoJMXN43gFgEEXM,LG+I+R4,0.0000,,"(0.1666,0.1868) (0.3511,0.5079) (0.1739,1.0320) (0.3083,1.9817)","LG+I{0.0000}+R4{0.1666,0.1868,0.3511,0.5079,0.1739,1.0320,0.3083,1.9817}"
ENSB:E0ltcrhTHRFyEfT,LG+I+R4,0.0000,,"(0.0867,0.2004) (0.2084,0.4736) (0.3091,0.8378) (0.3958,1.5790)","LG+I{0.0000}+R4{0.0867,0.2004,0.2084,0.4736,0.3091,0.8378,0.3958,1.5790}"
ENSB:Q-EabaJauWtJtNm,LG+I+R4,0.0000,,"(0.0867,0.2004) (0.2084,0.4736) (0.3091,0.8378) (0.3958,1.5790)","LG+I{0.0000}+R4{0.0867,0.2004,0.2084,0.4736,0.3091,0.8378,0.3958,1.5790}"
ENSB:EBc5kuO1ZVFWX3t,LG+I+R4,0.0000,,"(0.0867,0.2004) (0.2084,0.4736) (0.3091,0.8378) (0.3958,1.5790)","LG+I{0.0000}+R4{0.0867,0.2004,0.2084,0.4736,0.3091,0.8378,0.3958,1.5790}"
ENSB:zh2MuCU_-Bc2awY,LG+I+R4,0.0000,,"(0.0867,0.2004) (0.2084,0.4736) (0.3091,0.8378) (0.3958,1.5790)","LG+I{0.0000}+R4{0.0867,0.2004,0.2084,0.4736,0.3091,0.8378,0.3958,1.5790}"
ENSB:qwY_qKWhMEBOkLe,LG+I+R4,0.0000,,"(0.0867,0.2004) (0.2084,0.4736) (0.3091,0.8378) (0.3958,1.5790)","LG+I{0.0000}+R4{0.0867,0.2004,0.2084,0.4736,0.3091,0.8378,0.3958,1.5790}"
ENSB:SfvCVckEBCiBYSw,LG+I+R4,0.0000,,"(0.0867,0.2004) (0.2084,0.4736) (0.3091,0.8378) (0.3958,1.5790)","LG+I{0.0000}+R4{0.0867,0.2004,0.2084,0.4736,0.3091,0.8378,0.3958,1.5790}"
ENSB:GYQpC6mszGCrt3o,LG+I+R4,0.0000,,"(0.0867,0.2004) (0.2084,0.4736) (0.3091,0.8378) (0.3958,1.5790)","LG+I{0.0000}+R4{0.0867,0.2004,0.2084,0.4736,0.3091,0.8378,0.3958,1.5790}"
ENSB:CMWFerFNPCLpqM0,LG+I+R4,0.0000,,"(0.0867,0.2004) (0.2084,0.4736) (0.3091,0.8378) (0.3958,1.5790)","LG+I{0.0000}+R4{0.0867,0.2004,0.2084,0.4736,0.3091,0.8378,0.3958,1.5790}"
ENSB:HntWdE9itZoJ_hq,LG+I+R4,0.0000,,"(0.0867,0.2004) (0.2084,0.4736) (0.3091,0.8378) (0.3958,1.5790)","LG+I{0.0000}+R4{0.0867,0.2004,0.2084,0.4736,0.3091,0.8378,0.3958,1.5790}"
ENSB:nOmYjrArNHKUb37,LG+I+R4,0.0000,,"(0.0867,0.2004) (0.2084,0.4736) (0.3091,0.8378) (0.3958,1.5790)","LG+I{0.0000}+R4{0.0867,0.2004,0.2084,0.4736,0.3091,0.8378,0.3958,1.5790}"
ENSB:v2vMok91N4JmQJA,LG+I+R4,0.0000,,"(0.0867,0.2004) (0.2084,0.4736) (0.3091,0.8378) (0.3958,1.5790)","LG+I{0.0000}+R4{0.0867,0.2004,0.2084,0.4736,0.3091,0.8378,0.3958,1.5790}"
ENSB:Udh7LcpPLdfznnD,LG+I+R4,0.0000,,"(0.0867,0.2004) (0.2084,0.4736) (0.3091,0.8378) (0.3958,1.5790)","LG+I{0.0000}+R4{0.0867,0.2004,0.2084,0.4736,0.3091,0.8378,0.3958,1.5790}"
ENSB:lQAtncj0Va4iNyP,LG+I+R4,0.0000,,"(0.0867,0.2004) (0.2084,0.4736) (0.3091,0.8378) (0.3958,1.5790)","LG+I{0.0000}+R4{0.0867,0.2004,0.2084,0.4736,0.3091,0.8378,0.3958,1.5790}"
ENSB:Vm6-rmziektN2-F,LG+I+R4,0.0000,,"(0.0867,0.2004) (0.2084,0.4736) (0.3091,0.8378) (0.3958,1.5790)","LG+I{0.0000}+R4{0.0867,0.2004,0.2084,0.4736,0.3091,0.8378,0.3958,1.5790}"
ENSB:F6aJ9-6tiffk5ku,LG+I+R4,0.0000,,"(0.0867,0.2004) (0.2084,0.4736) (0.3091,0.8378) (0.3958,1.5790)","LG+I{0.0000}+R4{0.0867,0.2004,0.2084,0.4736,0.3091,0.8378,0.3958,1.5790}"
ENSB:6stz-9Bv4O50OuD,LG+I+R4,0.0000,,"(0.0867,0.2004) (0.2084,0.4736) (0.3091,0.8378) (0.3958,1.5790)","LG+I{0.0000}+R4{0.0867,0.2004,0.2084,0.4736,0.3091,0.8378,0.3958,1.5790}"
ENSB:HqsmkwuyfYuagLZ,LG+I+R4,0.0000,,"(0.0867,0.2004) (0.2084,0.4736) (0.3091,0.8378) (0.3958,1.5790)","LG+I{0.0000}+R4{0.0867,0.2004,0.2084,0.4736,0.3091,0.8378,0.3958,1.5790}"
ENSB:Zs1ISeQSwW7H42P,LG+I+R4,0.0000,,"(0.0867,0.2004) (0.2084,0.4736) (0.3091,0.8378) (0.3958,1.5790)","LG+I{0.0000}+R4{0.0867,0.2004,0.2084,0.4736,0.3091,0.8378,0.3958,1.5790}"
ENSB:JqKINvwLWoB6fhb,LG+I+R4,0.0000,,"(0.0867,0.2004) (0.2084,0.4736) (0.3091,0.8378) (0.3958,1.5790)","LG+I{0.0000}+R4{0.0867,0.2004,0.2084,0.4736,0.3091,0.8378,0.3958,1.5790}"
ENSB:OvMQ0vkWddCw8t2,LG+I+R4,0.0000,,"(0.0867,0.2004) (0.2084,0.4736) (0.3091,0.8378) (0.3958,1.5790)","LG+I{0.0000}+R4{0.0867,0.2004,0.2084,0.4736,0.3091,0.8378,0.3958,1.5790}"
ENSB:6EaKilczUkk4DUk,LG+I+R4,0.0000,,"(0.0867,0.2004) (0.2084,0.4736) (0.3091,0.8378) (0.3958,1.5790)","LG+I{0.0000}+R4{0.0867,0.2004,0.2084,0.4736,0.3091,0.8378,0.3958,1.5790}"
ENSB:IGaEGVuJbxr6Vtz,LG+I+R4,0.0000,,"(0.0867,0.2004) (0.2084,0.4736) (0.3091,0.8378) (0.3958,1.5790)","LG+I{0.0000}+R4{0.0867,0.2004,0.2084,0.4736,0.3091,0.8378,0.3958,1.5790}"
ENSB:os_sABa7dvXZGDC,LG+I+R4,0.0000,,"(0.0867,0.2004) (0.2084,0.4736) (0.3091,0.8378) (0.3958,1.5790)","LG+I{0.0000}+R4{0.0867,0.2004,0.2084,0.4736,0.3091,0.8378,0.3958,1.5790}"
ENSB:U_mq6TTdMFpJQkJ,LG+I+R4,0.0000,,"(0.0867,0.2004) (0.2084,0.4736) (0.3091,0.8378) (0.3958,1.5790)","LG+I{0.0000}+R4{0.0867,0.2004,0.2084,0.4736,0.3091,0.8378,0.3958,1.5790}"
ENSB:VOkojJPJSUVLsYb,LG+I+R4,0.0000,,"(0.0867,0.2004) (0.2084,0.4736) (0.3091,0.8378) (0.3958,1.5790)","LG+I{0.0000}+R4{0.0867,0.2004,0.2084,0.4736,0.3091,0.8378,0.3958,1.5790}"
ENSB:vuAGr7u0wLnqxZo,LG+I+R4,0.0000,,"(0.0867,0.2004) (0.2084,0.4736) (0.3091,0.8378) (0.3958,1.5790)","LG+I{0.0000}+R4{0.0867,0.2004,0.2084,0.4736,0.3091,0.8378,0.3958,1.5790}"
ENSB:X6UpCqG-wEX8B7Q,LG+I+R4,0.0000,,"(0.0867,0.2004) (0.2084,0.4736) (0.3091,0.8378) (0.3958,1.5790)","LG+I{0.0000}+R4{0.0867,0.2004,0.2084,0.4736,0.3091,0.8378,0.3958,1.5790}"
ENSB:EtvHPimjdhJkQEk,LG+I+R4,0.0000,,"(0.0867,0.2004) (0.2084,0.4736) (0.3091,0.8378) (0.3958,1.5790)","LG+I{0.0000}+R4{0.0867,0.2004,0.2084,0.4736,0.3091,0.8378,0.3958,1.5790}"
ENSB:uh8MPt5KQ7KnxKm,LG+I+R4,0.0000,,"(0.0867,0.2004) (0.2084,0.4736) (0.3091,0.8378) (0.3958,1.5790)","LG+I{0.0000}+R4{0.0867,0.2004,0.2084,0.4736,0.3091,0.8378,0.3958,1.5790}"
ENSB:KDI0wVrhcCxktKR,LG+I+R4,0.0000,,"(0.0867,0.2004) (0.2084,0.4736) (0.3091,0.8378) (0.3958,1.5790)","LG+I{0.0000}+R4{0.0867,0.2004,0.2084,0.4736,0.3091,0.8378,0.3958,1.5790}"
ENSB:iMMSDeM1dHRE9OI,LG+I+R4,0.0000,,"(0.0867,0.2004) (0.2084,0.4736) (0.3091,0.8378) (0.3958,1.5790)","LG+I{0.0000}+R4{0.0867,0.2004,0.2084,0.4736,0.3091,0.8378,0.3958,1.5790}"
ENSB:QpCEhlYvuKqus7i,LG+F+I+R4,0.0000,,"(0.0940,0.2597) (0.2122,0.5335) (0.3457,0.8881) (0.3481,1.5953)","LG+F+I{0.0000}+R4{0.0940,0.2597,0.2122,0.5335,0.3457,0.8881,0.3481,1.5953}"
ENSB:7ewpAyONgb1nUge,LG+F+I+R4,0.0000,,"(0.0940,0.2597) (0.2122,0.5335) (0.3457,0.8881) (0.3481,1.5953)","LG+F+I{0.0000}+R4{0.0940,0.2597,0.2122,0.5335,0.3457,0.8881,0.3481,1.5953}"
ENSB:IWy6pkjkFD6-GgP,LG+F+I+R4,0.0000,,"(0.0940,0.2597) (0.2122,0.5335) (0.3457,0.8881) (0.3481,1.5953)","LG+F+I{0.0000}+R4{0.0940,0.2597,0.2122,0.5335,0.3457,0.8881,0.3481,1.5953}"
ENSB:b6HCRgDtRhGIktm,LG+F+I+R4,0.0000,,"(0.0940,0.2597) (0.2122,0.5335) (0.3457,0.8881) (0.3481,1.5953)","LG+F+I{0.0000}+R4{0.0940,0.2597,0.2122,0.5335,0.3457,0.8881,0.3481,1.5953}"
ENSB:Vp9LI3DOgEvN7wE,LG+F+I+R4,0.0000,,"(0.0940,0.2597) (0.2122,0.5335) (0.3457,0.8881) (0.3481,1.5953)","LG+F+I{0.0000}+R4{0.0940,0.2597,0.2122,0.5335,0.3457,0.8881,0.3481,1.5953}"
ENSB:VQ_ms-fpCKKmOb8,LG+I+G4,0.0621,1.5999,,LG+I{0.0621}+G4{1.5999}
ENSB:Rc6EC0o17MGtNEa,LG+I+G4,0.0621,1.5999,,LG+I{0.0621}+G4{1.5999}
ENSB:nO_gg2_bR8JcTy3,LG+I+R4,0.0107,,"(0.0840,0.0821) (0.1734,0.3227) (0.2536,0.7673) (0.4783,1.5525)","LG+I{0.0107}+R4{0.0840,0.0821,0.1734,0.3227,0.2536,0.7673,0.4783,1.5525}"
ENSB:6iuRMXRySL5DSoV,LG+I+R4,0.0107,,"(0.0840,0.0821) (0.1734,0.3227) (0.2536,0.7673) (0.4783,1.5525)","LG+I{0.0107}+R4{0.0840,0.0821,0.1734,0.3227,0.2536,0.7673,0.4783,1.5525}"
ENSB:b69f9S7ESl9PemH,LG+I+G4,0.0001,3.0521,,LG+I{0.0001}+G4{3.0521}
ENSB:CboTmGGn0Y4QRKa,LG+I+G4,0.0329,2.5880,,LG+I{0.0329}+G4{2.5880}
ENSB:9dhbGi3B9ckDmtV,LG+F+I+R4,0.0115,,"(0.1786,0.1071) (0.3462,0.4604) (0.3253,1.1350) (0.1384,3.2677)","LG+F+I{0.0115}+R4{0.1786,0.1071,0.3462,0.4604,0.3253,1.1350,0.1384,3.2677}"
ENSB:9dhbGi3B9ckDmtV,LG+F+I+R4,0.0115,,"(0.1786,0.1071) (0.3462,0.4604) (0.3253,1.1350) (0.1384,3.2677)","LG+F+I{0.0115}+R4{0.1786,0.1071,0.3462,0.4604,0.3253,1.1350,0.1384,3.2677}"
ENSB:Zou81xXcjYfsCu2,LG+F+I+R4,0.0115,,"(0.1786,0.1071) (0.3462,0.4604) (0.3253,1.1350) (0.1384,3.2677)","LG+F+I{0.0115}+R4{0.1786,0.1071,0.3462,0.4604,0.3253,1.1350,0.1384,3.2677}"
ENSB:Zt9NN3FrMZPpbO1,LG+I+R4,0.0021,,"(0.0397,0.0576) (0.2794,0.3846) (0.3013,0.8271) (0.3776,1.6979)","LG+I{0.0021}+R4{0.0397,0.0576,0.2794,0.3846,0.3013,0.8271,0.3776,1.6979}"
ENSB:hw3WSQ5GLUTxZg5,LG+I+R4,0.0118,,"(0.2047,0.2782) (0.1804,0.5714) (0.3752,1.1175) (0.2279,1.8463)","LG+I{0.0118}+R4{0.2047,0.2782,0.1804,0.5714,0.3752,1.1175,0.2279,1.8463}"
ENSB:6Xzl3SfUrpqR_rS,LG+I+G4,0.1325,1.0761,,LG+I{0.1325}+G4{1.0761}
ENSB:xE9-utgOXinSt84,LG+I+G4,0.0428,0.9591,,LG+I{0.0428}+G4{0.9591}
ENSB:MjWlGPpQ2AjcHDB,LG+I+G4,0.0428,0.9591,,LG+I{0.0428}+G4{0.9591}
ENSB:aTf9RtkQx5aPBSZ,LG+I+R4,0.0119,,"(0.1427,0.1017) (0.2214,0.4425) (0.3217,0.9817) (0.3023,1.8911)","LG+I{0.0119}+R4{0.1427,0.1017,0.2214,0.4425,0.3217,0.9817,0.3023,1.8911}"
ENSB:wAS4-aIkW_BSEgF,LG+I+G4,0.0162,1.6568,,LG+I{0.0162}+G4{1.6568}
ENSB:nLNxhUlCnQ2xL-O,LG+I+R4,0.0000,,"(0.1130,0.1301) (0.2907,0.4234) (0.2466,0.9905) (0.3498,1.7669)","LG+I{0.0000}+R4{0.1130,0.1301,0.2907,0.4234,0.2466,0.9905,0.3498,1.7669}"
ENSB:JgP_M0RbJ1o7K_7,LG+I+G4,0.0018,2.3157,,LG+I{0.0018}+G4{2.3157}
ENSB:YKMRCnvn6LufXHI,LG+I+G4,0.0018,2.3157,,LG+I{0.0018}+G4{2.3157}
ENSB:QzIhwJUqxIzOLQ4,LG+I+R4,0.0143,,"(0.0435,0.0366) (0.2457,0.4316) (0.3429,0.8449) (0.3536,1.7040)","LG+I{0.0143}+R4{0.0435,0.0366,0.2457,0.4316,0.3429,0.8449,0.3536,1.7040}"
ENSB:eX2r03C3lb3H6ry,LG+I+R4,0.0105,,"(0.0974,0.1674) (0.2179,0.4203) (0.2716,0.9465) (0.4025,1.5775)","LG+I{0.0105}+R4{0.0974,0.1674,0.2179,0.4203,0.2716,0.9465,0.4025,1.5775}"
ENSB:6nBQLgqncy4_STw,LG+I+R4,0.0105,,"(0.0974,0.1674) (0.2179,0.4203) (0.2716,0.9465) (0.4025,1.5775)","LG+I{0.0105}+R4{0.0974,0.1674,0.2179,0.4203,0.2716,0.9465,0.4025,1.5775}"
ENSB:gDOqsWNXT0YNzz6,LG+I+G4,0.0000,2.9738,,LG+I{0.0000}+G4{2.9738}
ENSB:S-yiONy0If77c8L,LG+I+R4,0.0000,,"(0.1998,0.2781) (0.3004,0.5859) (0.3675,1.3240) (0.1322,2.1311)","LG+I{0.0000}+R4{0.1998,0.2781,0.3004,0.5859,0.3675,1.3240,0.1322,2.1311}"
ENSB:3r3pABV3-ps1Ukm,LG+I+G4,0.1331,0.8734,,LG+I{0.1331}+G4{0.8734}
ENSB:7Php3ebgsa72PKY,LG+I+G4,0.0696,1.1678,,LG+I{0.0696}+G4{1.1678}
ENSB:XJS5eeRMC-RVmwj,LG+I+R4,0.0000,,"(0.1257,0.1763) (0.2604,0.3971) (0.2173,0.9277) (0.3966,1.6966)","LG+I{0.0000}+R4{0.1257,0.1763,0.2604,0.3971,0.2173,0.9277,0.3966,1.6966}"
ENSB:7Lm5bLQYFp9YIDR,LG+I+R4,0.0000,,"(0.1257,0.1763) (0.2604,0.3971) (0.2173,0.9277) (0.3966,1.6966)","LG+I{0.0000}+R4{0.1257,0.1763,0.2604,0.3971,0.2173,0.9277,0.3966,1.6966}"
ENSB:Nwcr4Ge8fVhumCz,LG+I+G4,0.0093,2.4997,,LG+I{0.0093}+G4{2.4997}
ENSB:cNB4LuoIOiz1VX5,LG+I+G4,0.0093,2.4997,,LG+I{0.0093}+G4{2.4997}
ENSB:Lr-6fAyJ4FpXnnf,LG+I+G4,0.0093,2.4997,,LG+I{0.0093}+G4{2.4997}
ENSB:BA3LsxNcXOIXJ_A,LG+I+R4,0.0000,,"(0.2259,0.1919) (0.3626,0.6500) (0.2548,1.3386) (0.1568,2.4235)","LG+I{0.0000}+R4{0.2259,0.1919,0.3626,0.6500,0.2548,1.3386,0.1568,2.4235}"
ENSB:BbmmnPCaYm2UapW,LG+I+G4,0.0000,3.9029,,LG+I{0.0000}+G4{3.9029}
ENSB:iW3HmFv_34G_Sw0,LG+I+G4,0.0000,3.9029,,LG+I{0.0000}+G4{3.9029}
ENSB:9xP8cZW-L0GpaRT,LG+I+G4,0.0000,3.9029,,LG+I{0.0000}+G4{3.9029}
ENSB:14zC9f33EtQKI_l,LG+I+G4,0.0346,3.3215,,LG+I{0.0346}+G4{3.3215}
ENSB:P0BONspK8VyU8eK,LG+F+I+R4,0.0000,,"(0.0385,0.0879) (0.1858,0.3995) (0.3809,0.8407) (0.3948,1.5251)","LG+F+I{0.0000}+R4{0.0385,0.0879,0.1858,0.3995,0.3809,0.8407,0.3948,1.5251}"
ENSB:A0pSqxA3R0rZIbu,LG+F+I+R4,0.0133,,"(0.2704,0.1124) (0.3433,0.5280) (0.2364,1.4025) (0.1367,3.3426)","LG+F+I{0.0133}+R4{0.2704,0.1124,0.3433,0.5280,0.2364,1.4025,0.1367,3.3426}"
ENSB:89gmMwD3wDYcGzV,LG+F+I+G4,0.0068,4.3054,,LG+F+I{0.0068}+G4{4.3054}
ENSB:iymaCGRhqOqEXiy,LG+F+I+G4,0.0068,4.3054,,LG+F+I{0.0068}+G4{4.3054}
ENSB:k3X8uf_j2gBDrZ_,LG+F+I+G4,0.0068,4.3054,,LG+F+I{0.0068}+G4{4.3054}
ENSB:ka_fMRd7L8807lZ,LG+F+I+G4,0.0068,4.3054,,LG+F+I{0.0068}+G4{4.3054}
ENSB:ka_fMRd7L8807lZ,LG+F+I+G4,0.0068,4.3054,,LG+F+I{0.0068}+G4{4.3054}
ENSB:_qSWA24B8BKf2fl,LG+F+I+G4,0.0068,4.3054,,LG+F+I{0.0068}+G4{4.3054}
ENSB:I9gyEvTv3kTqmu-,LG+F+I+R4,0.0000,,"(0.0579,0.1038) (0.1520,0.3456) (0.3924,0.8205) (0.3978,1.5575)","LG+F+I{0.0000}+R4{0.0579,0.1038,0.1520,0.3456,0.3924,0.8205,0.3978,1.5575}"
ENSB:2dehUi96SyCVmll,LG+F+I+R4,0.0000,,"(0.0579,0.1038) (0.1520,0.3456) (0.3924,0.8205) (0.3978,1.5575)","LG+F+I{0.0000}+R4{0.0579,0.1038,0.1520,0.3456,0.3924,0.8205,0.3978,1.5575}"
ENSB:mRRoR5Mi1fm2_iS,LG+F+I+R4,0.0000,,"(0.0579,0.1038) (0.1520,0.3456) (0.3924,0.8205) (0.3978,1.5575)","LG+F+I{0.0000}+R4{0.0579,0.1038,0.1520,0.3456,0.3924,0.8205,0.3978,1.5575}"
ENSB:2ONAgM-fWry00bu,LG+F+I+R4,0.0000,,"(0.0579,0.1038) (0.1520,0.3456) (0.3924,0.8205) (0.3978,1.5575)","LG+F+I{0.0000}+R4{0.0579,0.1038,0.1520,0.3456,0.3924,0.8205,0.3978,1.5575}"
ENSB:6EaKilczUkk4DUk,LG+F+I+R4,0.0199,,"(0.2092,0.1117) (0.3036,0.4832) (0.3064,1.2885) (0.1608,2.7057)","LG+F+I{0.0199}+R4{0.2092,0.1117,0.3036,0.4832,0.3064,1.2885,0.1608,2.7057}"
ENSB:z3WrcCWMcvzsjuf,LG+F+I+G4,0.0106,0.8732,,LG+F+I{0.0106}+G4{0.8732}
ENSB:PiCX2Q3q4VfdHrS,LG+I+G4,0.0003,2.2553,,LG+I{0.0003}+G4{2.2553}
ENSB:PiCX2Q3q4VfdHrS,LG+I+R2,0.0167,,"(0.7500,0.6644) (0.2334,2.1498)","LG+I{0.0167}+R2{0.7500,0.6644,0.2334,2.1498}"
ENSB:TuOtU3RGOxH8ksg,LG+I+R4,0.0000,,"(0.1077,0.0434) (0.1579,0.3093) (0.4199,0.7487) (0.3145,2.0096)","LG+I{0.0000}+R4{0.1077,0.0434,0.1579,0.3093,0.4199,0.7487,0.3145,2.0096}"
ENSB:3gGRLQgV3o6G0m5,LG+I+R4,0.0000,,"(0.1077,0.0434) (0.1579,0.3093) (0.4199,0.7487) (0.3145,2.0096)","LG+I{0.0000}+R4{0.1077,0.0434,0.1579,0.3093,0.4199,0.7487,0.3145,2.0096}"
ENSB:ZBOi1cDRhxyAW1r,LG+I+R4,0.0000,,"(0.1077,0.0434) (0.1579,0.3093) (0.4199,0.7487) (0.3145,2.0096)","LG+I{0.0000}+R4{0.1077,0.0434,0.1579,0.3093,0.4199,0.7487,0.3145,2.0096}"
ENSB:Y0KaM2HjaTMfB9Q,LG+I+R4,0.0000,,"(0.1176,0.1507) (0.2693,0.5287) (0.3048,0.9772) (0.3083,1.7583)","LG+I{0.0000}+R4{0.1176,0.1507,0.2693,0.5287,0.3048,0.9772,0.3083,1.7583}"
ENSB:Jo2DhUWvKU-Uyhq,LG+I+R4,0.0263,,"(0.0667,0.0785) (0.1459,0.3160) (0.3807,0.8283) (0.3805,1.6647)","LG+I{0.0263}+R4{0.0667,0.0785,0.1459,0.3160,0.3807,0.8283,0.3805,1.6647}"
ENSB:Tj0Ds2rE-G32EhD,LG+I+R4,0.0263,,"(0.0667,0.0785) (0.1459,0.3160) (0.3807,0.8283) (0.3805,1.6647)","LG+I{0.0263}+R4{0.0667,0.0785,0.1459,0.3160,0.3807,0.8283,0.3805,1.6647}"
ENSB:Rx5M-Tx3ywDNsmv,LG+I+R4,0.0263,,"(0.0667,0.0785) (0.1459,0.3160) (0.3807,0.8283) (0.3805,1.6647)","LG+I{0.0263}+R4{0.0667,0.0785,0.1459,0.3160,0.3807,0.8283,0.3805,1.6647}"
ENSB:b9_IYhY7Jt9x6IT,LG+F+I+R4,0.0079,,"(0.1014,0.1376) (0.2664,0.5526) (0.3913,1.0401) (0.2330,1.8534)","LG+F+I{0.0079}+R4{0.1014,0.1376,0.2664,0.5526,0.3913,1.0401,0.2330,1.8534}"
ENSB:SdbzVKWDSlNyZ44,LG+F+I+R4,0.0079,,"(0.1014,0.1376) (0.2664,0.5526) (0.3913,1.0401) (0.2330,1.8534)","LG+F+I{0.0079}+R4{0.1014,0.1376,0.2664,0.5526,0.3913,1.0401,0.2330,1.8534}"
ENSB:UH3t__XIU8eh8TX,LG+F+I+R4,0.0079,,"(0.1014,0.1376) (0.2664,0.5526) (0.3913,1.0401) (0.2330,1.8534)","LG+F+I{0.0079}+R4{0.1014,0.1376,0.2664,0.5526,0.3913,1.0401,0.2330,1.8534}"
ENSB:4FlOE1lZH53veTJ,LG+I+R4,0.0200,,"(0.0337,0.0285) (0.2073,0.3412) (0.2893,0.7918) (0.4497,1.5550)","LG+I{0.0200}+R4{0.0337,0.0285,0.2073,0.3412,0.2893,0.7918,0.4497,1.5550}"
ENSB:z2kN-3ePecl4TcC,LG+I+R4,0.0200,,"(0.0337,0.0285) (0.2073,0.3412) (0.2893,0.7918) (0.4497,1.5550)","LG+I{0.0200}+R4{0.0337,0.0285,0.2073,0.3412,0.2893,0.7918,0.4497,1.5550}"
ENSB:ltSif5uKMuqQwVt,LG+I+R4,0.0000,,"(0.1519,0.1477) (0.3473,0.4555) (0.2753,1.1367) (0.2255,2.2456)","LG+I{0.0000}+R4{0.1519,0.1477,0.3473,0.4555,0.2753,1.1367,0.2255,2.2456}"
ENSB:ZKEmeCMCRMPLgyz,LG+I+G4,0.0070,1.4847,,LG+I{0.0070}+G4{1.4847}
ENSB:EFjxFZBilY4vk5D,LG+I+G4,0.0473,4.2936,,LG+I{0.0473}+G4{4.2936}
ENSB:hz7njp3zDJxvbiO,LG+I+G4,0.0473,4.2936,,LG+I{0.0473}+G4{4.2936}
ENSB:zvetXOulYRT-tIu,LG+I+G4,0.0473,4.2936,,LG+I{0.0473}+G4{4.2936}
ENSB:eXjIJhiI5_axyqA,LG+I+G4,0.0473,4.2936,,LG+I{0.0473}+G4{4.2936}
ENSB:NAsTiVhEzKwlpf9,LG+I+G4,0.0909,1.4455,,LG+I{0.0909}+G4{1.4455}
ENSB:IavgIrrPVsLGOOQ,LG+I+R4,0.0000,,"(0.1118,0.0950) (0.3216,0.4904) (0.2407,1.0346) (0.3259,1.7876)","LG+I{0.0000}+R4{0.1118,0.0950,0.3216,0.4904,0.2407,1.0346,0.3259,1.7876}"
ENSB:t3hh76RSRrYajFJ,LG+I+G4,0.0405,1.8131,,LG+I{0.0405}+G4{1.8131}
ENSB:2RDBIHV8VaBKcrS,LG+I+G4,0.0405,1.8131,,LG+I{0.0405}+G4{1.8131}
ENSB:5DDsEqT19r07GEk,LG+I+G4,0.0405,1.8131,,LG+I{0.0405}+G4{1.8131}
ENSB:P11EZO15w96zwpQ,LG+I+G4,0.0405,1.8131,,LG+I{0.0405}+G4{1.8131}
ENSB:hcrvjB9W-Jm6o0O,LG+I+G4,0.0405,1.8131,,LG+I{0.0405}+G4{1.8131}
ENSB:ZAy6aWFVHoTuIqi,LG+I+G4,0.0405,1.8131,,LG+I{0.0405}+G4{1.8131}
ENSB:kvpklMrRx-r-aS-,LG+I+G4,0.0405,1.8131,,LG+I{0.0405}+G4{1.8131}
ENSB:cTUkBzR1T3JnRHg,LG+I+G4,0.0405,1.8131,,LG+I{0.0405}+G4{1.8131}
ENSB:GRHjnunuHoaWsQP,LG+I+G4,0.0405,1.8131,,LG+I{0.0405}+G4{1.8131}
ENSB:70r5hD4nHqWHF7P,LG+I+G4,0.0405,1.8131,,LG+I{0.0405}+G4{1.8131}
ENSB:TpBbWYX3BBFHgy7,LG+I+G4,0.0405,1.8131,,LG+I{0.0405}+G4{1.8131}
ENSB:OPm2X3OMAyL2v50,LG+I+G4,0.0405,1.8131,,LG+I{0.0405}+G4{1.8131}
ENSB:sAy94gtKo_D-x6j,LG+I+G4,0.0405,1.8131,,LG+I{0.0405}+G4{1.8131}
ENSB:RCQFAS6HB-1vsnR,LG+I+R4,0.0268,,"(0.0218,0.0455) (0.2541,0.4968) (0.4454,1.0159) (0.2520,1.6682)","LG+I{0.0268}+R4{0.0218,0.0455,0.2541,0.4968,0.4454,1.0159,0.2520,1.6682}"
ENSB:RCQFAS6HB-1vsnR,LG+I+R4,0.0268,,"(0.0218,0.0455) (0.2541,0.4968) (0.4454,1.0159) (0.2520,1.6682)","LG+I{0.0268}+R4{0.0218,0.0455,0.2541,0.4968,0.4454,1.0159,0.2520,1.6682}"
ENSB:4UqoZ5C51K3zE6D,LG+I+R4,0.0268,,"(0.0218,0.0455) (0.2541,0.4968) (0.4454,1.0159) (0.2520,1.6682)","LG+I{0.0268}+R4{0.0218,0.0455,0.2541,0.4968,0.4454,1.0159,0.2520,1.6682}"
ENSB:4UqoZ5C51K3zE6D,LG+I+R4,0.0268,,"(0.0218,0.0455) (0.2541,0.4968) (0.4454,1.0159) (0.2520,1.6682)","LG+I{0.0268}+R4{0.0218,0.0455,0.2541,0.4968,0.4454,1.0159,0.2520,1.6682}"
ENSB:Zfm3vhe2nNJpcBH,LG+I+R4,0.0268,,"(0.0218,0.0455) (0.2541,0.4968) (0.4454,1.0159) (0.2520,1.6682)","LG+I{0.0268}+R4{0.0218,0.0455,0.2541,0.4968,0.4454,1.0159,0.2520,1.6682}"
ENSB:Zfm3vhe2nNJpcBH,LG+I+R4,0.0268,,"(0.0218,0.0455) (0.2541,0.4968) (0.4454,1.0159) (0.2520,1.6682)","LG+I{0.0268}+R4{0.0218,0.0455,0.2541,0.4968,0.4454,1.0159,0.2520,1.6682}"
ENSB:kbnfGvzWSfvtfO3,LG+I+G4,0.0270,1.9282,,LG+I{0.0270}+G4{1.9282}
ENSB:kbnfGvzWSfvtfO3,LG+I+G4,0.0002,2.8583,,LG+I{0.0002}+G4{2.8583}
ENSB:7A99p70HeUmjSXy,LG+I+R4,0.0000,,"(0.0457,0.1209) (0.2049,0.3900) (0.3452,0.7741) (0.4042,1.6016)","LG+I{0.0000}+R4{0.0457,0.1209,0.2049,0.3900,0.3452,0.7741,0.4042,1.6016}"
ENSB:Z5SLzuiRQFIi0mr,LG+I+R4,0.0000,,"(0.0457,0.1209) (0.2049,0.3900) (0.3452,0.7741) (0.4042,1.6016)","LG+I{0.0000}+R4{0.0457,0.1209,0.2049,0.3900,0.3452,0.7741,0.4042,1.6016}"
ENSB:lWIYLjRpit8jqaG,LG+I+R4,0.0000,,"(0.0457,0.1209) (0.2049,0.3900) (0.3452,0.7741) (0.4042,1.6016)","LG+I{0.0000}+R4{0.0457,0.1209,0.2049,0.3900,0.3452,0.7741,0.4042,1.6016}"
ENSB:lWIYLjRpit8jqaG,LG+I+R4,0.0000,,"(0.0457,0.1209) (0.2049,0.3900) (0.3452,0.7741) (0.4042,1.6016)","LG+I{0.0000}+R4{0.0457,0.1209,0.2049,0.3900,0.3452,0.7741,0.4042,1.6016}"
ENSB:14PG2JYA0CBr0Jb,LG+I+R4,0.0000,,"(0.0457,0.1209) (0.2049,0.3900) (0.3452,0.7741) (0.4042,1.6016)","LG+I{0.0000}+R4{0.0457,0.1209,0.2049,0.3900,0.3452,0.7741,0.4042,1.6016}"
ENSB:S3fQymUtKcep0cu,LG+I+R4,0.0000,,"(0.0457,0.1209) (0.2049,0.3900) (0.3452,0.7741) (0.4042,1.6016)","LG+I{0.0000}+R4{0.0457,0.1209,0.2049,0.3900,0.3452,0.7741,0.4042,1.6016}"
ENSB:rr4-hsEsF4zCfET,LG+I+G4,0.0082,2.0455,,LG+I{0.0082}+G4{2.0455}
ENSB:5FcTzNiV5BnhhHp,LG+I+G4,0.0082,2.0455,,LG+I{0.0082}+G4{2.0455}
ENSB:gmp8jyAnGyMFk0M,LG+I+G4,0.0082,2.0455,,LG+I{0.0082}+G4{2.0455}
ENSB:vdyvisVQfm67EBb,LG+I+G4,0.0082,2.0455,,LG+I{0.0082}+G4{2.0455}
ENSB:rr4-hsEsF4zCfET,LG+F+I+G4,0.0000,2.4653,,LG+F+I{0.0000}+G4{2.4653}
ENSB:gmp8jyAnGyMFk0M,LG+F+I+G4,0.0000,2.4653,,LG+F+I{0.0000}+G4{2.4653}
ENSB:vdyvisVQfm67EBb,LG+F+I+G4,0.0000,2.4653,,LG+F+I{0.0000}+G4{2.4653}
ENSB:XHzXCB5bsr_7e4R,LG+I+R4,0.0208,,"(0.1461,0.0700) (0.1623,0.3665) (0.1904,0.7678) (0.4804,1.6322)","LG+I{0.0208}+R4{0.1461,0.0700,0.1623,0.3665,0.1904,0.7678,0.4804,1.6322}"
ENSB:XHzXCB5bsr_7e4R,LG+I+G4,0.0176,0.5751,,LG+I{0.0176}+G4{0.5751}
ENSB:77Lf1cuvFiD33Y9,LG+I+G4,0.0074,1.9701,,LG+I{0.0074}+G4{1.9701}
ENSB:jaoBli8Eo1wTqMZ,LG+I+G4,0.0074,1.9701,,LG+I{0.0074}+G4{1.9701}
ENSB:4RVHwitGyAreCD2,LG+I+G4,0.0000,1.6057,,LG+I{0.0000}+G4{1.6057}
ENSB:nr-aLS24rRmkAmt,LG+I+G4,0.0000,1.6057,,LG+I{0.0000}+G4{1.6057}
ENSB:p6D_m3lV2zMP8qz,LG+I+G4,0.0000,1.6057,,LG+I{0.0000}+G4{1.6057}
ENSB:_b1nEr_tMq4PrRv,LG+I+G4,0.0000,1.6057,,LG+I{0.0000}+G4{1.6057}
ENSB:wqVSViR2ZXPuS8B,LG+I+G4,0.0000,1.6057,,LG+I{0.0000}+G4{1.6057}
ENSB:nvM6kzu1o8oxwQ3,LG+I+G4,0.0000,1.6057,,LG+I{0.0000}+G4{1.6057}
ENSB:8zkWXQM9ooTX_0T,LG+I+G4,0.0000,1.6057,,LG+I{0.0000}+G4{1.6057}
ENSB:4RVHwitGyAreCD2,LG+F+I+G4,0.0000,1.8693,,LG+F+I{0.0000}+G4{1.8693}
ENSB:nr-aLS24rRmkAmt,LG+F+I+G4,0.0000,1.8693,,LG+F+I{0.0000}+G4{1.8693}
ENSB:p6D_m3lV2zMP8qz,LG+F+I+G4,0.0000,1.8693,,LG+F+I{0.0000}+G4{1.8693}
ENSB:_b1nEr_tMq4PrRv,LG+F+I+G4,0.0000,1.8693,,LG+F+I{0.0000}+G4{1.8693}
ENSB:wqVSViR2ZXPuS8B,LG+F+I+G4,0.0000,1.8693,,LG+F+I{0.0000}+G4{1.8693}
ENSB:nvM6kzu1o8oxwQ3,LG+F+I+G4,0.0000,1.8693,,LG+F+I{0.0000}+G4{1.8693}
ENSB:8zkWXQM9ooTX_0T,LG+F+I+G4,0.0000,1.8693,,LG+F+I{0.0000}+G4{1.8693}
ENSB:fXMv30Y_6r5x0w6,LG+I+R4,0.0000,,"(0.2078,0.1226) (0.3025,0.5076) (0.2436,1.2243) (0.2462,2.1235)","LG+I{0.0000}+R4{0.2078,0.1226,0.3025,0.5076,0.2436,1.2243,0.2462,2.1235}"
ENSB:mnXHl7uP7UogmMw,LG+I+R4,0.0000,,"(0.2078,0.1226) (0.3025,0.5076) (0.2436,1.2243) (0.2462,2.1235)","LG+I{0.0000}+R4{0.2078,0.1226,0.3025,0.5076,0.2436,1.2243,0.2462,2.1235}"
ENSB:cAbkrGPofwIu-6H,LG+F+I+R4,0.0031,,"(0.1219,0.1828) (0.4895,0.5561) (0.3090,1.3741) (0.0764,3.6766)","LG+F+I{0.0031}+R4{0.1219,0.1828,0.4895,0.5561,0.3090,1.3741,0.0764,3.6766}"
ENSB:SJJzvn3ovTeCiLz,LG+F+I+R4,0.0031,,"(0.1219,0.1828) (0.4895,0.5561) (0.3090,1.3741) (0.0764,3.6766)","LG+F+I{0.0031}+R4{0.1219,0.1828,0.4895,0.5561,0.3090,1.3741,0.0764,3.6766}"
ENSB:cofQlDuQqmceMwk,LG+F+I+R4,0.0031,,"(0.1219,0.1828) (0.4895,0.5561) (0.3090,1.3741) (0.0764,3.6766)","LG+F+I{0.0031}+R4{0.1219,0.1828,0.4895,0.5561,0.3090,1.3741,0.0764,3.6766}"
ENSB:fnKQ4vGaVanU7lR,LG+F+I+R4,0.0031,,"(0.1219,0.1828) (0.4895,0.5561) (0.3090,1.3741) (0.0764,3.6766)","LG+F+I{0.0031}+R4{0.1219,0.1828,0.4895,0.5561,0.3090,1.3741,0.0764,3.6766}"
ENSB:cofQlDuQqmceMwk,LG+I+G4,0.0000,2.3113,,LG+I{0.0000}+G4{2.3113}
ENSB:4Xk6d06KRO1o3rS,LG+I+R4,0.0113,,"(0.1698,0.1169) (0.2958,0.4582) (0.2589,1.0339) (0.2642,2.1837)","LG+I{0.0113}+R4{0.1698,0.1169,0.2958,0.4582,0.2589,1.0339,0.2642,2.1837}"
ENSB:PF26x3xcODu730S,LG+I+R4,0.0079,,"(0.0588,0.1486) (0.4831,0.4743) (0.3571,1.0668) (0.0931,4.0953)","LG+I{0.0079}+R4{0.0588,0.1486,0.4831,0.4743,0.3571,1.0668,0.0931,4.0953}"
ENSB:3h-e4xhqizzn7TU,LG+I+R4,0.0079,,"(0.0588,0.1486) (0.4831,0.4743) (0.3571,1.0668) (0.0931,4.0953)","LG+I{0.0079}+R4{0.0588,0.1486,0.4831,0.4743,0.3571,1.0668,0.0931,4.0953}"
ENSB:rR-IFFQ1dM2a4Q4,LG+I+R4,0.0079,,"(0.0588,0.1486) (0.4831,0.4743) (0.3571,1.0668) (0.0931,4.0953)","LG+I{0.0079}+R4{0.0588,0.1486,0.4831,0.4743,0.3571,1.0668,0.0931,4.0953}"
ENSB:E0rJT9DTgWT4O76,LG+I+R4,0.0079,,"(0.0588,0.1486) (0.4831,0.4743) (0.3571,1.0668) (0.0931,4.0953)","LG+I{0.0079}+R4{0.0588,0.1486,0.4831,0.4743,0.3571,1.0668,0.0931,4.0953}"
ENSB:deLTWdiioC_QH0i,LG+I+R4,0.0079,,"(0.0588,0.1486) (0.4831,0.4743) (0.3571,1.0668) (0.0931,4.0953)","LG+I{0.0079}+R4{0.0588,0.1486,0.4831,0.4743,0.3571,1.0668,0.0931,4.0953}"
ENSB:coR6oyD8Ml41qzr,LG+I+R4,0.0079,,"(0.0588,0.1486) (0.4831,0.4743) (0.3571,1.0668) (0.0931,4.0953)","LG+I{0.0079}+R4{0.0588,0.1486,0.4831,0.4743,0.3571,1.0668,0.0931,4.0953}"
ENSB:DtJZDWvieH3DweS,LG+I+R4,0.0079,,"(0.0588,0.1486) (0.4831,0.4743) (0.3571,1.0668) (0.0931,4.0953)","LG+I{0.0079}+R4{0.0588,0.1486,0.4831,0.4743,0.3571,1.0668,0.0931,4.0953}"
ENSB:YjOitrWBu9OwOre,LG+I+R4,0.0079,,"(0.0588,0.1486) (0.4831,0.4743) (0.3571,1.0668) (0.0931,4.0953)","LG+I{0.0079}+R4{0.0588,0.1486,0.4831,0.4743,0.3571,1.0668,0.0931,4.0953}"
ENSB:sy2tyu5BlUKri8S,LG+I+G4,0.0415,2.2662,,LG+I{0.0415}+G4{2.2662}
ENSB:lubCwSn816dxyOT,LG+I+G4,0.0415,2.2662,,LG+I{0.0415}+G4{2.2662}
ENSB:qWAMoo4uOLQ3_fP,LG+I+G4,0.0342,1.2548,,LG+I{0.0342}+G4{1.2548}
ENSB:qWAMoo4uOLQ3_fP,LG+I+G4,0.0220,1.3508,,LG+I{0.0220}+G4{1.3508}
ENSB:7Zz-M5P8m_vZh0b,LG+I+G4,0.0220,1.3508,,LG+I{0.0220}+G4{1.3508}
ENSB:7Zz-M5P8m_vZh0b,LG+I+G4,0.0220,1.3508,,LG+I{0.0220}+G4{1.3508}
ENSB:7Zz-M5P8m_vZh0b,LG+I+R4,0.0000,,"(0.1456,0.1463) (0.2856,0.4764) (0.3106,1.0398) (0.2582,2.0129)","LG+I{0.0000}+R4{0.1456,0.1463,0.2856,0.4764,0.3106,1.0398,0.2582,2.0129}"
ENSB:SKPmfZ4gGdO4XfT,LG+I+G4,0.0000,3.9374,,LG+I{0.0000}+G4{3.9374}
ENSB:VOpZMkO3lOAXfXf,LG+I+G4,0.0002,1.6942,,LG+I{0.0002}+G4{1.6942}
ENSB:3apVMCzDMRJFOGE,LG+I+G4,0.0002,1.6942,,LG+I{0.0002}+G4{1.6942}
ENSB:duakZwBIE54q7NL,LG+I+G4,0.0002,1.6942,,LG+I{0.0002}+G4{1.6942}
ENSB:uTOQEYOdf62AFXC,LG+I+G4,0.0002,1.6942,,LG+I{0.0002}+G4{1.6942}
ENSB:X9qPbmOtwm8saZA,LG+I+R3,0.0000,,"(0.0776,0.0759) (0.4679,0.6623) (0.4545,1.5054)","LG+I{0.0000}+R3{0.0776,0.0759,0.4679,0.6623,0.4545,1.5054}"
ENSB:7g7-OSszjN_08jh,LG+I+R3,0.0000,,"(0.0776,0.0759) (0.4679,0.6623) (0.4545,1.5054)","LG+I{0.0000}+R3{0.0776,0.0759,0.4679,0.6623,0.4545,1.5054}"
ENSB:lASZ1pu_Rdlbsso,LG+I+R3,0.0000,,"(0.0776,0.0759) (0.4679,0.6623) (0.4545,1.5054)","LG+I{0.0000}+R3{0.0776,0.0759,0.4679,0.6623,0.4545,1.5054}"
ENSB:hrElgQIOYR6tG7u,LG+I+G4,0.0014,1.2430,,LG+I{0.0014}+G4{1.2430}
ENSB:mrx3R54ST-M2SaH,LG+I+G4,0.0014,1.2430,,LG+I{0.0014}+G4{1.2430}
ENSB:so84-D89T7KzBpL,LG+I+G4,0.0014,1.2430,,LG+I{0.0014}+G4{1.2430}
ENSB:Kh2hkbwth1HlaR7,LG+I+R4,0.0068,,"(0.0843,0.1047) (0.4112,0.5157) (0.2850,1.0699) (0.2128,2.2287)","LG+I{0.0068}+R4{0.0843,0.1047,0.4112,0.5157,0.2850,1.0699,0.2128,2.2287}"
ENSB:ANxW3p5A49KZJyv,LG+I+R4,0.0068,,"(0.0843,0.1047) (0.4112,0.5157) (0.2850,1.0699) (0.2128,2.2287)","LG+I{0.0068}+R4{0.0843,0.1047,0.4112,0.5157,0.2850,1.0699,0.2128,2.2287}"
ENSB:aHz7SWqovAZ-Daf,LG+I+G4,0.0775,1.8048,,LG+I{0.0775}+G4{1.8048}
ENSB:BYSLJQ0gFk8BcPX,LG+I+G4,0.0775,1.8048,,LG+I{0.0775}+G4{1.8048}
ENSB:JR60Ue3crYicclK,LG+I+G4,0.0775,1.8048,,LG+I{0.0775}+G4{1.8048}
ENSB:hl_cVXpgQwKXax7,LG+I+G4,0.0775,1.8048,,LG+I{0.0775}+G4{1.8048}
ENSB:u4uadL-YaLgw8bD,LG+I+R4,0.0000,,"(0.0145,0.0460) (0.2472,0.4240) (0.3956,0.8303) (0.3427,1.6517)","LG+I{0.0000}+R4{0.0145,0.0460,0.2472,0.4240,0.3956,0.8303,0.3427,1.6517}"
ENSB:vFLjLLW8uLAQkaR,LG+I+R4,0.0000,,"(0.0145,0.0460) (0.2472,0.4240) (0.3956,0.8303) (0.3427,1.6517)","LG+I{0.0000}+R4{0.0145,0.0460,0.2472,0.4240,0.3956,0.8303,0.3427,1.6517}"
ENSB:AUntQNTGxwgOfmr,LG+I+G4,0.1577,0.9817,,LG+I{0.1577}+G4{0.9817}
ENSB:AUntQNTGxwgOfmr,LG+I+G4,0.1577,0.9817,,LG+I{0.1577}+G4{0.9817}
ENSB:La0FpNhKlmG_PbH,LG+I+G4,0.1577,0.9817,,LG+I{0.1577}+G4{0.9817}
ENSB:AOxkSpvB823TDCP,LG+I+G4,0.1577,0.9817,,LG+I{0.1577}+G4{0.9817}
ENSB:FoZeiC4QR5f3h-p,LG+I+G4,0.0070,1.1608,,LG+I{0.0070}+G4{1.1608}
ENSB:pUkwteihOZIgwBl,LG+I+G4,0.0110,2.2856,,LG+I{0.0110}+G4{2.2856}
ENSB:rRp8rH6-N2dHA3R,LG+I+G4,0.0000,2.8135,,LG+I{0.0000}+G4{2.8135}
ENSB:KB3bxEzW7CYBHH3,LG+I+G4,0.0000,2.8135,,LG+I{0.0000}+G4{2.8135}
ENSB:mCspyIhw6vOk6E9,LG+I+G4,0.0000,2.8135,,LG+I{0.0000}+G4{2.8135}
ENSB:visQ7Wq7iF6QPhZ,LG+I+R4,0.0042,,"(0.0421,0.0554) (0.2139,0.3400) (0.3587,0.7965) (0.3811,1.6774)","LG+I{0.0042}+R4{0.0421,0.0554,0.2139,0.3400,0.3587,0.7965,0.3811,1.6774}"
ENSB:bZI1Ex8aIl-WiYB,LG+I+R4,0.0042,,"(0.0421,0.0554) (0.2139,0.3400) (0.3587,0.7965) (0.3811,1.6774)","LG+I{0.0042}+R4{0.0421,0.0554,0.2139,0.3400,0.3587,0.7965,0.3811,1.6774}"
ENSB:pX4Sud3CuhzUO1P,LG+I+R4,0.0042,,"(0.0421,0.0554) (0.2139,0.3400) (0.3587,0.7965) (0.3811,1.6774)","LG+I{0.0042}+R4{0.0421,0.0554,0.2139,0.3400,0.3587,0.7965,0.3811,1.6774}"
ENSB:2Au4OORFBdqd3ih,LG+I+R4,0.0042,,"(0.0421,0.0554) (0.2139,0.3400) (0.3587,0.7965) (0.3811,1.6774)","LG+I{0.0042}+R4{0.0421,0.0554,0.2139,0.3400,0.3587,0.7965,0.3811,1.6774}"
ENSB:6KBhloHwShjn4lb,LG+I+R4,0.0042,,"(0.0421,0.0554) (0.2139,0.3400) (0.3587,0.7965) (0.3811,1.6774)","LG+I{0.0042}+R4{0.0421,0.0554,0.2139,0.3400,0.3587,0.7965,0.3811,1.6774}"
ENSB:0oqIhvXTTHawrMa,LG+I+G4,0.0536,2.1105,,LG+I{0.0536}+G4{2.1105}
ENSB:VlgiYb88jN2jmyp,LG+I+G4,0.0536,2.1105,,LG+I{0.0536}+G4{2.1105}
ENSB:HH81OYMiRDFrRdU,LG+I+G4,0.0536,2.1105,,LG+I{0.0536}+G4{2.1105}
ENSB:0oqIhvXTTHawrMa,LG+I,0.0943,,,LG+I{0.0943}
ENSB:VlgiYb88jN2jmyp,LG+I,0.0943,,,LG+I{0.0943}
ENSB:HH81OYMiRDFrRdU,LG+I,0.0943,,,LG+I{0.0943}
ENSB:7AG2OE_soQXGlcx,LG+I+R4,0.0070,,"(0.1308,0.0729) (0.1782,0.3170) (0.1830,0.7291) (0.5010,1.5980)","LG+I{0.0070}+R4{0.1308,0.0729,0.1782,0.3170,0.1830,0.7291,0.5010,1.5980}"
ENSB:7AG2OE_soQXGlcx,LG+I+R4,0.0000,,"(0.1570,0.0942) (0.2481,0.4050) (0.2827,0.9839) (0.3122,1.9428)","LG+I{0.0000}+R4{0.1570,0.0942,0.2481,0.4050,0.2827,0.9839,0.3122,1.9428}"
ENSB:K1g07QMLbVyKmEL,LG+I+G4,0.0080,2.0725,,LG+I{0.0080}+G4{2.0725}
ENSB:XpPq6Ilf63rFTCS,LG+I+G4,0.0080,2.0725,,LG+I{0.0080}+G4{2.0725}
ENSB:h2q6r6YNk3Z4-Km,LG+I+G4,0.0080,2.0725,,LG+I{0.0080}+G4{2.0725}
ENSB:G0det9Qt_X5_yrM,LG+I+G4,0.0080,2.0725,,LG+I{0.0080}+G4{2.0725}
ENSB:U4H2Iw36F_yDjmc,LG+I+G4,0.0000,1.2085,,LG+I{0.0000}+G4{1.2085}
ENSB:uwpAxt9oDgEHG98,LG+I+G4,0.0346,2.0279,,LG+I{0.0346}+G4{2.0279}
ENSB:0728AhDZb-N6PIL,LG+I+G4,0.0000,2.4873,,LG+I{0.0000}+G4{2.4873}
ENSB:xQgL2jZfrsfiI9G,LG+I+G4,0.0000,2.4873,,LG+I{0.0000}+G4{2.4873}
ENSB:CNrePAtkj57ThR9,LG+I+G4,0.0040,2.6645,,LG+I{0.0040}+G4{2.6645}
ENSB:uIS1vui9ymXuiId,LG+I+G4,0.0040,2.6645,,LG+I{0.0040}+G4{2.6645}
ENSB:VYkrE23IGSlkwJf,LG+I+G4,0.0000,0.8457,,LG+I{0.0000}+G4{0.8457}
ENSB:BRnycuFsDGkXwHV,LG+I+G4,0.0000,2.1952,,LG+I{0.0000}+G4{2.1952}
ENSB:C3V2OOHu2zCV98Q,LG+I+G4,0.0000,2.1952,,LG+I{0.0000}+G4{2.1952}
ENSB:dTNaHuebV2XDRGE,LG+I+R4,0.0042,,"(0.1172,0.1443) (0.2152,0.4336) (0.2014,0.7994) (0.4620,1.5776)","LG+I{0.0042}+R4{0.1172,0.1443,0.2152,0.4336,0.2014,0.7994,0.4620,1.5776}"
ENSB:C8HO1cq-2vXPrJ3,LG+I+R4,0.0042,,"(0.1172,0.1443) (0.2152,0.4336) (0.2014,0.7994) (0.4620,1.5776)","LG+I{0.0042}+R4{0.1172,0.1443,0.2152,0.4336,0.2014,0.7994,0.4620,1.5776}"
ENSB:SI32WWtljBNzsyP,LG+I+R4,0.0042,,"(0.1172,0.1443) (0.2152,0.4336) (0.2014,0.7994) (0.4620,1.5776)","LG+I{0.0042}+R4{0.1172,0.1443,0.2152,0.4336,0.2014,0.7994,0.4620,1.5776}"
ENSB:eLTU2Va8t361CtT,LG+I+R4,0.0042,,"(0.1172,0.1443) (0.2152,0.4336) (0.2014,0.7994) (0.4620,1.5776)","LG+I{0.0042}+R4{0.1172,0.1443,0.2152,0.4336,0.2014,0.7994,0.4620,1.5776}"
ENSB:NeeWmgorURBY47t,LG+I+R4,0.0042,,"(0.1172,0.1443) (0.2152,0.4336) (0.2014,0.7994) (0.4620,1.5776)","LG+I{0.0042}+R4{0.1172,0.1443,0.2152,0.4336,0.2014,0.7994,0.4620,1.5776}"
ENSB:PiokXxqDTaC9k9Z,LG+I+R4,0.0042,,"(0.1172,0.1443) (0.2152,0.4336) (0.2014,0.7994) (0.4620,1.5776)","LG+I{0.0042}+R4{0.1172,0.1443,0.2152,0.4336,0.2014,0.7994,0.4620,1.5776}"
ENSB:-DqpwSSrj0vgnpc,LG+I+R4,0.0060,,"(0.0912,0.0957) (0.2634,0.3856) (0.2770,0.8518) (0.3625,1.8035)","LG+I{0.0060}+R4{0.0912,0.0957,0.2634,0.3856,0.2770,0.8518,0.3625,1.8035}"
ENSB:wpzzcT4ElJBE9hm,LG+I+R4,0.0060,,"(0.0912,0.0957) (0.2634,0.3856) (0.2770,0.8518) (0.3625,1.8035)","LG+I{0.0060}+R4{0.0912,0.0957,0.2634,0.3856,0.2770,0.8518,0.3625,1.8035}"
ENSB:h0afCDOY_yPDt6V,LG+I+R4,0.0060,,"(0.0912,0.0957) (0.2634,0.3856) (0.2770,0.8518) (0.3625,1.8035)","LG+I{0.0060}+R4{0.0912,0.0957,0.2634,0.3856,0.2770,0.8518,0.3625,1.8035}"
ENSB:0YxnNYclrxP6Rlj,LG+I+R4,0.0060,,"(0.0912,0.0957) (0.2634,0.3856) (0.2770,0.8518) (0.3625,1.8035)","LG+I{0.0060}+R4{0.0912,0.0957,0.2634,0.3856,0.2770,0.8518,0.3625,1.8035}"
ENSB:-DqpwSSrj0vgnpc,LG+I+R4,0.0000,,"(0.0395,0.0617) (0.1595,0.3382) (0.3930,0.7474) (0.4080,1.5929)","LG+I{0.0000}+R4{0.0395,0.0617,0.1595,0.3382,0.3930,0.7474,0.4080,1.5929}"
ENSB:wpzzcT4ElJBE9hm,LG+I+R4,0.0000,,"(0.0395,0.0617) (0.1595,0.3382) (0.3930,0.7474) (0.4080,1.5929)","LG+I{0.0000}+R4{0.0395,0.0617,0.1595,0.3382,0.3930,0.7474,0.4080,1.5929}"
ENSB:h0afCDOY_yPDt6V,LG+I+R4,0.0000,,"(0.0395,0.0617) (0.1595,0.3382) (0.3930,0.7474) (0.4080,1.5929)","LG+I{0.0000}+R4{0.0395,0.0617,0.1595,0.3382,0.3930,0.7474,0.4080,1.5929}"
ENSB:0YxnNYclrxP6Rlj,LG+I+R4,0.0000,,"(0.0395,0.0617) (0.1595,0.3382) (0.3930,0.7474) (0.4080,1.5929)","LG+I{0.0000}+R4{0.0395,0.0617,0.1595,0.3382,0.3930,0.7474,0.4080,1.5929}"
ENSB:-DqpwSSrj0vgnpc,LG+I+R4,0.0157,,"(0.1703,0.1325) (0.3033,0.5585) (0.2996,1.0809) (0.2112,2.2929)","LG+I{0.0157}+R4{0.1703,0.1325,0.3033,0.5585,0.2996,1.0809,0.2112,2.2929}"
ENSB:wpzzcT4ElJBE9hm,LG+I+R4,0.0157,,"(0.1703,0.1325) (0.3033,0.5585) (0.2996,1.0809) (0.2112,2.2929)","LG+I{0.0157}+R4{0.1703,0.1325,0.3033,0.5585,0.2996,1.0809,0.2112,2.2929}"
ENSB:h0afCDOY_yPDt6V,LG+I+R4,0.0157,,"(0.1703,0.1325) (0.3033,0.5585) (0.2996,1.0809) (0.2112,2.2929)","LG+I{0.0157}+R4{0.1703,0.1325,0.3033,0.5585,0.2996,1.0809,0.2112,2.2929}"
ENSB:0YxnNYclrxP6Rlj,LG+I+R4,0.0157,,"(0.1703,0.1325) (0.3033,0.5585) (0.2996,1.0809) (0.2112,2.2929)","LG+I{0.0157}+R4{0.1703,0.1325,0.3033,0.5585,0.2996,1.0809,0.2112,2.2929}"
ENSB:zAEsw1CLf_H80OB,LG+I+R4,0.0000,,"(0.0228,0.0242) (0.2597,0.4361) (0.4847,0.9979) (0.2328,1.7291)","LG+I{0.0000}+R4{0.0228,0.0242,0.2597,0.4361,0.4847,0.9979,0.2328,1.7291}"
ENSB:ZE5E6Xx94e5o1O0,LG+I+R4,0.0000,,"(0.0228,0.0242) (0.2597,0.4361) (0.4847,0.9979) (0.2328,1.7291)","LG+I{0.0000}+R4{0.0228,0.0242,0.2597,0.4361,0.4847,0.9979,0.2328,1.7291}"
ENSB:SpNiaMDVi_KiMHY,LG+I+G4,0.0405,1.1279,,LG+I{0.0405}+G4{1.1279}
ENSB:3EGZwbLpiW6cQhr,LG+I+R4,0.0000,,"(0.2032,0.2994) (0.3249,0.5885) (0.1795,1.0921) (0.2924,1.8877)","LG+I{0.0000}+R4{0.2032,0.2994,0.3249,0.5885,0.1795,1.0921,0.2924,1.8877}"
ENSB:99YoBAXlYUbM7BS,LG+I+R4,0.0000,,"(0.2032,0.2994) (0.3249,0.5885) (0.1795,1.0921) (0.2924,1.8877)","LG+I{0.0000}+R4{0.2032,0.2994,0.3249,0.5885,0.1795,1.0921,0.2924,1.8877}"
ENSB:9-acKMDV0aOwBtq,LG+I+R4,0.0000,,"(0.2032,0.2994) (0.3249,0.5885) (0.1795,1.0921) (0.2924,1.8877)","LG+I{0.0000}+R4{0.2032,0.2994,0.3249,0.5885,0.1795,1.0921,0.2924,1.8877}"
ENSB:8qIDIe0Eyga3mhn,LG+I+R4,0.0048,,"(0.2096,0.2828) (0.2893,0.6278) (0.2246,1.0843) (0.2718,1.8973)","LG+I{0.0048}+R4{0.2096,0.2828,0.2893,0.6278,0.2246,1.0843,0.2718,1.8973}"
ENSB:KeUBBR13KFbyxE6,LG+I+R4,0.0048,,"(0.2096,0.2828) (0.2893,0.6278) (0.2246,1.0843) (0.2718,1.8973)","LG+I{0.0048}+R4{0.2096,0.2828,0.2893,0.6278,0.2246,1.0843,0.2718,1.8973}"
ENSB:-BO_N1Jb2XtBZfq,LG+I+R3,0.0054,,"(0.0548,0.1767) (0.3509,0.6039) (0.5888,1.3219)","LG+I{0.0054}+R3{0.0548,0.1767,0.3509,0.6039,0.5888,1.3219}"
ENSB:A0Lpr5csBfPMB9a,LG+I+R3,0.0054,,"(0.0548,0.1767) (0.3509,0.6039) (0.5888,1.3219)","LG+I{0.0054}+R3{0.0548,0.1767,0.3509,0.6039,0.5888,1.3219}"
ENSB:2qiJCSaPOD_UWl7,LG+I+R3,0.0054,,"(0.0548,0.1767) (0.3509,0.6039) (0.5888,1.3219)","LG+I{0.0054}+R3{0.0548,0.1767,0.3509,0.6039,0.5888,1.3219}"
ENSB:X6UpCqG-wEX8B7Q,LG+I+G4,0.0000,1.1678,,LG+I{0.0000}+G4{1.1678}
ENSB:bVsvZ3i0ucgC7XF,LG+I+G4,0.0587,2.0357,,LG+I{0.0587}+G4{2.0357}
ENSB:jgOZC4c9waS49c8,LG+I+G4,0.0587,2.0357,,LG+I{0.0587}+G4{2.0357}
ENSB:IL3Yw9gVEyTn-7E,LG+I+G4,0.0587,2.0357,,LG+I{0.0587}+G4{2.0357}
ENSB:eHy-VbwO5MKefrn,LG+I+G4,0.0587,2.0357,,LG+I{0.0587}+G4{2.0357}
ENSB:XbtW1JbZsVI9tap,LG+I+G4,0.0587,2.0357,,LG+I{0.0587}+G4{2.0357}
ENSB:ZOq2M5mCNTxZBWl,LG+I+G4,0.0000,2.1201,,LG+I{0.0000}+G4{2.1201}
ENSB:D2LSf25CX_Ms5tp,LG+I+G4,0.0000,2.1201,,LG+I{0.0000}+G4{2.1201}
ENSB:6zTM8zjIWkB1b8x,LG+I+G4,0.0000,2.1201,,LG+I{0.0000}+G4{2.1201}
ENSB:4IVI5RU0bDOWCal,LG+I+G4,0.0120,2.4400,,LG+I{0.0120}+G4{2.4400}
ENSB:WSDC_3jlmju4X65,LG+I+G4,0.0120,2.4400,,LG+I{0.0120}+G4{2.4400}
ENSB:w5LbooBm7TgDoGp,LG+I+G4,0.0120,2.4400,,LG+I{0.0120}+G4{2.4400}
ENSB:fFKOWJ4hIJRPJeN,LG+I+R3,0.0000,,"(0.0810,0.1817) (0.4528,0.6476) (0.4662,1.4844)","LG+I{0.0000}+R3{0.0810,0.1817,0.4528,0.6476,0.4662,1.4844}"
ENSB:HjRz5Nx46WjR9NF,LG+I+G4,0.0235,1.6741,,LG+I{0.0235}+G4{1.6741}
ENSB:pNa2L0YU03h9qiC,LG+I+R4,0.0057,,"(0.1095,0.0581) (0.2546,0.3961) (0.3201,0.9211) (0.3100,1.9288)","LG+I{0.0057}+R4{0.1095,0.0581,0.2546,0.3961,0.3201,0.9211,0.3100,1.9288}"
ENSB:_fm5KDfso5ylVyR,LG+I+R4,0.0057,,"(0.1095,0.0581) (0.2546,0.3961) (0.3201,0.9211) (0.3100,1.9288)","LG+I{0.0057}+R4{0.1095,0.0581,0.2546,0.3961,0.3201,0.9211,0.3100,1.9288}"
ENSB:0LUcfKQS7TnjOhD,LG+I+R4,0.0057,,"(0.1095,0.0581) (0.2546,0.3961) (0.3201,0.9211) (0.3100,1.9288)","LG+I{0.0057}+R4{0.1095,0.0581,0.2546,0.3961,0.3201,0.9211,0.3100,1.9288}"
ENSB:vqdRwDAgjMrKoSu,LG+I+G4,0.0000,2.0134,,LG+I{0.0000}+G4{2.0134}
ENSB:D56aBMthcX_Z0a4,LG+I+G4,0.0000,2.0134,,LG+I{0.0000}+G4{2.0134}
ENSB:pG0ZXPUepy722jc,LG+F+I+R4,0.0000,,"(0.1451,0.1636) (0.2720,0.5189) (0.2977,0.9920) (0.2852,1.8926)","LG+F+I{0.0000}+R4{0.1451,0.1636,0.2720,0.5189,0.2977,0.9920,0.2852,1.8926}"
ENSB:qWbP7DKop20hzqF,LG+F+I+R4,0.0027,,"(0.0507,0.0855) (0.1299,0.3355) (0.3439,0.7298) (0.4728,1.4828)","LG+F+I{0.0027}+R4{0.0507,0.0855,0.1299,0.3355,0.3439,0.7298,0.4728,1.4828}"
ENSB:h_CBjvswFcW7-OO,LG+F+I+R4,0.0027,,"(0.0507,0.0855) (0.1299,0.3355) (0.3439,0.7298) (0.4728,1.4828)","LG+F+I{0.0027}+R4{0.0507,0.0855,0.1299,0.3355,0.3439,0.7298,0.4728,1.4828}"
ENSB:HAnco863fmYicay,LG+F+I+R4,0.0027,,"(0.0507,0.0855) (0.1299,0.3355) (0.3439,0.7298) (0.4728,1.4828)","LG+F+I{0.0027}+R4{0.0507,0.0855,0.1299,0.3355,0.3439,0.7298,0.4728,1.4828}"
ENSB:RSA86btgB4BVlGq,,,,,
ENSB:uj5NcDIT56OGi7f,LG+I+G4,0.0000,1.7985,,LG+I{0.0000}+G4{1.7985}
ENSB:p5dX9jFo-IwQgVP,LG+I+G4,0.0000,1.7985,,LG+I{0.0000}+G4{1.7985}
ENSB:vFLjLLW8uLAQkaR,LG+I+G4,0.0000,1.7985,,LG+I{0.0000}+G4{1.7985}
ENSB:D07NdpTLKpq7ydr,LG+F+I+G4,0.0000,2.2623,,LG+F+I{0.0000}+G4{2.2623}
ENSB:CBCNjQgeyUWNYCn,LG+I+G4,0.0000,2.1913,,LG+I{0.0000}+G4{2.1913}
ENSB:Yud-p2Z4MteVFF4,LG+I+G4,0.0000,2.1913,,LG+I{0.0000}+G4{2.1913}
ENSB:0oqIhvXTTHawrMa,LG+I+R4,0.0014,,"(0.0543,0.0993) (0.1399,0.3860) (0.2690,0.7311) (0.5354,1.3894)","LG+I{0.0014}+R4{0.0543,0.0993,0.1399,0.3860,0.2690,0.7311,0.5354,1.3894}"
ENSB:VlgiYb88jN2jmyp,LG+I+R4,0.0014,,"(0.0543,0.0993) (0.1399,0.3860) (0.2690,0.7311) (0.5354,1.3894)","LG+I{0.0014}+R4{0.0543,0.0993,0.1399,0.3860,0.2690,0.7311,0.5354,1.3894}"
ENSB:cId6kWyhWlZhAt9,LG+I+G4,0.0000,3.0440,,LG+I{0.0000}+G4{3.0440}
ENSB:_3AfGMJv16g-Na6,LG+I+R4,0.0256,,"(0.0870,0.1107) (0.3218,0.3645) (0.2178,0.8498) (0.3478,1.9781)","LG+I{0.0256}+R4{0.0870,0.1107,0.3218,0.3645,0.2178,0.8498,0.3478,1.9781}"
ENSB:zQUpdwJW_L9XhJh,LG+I+G4,0.0230,2.3455,,LG+I{0.0230}+G4{2.3455}
ENSB:gMHwkva2n6suNAP,LG+I+G4,0.0000,1.8653,,LG+I{0.0000}+G4{1.8653}
ENSB:VfsgTgmXCr8R9Cw,LG+I+G4,0.0000,1.8653,,LG+I{0.0000}+G4{1.8653}
ENSB:Ck5icONds9hqc1d,LG+I+G4,0.0000,1.8653,,LG+I{0.0000}+G4{1.8653}
ENSB:HfWpjSIidKwf-Xh,LG+I+G4,0.0000,1.8653,,LG+I{0.0000}+G4{1.8653}
ENSB:v_A8K3gi4NwhzGa,LG+I+G4,0.0000,1.8653,,LG+I{0.0000}+G4{1.8653}
ENSB:81jma_czPaIpXhz,LG+I+G4,0.0000,1.8653,,LG+I{0.0000}+G4{1.8653}
ENSB:j6ZwkpscVMdspEq,LG+I+G4,0.0000,1.8653,,LG+I{0.0000}+G4{1.8653}
ENSB:zTJkg4V-3hWjaNt,LG+I+G4,0.0000,1.8653,,LG+I{0.0000}+G4{1.8653}
ENSB:_3AfGMJv16g-Na6,LG+I+G4,0.0943,1.5486,,LG+I{0.0943}+G4{1.5486}
ENSB:Ih_RgaTF04XV2TA,LG+I+G4,0.0277,1.3159,,LG+I{0.0277}+G4{1.3159}
ENSB:S-yiONy0If77c8L,LG+I+R4,0.0022,,"(0.1431,0.0498) (0.2093,0.3085) (0.2215,0.7785) (0.4239,1.7831)","LG+I{0.0022}+R4{0.1431,0.0498,0.2093,0.3085,0.2215,0.7785,0.4239,1.7831}"
ENSB:DTKBSlgFR3RkTt2,LG+I+G4,0.0321,1.3531,,LG+I{0.0321}+G4{1.3531}
ENSB:ZE5E6Xx94e5o1O0,LG+F+I+R4,0.0040,,"(0.0764,0.1012) (0.1192,0.3946) (0.2138,0.7759) (0.5866,1.3286)","LG+F+I{0.0040}+R4{0.0764,0.1012,0.1192,0.3946,0.2138,0.7759,0.5866,1.3286}"
ENSB:-wCGJXbL7DaexNw,LG+I+G4,0.0967,1.4115,,LG+I{0.0967}+G4{1.4115}
ENSB:XYcVJ6c4ClVQiay,LG+I+G4,0.0000,2.0569,,LG+I{0.0000}+G4{2.0569}
ENSB:_wBsJ5K9HIOIM60,LG+I+G4,0.0000,2.0569,,LG+I{0.0000}+G4{2.0569}
ENSB:tpkUb0D3F2Ixy5Y,LG+I+G4,0.0000,2.0569,,LG+I{0.0000}+G4{2.0569}
ENSB:Dc2WmoHh8rLBHyZ,LG+I+G4,0.0000,2.0569,,LG+I{0.0000}+G4{2.0569}
ENSB:E_gkLP4kYwfUqzg,LG+I+G4,0.0000,2.0569,,LG+I{0.0000}+G4{2.0569}
ENSB:oAavVj9oFZwU-JO,LG+I+G4,0.0000,2.0569,,LG+I{0.0000}+G4{2.0569}
ENSB:vA2fTxNoqKlctYR,LG+I+R4,0.0097,,"(0.1778,0.1360) (0.2915,0.5760) (0.3159,1.2047) (0.2051,2.0835)","LG+I{0.0097}+R4{0.1778,0.1360,0.2915,0.5760,0.3159,1.2047,0.2051,2.0835}"
ENSB:-U2OXKgnGvaxRJp,LG+I+G4,0.0122,1.9534,,LG+I{0.0122}+G4{1.9534}
ENSB:HKPmRDBMOowKsBv,LG+I+R4,0.0137,,"(0.2016,0.1299) (0.2397,0.4804) (0.2499,1.1217) (0.2952,1.9594)","LG+I{0.0137}+R4{0.2016,0.1299,0.2397,0.4804,0.2499,1.1217,0.2952,1.9594}"
ENSB:qlLaIhIKG-n4JpE,LG+I+R4,0.0000,,"(0.0647,0.0206) (0.1891,0.2972) (0.3718,0.7962) (0.3745,1.7265)","LG+I{0.0000}+R4{0.0647,0.0206,0.1891,0.2972,0.3718,0.7962,0.3745,1.7265}"
ENSB:M0kmsU0Z-qJuThx,LG+I+G4,0.0000,1.1473,,LG+I{0.0000}+G4{1.1473}
ENSB:STAuB9G0bBcKWDD,LG+I+G4,0.1587,2.1283,,LG+I{0.1587}+G4{2.1283}
ENSB:STAuB9G0bBcKWDD,LG+I+G4,0.0107,0.8796,,LG+I{0.0107}+G4{0.8796}
ENSB:DuWka_kwXzaHsCO,LG+I+G4,0.0107,0.8796,,LG+I{0.0107}+G4{0.8796}
ENSB:JtHIt4abplV-Kv1,LG+I+G4,0.0091,1.0115,,LG+I{0.0091}+G4{1.0115}
ENSB:nTtfWQ6UCH-N10W,LG+I+G4,0.0000,3.2668,,LG+I{0.0000}+G4{3.2668}
ENSB:dFJEeJ2n2o_V9DE,LG+I+G4,0.0000,3.2668,,LG+I{0.0000}+G4{3.2668}
ENSB:mCspyIhw6vOk6E9,LG+I+G4,0.0000,3.2668,,LG+I{0.0000}+G4{3.2668}
ENSB:7G-eUByfjs3GaIb,LG+I+G4,0.0294,1.8611,,LG+I{0.0294}+G4{1.8611}
ENSB:qTbSpQJoTi2Tcht,LG+I+G4,0.0294,1.8611,,LG+I{0.0294}+G4{1.8611}
ENSB:baVPxOxtO2BC4Zw,LG+I+G4,0.0101,2.2932,,LG+I{0.0101}+G4{2.2932}
ENSB:DE3eezEi6_UPRc5,LG+I+G4,0.0101,2.2932,,LG+I{0.0101}+G4{2.2932}
ENSB:UZxjNgQXTkyC4bT,LG+I+G4,0.0101,2.2932,,LG+I{0.0101}+G4{2.2932}
ENSB:WSTP1XQlm2KsX5K,LG+I+G4,0.0101,2.2932,,LG+I{0.0101}+G4{2.2932}
ENSB:xd_xUzZpwHiWmzl,LG+I+G4,0.0101,2.2932,,LG+I{0.0101}+G4{2.2932}
ENSB:qTbSpQJoTi2Tcht,LG+I+G4,0.0101,2.2932,,LG+I{0.0101}+G4{2.2932}
ENSB:boDqDJvpmvUybIL,LG+I+G4,0.0101,2.2932,,LG+I{0.0101}+G4{2.2932}
ENSB:myWNgYgeyDyEPM0,LG+I+R4,0.0000,,"(0.1187,0.1331) (0.2427,0.5114) (0.3317,0.9850) (0.3069,1.7379)","LG+I{0.0000}+R4{0.1187,0.1331,0.2427,0.5114,0.3317,0.9850,0.3069,1.7379}"
ENSB:AC1Wk6w39wrkYbA,LG+I+R4,0.0000,,"(0.0778,0.1738) (0.1636,0.4194) (0.3336,0.8020) (0.4251,1.5300)","LG+I{0.0000}+R4{0.0778,0.1738,0.1636,0.4194,0.3336,0.8020,0.4251,1.5300}"
ENSB:hHtmc-61NRpI1mb,LG+I+R4,0.0000,,"(0.0778,0.1738) (0.1636,0.4194) (0.3336,0.8020) (0.4251,1.5300)","LG+I{0.0000}+R4{0.0778,0.1738,0.1636,0.4194,0.3336,0.8020,0.4251,1.5300}"
ENSB:RKlufs2AVvV6bxD,LG+I+R4,0.0366,,"(0.1015,0.0614) (0.2474,0.3710) (0.3165,0.9210) (0.2981,2.0482)","LG+I{0.0366}+R4{0.1015,0.0614,0.2474,0.3710,0.3165,0.9210,0.2981,2.0482}"
ENSB:RFwa5trsk4yqH8N,LG+I+G4,0.0553,1.0908,,LG+I{0.0553}+G4{1.0908}
ENSB:LN6urSRk5rz-ysI,LG+F+I+R4,0.0000,,"(0.0324,0.0286) (0.0976,0.2281) (0.2663,0.6050) (0.6037,1.3512)","LG+F+I{0.0000}+R4{0.0324,0.0286,0.0976,0.2281,0.2663,0.6050,0.6037,1.3512}"
ENSB:0vHPc2Lt0nAIwg8,LG+F+I+R4,0.0000,,"(0.0324,0.0286) (0.0976,0.2281) (0.2663,0.6050) (0.6037,1.3512)","LG+F+I{0.0000}+R4{0.0324,0.0286,0.0976,0.2281,0.2663,0.6050,0.6037,1.3512}"
ENSB:HpokuJHFtXJY0X4,LG+I+R3,0.0000,,"(0.0337,0.0895) (0.4801,0.5868) (0.4862,1.4711)","LG+I{0.0000}+R3{0.0337,0.0895,0.4801,0.5868,0.4862,1.4711}"
ENSB:DmGja0bgCD0TLKI,LG+I+R3,0.0000,,"(0.0337,0.0895) (0.4801,0.5868) (0.4862,1.4711)","LG+I{0.0000}+R3{0.0337,0.0895,0.4801,0.5868,0.4862,1.4711}"
ENSB:_AsGLgajDayluU5,LG+I+R3,0.0000,,"(0.0337,0.0895) (0.4801,0.5868) (0.4862,1.4711)","LG+I{0.0000}+R3{0.0337,0.0895,0.4801,0.5868,0.4862,1.4711}"
ENSB:9rkxFmDqIDPhzJi,LG+I+R3,0.0000,,"(0.0337,0.0895) (0.4801,0.5868) (0.4862,1.4711)","LG+I{0.0000}+R3{0.0337,0.0895,0.4801,0.5868,0.4862,1.4711}"
ENSB:GWwzqHQvMort6JW,LG+I+G4,0.0165,2.4120,,LG+I{0.0165}+G4{2.4120}
ENSB:FJdVAeynvlmhbyv,LG+I+G4,0.0855,1.3768,,LG+I{0.0855}+G4{1.3768}
ENSB:31uyGYAkttxLDAF,LG+I+R4,0.0069,,"(0.1359,0.1169) (0.2083,0.3633) (0.2108,0.8303) (0.4382,1.6738)","LG+I{0.0069}+R4{0.1359,0.1169,0.2083,0.3633,0.2108,0.8303,0.4382,1.6738}"
ENSB:SyinHVGwXm4l76C,LG+I+R4,0.0069,,"(0.1359,0.1169) (0.2083,0.3633) (0.2108,0.8303) (0.4382,1.6738)","LG+I{0.0069}+R4{0.1359,0.1169,0.2083,0.3633,0.2108,0.8303,0.4382,1.6738}"
ENSB:ADeJZaME7wNxT1O,LG+I+R4,0.0069,,"(0.1359,0.1169) (0.2083,0.3633) (0.2108,0.8303) (0.4382,1.6738)","LG+I{0.0069}+R4{0.1359,0.1169,0.2083,0.3633,0.2108,0.8303,0.4382,1.6738}"
ENSB:z9zqsPLiOX6_Xsx,LG+I+R4,0.0069,,"(0.1359,0.1169) (0.2083,0.3633) (0.2108,0.8303) (0.4382,1.6738)","LG+I{0.0069}+R4{0.1359,0.1169,0.2083,0.3633,0.2108,0.8303,0.4382,1.6738}"
ENSB:31uyGYAkttxLDAF,LG+I+R4,0.0144,,"(0.1199,0.0180) (0.1705,0.2643) (0.2429,0.7150) (0.4523,1.7224)","LG+I{0.0144}+R4{0.1199,0.0180,0.1705,0.2643,0.2429,0.7150,0.4523,1.7224}"
ENSB:SyinHVGwXm4l76C,LG+I+R4,0.0144,,"(0.1199,0.0180) (0.1705,0.2643) (0.2429,0.7150) (0.4523,1.7224)","LG+I{0.0144}+R4{0.1199,0.0180,0.1705,0.2643,0.2429,0.7150,0.4523,1.7224}"
ENSB:ADeJZaME7wNxT1O,LG+I+R4,0.0144,,"(0.1199,0.0180) (0.1705,0.2643) (0.2429,0.7150) (0.4523,1.7224)","LG+I{0.0144}+R4{0.1199,0.0180,0.1705,0.2643,0.2429,0.7150,0.4523,1.7224}"
ENSB:gCRQH3x7hzsJi6X,LG+I+R4,0.0132,,"(0.0735,0.0902) (0.2391,0.3071) (0.2068,0.7056) (0.4674,1.6559)","LG+I{0.0132}+R4{0.0735,0.0902,0.2391,0.3071,0.2068,0.7056,0.4674,1.6559}"
ENSB:yLxT2yXUjvZaJLD,LG+I+G4,0.0279,3.4678,,LG+I{0.0279}+G4{3.4678}
ENSB:XoRDDJBE2G1GizB,LG+I+G4,0.0279,3.4678,,LG+I{0.0279}+G4{3.4678}
ENSB:e2GqPl_gFkRICtf,LG+I+G4,0.0279,3.4678,,LG+I{0.0279}+G4{3.4678}
ENSB:r6-7zKc5-cqGwux,LG+I+G4,0.0279,3.4678,,LG+I{0.0279}+G4{3.4678}
ENSB:_tRNs9pUy7MeJuJ,LG+I+G4,0.0000,2.1270,,LG+I{0.0000}+G4{2.1270}
ENSB:RkaEUmubu6wvYAP,LG+F+I+G4,0.0000,2.1083,,LG+F+I{0.0000}+G4{2.1083}
ENSB:4Bicnf4JteahgEx,LG+F+I+G4,0.0000,2.1083,,LG+F+I{0.0000}+G4{2.1083}
ENSB:htWX8nBTpzH57rk,LG+F+I+G4,0.0000,2.1083,,LG+F+I{0.0000}+G4{2.1083}
ENSB:rLetFfMb6Q89GSa,LG+F+I+R4,0.0000,,"(0.0109,0.0164) (0.1118,0.2739) (0.2669,0.6978) (0.6104,1.2827)","LG+F+I{0.0000}+R4{0.0109,0.0164,0.1118,0.2739,0.2669,0.6978,0.6104,1.2827}"
ENSB:0hE7TgGruu1gjjg,LG+F+I+R4,0.0000,,"(0.0109,0.0164) (0.1118,0.2739) (0.2669,0.6978) (0.6104,1.2827)","LG+F+I{0.0000}+R4{0.0109,0.0164,0.1118,0.2739,0.2669,0.6978,0.6104,1.2827}"
ENSB:ZJQZ-MCKa5T9U7Q,LG+F+I+R4,0.0000,,"(0.0109,0.0164) (0.1118,0.2739) (0.2669,0.6978) (0.6104,1.2827)","LG+F+I{0.0000}+R4{0.0109,0.0164,0.1118,0.2739,0.2669,0.6978,0.6104,1.2827}"
ENSB:5zWV5jpLQGrnQXR,LG+I+R4,0.0000,,"(0.0225,0.0238) (0.1423,0.2971) (0.2890,0.6664) (0.5462,1.3999)","LG+I{0.0000}+R4{0.0225,0.0238,0.1423,0.2971,0.2890,0.6664,0.5462,1.3999}"
ENSB:HdfJdcsuGvhnpNe,LG+I+R4,0.0000,,"(0.0225,0.0238) (0.1423,0.2971) (0.2890,0.6664) (0.5462,1.3999)","LG+I{0.0000}+R4{0.0225,0.0238,0.1423,0.2971,0.2890,0.6664,0.5462,1.3999}"
ENSB:_3lMZv1kfV4lKrB,LG+I+R4,0.0065,,"(0.1696,0.1097) (0.2647,0.4260) (0.2227,0.9960) (0.3364,1.9224)","LG+I{0.0065}+R4{0.1696,0.1097,0.2647,0.4260,0.2227,0.9960,0.3364,1.9224}"
ENSB:TXH1En0YFG3bGcC,LG+I+R4,0.0145,,"(0.0918,0.1152) (0.2750,0.4427) (0.3322,0.9490) (0.2865,1.9281)","LG+I{0.0145}+R4{0.0918,0.1152,0.2750,0.4427,0.3322,0.9490,0.2865,1.9281}"
ENSB:mpE5WritUR9E8jW,LG+I+R4,0.0145,,"(0.0918,0.1152) (0.2750,0.4427) (0.3322,0.9490) (0.2865,1.9281)","LG+I{0.0145}+R4{0.0918,0.1152,0.2750,0.4427,0.3322,0.9490,0.2865,1.9281}"
ENSB:7o5E3PXriHkQurC,LG+I+R4,0.0145,,"(0.0918,0.1152) (0.2750,0.4427) (0.3322,0.9490) (0.2865,1.9281)","LG+I{0.0145}+R4{0.0918,0.1152,0.2750,0.4427,0.3322,0.9490,0.2865,1.9281}"
ENSB:PnEsxiEVBdxpVnq,LG+I+R4,0.0145,,"(0.0918,0.1152) (0.2750,0.4427) (0.3322,0.9490) (0.2865,1.9281)","LG+I{0.0145}+R4{0.0918,0.1152,0.2750,0.4427,0.3322,0.9490,0.2865,1.9281}"
ENSB:ucftn8e6-iJbPDG,LG+I+R4,0.0145,,"(0.0918,0.1152) (0.2750,0.4427) (0.3322,0.9490) (0.2865,1.9281)","LG+I{0.0145}+R4{0.0918,0.1152,0.2750,0.4427,0.3322,0.9490,0.2865,1.9281}"
ENSB:MjcAutNAnngWxeA,LG+I+G4,0.0063,2.0720,,LG+I{0.0063}+G4{2.0720}
ENSB:-ATlgy25IUGw-8w,LG+I+G4,0.0063,2.0720,,LG+I{0.0063}+G4{2.0720}
ENSB:Hhi_5NduWNQ3lft,LG+F+I+G4,0.0000,1.2841,,LG+F+I{0.0000}+G4{1.2841}
ENSB:Ceh9Wdb-1Zp5ucu,LG+F+I+G4,0.0000,1.2841,,LG+F+I{0.0000}+G4{1.2841}
ENSB:ONSyflnD1bO_leV,LG+I+G4,0.0000,2.3759,,LG+I{0.0000}+G4{2.3759}
ENSB:_3EMzRzq05dtKxW,LG+I+G4,0.0000,1.6501,,LG+I{0.0000}+G4{1.6501}
ENSB:3MdwTnhM-PULotY,LG+F+I+R4,0.0120,,"(0.0915,0.1455) (0.3096,0.5032) (0.3947,1.0041) (0.1923,2.2600)","LG+F+I{0.0120}+R4{0.0915,0.1455,0.3096,0.5032,0.3947,1.0041,0.1923,2.2600}"
ENSB:3MdwTnhM-PULotY,LG+F+I+R4,0.0120,,"(0.0915,0.1455) (0.3096,0.5032) (0.3947,1.0041) (0.1923,2.2600)","LG+F+I{0.0120}+R4{0.0915,0.1455,0.3096,0.5032,0.3947,1.0041,0.1923,2.2600}"
ENSB:Uzakf9iv2PHCW3l,LG+F+I+R4,0.0120,,"(0.0915,0.1455) (0.3096,0.5032) (0.3947,1.0041) (0.1923,2.2600)","LG+F+I{0.0120}+R4{0.0915,0.1455,0.3096,0.5032,0.3947,1.0041,0.1923,2.2600}"
ENSB:Uzakf9iv2PHCW3l,LG+F+I+R4,0.0120,,"(0.0915,0.1455) (0.3096,0.5032) (0.3947,1.0041) (0.1923,2.2600)","LG+F+I{0.0120}+R4{0.0915,0.1455,0.3096,0.5032,0.3947,1.0041,0.1923,2.2600}"
ENSB:Y5N0MWAB-DxLj5n,LG+I+G4,0.0000,1.9804,,LG+I{0.0000}+G4{1.9804}
ENSB:-aJl2eyy10mJEul,LG+I+G4,0.0000,1.9804,,LG+I{0.0000}+G4{1.9804}
ENSB:-aJl2eyy10mJEul,LG+I+G4,0.0000,1.9804,,LG+I{0.0000}+G4{1.9804}
ENSB:a53pWoYX0hxjnR1,LG+I+G4,0.0000,1.9804,,LG+I{0.0000}+G4{1.9804}
ENSB:hw3WSQ5GLUTxZg5,LG+I+R4,0.0101,,"(0.1050,0.1232) (0.2379,0.4337) (0.3313,0.9846) (0.3157,1.7667)","LG+I{0.0101}+R4{0.1050,0.1232,0.2379,0.4337,0.3313,0.9846,0.3157,1.7667}"
ENSB:0JMmG0aPsK4AQvp,LG+I+R4,0.0221,,"(0.1837,0.1263) (0.2948,0.5589) (0.2673,1.1806) (0.2321,2.1388)","LG+I{0.0221}+R4{0.1837,0.1263,0.2948,0.5589,0.2673,1.1806,0.2321,2.1388}"
ENSB:-kdOwYsKfHVpkLm,LG+I+R4,0.0221,,"(0.1837,0.1263) (0.2948,0.5589) (0.2673,1.1806) (0.2321,2.1388)","LG+I{0.0221}+R4{0.1837,0.1263,0.2948,0.5589,0.2673,1.1806,0.2321,2.1388}"
ENSB:hqdK0glEvrx281D,LG+F+I+R4,0.0000,,"(0.0578,0.1818) (0.1963,0.5215) (0.4173,0.9308) (0.3286,1.5176)","LG+F+I{0.0000}+R4{0.0578,0.1818,0.1963,0.5215,0.4173,0.9308,0.3286,1.5176}"
ENSB:TLDp9ePC6_l9zKb,LG+F+I+R4,0.0000,,"(0.0578,0.1818) (0.1963,0.5215) (0.4173,0.9308) (0.3286,1.5176)","LG+F+I{0.0000}+R4{0.0578,0.1818,0.1963,0.5215,0.4173,0.9308,0.3286,1.5176}"
ENSB:-_YPSVrE0te71iT,LG+F+I+R4,0.0000,,"(0.0578,0.1818) (0.1963,0.5215) (0.4173,0.9308) (0.3286,1.5176)","LG+F+I{0.0000}+R4{0.0578,0.1818,0.1963,0.5215,0.4173,0.9308,0.3286,1.5176}"
ENSB:4QxgqvcsLy_u4ql,LG+F+I+R4,0.0000,,"(0.0578,0.1818) (0.1963,0.5215) (0.4173,0.9308) (0.3286,1.5176)","LG+F+I{0.0000}+R4{0.0578,0.1818,0.1963,0.5215,0.4173,0.9308,0.3286,1.5176}"
ENSB:WBwXupnPp4yGmjZ,LG+F+I+R4,0.0000,,"(0.0578,0.1818) (0.1963,0.5215) (0.4173,0.9308) (0.3286,1.5176)","LG+F+I{0.0000}+R4{0.0578,0.1818,0.1963,0.5215,0.4173,0.9308,0.3286,1.5176}"
ENSB:UvPM-rIA6jMwu9M,LG+F+I+R4,0.0000,,"(0.0578,0.1818) (0.1963,0.5215) (0.4173,0.9308) (0.3286,1.5176)","LG+F+I{0.0000}+R4{0.0578,0.1818,0.1963,0.5215,0.4173,0.9308,0.3286,1.5176}"
ENSB:_ECSTSGz4BZyKp7,LG+F+I+R4,0.0000,,"(0.0672,0.2160) (0.2551,0.5411) (0.2900,0.9345) (0.3877,1.4868)","LG+F+I{0.0000}+R4{0.0672,0.2160,0.2551,0.5411,0.2900,0.9345,0.3877,1.4868}"
ENSB:to32BxS98In0UGf,LG+F+I+R4,0.0000,,"(0.0514,0.0802) (0.1574,0.3709) (0.3210,0.7103) (0.4702,1.5090)","LG+F+I{0.0000}+R4{0.0514,0.0802,0.1574,0.3709,0.3210,0.7103,0.4702,1.5090}"
ENSB:6Vc9Jief8aZfCNI,LG+F+I+R4,0.0000,,"(0.0514,0.0802) (0.1574,0.3709) (0.3210,0.7103) (0.4702,1.5090)","LG+F+I{0.0000}+R4{0.0514,0.0802,0.1574,0.3709,0.3210,0.7103,0.4702,1.5090}"
ENSB:6Vc9Jief8aZfCNI,LG+F+I+G4,0.0000,3.0225,,LG+F+I{0.0000}+G4{3.0225}
ENSB:to32BxS98In0UGf,LG+I+G4,0.0531,2.3678,,LG+I{0.0531}+G4{2.3678}
ENSB:cBQ6hOD5oTDVh9o,LG+I+G4,0.0000,1.5768,,LG+I{0.0000}+G4{1.5768}
ENSB:XblhhjM6lGFidN_,LG+I+G4,0.0000,1.5768,,LG+I{0.0000}+G4{1.5768}
ENSB:1VY81SPMgLl8TSP,LG+I+G4,0.0000,1.5768,,LG+I{0.0000}+G4{1.5768}
ENSB:Ffy92z8_i1a_K2J,LG+I+R4,0.0054,,"(0.0711,0.2304) (0.3543,0.5859) (0.2510,1.0047) (0.3183,1.6462)","LG+I{0.0054}+R4{0.0711,0.2304,0.3543,0.5859,0.2510,1.0047,0.3183,1.6462}"
ENSB:myWNgYgeyDyEPM0,LG+I+R4,0.0000,,"(0.1842,0.2117) (0.3325,0.5557) (0.2932,1.1998) (0.1901,2.2325)","LG+I{0.0000}+R4{0.1842,0.2117,0.3325,0.5557,0.2932,1.1998,0.1901,2.2325}"
ENSB:myWNgYgeyDyEPM0,LG+I+R4,0.0000,,"(0.0941,0.0591) (0.2858,0.4005) (0.2163,0.7959) (0.4037,1.7530)","LG+I{0.0000}+R4{0.0941,0.0591,0.2858,0.4005,0.2163,0.7959,0.4037,1.7530}"
ENSB:lacxKmxb7WMGsUd,LG+I+G4,0.0000,1.2715,,LG+I{0.0000}+G4{1.2715}
ENSB:us_nS4_p5uFXlTC,LG+I+G4,0.0215,1.2270,,LG+I{0.0215}+G4{1.2270}
ENSB:GlQOCQY7fknE3WE,LG+I+G4,0.0000,1.8335,,LG+I{0.0000}+G4{1.8335}
ENSB:6qVKW7I7bbrZNmE,LG+F+I+G4,0.0169,2.9425,,LG+F+I{0.0169}+G4{2.9425}
ENSB:bLcom4J13DuQNgN,LG+F+I+R4,0.0043,,"(0.0812,0.1739) (0.1988,0.4591) (0.2330,0.8119) (0.4827,1.4613)","LG+F+I{0.0043}+R4{0.0812,0.1739,0.1988,0.4591,0.2330,0.8119,0.4827,1.4613}"
ENSB:by75C6s0vndLbvP,LG+I+R3,0.0009,,"(0.1204,0.0938) (0.4760,0.6526) (0.4027,1.6838)","LG+I{0.0009}+R3{0.1204,0.0938,0.4760,0.6526,0.4027,1.6838}"
ENSB:ZsPyXyQeiYzwnQB,LG+F+I+R4,0.0104,,"(0.0652,0.0736) (0.2068,0.3655) (0.3722,0.9145) (0.3453,1.6772)","LG+F+I{0.0104}+R4{0.0652,0.0736,0.2068,0.3655,0.3722,0.9145,0.3453,1.6772}"
ENSB:HQ0z2AQxo32udbT,LG+I+G4,0.0296,2.1451,,LG+I{0.0296}+G4{2.1451}
ENSB:er_WH1NeaRH-ruI,LG+I+G4,0.0000,1.9893,,LG+I{0.0000}+G4{1.9893}
ENSB:er_WH1NeaRH-ruI,LG+I+G4,0.0000,1.9893,,LG+I{0.0000}+G4{1.9893}
ENSB:IeG5C3ou65tlkwr,LG+I+G4,0.0000,1.9893,,LG+I{0.0000}+G4{1.9893}
ENSB:IeG5C3ou65tlkwr,LG+I+G4,0.0000,1.9893,,LG+I{0.0000}+G4{1.9893}
ENSB:8qKPF-hEln392lt,LG+I+G4,0.0988,1.0269,,LG+I{0.0988}+G4{1.0269}
ENSB:EiAl9LlguwJZ6Ua,LG+F+I+G4,0.0016,2.3632,,LG+F+I{0.0016}+G4{2.3632}
ENSB:rGUjvSjFrYFkvKz,LG+I+G4,0.0118,1.1944,,LG+I{0.0118}+G4{1.1944}
ENSB:xjYAg8FXf_6x07p,LG+I+R4,0.0243,,"(0.0815,0.0828) (0.3296,0.3878) (0.2710,1.0805) (0.2935,1.9506)","LG+I{0.0243}+R4{0.0815,0.0828,0.3296,0.3878,0.2710,1.0805,0.2935,1.9506}"
ENSB:ngVI_1XAc8neUr2,LG+I+G4,0.0000,2.3438,,LG+I{0.0000}+G4{2.3438}
ENSB:9OgWw87OEyxlOa-,LG+I+G4,0.0226,1.1766,,LG+I{0.0226}+G4{1.1766}
ENSB:Uk7QcAS7OPMjf8Y,LG+I,0.1428,,,LG+I{0.1428}
ENSB:KVpWVqlIJW2IHR_,LG+I,0.3040,,,LG+I{0.3040}
ENSB:La0FpNhKlmG_PbH,LG+F+I+R4,0.0037,,"(0.0295,0.1277) (0.1887,0.4237) (0.3719,0.8334) (0.4062,1.4929)","LG+F+I{0.0037}+R4{0.0295,0.1277,0.1887,0.4237,0.3719,0.8334,0.4062,1.4929}"
ENSB:zl7b5kNZrtSDlc2,LG+F+I+R4,0.0037,,"(0.0295,0.1277) (0.1887,0.4237) (0.3719,0.8334) (0.4062,1.4929)","LG+F+I{0.0037}+R4{0.0295,0.1277,0.1887,0.4237,0.3719,0.8334,0.4062,1.4929}"
ENSB:m8CahdceR4wZxiE,LG+I+R4,0.0000,,"(0.1510,0.2355) (0.3115,0.5269) (0.3489,1.1525) (0.1887,2.1108)","LG+I{0.0000}+R4{0.1510,0.2355,0.3115,0.5269,0.3489,1.1525,0.1887,2.1108}"
ENSB:b5xNPXn_HtxEG5b,LG+I+G4,0.0079,2.6549,,LG+I{0.0079}+G4{2.6549}
ENSB:dhgA62RKdhVwr6j,LG+I+G4,0.0079,2.6549,,LG+I{0.0079}+G4{2.6549}
ENSB:4i0J9xGdnbK01Rc,LG+I+G4,0.0079,2.6549,,LG+I{0.0079}+G4{2.6549}
ENSB:ocEFhACXwoZcwjp,LG+I+G4,0.0079,2.6549,,LG+I{0.0079}+G4{2.6549}
ENSB:dzZFabkg-pP9Ibm,LG+I+G4,0.0079,2.6549,,LG+I{0.0079}+G4{2.6549}
ENSB:B2Fx1Y2qvJ56Y22,LG+F+I+G4,0.0306,1.6491,,LG+F+I{0.0306}+G4{1.6491}
ENSB:B2Fx1Y2qvJ56Y22,LG+F+I+G4,0.0306,1.6491,,LG+F+I{0.0306}+G4{1.6491}
ENSB:b5xNPXn_HtxEG5b,LG+I+G4,0.0429,1.2379,,LG+I{0.0429}+G4{1.2379}
ENSB:dhgA62RKdhVwr6j,LG+I+G4,0.0429,1.2379,,LG+I{0.0429}+G4{1.2379}
ENSB:4i0J9xGdnbK01Rc,LG+I+G4,0.0429,1.2379,,LG+I{0.0429}+G4{1.2379}
ENSB:ocEFhACXwoZcwjp,LG+I+G4,0.0429,1.2379,,LG+I{0.0429}+G4{1.2379}
ENSB:dzZFabkg-pP9Ibm,LG+I+G4,0.0429,1.2379,,LG+I{0.0429}+G4{1.2379}
ENSB:XTGzhkECw-Bm_fq,LG+F+I+R4,0.0083,,"(0.0533,0.0798) (0.1812,0.3411) (0.4847,0.7542) (0.2725,2.0860)","LG+F+I{0.0083}+R4{0.0533,0.0798,0.1812,0.3411,0.4847,0.7542,0.2725,2.0860}"
ENSB:dR2-l-d1e9xeknc,LG+F+I+R4,0.0083,,"(0.0533,0.0798) (0.1812,0.3411) (0.4847,0.7542) (0.2725,2.0860)","LG+F+I{0.0083}+R4{0.0533,0.0798,0.1812,0.3411,0.4847,0.7542,0.2725,2.0860}"
ENSB:jszriHmrH5ZJisq,LG+I+G4,0.0000,1.7590,,LG+I{0.0000}+G4{1.7590}
ENSB:W3jeXWzxCg3xHTe,LG+I+R4,0.0000,,"(0.0974,0.0987) (0.2774,0.4554) (0.2268,0.9354) (0.3985,1.6360)","LG+I{0.0000}+R4{0.0974,0.0987,0.2774,0.4554,0.2268,0.9354,0.3985,1.6360}"
ENSB:E4uL1PPgNgw7aOy,LG+I+R4,0.0000,,"(0.0974,0.0987) (0.2774,0.4554) (0.2268,0.9354) (0.3985,1.6360)","LG+I{0.0000}+R4{0.0974,0.0987,0.2774,0.4554,0.2268,0.9354,0.3985,1.6360}"
ENSB:W3jeXWzxCg3xHTe,LG+I+G4,0.0468,1.8568,,LG+I{0.0468}+G4{1.8568}
ENSB:E4uL1PPgNgw7aOy,LG+I+G4,0.0468,1.8568,,LG+I{0.0468}+G4{1.8568}
ENSB:_uoL39WuNG94HdA,LG+F+I+R4,0.0078,,"(0.0400,0.0738) (0.1038,0.3154) (0.3570,0.7513) (0.4914,1.4166)","LG+F+I{0.0078}+R4{0.0400,0.0738,0.1038,0.3154,0.3570,0.7513,0.4914,1.4166}"
ENSB:Ci0qgDX2dC4WazB,LG+I+G4,0.0000,3.4204,,LG+I{0.0000}+G4{3.4204}
ENSB:Ci0qgDX2dC4WazB,LG+I+G4,0.0000,3.4204,,LG+I{0.0000}+G4{3.4204}
ENSB:3gA2NulmH7lyG9a,LG+I+G4,0.0000,3.4204,,LG+I{0.0000}+G4{3.4204}
ENSB:Ci0qgDX2dC4WazB,LG+I+G4,0.0678,2.3173,,LG+I{0.0678}+G4{2.3173}
ENSB:UuDFdjWfc32syvV,LG+F+I+R4,0.0058,,"(0.0871,0.0586) (0.4050,0.6053) (0.3630,1.2005) (0.1391,2.2576)","LG+F+I{0.0058}+R4{0.0871,0.0586,0.4050,0.6053,0.3630,1.2005,0.1391,2.2576}"
ENSB:UuDFdjWfc32syvV,LG+F+I+R4,0.0058,,"(0.0871,0.0586) (0.4050,0.6053) (0.3630,1.2005) (0.1391,2.2576)","LG+F+I{0.0058}+R4{0.0871,0.0586,0.4050,0.6053,0.3630,1.2005,0.1391,2.2576}"
ENSB:OxBcxLso3Np5T9O,LG+F+I+R4,0.0000,,"(0.0233,0.0465) (0.1489,0.3513) (0.3310,0.7944) (0.4969,1.3760)","LG+F+I{0.0000}+R4{0.0233,0.0465,0.1489,0.3513,0.3310,0.7944,0.4969,1.3760}"
ENSB:h8IZAt-lZnhVHHL,LG+F+I+R4,0.0000,,"(0.0233,0.0465) (0.1489,0.3513) (0.3310,0.7944) (0.4969,1.3760)","LG+F+I{0.0000}+R4{0.0233,0.0465,0.1489,0.3513,0.3310,0.7944,0.4969,1.3760}"
ENSB:1t0MLtSy7O29-bx,LG+F+I+R4,0.0000,,"(0.0233,0.0465) (0.1489,0.3513) (0.3310,0.7944) (0.4969,1.3760)","LG+F+I{0.0000}+R4{0.0233,0.0465,0.1489,0.3513,0.3310,0.7944,0.4969,1.3760}"
ENSB:K4TpEjR1fA9LAqi,LG+F+I+R4,0.0000,,"(0.0233,0.0465) (0.1489,0.3513) (0.3310,0.7944) (0.4969,1.3760)","LG+F+I{0.0000}+R4{0.0233,0.0465,0.1489,0.3513,0.3310,0.7944,0.4969,1.3760}"
ENSB:RBYuGur0eOe0pzZ,LG+F+I+R4,0.0000,,"(0.0233,0.0465) (0.1489,0.3513) (0.3310,0.7944) (0.4969,1.3760)","LG+F+I{0.0000}+R4{0.0233,0.0465,0.1489,0.3513,0.3310,0.7944,0.4969,1.3760}"
ENSB:WQI0MqeNNYQe-9w,LG+F+I+R4,0.0000,,"(0.0233,0.0465) (0.1489,0.3513) (0.3310,0.7944) (0.4969,1.3760)","LG+F+I{0.0000}+R4{0.0233,0.0465,0.1489,0.3513,0.3310,0.7944,0.4969,1.3760}"
ENSB:E6dVk7ZvJ0lzMeG,LG+F+I+R4,0.0167,,"(0.0807,0.0571) (0.2581,0.3462) (0.3525,0.8789) (0.2920,2.0421)","LG+F+I{0.0167}+R4{0.0807,0.0571,0.2581,0.3462,0.3525,0.8789,0.2920,2.0421}"
ENSB:9RP2TQUS5SZU2Xj,LG+F+I+R4,0.0167,,"(0.0807,0.0571) (0.2581,0.3462) (0.3525,0.8789) (0.2920,2.0421)","LG+F+I{0.0167}+R4{0.0807,0.0571,0.2581,0.3462,0.3525,0.8789,0.2920,2.0421}"
ENSB:qSR4I9oTo_skmBz,LG+F+I+R4,0.0167,,"(0.0807,0.0571) (0.2581,0.3462) (0.3525,0.8789) (0.2920,2.0421)","LG+F+I{0.0167}+R4{0.0807,0.0571,0.2581,0.3462,0.3525,0.8789,0.2920,2.0421}"
ENSB:fJ-UBm6bYl_94Tb,LG+I+R4,0.0130,,"(0.2337,0.0872) (0.2907,0.4814) (0.2349,1.1644) (0.2277,2.4867)","LG+I{0.0130}+R4{0.2337,0.0872,0.2907,0.4814,0.2349,1.1644,0.2277,2.4867}"
ENSB:yH-c6pxDgm5pKHl,LG+I+R4,0.0266,,"(0.0950,0.0829) (0.1349,0.3010) (0.3501,0.7980) (0.3933,1.7089)","LG+I{0.0266}+R4{0.0950,0.0829,0.1349,0.3010,0.3501,0.7980,0.3933,1.7089}"
ENSB:p-XHkRZMaaA1X8A,LG+I+R4,0.0129,,"(0.0498,0.0472) (0.1381,0.3001) (0.3084,0.7390) (0.4907,1.4840)","LG+I{0.0129}+R4{0.0498,0.0472,0.1381,0.3001,0.3084,0.7390,0.4907,1.4840}"
ENSB:UZxjNgQXTkyC4bT,LG+I+G4,0.0066,1.9686,,LG+I{0.0066}+G4{1.9686}
ENSB:-jsVSM4VPg7D8jw,LG+I+G4,0.0000,3.3240,,LG+I{0.0000}+G4{3.3240}
ENSB:_EYw4OhcRMc725K,LG+I+R4,0.0121,,"(0.0832,0.0588) (0.1443,0.2719) (0.2320,0.6275) (0.5284,1.5334)","LG+I{0.0121}+R4{0.0832,0.0588,0.1443,0.2719,0.2320,0.6275,0.5284,1.5334}"
ENSB:YcRcYB8YJ11LfoC,LG+I+R4,0.0121,,"(0.0832,0.0588) (0.1443,0.2719) (0.2320,0.6275) (0.5284,1.5334)","LG+I{0.0121}+R4{0.0832,0.0588,0.1443,0.2719,0.2320,0.6275,0.5284,1.5334}"
ENSB:v7mE3cnHseUfkEr,LG+F+I+R4,0.0000,,"(0.0247,0.1246) (0.2110,0.5352) (0.4553,0.9613) (0.3090,1.4445)","LG+F+I{0.0000}+R4{0.0247,0.1246,0.2110,0.5352,0.4553,0.9613,0.3090,1.4445}"
ENSB:WlrHvg2_btWCATq,LG+F+I+R4,0.0000,,"(0.0247,0.1246) (0.2110,0.5352) (0.4553,0.9613) (0.3090,1.4445)","LG+F+I{0.0000}+R4{0.0247,0.1246,0.2110,0.5352,0.4553,0.9613,0.3090,1.4445}"
ENSB:kLMMpNjNeh3ZAyR,LG+F+I+R4,0.0000,,"(0.0247,0.1246) (0.2110,0.5352) (0.4553,0.9613) (0.3090,1.4445)","LG+F+I{0.0000}+R4{0.0247,0.1246,0.2110,0.5352,0.4553,0.9613,0.3090,1.4445}"
ENSB:AlXRbrZ-uRUgJsi,LG+F+I+R4,0.0000,,"(0.0247,0.1246) (0.2110,0.5352) (0.4553,0.9613) (0.3090,1.4445)","LG+F+I{0.0000}+R4{0.0247,0.1246,0.2110,0.5352,0.4553,0.9613,0.3090,1.4445}"
ENSB:J19WwQI7JO-LPvU,LG+F+I+R4,0.0000,,"(0.0247,0.1246) (0.2110,0.5352) (0.4553,0.9613) (0.3090,1.4445)","LG+F+I{0.0000}+R4{0.0247,0.1246,0.2110,0.5352,0.4553,0.9613,0.3090,1.4445}"
ENSB:CaOus9ZV3P0X0RZ,LG+F+I+R4,0.0000,,"(0.0247,0.1246) (0.2110,0.5352) (0.4553,0.9613) (0.3090,1.4445)","LG+F+I{0.0000}+R4{0.0247,0.1246,0.2110,0.5352,0.4553,0.9613,0.3090,1.4445}"
ENSB:3sbtOIkV8Al9vUl,LG+F+I+R4,0.0000,,"(0.0247,0.1246) (0.2110,0.5352) (0.4553,0.9613) (0.3090,1.4445)","LG+F+I{0.0000}+R4{0.0247,0.1246,0.2110,0.5352,0.4553,0.9613,0.3090,1.4445}"
ENSB:-URscFx41p2kVuu,LG+F+I+R4,0.0000,,"(0.0247,0.1246) (0.2110,0.5352) (0.4553,0.9613) (0.3090,1.4445)","LG+F+I{0.0000}+R4{0.0247,0.1246,0.2110,0.5352,0.4553,0.9613,0.3090,1.4445}"
ENSB:kCPeC5EhcpTB19B,LG+F+I+R4,0.0000,,"(0.0247,0.1246) (0.2110,0.5352) (0.4553,0.9613) (0.3090,1.4445)","LG+F+I{0.0000}+R4{0.0247,0.1246,0.2110,0.5352,0.4553,0.9613,0.3090,1.4445}"
ENSB:lfe5ezarqiyGmfm,LG+F+I+R4,0.0000,,"(0.0355,0.1098) (0.1462,0.4000) (0.3238,0.8087) (0.4944,1.3667)","LG+F+I{0.0000}+R4{0.0355,0.1098,0.1462,0.4000,0.3238,0.8087,0.4944,1.3667}"
ENSB:4zekAjuMvgZgoq2,JTT+G4,,3.7054,,JTT+G4{3.7054}
ENSB:dTIr8b1RhM-TUaz,LG+I+G4,0.0589,1.9539,,LG+I{0.0589}+G4{1.9539}
ENSB:dTIr8b1RhM-TUaz,LG+I+G4,0.0589,1.9539,,LG+I{0.0589}+G4{1.9539}
ENSB:zNXQCu7KMzAMyok,LG+I+G4,0.0361,1.0526,,LG+I{0.0361}+G4{1.0526}
ENSB:RTp9kO0drzkk_EX,LG+I+G4,0.0996,1.2211,,LG+I{0.0996}+G4{1.2211}
ENSB:3M4uDFrdHDGGu9n,LG+I+G4,0.0000,1.1116,,LG+I{0.0000}+G4{1.1116}
ENSB:CLyJ0G9Gt2D6Uee,LG+I,0.1159,,,LG+I{0.1159}
ENSB:23Zy3jqkqxDdjfM,LG+I+G4,0.0283,1.5646,,LG+I{0.0283}+G4{1.5646}
ENSB:23Zy3jqkqxDdjfM,LG+F+I+G4,0.0000,1.1966,,LG+F+I{0.0000}+G4{1.1966}
ENSB:9q1YibVA3U9mQoL,LG+I+R4,0.0000,,"(0.2092,0.3114) (0.3971,0.6941) (0.2693,1.3661) (0.1244,2.3417)","LG+I{0.0000}+R4{0.2092,0.3114,0.3971,0.6941,0.2693,1.3661,0.1244,2.3417}"
ENSB:eTH2c4tye_8ovI0,LG+I+R4,0.0000,,"(0.2092,0.3114) (0.3971,0.6941) (0.2693,1.3661) (0.1244,2.3417)","LG+I{0.0000}+R4{0.2092,0.3114,0.3971,0.6941,0.2693,1.3661,0.1244,2.3417}"
ENSB:WvVqZktvERiBAmV,LG+I+G4,0.0918,2.0610,,LG+I{0.0918}+G4{2.0610}
ENSB:dhfJmrTI5c6X-RD,LG+I+R4,0.0086,,"(0.1254,0.1013) (0.2822,0.4545) (0.2799,0.9957) (0.3038,1.9102)","LG+I{0.0086}+R4{0.1254,0.1013,0.2822,0.4545,0.2799,0.9957,0.3038,1.9102}"
ENSB:_QA1emKrr-JmWGH,LG+I+G4,0.1598,1.3855,,LG+I{0.1598}+G4{1.3855}
ENSB:gB1VGEY7Q_SfMpZ,LG+I+G4,0.0395,1.5851,,LG+I{0.0395}+G4{1.5851}
ENSB:WtD82ZjiCUD9E8x,LG+F+I+R4,0.0043,,"(0.0964,0.1544) (0.1631,0.4221) (0.3213,0.8340) (0.4149,1.5624)","LG+F+I{0.0043}+R4{0.0964,0.1544,0.1631,0.4221,0.3213,0.8340,0.4149,1.5624}"
ENSB:73aJ17xl07N-LgI,LG+I+G4,0.1241,1.0144,,LG+I{0.1241}+G4{1.0144}
ENSB:6mg85Xu2CN9fhks,LG+I+G4,0.0409,1.6678,,LG+I{0.0409}+G4{1.6678}
ENSB:uwL6-SSzWyVRpwL,LG+I+G4,0.0409,1.6678,,LG+I{0.0409}+G4{1.6678}
ENSB:3xRZmCTf6Sa6lJm,LG+F+I+R3,0.0000,,"(0.0510,0.1156) (0.3700,0.6024) (0.5790,1.3319)","LG+F+I{0.0000}+R3{0.0510,0.1156,0.3700,0.6024,0.5790,1.3319}"
ENSB:bYGEFT5QjG03RCi,LG+I+G4,0.0229,2.4615,,LG+I{0.0229}+G4{2.4615}
ENSB:zVGW3f6YTns52S5,LG+I+G4,0.0439,1.3775,,LG+I{0.0439}+G4{1.3775}
ENSB:5CAbq1ftv-QUVvw,LG+I+G4,0.0000,1.9582,,LG+I{0.0000}+G4{1.9582}
ENSB:HkXQXyCfv7C2ezq,LG+I+G4,0.0775,1.4454,,LG+I{0.0775}+G4{1.4454}
ENSB:oVwv81QBRWcBv8H,LG+F+I+R4,0.0000,,"(0.1157,0.1341) (0.2359,0.4824) (0.2976,1.0728) (0.3507,1.5721)","LG+F+I{0.0000}+R4{0.1157,0.1341,0.2359,0.4824,0.2976,1.0728,0.3507,1.5721}"
ENSB:x0SpveUE-0GSSyq,LG+I+G4,0.0117,1.6480,,LG+I{0.0117}+G4{1.6480}
ENSB:lUuj-o7-neTB0Nd,LG+F+I+R4,0.0000,,"(0.0187,0.1801) (0.1267,0.5017) (0.5603,0.9205) (0.2943,1.4180)","LG+F+I{0.0000}+R4{0.0187,0.1801,0.1267,0.5017,0.5603,0.9205,0.2943,1.4180}"
ENSB:uEj31BfKJ2BqJZW,LG+I+G4,0.0108,1.0062,,LG+I{0.0108}+G4{1.0062}
ENSB:l9NdVQt5oldOP_-,LG+I+G4,0.0000,1.3614,,LG+I{0.0000}+G4{1.3614}
ENSB:s4SmIMEWVuzi5fr,LG+I+R4,0.0123,,"(0.1995,0.1093) (0.2840,0.5486) (0.2712,1.1537) (0.2330,2.1870)","LG+I{0.0123}+R4{0.1995,0.1093,0.2840,0.5486,0.2712,1.1537,0.2330,2.1870}"
ENSB:-i_yqoafme0vkID,LG+F+I+R4,0.0000,,"(0.2126,0.2669) (0.2612,0.6457) (0.2625,1.1541) (0.2637,1.7884)","LG+F+I{0.0000}+R4{0.2126,0.2669,0.2612,0.6457,0.2625,1.1541,0.2637,1.7884}"
ENSB:RAo-f7Xwt7lC0OJ,LG+I+G4,0.0530,1.3892,,LG+I{0.0530}+G4{1.3892}
ENSB:qH3CoGOyIkX0LJn,LG+I+G4,0.0530,1.3892,,LG+I{0.0530}+G4{1.3892}
ENSB:U5W6rxrNicRcrxt,LG+I+R4,0.0074,,"(0.0401,0.0763) (0.1729,0.3377) (0.4006,0.8427) (0.3790,1.5856)","LG+I{0.0074}+R4{0.0401,0.0763,0.1729,0.3377,0.4006,0.8427,0.3790,1.5856}"
ENSB:bm_2KuSg6N3U6GJ,LG+I+R4,0.0062,,"(0.0565,0.0487) (0.1847,0.2958) (0.2359,0.6297) (0.5168,1.5366)","LG+I{0.0062}+R4{0.0565,0.0487,0.1847,0.2958,0.2359,0.6297,0.5168,1.5366}"
ENSB:Wq8l-vYYQvSRdkH,LG+I+G4,0.0055,0.7776,,LG+I{0.0055}+G4{0.7776}
ENSB:eLSJhw8YVLgxe-H,LG+F+I+R4,0.0009,,"(0.0534,0.1492) (0.2577,0.3578) (0.2547,0.7075) (0.4333,1.6607)","LG+F+I{0.0009}+R4{0.0534,0.1492,0.2577,0.3578,0.2547,0.7075,0.4333,1.6607}"
ENSB:LY-PA6ja35FBMxr,LG+F+I+R4,0.0009,,"(0.0534,0.1492) (0.2577,0.3578) (0.2547,0.7075) (0.4333,1.6607)","LG+F+I{0.0009}+R4{0.0534,0.1492,0.2577,0.3578,0.2547,0.7075,0.4333,1.6607}"
ENSB:LY-PA6ja35FBMxr,LG+F+I+R4,0.0009,,"(0.0534,0.1492) (0.2577,0.3578) (0.2547,0.7075) (0.4333,1.6607)","LG+F+I{0.0009}+R4{0.0534,0.1492,0.2577,0.3578,0.2547,0.7075,0.4333,1.6607}"
ENSB:LY-PA6ja35FBMxr,LG+F+I+R4,0.0009,,"(0.0534,0.1492) (0.2577,0.3578) (0.2547,0.7075) (0.4333,1.6607)","LG+F+I{0.0009}+R4{0.0534,0.1492,0.2577,0.3578,0.2547,0.7075,0.4333,1.6607}"
ENSB:hUbnOLjdmp3nhtX,LG+I+G4,0.0000,1.5244,,LG+I{0.0000}+G4{1.5244}
ENSB:0TXrt3aOW3gv8X7,LG+I+G4,0.0066,2.4444,,LG+I{0.0066}+G4{2.4444}
ENSB:FpyG6bU9ckx42-o,LG+I+G4,0.0066,2.4444,,LG+I{0.0066}+G4{2.4444}
ENSB:NYroNR_pE0jgDrx,LG+I+R4,0.0000,,"(0.2208,0.2754) (0.4048,0.6485) (0.2086,1.3155) (0.1658,2.4263)","LG+I{0.0000}+R4{0.2208,0.2754,0.4048,0.6485,0.2086,1.3155,0.1658,2.4263}"
ENSB:m4CvhT69QV1Xazg,LG+F+I+G4,0.0000,2.0943,,LG+F+I{0.0000}+G4{2.0943}
ENSB:uEVW-jq-xFHLWEj,LG+F+I+G4,0.0000,2.0943,,LG+F+I{0.0000}+G4{2.0943}
ENSB:BMVWUhuHvQzdZ39,LG+I+G4,0.0163,1.8639,,LG+I{0.0163}+G4{1.8639}
ENSB:QmBl9c0kqfLT9XA,LG+I+G4,0.0163,1.8639,,LG+I{0.0163}+G4{1.8639}
ENSB:eft4kH6yS2r38uQ,LG+I+G4,0.0000,1.7528,,LG+I{0.0000}+G4{1.7528}
ENSB:d0ds1jax9wLLL2n,LG+F+I+R4,0.0079,,"(0.0354,0.0314) (0.1071,0.3578) (0.3375,0.7273) (0.5121,1.3965)","LG+F+I{0.0079}+R4{0.0354,0.0314,0.1071,0.3578,0.3375,0.7273,0.5121,1.3965}"
ENSB:v7VC4rE1XUsrBdM,LG+F+I+G4,0.0000,1.5370,,LG+F+I{0.0000}+G4{1.5370}
ENSB:Ke3wwM2BlJ40P9Y,LG+I+R4,0.0000,,"(0.0177,0.0586) (0.2179,0.4524) (0.3197,0.8153) (0.4447,1.4386)","LG+I{0.0000}+R4{0.0177,0.0586,0.2179,0.4524,0.3197,0.8153,0.4447,1.4386}"
ENSB:_VULF8aZmB1eEr1,LG+I+R4,0.0000,,"(0.0177,0.0586) (0.2179,0.4524) (0.3197,0.8153) (0.4447,1.4386)","LG+I{0.0000}+R4{0.0177,0.0586,0.2179,0.4524,0.3197,0.8153,0.4447,1.4386}"
ENSB:-sGx3j4qKuUBYKQ,LG+I+R4,0.0000,,"(0.0177,0.0586) (0.2179,0.4524) (0.3197,0.8153) (0.4447,1.4386)","LG+I{0.0000}+R4{0.0177,0.0586,0.2179,0.4524,0.3197,0.8153,0.4447,1.4386}"
ENSB:0edb2DzvnUgMpbM,LG+I+R4,0.0000,,"(0.0177,0.0586) (0.2179,0.4524) (0.3197,0.8153) (0.4447,1.4386)","LG+I{0.0000}+R4{0.0177,0.0586,0.2179,0.4524,0.3197,0.8153,0.4447,1.4386}"
ENSB:YYcp0AQLxqoW6RY,LG+I+R4,0.0000,,"(0.0177,0.0586) (0.2179,0.4524) (0.3197,0.8153) (0.4447,1.4386)","LG+I{0.0000}+R4{0.0177,0.0586,0.2179,0.4524,0.3197,0.8153,0.4447,1.4386}"
ENSB:EPDcxVi0A-ukDPR,LG+I+R4,0.0000,,"(0.0177,0.0586) (0.2179,0.4524) (0.3197,0.8153) (0.4447,1.4386)","LG+I{0.0000}+R4{0.0177,0.0586,0.2179,0.4524,0.3197,0.8153,0.4447,1.4386}"
ENSB:8lWWjquPZMhnT3M,LG+I+R4,0.0000,,"(0.0177,0.0586) (0.2179,0.4524) (0.3197,0.8153) (0.4447,1.4386)","LG+I{0.0000}+R4{0.0177,0.0586,0.2179,0.4524,0.3197,0.8153,0.4447,1.4386}"
ENSB:2_uXwZXbbQKMF5E,LG+I+R4,0.0000,,"(0.0177,0.0586) (0.2179,0.4524) (0.3197,0.8153) (0.4447,1.4386)","LG+I{0.0000}+R4{0.0177,0.0586,0.2179,0.4524,0.3197,0.8153,0.4447,1.4386}"
ENSB:TMuVny3NAeclCC1,LG+I+R4,0.0000,,"(0.0177,0.0586) (0.2179,0.4524) (0.3197,0.8153) (0.4447,1.4386)","LG+I{0.0000}+R4{0.0177,0.0586,0.2179,0.4524,0.3197,0.8153,0.4447,1.4386}"
ENSB:y1Kagz-brKpo2Ej,LG+I+R4,0.0000,,"(0.0177,0.0586) (0.2179,0.4524) (0.3197,0.8153) (0.4447,1.4386)","LG+I{0.0000}+R4{0.0177,0.0586,0.2179,0.4524,0.3197,0.8153,0.4447,1.4386}"
ENSB:nxxC_7TifebpGls,LG+I+R4,0.0000,,"(0.0177,0.0586) (0.2179,0.4524) (0.3197,0.8153) (0.4447,1.4386)","LG+I{0.0000}+R4{0.0177,0.0586,0.2179,0.4524,0.3197,0.8153,0.4447,1.4386}"
ENSB:Mm1d8TULdtjExn4,LG+I+R4,0.0000,,"(0.0177,0.0586) (0.2179,0.4524) (0.3197,0.8153) (0.4447,1.4386)","LG+I{0.0000}+R4{0.0177,0.0586,0.2179,0.4524,0.3197,0.8153,0.4447,1.4386}"
ENSB:LL4HgdLiNixmRVF,LG+I+R4,0.0000,,"(0.0177,0.0586) (0.2179,0.4524) (0.3197,0.8153) (0.4447,1.4386)","LG+I{0.0000}+R4{0.0177,0.0586,0.2179,0.4524,0.3197,0.8153,0.4447,1.4386}"
ENSB:yY2IdSzO9MWGGH8,LG+I+R4,0.0000,,"(0.0177,0.0586) (0.2179,0.4524) (0.3197,0.8153) (0.4447,1.4386)","LG+I{0.0000}+R4{0.0177,0.0586,0.2179,0.4524,0.3197,0.8153,0.4447,1.4386}"
ENSB:yjArRhIBzj3-voE,LG+I+R4,0.0000,,"(0.0177,0.0586) (0.2179,0.4524) (0.3197,0.8153) (0.4447,1.4386)","LG+I{0.0000}+R4{0.0177,0.0586,0.2179,0.4524,0.3197,0.8153,0.4447,1.4386}"
ENSB:Yu9iOsUgBLdx96z,LG+I+R4,0.0000,,"(0.0177,0.0586) (0.2179,0.4524) (0.3197,0.8153) (0.4447,1.4386)","LG+I{0.0000}+R4{0.0177,0.0586,0.2179,0.4524,0.3197,0.8153,0.4447,1.4386}"
ENSB:nl0nb-nR5PmveVs,LG+I+R4,0.0000,,"(0.0177,0.0586) (0.2179,0.4524) (0.3197,0.8153) (0.4447,1.4386)","LG+I{0.0000}+R4{0.0177,0.0586,0.2179,0.4524,0.3197,0.8153,0.4447,1.4386}"
ENSB:-qVPdnlk-ONsGQS,LG+I+R4,0.0000,,"(0.0177,0.0586) (0.2179,0.4524) (0.3197,0.8153) (0.4447,1.4386)","LG+I{0.0000}+R4{0.0177,0.0586,0.2179,0.4524,0.3197,0.8153,0.4447,1.4386}"
ENSB:OJE3KPpyauYvHRe,LG+I+G4,0.0882,1.0530,,LG+I{0.0882}+G4{1.0530}
ENSB:5v_S48rVcPtI_9_,LG+I+R4,0.0046,,"(0.0667,0.0641) (0.2282,0.4426) (0.3192,0.8920) (0.3814,1.5995)","LG+I{0.0046}+R4{0.0667,0.0641,0.2282,0.4426,0.3192,0.8920,0.3814,1.5995}"
ENSB:ipLy0LLLNK7a3rA,LG+I+R4,0.0046,,"(0.0667,0.0641) (0.2282,0.4426) (0.3192,0.8920) (0.3814,1.5995)","LG+I{0.0046}+R4{0.0667,0.0641,0.2282,0.4426,0.3192,0.8920,0.3814,1.5995}"
ENSB:ky8yOH4bCYTXiG4,LG+I+R4,0.0046,,"(0.0667,0.0641) (0.2282,0.4426) (0.3192,0.8920) (0.3814,1.5995)","LG+I{0.0046}+R4{0.0667,0.0641,0.2282,0.4426,0.3192,0.8920,0.3814,1.5995}"
ENSB:dxK1iZAsrApZh-_,LG+I+R4,0.0046,,"(0.0667,0.0641) (0.2282,0.4426) (0.3192,0.8920) (0.3814,1.5995)","LG+I{0.0046}+R4{0.0667,0.0641,0.2282,0.4426,0.3192,0.8920,0.3814,1.5995}"
ENSB:iW0AR021JAoj67A,LG+I+G4,0.0366,2.1878,,LG+I{0.0366}+G4{2.1878}
ENSB:L3loo4GX1iHGgc6,LG+I+G4,0.0366,2.1878,,LG+I{0.0366}+G4{2.1878}
ENSB:r3hQ_ZG8JkBuksx,LG+I+G4,0.0210,1.2815,,LG+I{0.0210}+G4{1.2815}
ENSB:jKAJftc6WvrnyDg,LG+I+R4,0.0028,,"(0.0317,0.1216) (0.1763,0.3462) (0.3455,0.7628) (0.4438,1.5134)","LG+I{0.0028}+R4{0.0317,0.1216,0.1763,0.3462,0.3455,0.7628,0.4438,1.5134}"
ENSB:GZ482slDwDANsBt,LG+I+R3,0.0001,,"(0.1480,0.1503) (0.3741,0.6102) (0.4778,1.5686)","LG+I{0.0001}+R3{0.1480,0.1503,0.3741,0.6102,0.4778,1.5686}"
ENSB:sWbU_z5ePXmY4vh,LG+I+G4,0.0291,1.1573,,LG+I{0.0291}+G4{1.1573}
ENSB:vKnCICx-6Sty-eT,LG+I+R4,0.0451,,"(0.1176,0.0609) (0.2308,0.3821) (0.2820,0.8993) (0.3245,2.0063)","LG+I{0.0451}+R4{0.1176,0.0609,0.2308,0.3821,0.2820,0.8993,0.3245,2.0063}"
ENSB:VJtQC2Whr7kuDtF,LG+I+G4,0.0720,1.5361,,LG+I{0.0720}+G4{1.5361}
ENSB:zLq4Y9pBQ7aD4HZ,LG+F+I+G4,0.0000,4.3281,,LG+F+I{0.0000}+G4{4.3281}
ENSB:Yzsca-6JtsquzAE,LG+I+G4,0.0171,1.7717,,LG+I{0.0171}+G4{1.7717}
ENSB:0kkldHyC-DEYrMP,LG+I+R3,0.0000,,"(0.0744,0.1573) (0.3727,0.5843) (0.5528,1.3937)","LG+I{0.0000}+R3{0.0744,0.1573,0.3727,0.5843,0.5528,1.3937}"
ENSB:hb5VzjwpL066TMQ,LG+F+I+R4,0.0000,,"(0.0482,0.1102) (0.2197,0.4159) (0.3811,0.9348) (0.3510,1.5588)","LG+F+I{0.0000}+R4{0.0482,0.1102,0.2197,0.4159,0.3811,0.9348,0.3510,1.5588}"
ENSB:x5ofowhLDGEfyVm,LG+F+I+R3,0.0165,,"(0.1278,0.2245) (0.3834,0.6894) (0.4723,1.4969)","LG+F+I{0.0165}+R3{0.1278,0.2245,0.3834,0.6894,0.4723,1.4969}"
ENSB:ojsLG_wipvyLrLm,LG+I,0.0419,,,LG+I{0.0419}
ENSB:OVddhl2f_iK9sKT,LG+I,0.0419,,,LG+I{0.0419}
ENSB:nmT09BBwUWmybyH,LG+I+G4,0.0128,2.2541,,LG+I{0.0128}+G4{2.2541}
ENSB:HyvS8Negl5xNd0b,LG+I+G4,0.0515,4.7224,,LG+I{0.0515}+G4{4.7224}
ENSB:UpwYlZb71vr-TUV,LG+F+I+R4,0.0063,,"(0.0526,0.0914) (0.2221,0.3916) (0.3387,0.8849) (0.3803,1.6003)","LG+F+I{0.0063}+R4{0.0526,0.0914,0.2221,0.3916,0.3387,0.8849,0.3803,1.6003}"
ENSB:J8Weqn86v5UF62g,LG+I+G4,0.0072,2.0637,,LG+I{0.0072}+G4{2.0637}
ENSB:8nuktlp_FF7KoFl,LG+I+G4,0.0063,2.1578,,LG+I{0.0063}+G4{2.1578}
ENSB:Mw9RlYlJQeHbc_F,LG+I+G4,0.0063,2.1578,,LG+I{0.0063}+G4{2.1578}
ENSB:97VE8mjm9brop2t,LG+F+I+R4,0.0000,,"(0.1052,0.2694) (0.2168,0.5552) (0.3087,0.9597) (0.3694,1.5029)","LG+F+I{0.0000}+R4{0.1052,0.2694,0.2168,0.5552,0.3087,0.9597,0.3694,1.5029}"
ENSB:4vQ0tLONjtlQ1NR,LG+I+R4,0.0000,,"(0.0139,0.0444) (0.2332,0.3438) (0.4003,0.8525) (0.3526,1.6389)","LG+I{0.0000}+R4{0.0139,0.0444,0.2332,0.3438,0.4003,0.8525,0.3526,1.6389}"
ENSB:Cul4RDvDLaJepvN,LG+I+R4,0.0000,,"(0.0139,0.0444) (0.2332,0.3438) (0.4003,0.8525) (0.3526,1.6389)","LG+I{0.0000}+R4{0.0139,0.0444,0.2332,0.3438,0.4003,0.8525,0.3526,1.6389}"
ENSB:zcI9-sfepiUQ9Nh,LG+F+I+R4,0.0000,,"(0.0344,0.2207) (0.3902,0.5968) (0.3633,1.0877) (0.2120,1.7183)","LG+F+I{0.0000}+R4{0.0344,0.2207,0.3902,0.5968,0.3633,1.0877,0.2120,1.7183}"
ENSB:pVpOgo7YrnEGJg5,LG+I+G4,0.0684,0.9482,,LG+I{0.0684}+G4{0.9482}
ENSB:Kwf5UmkmqZC5Xuz,LG+I+R4,0.0095,,"(0.0988,0.1152) (0.2327,0.3874) (0.2418,0.7625) (0.4172,1.7115)","LG+I{0.0095}+R4{0.0988,0.1152,0.2327,0.3874,0.2418,0.7625,0.4172,1.7115}"
ENSB:4yob0uX166TlrvC,LG+I+R4,0.0095,,"(0.0988,0.1152) (0.2327,0.3874) (0.2418,0.7625) (0.4172,1.7115)","LG+I{0.0095}+R4{0.0988,0.1152,0.2327,0.3874,0.2418,0.7625,0.4172,1.7115}"
ENSB:8zKOhshMBZo1rng,LG+F+I+R4,0.0102,,"(0.0448,0.0523) (0.2087,0.3561) (0.4760,0.8956) (0.2603,1.9093)","LG+F+I{0.0102}+R4{0.0448,0.0523,0.2087,0.3561,0.4760,0.8956,0.2603,1.9093}"
ENSB:vul6enRVbSu8iyH,LG+F+I+R4,0.0102,,"(0.0448,0.0523) (0.2087,0.3561) (0.4760,0.8956) (0.2603,1.9093)","LG+F+I{0.0102}+R4{0.0448,0.0523,0.2087,0.3561,0.4760,0.8956,0.2603,1.9093}"
ENSB:kKpPAR8Fpchua86,LG+I+G4,0.0163,1.4281,,LG+I{0.0163}+G4{1.4281}
ENSB:SBYirlKEGXRap_Q,LG+I+G4,0.0813,2.2877,,LG+I{0.0813}+G4{2.2877}
ENSB:nlg-mKAAtw3A7zd,LG+I+G4,0.0625,4.3278,,LG+I{0.0625}+G4{4.3278}
ENSB:Y7AlHjgnQJFgpyM,LG+I+G4,0.0625,4.3278,,LG+I{0.0625}+G4{4.3278}
ENSB:E1zz5MvJJAejNwh,LG+I+G4,0.0625,4.3278,,LG+I{0.0625}+G4{4.3278}
ENSB:iHkvht1s1w1UOfh,LG+I+R4,0.0115,,"(0.1378,0.1031) (0.3026,0.4358) (0.3232,1.1247) (0.2248,2.1811)","LG+I{0.0115}+R4{0.1378,0.1031,0.3026,0.4358,0.3232,1.1247,0.2248,2.1811}"
ENSB:KyRtpZyJF4EWdOu,JTT+G4,,2.5138,,JTT+G4{2.5138}
ENSB:WT4l-tBEM7BOJzq,LG+F+I+G4,0.0256,2.2713,,LG+F+I{0.0256}+G4{2.2713}
ENSB:TtxPd-JZ2BXjRzj,LG+F+I+G4,0.0256,2.2713,,LG+F+I{0.0256}+G4{2.2713}
ENSB:7vUC4dvNKvj9PbT,LG+I+G4,0.0049,1.9639,,LG+I{0.0049}+G4{1.9639}
ENSB:RrhARZ-er-rfE0C,LG+I+R4,0.0085,,"(0.1073,0.1480) (0.3009,0.5835) (0.4829,1.1499) (0.1004,2.5219)","LG+I{0.0085}+R4{0.1073,0.1480,0.3009,0.5835,0.4829,1.1499,0.1004,2.5219}"
ENSB:Sa8GiV5jZGw_ou2,LG+I+R4,0.0085,,"(0.1073,0.1480) (0.3009,0.5835) (0.4829,1.1499) (0.1004,2.5219)","LG+I{0.0085}+R4{0.1073,0.1480,0.3009,0.5835,0.4829,1.1499,0.1004,2.5219}"
ENSB:KbnmWCj0hwrWDHW,LG+I+G4,0.0111,1.9849,,LG+I{0.0111}+G4{1.9849}
ENSB:wJhdg6aBnXh3FDD,LG+I+G4,0.0778,3.8805,,LG+I{0.0778}+G4{3.8805}
ENSB:vUUFOM-JbGEl8pW,LG+I+R4,0.0170,,"(0.0497,0.0833) (0.1523,0.3682) (0.3363,0.7896) (0.4447,1.5161)","LG+I{0.0170}+R4{0.0497,0.0833,0.1523,0.3682,0.3363,0.7896,0.4447,1.5161}"
ENSB:CPam0tzJcgdxIV5,LG+I+R4,0.0000,,"(0.1378,0.2093) (0.2841,0.6101) (0.2679,1.0718) (0.3102,1.6465)","LG+I{0.0000}+R4{0.1378,0.2093,0.2841,0.6101,0.2679,1.0718,0.3102,1.6465}"
ENSB:AMIw--hO5z0vDhe,LG+I+R4,0.0000,,"(0.1378,0.2093) (0.2841,0.6101) (0.2679,1.0718) (0.3102,1.6465)","LG+I{0.0000}+R4{0.1378,0.2093,0.2841,0.6101,0.2679,1.0718,0.3102,1.6465}"
ENSB:C37Yv9mv7-4Xj2k,LG+I+G4,0.0105,1.8112,,LG+I{0.0105}+G4{1.8112}
ENSB:zgTkjqGnj7Rjwh5,LG+I+R4,0.0182,,"(0.0622,0.0646) (0.1965,0.2627) (0.2944,0.8133) (0.4287,1.6443)","LG+I{0.0182}+R4{0.0622,0.0646,0.1965,0.2627,0.2944,0.8133,0.4287,1.6443}"
ENSB:wHPQ_nDL6bFbci7,LG+F+I+R4,0.0000,,"(0.1360,0.0884) (0.2955,0.4332) (0.2404,0.9931) (0.3282,1.8930)","LG+F+I{0.0000}+R4{0.1360,0.0884,0.2955,0.4332,0.2404,0.9931,0.3282,1.8930}"
ENSB:nF0OS_t2nfsgeUP,LG+I+G4,0.0738,1.4957,,LG+I{0.0738}+G4{1.4957}
ENSB:nF0OS_t2nfsgeUP,LG+I+G4,0.0738,1.4957,,LG+I{0.0738}+G4{1.4957}
ENSB:WvtkBihtyHJ7IPr,LG+I+R4,0.0136,,"(0.0644,0.0667) (0.2110,0.3749) (0.3549,0.7626) (0.3560,1.8141)","LG+I{0.0136}+R4{0.0644,0.0667,0.2110,0.3749,0.3549,0.7626,0.3560,1.8141}"
ENSB:ZTHHjwjbPwpuxzn,LG+I+R4,0.0434,,"(0.0719,0.0865) (0.2731,0.3784) (0.2841,0.9272) (0.3274,1.9150)","LG+I{0.0434}+R4{0.0719,0.0865,0.2731,0.3784,0.2841,0.9272,0.3274,1.9150}"
ENSB:kKqoK1kOofTCIli,LG+F+I+R4,0.0000,,"(0.1597,0.3283) (0.3201,0.6233) (0.2472,1.1200) (0.2731,1.7256)","LG+F+I{0.0000}+R4{0.1597,0.3283,0.3201,0.6233,0.2472,1.1200,0.2731,1.7256}"
ENSB:HBThkKpfg6CLE67,LG+F+I+R4,0.0000,,"(0.1597,0.3283) (0.3201,0.6233) (0.2472,1.1200) (0.2731,1.7256)","LG+F+I{0.0000}+R4{0.1597,0.3283,0.3201,0.6233,0.2472,1.1200,0.2731,1.7256}"
ENSB:mhJ61bE-DpuUrWV,LG+F+I+G4,0.0000,2.8829,,LG+F+I{0.0000}+G4{2.8829}
ENSB:r6jYVYPOYyPuyNQ,LG+F+I+G4,0.0000,2.8829,,LG+F+I{0.0000}+G4{2.8829}
ENSB:ppd8lwDrHdSLzJz,LG+F+I+G4,0.0000,2.8829,,LG+F+I{0.0000}+G4{2.8829}
ENSB:QMitT8UYhXmfJMV,LG+F+I+G4,0.0000,2.8829,,LG+F+I{0.0000}+G4{2.8829}
ENSB:TPwAjaUcRXSue64,LG+F+I+G4,0.0000,2.8829,,LG+F+I{0.0000}+G4{2.8829}
ENSB:kQktuEYbaJWtwRb,LG+F+I+G4,0.0000,2.8829,,LG+F+I{0.0000}+G4{2.8829}
ENSB:mhJ61bE-DpuUrWV,LG+I+G4,0.0000,1.6993,,LG+I{0.0000}+G4{1.6993}
ENSB:r6jYVYPOYyPuyNQ,LG+I+G4,0.0000,1.6993,,LG+I{0.0000}+G4{1.6993}
ENSB:ppd8lwDrHdSLzJz,LG+I+G4,0.0000,1.6993,,LG+I{0.0000}+G4{1.6993}
ENSB:QMitT8UYhXmfJMV,LG+I+G4,0.0000,1.6993,,LG+I{0.0000}+G4{1.6993}
ENSB:kQktuEYbaJWtwRb,LG+I+G4,0.0000,1.6993,,LG+I{0.0000}+G4{1.6993}
ENSB:QMitT8UYhXmfJMV,LG+F+I+G4,0.0034,2.1125,,LG+F+I{0.0034}+G4{2.1125}
ENSB:B8YtD2LmS2bbxqV,LG+I+G4,0.0757,1.8523,,LG+I{0.0757}+G4{1.8523}
ENSB:2x2swCb1Bk8uv03,LG+I+G4,0.0945,1.2311,,LG+I{0.0945}+G4{1.2311}
ENSB:2x2swCb1Bk8uv03,LG+I+G4,0.0000,2.3802,,LG+I{0.0000}+G4{2.3802}
ENSB:2x2swCb1Bk8uv03,LG+I+G4,0.0000,2.3802,,LG+I{0.0000}+G4{2.3802}
ENSB:2x2swCb1Bk8uv03,LG+I+G4,0.0226,1.1630,,LG+I{0.0226}+G4{1.1630}
ENSB:tLRQfF7JrZD5NcI,LG+I+G4,0.0000,1.5159,,LG+I{0.0000}+G4{1.5159}
ENSB:5Pnm1WJrh05fSRa,LG+I+R4,0.0012,,"(0.0314,0.0691) (0.1636,0.3501) (0.3316,0.7465) (0.4722,1.4677)","LG+I{0.0012}+R4{0.0314,0.0691,0.1636,0.3501,0.3316,0.7465,0.4722,1.4677}"
ENSB:nnoKUEq4goPSyAN,LG+I+R4,0.0012,,"(0.0314,0.0691) (0.1636,0.3501) (0.3316,0.7465) (0.4722,1.4677)","LG+I{0.0012}+R4{0.0314,0.0691,0.1636,0.3501,0.3316,0.7465,0.4722,1.4677}"
ENSB:fLdXg0B3epnN6Uk,LG+I+G4,0.0011,1.6211,,LG+I{0.0011}+G4{1.6211}
ENSB:tp8qloFztB4UGam,LG+I+G4,0.0011,1.6211,,LG+I{0.0011}+G4{1.6211}
ENSB:MgAJbFMF1ELaBXx,LG+I+G4,0.0011,1.6211,,LG+I{0.0011}+G4{1.6211}
ENSB:1IjbXJN4rW2QKUR,LG+I+G4,0.0011,1.6211,,LG+I{0.0011}+G4{1.6211}
ENSB:zqNH5ERXrriLB57,LG+I+G4,0.0011,1.6211,,LG+I{0.0011}+G4{1.6211}
ENSB:axGIAhlwQWFYL6f,LG+I+G4,0.0011,1.6211,,LG+I{0.0011}+G4{1.6211}
ENSB:BOtMl0Z39nJMD2I,LG+I+G4,0.0011,1.6211,,LG+I{0.0011}+G4{1.6211}
ENSB:Z-xaLxlql_37Qpo,LG+I+G4,0.0011,1.6211,,LG+I{0.0011}+G4{1.6211}
ENSB:DE3eezEi6_UPRc5,LG+I+G4,0.0000,3.7122,,LG+I{0.0000}+G4{3.7122}
ENSB:DE3eezEi6_UPRc5,LG+I+G4,0.0000,3.7122,,LG+I{0.0000}+G4{3.7122}
ENSB:bsvdb2fX173Qn_V,LG+I+R3,0.0593,,"(0.0544,0.2568) (0.4030,0.7610) (0.4834,1.4056)","LG+I{0.0593}+R3{0.0544,0.2568,0.4030,0.7610,0.4834,1.4056}"
ENSB:6jitib43BCjNblr,LG+I+R3,0.0593,,"(0.0544,0.2568) (0.4030,0.7610) (0.4834,1.4056)","LG+I{0.0593}+R3{0.0544,0.2568,0.4030,0.7610,0.4834,1.4056}"
ENSB:ghDhcY39zFKTTqz,LG+I+R3,0.0593,,"(0.0544,0.2568) (0.4030,0.7610) (0.4834,1.4056)","LG+I{0.0593}+R3{0.0544,0.2568,0.4030,0.7610,0.4834,1.4056}"
ENSB:AEf1ZM6voF02liI,LG+I+R3,0.0593,,"(0.0544,0.2568) (0.4030,0.7610) (0.4834,1.4056)","LG+I{0.0593}+R3{0.0544,0.2568,0.4030,0.7610,0.4834,1.4056}"
ENSB:0phHSCBlGZyQJZR,LG+I+R3,0.0593,,"(0.0544,0.2568) (0.4030,0.7610) (0.4834,1.4056)","LG+I{0.0593}+R3{0.0544,0.2568,0.4030,0.7610,0.4834,1.4056}"
ENSB:QTCiOTLlEBWMD01,LG+I+R3,0.0593,,"(0.0544,0.2568) (0.4030,0.7610) (0.4834,1.4056)","LG+I{0.0593}+R3{0.0544,0.2568,0.4030,0.7610,0.4834,1.4056}"
ENSB:3kbWi1-1myZfByr,LG+I+R3,0.0593,,"(0.0544,0.2568) (0.4030,0.7610) (0.4834,1.4056)","LG+I{0.0593}+R3{0.0544,0.2568,0.4030,0.7610,0.4834,1.4056}"
ENSB:9IyKogfRHwzX3ak,LG+I+R3,0.0593,,"(0.0544,0.2568) (0.4030,0.7610) (0.4834,1.4056)","LG+I{0.0593}+R3{0.0544,0.2568,0.4030,0.7610,0.4834,1.4056}"
ENSB:DBOfRw1Yxy7cDb7,LG+F+I+R4,0.0000,,"(0.0409,0.3107) (0.1931,0.5416) (0.4378,0.9082) (0.3282,1.4780)","LG+F+I{0.0000}+R4{0.0409,0.3107,0.1931,0.5416,0.4378,0.9082,0.3282,1.4780}"
ENSB:2EjPpoBiRGKPmCW,LG+I+R4,0.0140,,"(0.0962,0.0622) (0.2201,0.3178) (0.2581,0.7507) (0.4116,1.7742)","LG+I{0.0140}+R4{0.0962,0.0622,0.2201,0.3178,0.2581,0.7507,0.4116,1.7742}"
ENSB:H78hzRwnTwKStAU,LG+I+R4,0.0279,,"(0.1398,0.0593) (0.0989,0.3351) (0.3017,0.8104) (0.4316,1.6544)","LG+I{0.0279}+R4{0.1398,0.0593,0.0989,0.3351,0.3017,0.8104,0.4316,1.6544}"
ENSB:qN2AnxgFCYgJHYr,LG+I+R4,0.0000,,"(0.0564,0.0579) (0.2946,0.3886) (0.3167,0.8541) (0.3323,1.8409)","LG+I{0.0000}+R4{0.0564,0.0579,0.2946,0.3886,0.3167,0.8541,0.3323,1.8409}"
ENSB:E0KyJG23n9KP5zX,LG+I+R4,0.0157,,"(0.1580,0.1594) (0.2775,0.4192) (0.3210,1.0479) (0.2277,2.2926)","LG+I{0.0157}+R4{0.1580,0.1594,0.2775,0.4192,0.3210,1.0479,0.2277,2.2926}"
ENSB:PeCvoXyPXr-jZtU,LG+I+R4,0.0057,,"(0.1234,0.0750) (0.2355,0.3885) (0.3674,0.9080) (0.2680,2.1108)","LG+I{0.0057}+R4{0.1234,0.0750,0.2355,0.3885,0.3674,0.9080,0.2680,2.1108}"
ENSB:Yd1-jrV65Q9MMDi,LG+I+R4,0.0057,,"(0.1234,0.0750) (0.2355,0.3885) (0.3674,0.9080) (0.2680,2.1108)","LG+I{0.0057}+R4{0.1234,0.0750,0.2355,0.3885,0.3674,0.9080,0.2680,2.1108}"
ENSB:oPb3v_pdo0SASmG,LG+I+G4,0.0178,1.2877,,LG+I{0.0178}+G4{1.2877}
ENSB:B8YtD2LmS2bbxqV,LG+I+R4,0.0034,,"(0.0725,0.0974) (0.1947,0.4020) (0.3079,0.8733) (0.4216,1.5319)","LG+I{0.0034}+R4{0.0725,0.0974,0.1947,0.4020,0.3079,0.8733,0.4216,1.5319}"
ENSB:rg-KgyPpy1bCYHE,LG+F+I+R4,0.0088,,"(0.1380,0.1971) (0.2020,0.4600) (0.3350,0.9602) (0.3163,1.7651)","LG+F+I{0.0088}+R4{0.1380,0.1971,0.2020,0.4600,0.3350,0.9602,0.3163,1.7651}"
ENSB:ApjWxMNIw11BEGe,LG+F+I+R4,0.0088,,"(0.1380,0.1971) (0.2020,0.4600) (0.3350,0.9602) (0.3163,1.7651)","LG+F+I{0.0088}+R4{0.1380,0.1971,0.2020,0.4600,0.3350,0.9602,0.3163,1.7651}"
ENSB:3C4PcFLnz05zeEC,LG+F+I+R4,0.0088,,"(0.1380,0.1971) (0.2020,0.4600) (0.3350,0.9602) (0.3163,1.7651)","LG+F+I{0.0088}+R4{0.1380,0.1971,0.2020,0.4600,0.3350,0.9602,0.3163,1.7651}"
ENSB:07wUprjWiOdg2EV,LG+F+I+R4,0.0088,,"(0.1380,0.1971) (0.2020,0.4600) (0.3350,0.9602) (0.3163,1.7651)","LG+F+I{0.0088}+R4{0.1380,0.1971,0.2020,0.4600,0.3350,0.9602,0.3163,1.7651}"
ENSB:soIut38QT0KTEh_,LG+F+I+R4,0.0088,,"(0.1380,0.1971) (0.2020,0.4600) (0.3350,0.9602) (0.3163,1.7651)","LG+F+I{0.0088}+R4{0.1380,0.1971,0.2020,0.4600,0.3350,0.9602,0.3163,1.7651}"
ENSB:47fdpjk0WmSdgKZ,LG+F+I+R4,0.0088,,"(0.1380,0.1971) (0.2020,0.4600) (0.3350,0.9602) (0.3163,1.7651)","LG+F+I{0.0088}+R4{0.1380,0.1971,0.2020,0.4600,0.3350,0.9602,0.3163,1.7651}"
ENSB:QwaWp83KDm7VY3U,LG+I+R4,0.0114,,"(0.0838,0.2001) (0.1728,0.4278) (0.1237,0.7786) (0.6083,1.3365)","LG+I{0.0114}+R4{0.0838,0.2001,0.1728,0.4278,0.1237,0.7786,0.6083,1.3365}"
ENSB:QwaWp83KDm7VY3U,LG+I+R4,0.0114,,"(0.0838,0.2001) (0.1728,0.4278) (0.1237,0.7786) (0.6083,1.3365)","LG+I{0.0114}+R4{0.0838,0.2001,0.1728,0.4278,0.1237,0.7786,0.6083,1.3365}"
ENSB:mIeTINYox9dKB8d,LG+I+R4,0.0114,,"(0.0838,0.2001) (0.1728,0.4278) (0.1237,0.7786) (0.6083,1.3365)","LG+I{0.0114}+R4{0.0838,0.2001,0.1728,0.4278,0.1237,0.7786,0.6083,1.3365}"
ENSB:mIeTINYox9dKB8d,LG+I+R4,0.0114,,"(0.0838,0.2001) (0.1728,0.4278) (0.1237,0.7786) (0.6083,1.3365)","LG+I{0.0114}+R4{0.0838,0.2001,0.1728,0.4278,0.1237,0.7786,0.6083,1.3365}"
ENSB:8xx2pQIp0dNtN57,LG+I+R4,0.0114,,"(0.0838,0.2001) (0.1728,0.4278) (0.1237,0.7786) (0.6083,1.3365)","LG+I{0.0114}+R4{0.0838,0.2001,0.1728,0.4278,0.1237,0.7786,0.6083,1.3365}"
ENSB:16yzmQJMWYD7V98,LG+F+I+R4,0.0000,,"(0.0617,0.1268) (0.2434,0.3167) (0.3886,0.7406) (0.3062,2.0483)","LG+F+I{0.0000}+R4{0.0617,0.1268,0.2434,0.3167,0.3886,0.7406,0.3062,2.0483}"
ENSB:gT5o0z38CrLYU8D,LG+I+G4,0.0000,4.5832,,LG+I{0.0000}+G4{4.5832}
ENSB:umnskD6CSWJL5V0,LG+I+G4,0.0000,4.5832,,LG+I{0.0000}+G4{4.5832}
ENSB:2PeW3xqXJi8pzyH,LG+I+G4,0.0000,4.5832,,LG+I{0.0000}+G4{4.5832}
ENSB:MpCVrMSys-wigKT,LG+I+G4,0.0000,4.5832,,LG+I{0.0000}+G4{4.5832}
ENSB:dZXZXIZBrMNpZ0K,LG+I+R4,0.0000,,"(0.0427,0.1344) (0.3505,0.4797) (0.3570,1.0138) (0.2498,1.8580)","LG+I{0.0000}+R4{0.0427,0.1344,0.3505,0.4797,0.3570,1.0138,0.2498,1.8580}"
ENSB:dZXZXIZBrMNpZ0K,LG+I+G4,0.0238,1.8398,,LG+I{0.0238}+G4{1.8398}
ENSB:16yzmQJMWYD7V98,LG+I+R4,0.0044,,"(0.0754,0.0679) (0.1751,0.3227) (0.4253,0.8205) (0.3198,1.8431)","LG+I{0.0044}+R4{0.0754,0.0679,0.1751,0.3227,0.4253,0.8205,0.3198,1.8431}"
ENSB:16yzmQJMWYD7V98,LG+F+I+R4,0.0128,,"(0.1334,0.0760) (0.2976,0.3431) (0.3940,1.0469) (0.1622,2.9297)","LG+F+I{0.0128}+R4{0.1334,0.0760,0.2976,0.3431,0.3940,1.0469,0.1622,2.9297}"
ENSB:16yzmQJMWYD7V98,LG+I+R4,0.0000,,"(0.1064,0.0550) (0.1654,0.3300) (0.4358,0.8459) (0.2924,1.9526)","LG+I{0.0000}+R4{0.1064,0.0550,0.1654,0.3300,0.4358,0.8459,0.2924,1.9526}"
ENSB:jluL2g_g328hVZN,LG+F+I+R4,0.0000,,"(0.0721,0.2663) (0.2655,0.5009) (0.3671,0.9088) (0.2953,1.7414)","LG+F+I{0.0000}+R4{0.0721,0.2663,0.2655,0.5009,0.3671,0.9088,0.2953,1.7414}"
ENSB:2U-FhTJEAizd1Ez,LG+F+I+R4,0.0000,,"(0.0721,0.2663) (0.2655,0.5009) (0.3671,0.9088) (0.2953,1.7414)","LG+F+I{0.0000}+R4{0.0721,0.2663,0.2655,0.5009,0.3671,0.9088,0.2953,1.7414}"
ENSB:vWvdczFhkMTpZi1,LG+F+I+R4,0.0000,,"(0.0721,0.2663) (0.2655,0.5009) (0.3671,0.9088) (0.2953,1.7414)","LG+F+I{0.0000}+R4{0.0721,0.2663,0.2655,0.5009,0.3671,0.9088,0.2953,1.7414}"
ENSB:_tRNs9pUy7MeJuJ,LG+F+I+R4,0.0000,,"(0.0542,0.1773) (0.0926,0.4024) (0.3108,0.7507) (0.5424,1.3271)","LG+F+I{0.0000}+R4{0.0542,0.1773,0.0926,0.4024,0.3108,0.7507,0.5424,1.3271}"
ENSB:WjOQNzIFX5VX0-B,LG+F+I+R4,0.0000,,"(0.0542,0.1773) (0.0926,0.4024) (0.3108,0.7507) (0.5424,1.3271)","LG+F+I{0.0000}+R4{0.0542,0.1773,0.0926,0.4024,0.3108,0.7507,0.5424,1.3271}"
ENSB:p-gNJwzQ56ZHueH,LG+F+I+R4,0.0000,,"(0.0542,0.1773) (0.0926,0.4024) (0.3108,0.7507) (0.5424,1.3271)","LG+F+I{0.0000}+R4{0.0542,0.1773,0.0926,0.4024,0.3108,0.7507,0.5424,1.3271}"
ENSB:iiXnR1K2bNOOrcP,LG+F+I+R4,0.0000,,"(0.0542,0.1773) (0.0926,0.4024) (0.3108,0.7507) (0.5424,1.3271)","LG+F+I{0.0000}+R4{0.0542,0.1773,0.0926,0.4024,0.3108,0.7507,0.5424,1.3271}"
ENSB:_arLSpCNLzIbWuS,LG+I+R4,0.0127,,"(0.0944,0.0448) (0.1635,0.3071) (0.2391,0.6747) (0.4902,1.5999)","LG+I{0.0127}+R4{0.0944,0.0448,0.1635,0.3071,0.2391,0.6747,0.4902,1.5999}"
ENSB:T1mDxLvsfNcfo9e,LG+F+I+G4,0.0106,2.0095,,LG+F+I{0.0106}+G4{2.0095}
ENSB:lWg9hSFtKB-komO,LG+F+I+G4,0.0118,1.6179,,LG+F+I{0.0118}+G4{1.6179}
ENSB:9z6IWrbZrTC3d04,LG+F+I+G4,0.0118,1.6179,,LG+F+I{0.0118}+G4{1.6179}
ENSB:MhIr6WS-j6bR-RC,LG+F+I+R4,0.0000,,"(0.0421,0.1989) (0.2370,0.5732) (0.3463,0.9277) (0.3746,1.4268)","LG+F+I{0.0000}+R4{0.0421,0.1989,0.2370,0.5732,0.3463,0.9277,0.3746,1.4268}"
ENSB:16b-Db2FZcOMcPd,LG+F+I+R4,0.0000,,"(0.0421,0.1989) (0.2370,0.5732) (0.3463,0.9277) (0.3746,1.4268)","LG+F+I{0.0000}+R4{0.0421,0.1989,0.2370,0.5732,0.3463,0.9277,0.3746,1.4268}"
ENSB:dRYnTXc3HLaU4Ku,LG+I+G4,0.0000,1.0519,,LG+I{0.0000}+G4{1.0519}
ENSB:McMThQYXS-DFVSH,LG+I+R4,0.0106,,"(0.1261,0.0837) (0.2470,0.4184) (0.3064,0.9120) (0.3100,1.9571)","LG+I{0.0106}+R4{0.1261,0.0837,0.2470,0.4184,0.3064,0.9120,0.3100,1.9571}"
ENSB:sJuCpWSy_kq0FZU,LG+I+G4,0.0459,1.6553,,LG+I{0.0459}+G4{1.6553}
ENSB:YoZm08Hos62R1-T,LG+I+G4,0.0459,1.6553,,LG+I{0.0459}+G4{1.6553}
ENSB:M2YF35K8SpRjcck,LG+I+G4,0.0459,1.6553,,LG+I{0.0459}+G4{1.6553}
ENSB:mw0t1H5um_CVnJW,LG+I+G4,0.0459,1.6553,,LG+I{0.0459}+G4{1.6553}
ENSB:mGSkl1-b_i6Z9a7,LG+I+G4,0.0459,1.6553,,LG+I{0.0459}+G4{1.6553}
ENSB:_PqsKct1fEIobqr,LG+I+G4,0.0000,2.4383,,LG+I{0.0000}+G4{2.4383}
ENSB:sA2PHrc_LdPE1dq,LG+I+R4,0.0000,,"(0.2279,0.2847) (0.2329,0.5866) (0.3022,1.0325) (0.2369,2.0530)","LG+I{0.0000}+R4{0.2279,0.2847,0.2329,0.5866,0.3022,1.0325,0.2369,2.0530}"
ENSB:_PqsKct1fEIobqr,LG+I+G4,0.0000,3.5973,,LG+I{0.0000}+G4{3.5973}
ENSB:tlxu-4JYsf3vkEL,LG+I+G4,0.0355,0.8388,,LG+I{0.0355}+G4{0.8388}
ENSB:_PqsKct1fEIobqr,LG+F+I+R4,0.0000,,"(0.0492,0.1358) (0.2143,0.4448) (0.3907,0.8665) (0.3458,1.6177)","LG+F+I{0.0000}+R4{0.0492,0.1358,0.2143,0.4448,0.3907,0.8665,0.3458,1.6177}"
ENSB:xWNL3qhGovpaFKv,LG+I+G4,0.0000,2.8182,,LG+I{0.0000}+G4{2.8182}
ENSB:i47VIHF5fo8tfNX,LG+I+G4,0.0000,2.8182,,LG+I{0.0000}+G4{2.8182}
ENSB:0p6Jz7ehZMG-Eom,LG+I+G4,0.0000,2.8182,,LG+I{0.0000}+G4{2.8182}
ENSB:0p6Jz7ehZMG-Eom,LG+I+G4,0.0000,2.8182,,LG+I{0.0000}+G4{2.8182}
ENSB:h5pDlzQ03f0TJmy,LG+I+R4,0.0000,,"(0.1103,0.1779) (0.2375,0.4629) (0.2381,0.8904) (0.4141,1.5899)","LG+I{0.0000}+R4{0.1103,0.1779,0.2375,0.4629,0.2381,0.8904,0.4141,1.5899}"
ENSB:syPsgeweFwe5igh,LG+I+R4,0.0000,,"(0.1019,0.0856) (0.2560,0.4696) (0.3515,0.8850) (0.2906,1.9270)","LG+I{0.0000}+R4{0.1019,0.0856,0.2560,0.4696,0.3515,0.8850,0.2906,1.9270}"
ENSB:pidjXltUTFeY1_L,LG+I+G4,0.0000,1.1707,,LG+I{0.0000}+G4{1.1707}
ENSB:gHo0hDxBB8cFCEo,LG+F+I+R4,0.0077,,"(0.0694,0.0479) (0.2100,0.2997) (0.2627,0.7434) (0.4501,1.6406)","LG+F+I{0.0077}+R4{0.0694,0.0479,0.2100,0.2997,0.2627,0.7434,0.4501,1.6406}"
ENSB:z_RYEFY7R8bmTa-,LG+I+R4,0.0000,,"(0.0303,0.1959) (0.2863,0.5229) (0.4100,0.9391) (0.2734,1.6801)","LG+I{0.0000}+R4{0.0303,0.1959,0.2863,0.5229,0.4100,0.9391,0.2734,1.6801}"
ENSB:FRjVJGf1D9pIPRg,LG+I+G4,0.0067,0.9033,,LG+I{0.0067}+G4{0.9033}
ENSB:Fh2k-OqC81y9Y0P,LG+F+I+G4,0.0137,2.6262,,LG+F+I{0.0137}+G4{2.6262}
ENSB:ezSrG12l8b5kc-7,LG+F+I+G4,0.0000,3.8396,,LG+F+I{0.0000}+G4{3.8396}
ENSB:KHLQ3IXqCBfJR0e,LG+F+I+G4,0.0000,3.8396,,LG+F+I{0.0000}+G4{3.8396}
ENSB:HqsmkwuyfYuagLZ,LG+F+I+G4,0.0000,3.8396,,LG+F+I{0.0000}+G4{3.8396}
ENSB:gS3qrHQOjbZmCmN,LG+F+I+G4,0.0000,3.8396,,LG+F+I{0.0000}+G4{3.8396}
ENSB:1PzDjS2zfFXSaK8,LG+F+I+R4,0.0000,,"(0.0460,0.0938) (0.1416,0.3879) (0.2750,0.7675) (0.5375,1.3577)","LG+F+I{0.0000}+R4{0.0460,0.0938,0.1416,0.3879,0.2750,0.7675,0.5375,1.3577}"
ENSB:qSR4I9oTo_skmBz,LG+I+R4,0.0030,,"(0.0369,0.1203) (0.1399,0.3641) (0.3149,0.8364) (0.5053,1.3483)","LG+I{0.0030}+R4{0.0369,0.1203,0.1399,0.3641,0.3149,0.8364,0.5053,1.3483}"
ENSB:a7u4ztAvqRPn7HZ,LG+I+R4,0.0213,,"(0.1842,0.2618) (0.2914,0.6854) (0.3628,1.2662) (0.1403,2.0857)","LG+I{0.0213}+R4{0.1842,0.2618,0.2914,0.6854,0.3628,1.2662,0.1403,2.0857}"
ENSB:DSTF7fkde-oXxss,LG+F+I+R4,0.0000,,"(0.0474,0.3243) (0.1461,0.5237) (0.3429,0.8419) (0.4637,1.3359)","LG+F+I{0.0000}+R4{0.0474,0.3243,0.1461,0.5237,0.3429,0.8419,0.4637,1.3359}"
ENSB:iFvntv8viZB-qY9,LG+F+I+G4,0.0000,1.3221,,LG+F+I{0.0000}+G4{1.3221}
ENSB:97kYgwsHWq-ZIrg,LG+F+I+G4,0.0000,1.3221,,LG+F+I{0.0000}+G4{1.3221}
ENSB:97kYgwsHWq-ZIrg,LG+F+I+G4,0.0000,1.3221,,LG+F+I{0.0000}+G4{1.3221}
ENSB:MxxvFmFZ2q5e58J,LG+I+G4,0.1286,1.4256,,LG+I{0.1286}+G4{1.4256}
ENSB:lyPTY7ILnbIMDV4,LG+I+G4,0.1286,1.4256,,LG+I{0.1286}+G4{1.4256}
ENSB:F1pcxHdofQxSABx,LG+I+R4,0.0000,,"(0.2088,0.1848) (0.3552,0.6271) (0.3262,1.3755) (0.1097,2.6426)","LG+I{0.0000}+R4{0.2088,0.1848,0.3552,0.6271,0.3262,1.3755,0.1097,2.6426}"
ENSB:ypetcLQMrZweqOW,LG+F+I+G4,0.0210,5.3316,,LG+F+I{0.0210}+G4{5.3316}
ENSB:rg0TqRGZuVehMK_,LG+I,0.0904,,,LG+I{0.0904}
ENSB:YhM_R7BAVucDMR8,LG+I,0.0904,,,LG+I{0.0904}
ENSB:IyLLGwpMPXtexo-,LG+I,0.0904,,,LG+I{0.0904}
ENSB:agt8T1paz0ZL3Uo,LG+I+G4,0.0364,1.5677,,LG+I{0.0364}+G4{1.5677}
ENSB:agt8T1paz0ZL3Uo,LG+I+G4,0.1952,1.0393,,LG+I{0.1952}+G4{1.0393}
ENSB:OalhfHTJpqQuwiy,LG+I+R3,0.0000,,"(0.0628,0.0313) (0.1609,0.4851) (0.7762,1.1852)","LG+I{0.0000}+R3{0.0628,0.0313,0.1609,0.4851,0.7762,1.1852}"
ENSB:_NticwhZklZf4JQ,LG+I+G4,0.0581,3.2541,,LG+I{0.0581}+G4{3.2541}
ENSB:_sckzrsLEgID28f,LG+I+G4,0.0581,3.2541,,LG+I{0.0581}+G4{3.2541}
ENSB:tejmMWbXwAhaTLq,LG+I+G4,0.0084,2.7648,,LG+I{0.0084}+G4{2.7648}
ENSB:T7HlPxdvIJn5Dxf,LG+I+G4,0.0084,2.7648,,LG+I{0.0084}+G4{2.7648}
ENSB:4PVlbL70QXZG4g2,LG+I+G4,0.0084,2.7648,,LG+I{0.0084}+G4{2.7648}
ENSB:p-9rqVdXyfldgpL,LG+I+G4,0.0084,2.7648,,LG+I{0.0084}+G4{2.7648}
ENSB:97jWjsomfuh7L8X,LG+I+G4,0.0653,1.8336,,LG+I{0.0653}+G4{1.8336}
ENSB:-j4OTrq2JDvGHyI,LG+I+G4,0.0653,1.2288,,LG+I{0.0653}+G4{1.2288}
ENSB:_X1e1mX6NY9NRux,LG+I+G4,0.0439,2.4160,,LG+I{0.0439}+G4{2.4160}
ENSB:3bTt8w8DcuFAU4d,LG+I+G4,0.0439,2.4160,,LG+I{0.0439}+G4{2.4160}
ENSB:lacxKmxb7WMGsUd,LG+I+G4,0.0000,1.4909,,LG+I{0.0000}+G4{1.4909}
ENSB:AIKnU-RqV_s_UH1,LG+I+G4,0.0000,1.4909,,LG+I{0.0000}+G4{1.4909}
ENSB:O5c1PoeQ4eogpHS,LG+F+I+G4,0.1256,1.5042,,LG+F+I{0.1256}+G4{1.5042}
ENSB:9VTJDgBMG-Wdsd0,LG+F+I+G4,0.0163,2.3706,,LG+F+I{0.0163}+G4{2.3706}
ENSB:mP7InslRR2bAUJ8,LG+I+R3,0.0000,,"(0.0704,0.1061) (0.3734,0.6293) (0.5562,1.3619)","LG+I{0.0000}+R3{0.0704,0.1061,0.3734,0.6293,0.5562,1.3619}"
ENSB:xllj8xhsq-9l1fd,LG+I+R4,0.0094,,"(0.1062,0.1323) (0.3987,0.5465) (0.3084,1.1458) (0.1772,2.3398)","LG+I{0.0094}+R4{0.1062,0.1323,0.3987,0.5465,0.3084,1.1458,0.1772,2.3398}"
ENSB:AvxxWOo6P7YT4P_,LG+I+R4,0.0094,,"(0.1062,0.1323) (0.3987,0.5465) (0.3084,1.1458) (0.1772,2.3398)","LG+I{0.0094}+R4{0.1062,0.1323,0.3987,0.5465,0.3084,1.1458,0.1772,2.3398}"
ENSB:UuUb1sjftvebHR-,LG+F+I+G4,0.0000,4.8908,,LG+F+I{0.0000}+G4{4.8908}
ENSB:yv5d0jlleUlmcn6,LG+F+I+G4,0.0000,4.8908,,LG+F+I{0.0000}+G4{4.8908}
ENSB:UkV8mr0d8C9CcPq,LG+F+I+G4,0.0000,4.8908,,LG+F+I{0.0000}+G4{4.8908}
ENSB:2YNrv2CH_xT-9qA,LG+I+G4,0.0219,2.0404,,LG+I{0.0219}+G4{2.0404}
ENSB:JHCncHotaLEQbF6,LG+F+I+G4,0.0000,1.9791,,LG+F+I{0.0000}+G4{1.9791}
ENSB:Pnaps8BZulgKwKV,LG+F+I+G4,0.0000,1.9791,,LG+F+I{0.0000}+G4{1.9791}
ENSB:TGyotaMyzv9hlXZ,LG+F+I+G4,0.0000,1.7905,,LG+F+I{0.0000}+G4{1.7905}
ENSB:cMD9678gSslZ7Ia,LG+I+G4,0.0457,1.0422,,LG+I{0.0457}+G4{1.0422}
ENSB:EpgT2_EYN_bRAFo,LG+I+G4,0.1807,1.6385,,LG+I{0.1807}+G4{1.6385}
ENSB:htmblMeLWkK5GAE,LG+I+G4,0.0254,1.9490,,LG+I{0.0254}+G4{1.9490}
ENSB:GJMx3DqkKGZOcED,LG+F+I+G4,0.0041,3.4856,,LG+F+I{0.0041}+G4{3.4856}
ENSB:8AvVBOkeBSakbBi,LG+I+G4,0.0290,2.2448,,LG+I{0.0290}+G4{2.2448}
ENSB:_atgRzLMzxEH3y4,LG+I,0.1241,,,LG+I{0.1241}
ENSB:qBl1MzStOhueFrn,LG+I+G4,0.0218,1.6130,,LG+I{0.0218}+G4{1.6130}
ENSB:EOH7P0H7Zz_InDh,LG+I,0.0192,,,LG+I{0.0192}
ENSB:ZQ7Hy-Sx94Z8fzY,LG+I,0.0192,,,LG+I{0.0192}
ENSB:w9saBMWWXAUhxj-,LG+I+G4,0.0374,0.6147,,LG+I{0.0374}+G4{0.6147}
ENSB:1Ok_hHIPhnEk0kZ,LG+I+G4,0.0734,1.2018,,LG+I{0.0734}+G4{1.2018}
ENSB:k19qA90POm9-bKX,LG+I+G4,0.1537,2.3999,,LG+I{0.1537}+G4{2.3999}
ENSB:IitWyUHXW1Y0TMi,LG+I+G4,0.0199,4.8018,,LG+I{0.0199}+G4{4.8018}
ENSB:cWncXGVdWG2x4hu,LG+I+G4,0.0199,4.8018,,LG+I{0.0199}+G4{4.8018}
ENSB:ZXnJRKvt5ow4tYT,LG+I+G4,0.0155,2.2727,,LG+I{0.0155}+G4{2.2727}
ENSB:TdfvGU4GCHZVQsF,LG+I+R4,0.0400,,"(0.0850,0.0511) (0.2592,0.4028) (0.2515,0.8802) (0.3643,1.8386)","LG+I{0.0400}+R4{0.0850,0.0511,0.2592,0.4028,0.2515,0.8802,0.3643,1.8386}"
ENSB:nHGW-7ot24vT0ZH,LG+I+R4,0.0377,,"(0.2579,0.1067) (0.2752,0.5239) (0.2352,1.2255) (0.1940,2.7845)","LG+I{0.0377}+R4{0.2579,0.1067,0.2752,0.5239,0.2352,1.2255,0.1940,2.7845}"
ENSB:QFC5A2dsWLP1zFs,LG+F+I+G4,0.0167,1.0500,,LG+F+I{0.0167}+G4{1.0500}
ENSB:Di7nyi0qJHQFWsX,LG+F+I+G4,0.0000,1.6271,,LG+F+I{0.0000}+G4{1.6271}
ENSB:-bWGT2sPqZ3TfrB,LG+F+I+G4,0.0000,1.6271,,LG+F+I{0.0000}+G4{1.6271}
ENSB:MXK7zVQ_I_gXRry,LG+F+I+G4,0.0000,1.6271,,LG+F+I{0.0000}+G4{1.6271}
ENSB:osL0EK0cgcKSVHM,LG+F+I+G4,0.0000,1.6271,,LG+F+I{0.0000}+G4{1.6271}
ENSB:Ir6DduhaTTtzBjU,LG+F+I+G4,0.0000,1.6271,,LG+F+I{0.0000}+G4{1.6271}
ENSB:Od0TyxfT2Qd39Ni,LG+F+I+G4,0.0000,1.6271,,LG+F+I{0.0000}+G4{1.6271}
ENSB:3A8IUUJXcHQ9coq,LG+F+I+G4,0.0000,1.6271,,LG+F+I{0.0000}+G4{1.6271}
ENSB:7p2ljGd7kpGoXRb,LG+F+I+G4,0.0000,1.6271,,LG+F+I{0.0000}+G4{1.6271}
ENSB:eG33NeLOLGkhPl3,LG+F+I+G4,0.0000,1.6271,,LG+F+I{0.0000}+G4{1.6271}
ENSB:jhOQOuif8hMTcb0,LG+F+I+G4,0.0000,1.6271,,LG+F+I{0.0000}+G4{1.6271}
ENSB:Z5J3sqML1D9ewky,LG+I+G4,0.0508,1.2846,,LG+I{0.0508}+G4{1.2846}
ENSB:99frZoqTtJLlIpP,LG+I+G4,0.0000,3.3973,,LG+I{0.0000}+G4{3.3973}
ENSB:ut5kQA_dBIyDBgZ,LG+I+G4,0.0000,3.3973,,LG+I{0.0000}+G4{3.3973}
ENSB:E3sUygfNjB97yCB,LG+I+G4,0.0000,3.3973,,LG+I{0.0000}+G4{3.3973}
ENSB:QLQ0s5pBIvid4hO,LG+I+G4,0.0000,3.3973,,LG+I{0.0000}+G4{3.3973}
ENSB:nl0nb-nR5PmveVs,LG+I+R4,0.0227,,"(0.0843,0.0829) (0.3051,0.4514) (0.2766,0.9476) (0.3113,1.9057)","LG+I{0.0227}+R4{0.0843,0.0829,0.3051,0.4514,0.2766,0.9476,0.3113,1.9057}"
ENSB:v_A8K3gi4NwhzGa,LG+I+R4,0.0000,,"(0.1026,0.1791) (0.2749,0.5240) (0.2682,0.9990) (0.3543,1.6079)","LG+I{0.0000}+R4{0.1026,0.1791,0.2749,0.5240,0.2682,0.9990,0.3543,1.6079}"
ENSB:XIPi1o77tA3VafO,LG+I+G4,0.0674,1.7133,,LG+I{0.0674}+G4{1.7133}
ENSB:dJIY2FmW5qgJHco,LG+F+I+G4,0.0334,1.6513,,LG+F+I{0.0334}+G4{1.6513}
ENSB:yaEZmNb3QZcJIWP,LG+F+I+G4,0.0250,1.5386,,LG+F+I{0.0250}+G4{1.5386}
ENSB:E0ltcrhTHRFyEfT,LG+I+R4,0.0000,,"(0.1045,0.0831) (0.1667,0.3498) (0.3607,0.7617) (0.3682,1.7879)","LG+I{0.0000}+R4{0.1045,0.0831,0.1667,0.3498,0.3607,0.7617,0.3682,1.7879}"
ENSB:2cKHRXymQMHVFjY,LG+I+R4,0.0000,,"(0.1045,0.0831) (0.1667,0.3498) (0.3607,0.7617) (0.3682,1.7879)","LG+I{0.0000}+R4{0.1045,0.0831,0.1667,0.3498,0.3607,0.7617,0.3682,1.7879}"
ENSB:mZZ06hI__z3Kk-B,LG+I+R4,0.0558,,"(0.1002,0.0579) (0.2604,0.4338) (0.2857,1.0158) (0.2978,1.9842)","LG+I{0.0558}+R4{0.1002,0.0579,0.2604,0.4338,0.2857,1.0158,0.2978,1.9842}"
ENSB:ZsPyXyQeiYzwnQB,LG+I+G4,0.0700,1.7745,,LG+I{0.0700}+G4{1.7745}
ENSB:LExzsknBkZTLrP1,LG+F+I+R4,0.0000,,"(0.1327,0.2413) (0.2854,0.4976) (0.2681,0.9093) (0.3138,1.8551)","LG+F+I{0.0000}+R4{0.1327,0.2413,0.2854,0.4976,0.2681,0.9093,0.3138,1.8551}"
ENSB:WukH7pGs2Ewr7U-,LG+F+I+R4,0.0000,,"(0.0771,0.1877) (0.2233,0.5282) (0.2258,0.8247) (0.4739,1.4379)","LG+F+I{0.0000}+R4{0.0771,0.1877,0.2233,0.5282,0.2258,0.8247,0.4739,1.4379}"
ENSB:Zgt7CnJwAOxvn6m,LG+F+I+R4,0.0000,,"(0.0771,0.1877) (0.2233,0.5282) (0.2258,0.8247) (0.4739,1.4379)","LG+F+I{0.0000}+R4{0.0771,0.1877,0.2233,0.5282,0.2258,0.8247,0.4739,1.4379}"
ENSB:u13CuFGKm-12j45,LG+I+R4,0.0137,,"(0.1315,0.0496) (0.1691,0.3383) (0.2870,0.8010) (0.3988,1.7716)","LG+I{0.0137}+R4{0.1315,0.0496,0.1691,0.3383,0.2870,0.8010,0.3988,1.7716}"
ENSB:6_t-CfL5TKr6U33,LG+I+G4,0.1064,1.0118,,LG+I{0.1064}+G4{1.0118}
ENSB:M2FNSZkwFaFKipW,LG+I+G4,0.1038,1.1691,,LG+I{0.1038}+G4{1.1691}
ENSB:oWmIxmHauSyaPp_,LG+I+G4,0.0000,1.3260,,LG+I{0.0000}+G4{1.3260}
ENSB:L_uXmRoEJ1-YSEm,LG+F+I+G4,0.0075,2.7490,,LG+F+I{0.0075}+G4{2.7490}
ENSB:vT9-HbUGUVDPX4a,LG+I+R4,0.0000,,"(0.1532,0.0119) (0.1506,0.4792) (0.2919,0.8424) (0.4043,1.6822)","LG+I{0.0000}+R4{0.1532,0.0119,0.1506,0.4792,0.2919,0.8424,0.4043,1.6822}"
ENSB:lImP9Ffv_uh5KxL,LG+I+R4,0.0000,,"(0.1532,0.0119) (0.1506,0.4792) (0.2919,0.8424) (0.4043,1.6822)","LG+I{0.0000}+R4{0.1532,0.0119,0.1506,0.4792,0.2919,0.8424,0.4043,1.6822}"
ENSB:EnM0bvUqLd_Ng8G,LG+I+R4,0.0000,,"(0.1532,0.0119) (0.1506,0.4792) (0.2919,0.8424) (0.4043,1.6822)","LG+I{0.0000}+R4{0.1532,0.0119,0.1506,0.4792,0.2919,0.8424,0.4043,1.6822}"
ENSB:vT9-HbUGUVDPX4a,LG+I+G4,0.0249,1.5176,,LG+I{0.0249}+G4{1.5176}
ENSB:EnM0bvUqLd_Ng8G,LG+I+G4,0.0249,1.5176,,LG+I{0.0249}+G4{1.5176}
ENSB:aUp8eOmiZpcljRk,LG+F+I+G4,0.0110,1.0885,,LG+F+I{0.0110}+G4{1.0885}
ENSB:yTBhBxpiULTkZVL,LG+I+R4,0.0215,,"(0.1763,0.1026) (0.3342,0.5514) (0.3082,1.2772) (0.1598,2.5288)","LG+I{0.0215}+R4{0.1763,0.1026,0.3342,0.5514,0.3082,1.2772,0.1598,2.5288}"
ENSB:8nLoKZmCMqOHpC7,LG+I+G4,0.0000,2.6423,,LG+I{0.0000}+G4{2.6423}
ENSB:8XFm8lMWKUVi8YK,LG+F+I+G4,0.0280,2.6987,,LG+F+I{0.0280}+G4{2.6987}
ENSB:RGRqZ07woiftdAP,LG+F+I+R4,0.0000,,"(0.0873,0.1920) (0.2402,0.5728) (0.3569,0.9056) (0.3156,1.6555)","LG+F+I{0.0000}+R4{0.0873,0.1920,0.2402,0.5728,0.3569,0.9056,0.3156,1.6555}"
ENSB:otjXbHttijWWEF8,LG+F+I+R4,0.0000,,"(0.0873,0.1920) (0.2402,0.5728) (0.3569,0.9056) (0.3156,1.6555)","LG+F+I{0.0000}+R4{0.0873,0.1920,0.2402,0.5728,0.3569,0.9056,0.3156,1.6555}"
ENSB:o_V2fAbWJ4KYRV7,LG+F+I+R4,0.0000,,"(0.0873,0.1920) (0.2402,0.5728) (0.3569,0.9056) (0.3156,1.6555)","LG+F+I{0.0000}+R4{0.0873,0.1920,0.2402,0.5728,0.3569,0.9056,0.3156,1.6555}"
ENSB:-w0oO7ELXr31Ocs,LG+I+G4,0.0245,1.6396,,LG+I{0.0245}+G4{1.6396}
ENSB:yjH4e5KPITI7yUs,LG+I+G4,0.1018,2.5840,,LG+I{0.1018}+G4{2.5840}
ENSB:o7UHyfa9QZRvyzk,LG+I+G4,0.0239,1.5159,,LG+I{0.0239}+G4{1.5159}
ENSB:pbhe4KSyUHC3E8G,LG+I+G4,0.0687,1.0897,,LG+I{0.0687}+G4{1.0897}
ENSB:y1Kagz-brKpo2Ej,LG+I+R4,0.0000,,"(0.0784,0.0764) (0.2645,0.3703) (0.2516,0.7954) (0.4056,1.7160)","LG+I{0.0000}+R4{0.0784,0.0764,0.2645,0.3703,0.2516,0.7954,0.4056,1.7160}"
ENSB:LL4HgdLiNixmRVF,LG+I+R4,0.0000,,"(0.0784,0.0764) (0.2645,0.3703) (0.2516,0.7954) (0.4056,1.7160)","LG+I{0.0000}+R4{0.0784,0.0764,0.2645,0.3703,0.2516,0.7954,0.4056,1.7160}"
ENSB:_VULF8aZmB1eEr1,LG+I+G4,0.0000,2.2919,,LG+I{0.0000}+G4{2.2919}
ENSB:nxxC_7TifebpGls,LG+I+G4,0.0000,2.2919,,LG+I{0.0000}+G4{2.2919}
ENSB:S_VsKTaGtiyZ9pk,LG+F+I+R4,0.0182,,"(0.1242,0.1272) (0.2601,0.3985) (0.2781,0.9045) (0.3194,1.9692)","LG+F+I{0.0182}+R4{0.1242,0.1272,0.2601,0.3985,0.2781,0.9045,0.3194,1.9692}"
ENSB:aNE67GBGqsg0nmc,LG+F+I+R4,0.0000,,"(0.1320,0.1753) (0.1103,0.4858) (0.3448,0.9169) (0.4130,1.4701)","LG+F+I{0.0000}+R4{0.1320,0.1753,0.1103,0.4858,0.3448,0.9169,0.4130,1.4701}"
ENSB:I609I5zisTLglim,LG+I+G4,0.0079,4.1154,,LG+I{0.0079}+G4{4.1154}
ENSB:0DpGlhQT7QSegqT,LG+F+I+R4,0.0233,,"(0.2146,0.0686) (0.2584,0.3787) (0.1713,1.0277) (0.3324,2.1402)","LG+F+I{0.0233}+R4{0.2146,0.0686,0.2584,0.3787,0.1713,1.0277,0.3324,2.1402}"
ENSB:z_qbuyl7f50pO0B,LG+I+G4,0.0000,2.2198,,LG+I{0.0000}+G4{2.2198}
ENSB:HgtWGtN9lodas2S,LG+I+G4,0.0000,0.8858,,LG+I{0.0000}+G4{0.8858}
ENSB:1Kfhp7xI-INRuww,LG+F+I+R4,0.0000,,"(0.0547,0.1730) (0.2006,0.4742) (0.4630,0.9066) (0.2817,1.6887)","LG+F+I{0.0000}+R4{0.0547,0.1730,0.2006,0.4742,0.4630,0.9066,0.2817,1.6887}"
ENSB:m43fY8UAcVyd5bj,LG+I+G4,0.0150,1.4258,,LG+I{0.0150}+G4{1.4258}
ENSB:Ot3aepXraKhoLRA,LG+I+R4,0.0000,,"(0.0252,0.0318) (0.0500,0.2229) (0.2539,0.5876) (0.6709,1.2503)","LG+I{0.0000}+R4{0.0252,0.0318,0.0500,0.2229,0.2539,0.5876,0.6709,1.2503}"
ENSB:JfmDC0lmOV5o8_V,LG+I+R4,0.0000,,"(0.0252,0.0318) (0.0500,0.2229) (0.2539,0.5876) (0.6709,1.2503)","LG+I{0.0000}+R4{0.0252,0.0318,0.0500,0.2229,0.2539,0.5876,0.6709,1.2503}"
ENSB:ymjFBJ2A2ilUFcf,LG+F+I+R4,0.0000,,"(0.1194,0.2909) (0.1598,0.5842) (0.2415,0.9260) (0.4794,1.3525)","LG+F+I{0.0000}+R4{0.1194,0.2909,0.1598,0.5842,0.2415,0.9260,0.4794,1.3525}"
ENSB:eUZwx_GxBiFLOZw,LG+F+I+R4,0.0000,,"(0.1194,0.2909) (0.1598,0.5842) (0.2415,0.9260) (0.4794,1.3525)","LG+F+I{0.0000}+R4{0.1194,0.2909,0.1598,0.5842,0.2415,0.9260,0.4794,1.3525}"
ENSB:eUZwx_GxBiFLOZw,LG+F+I+R4,0.0000,,"(0.1194,0.2909) (0.1598,0.5842) (0.2415,0.9260) (0.4794,1.3525)","LG+F+I{0.0000}+R4{0.1194,0.2909,0.1598,0.5842,0.2415,0.9260,0.4794,1.3525}"
ENSB:eUZwx_GxBiFLOZw,LG+F+I+R4,0.0000,,"(0.1194,0.2909) (0.1598,0.5842) (0.2415,0.9260) (0.4794,1.3525)","LG+F+I{0.0000}+R4{0.1194,0.2909,0.1598,0.5842,0.2415,0.9260,0.4794,1.3525}"
ENSB:eUZwx_GxBiFLOZw,LG+F+I+R4,0.0000,,"(0.1194,0.2909) (0.1598,0.5842) (0.2415,0.9260) (0.4794,1.3525)","LG+F+I{0.0000}+R4{0.1194,0.2909,0.1598,0.5842,0.2415,0.9260,0.4794,1.3525}"
ENSB:eBzsstnC5szPlU5,LG+I+R4,0.0000,,"(0.1197,0.0988) (0.1976,0.4143) (0.3313,1.0226) (0.3514,1.6151)","LG+I{0.0000}+R4{0.1197,0.0988,0.1976,0.4143,0.3313,1.0226,0.3514,1.6151}"
ENSB:Gz3kH3P_zL8KA8C,LG+I+R4,0.0000,,"(0.1197,0.0988) (0.1976,0.4143) (0.3313,1.0226) (0.3514,1.6151)","LG+I{0.0000}+R4{0.1197,0.0988,0.1976,0.4143,0.3313,1.0226,0.3514,1.6151}"
ENSB:yPGwRCcD_50sxDw,LG+I+R4,0.0000,,"(0.1197,0.0988) (0.1976,0.4143) (0.3313,1.0226) (0.3514,1.6151)","LG+I{0.0000}+R4{0.1197,0.0988,0.1976,0.4143,0.3313,1.0226,0.3514,1.6151}"
ENSB:iZRLnK2QFgpTPuP,LG+I+R4,0.0000,,"(0.1197,0.0988) (0.1976,0.4143) (0.3313,1.0226) (0.3514,1.6151)","LG+I{0.0000}+R4{0.1197,0.0988,0.1976,0.4143,0.3313,1.0226,0.3514,1.6151}"
ENSB:_znvmhpxm1QWsuz,LG+I+G4,0.0068,0.9738,,LG+I{0.0068}+G4{0.9738}
ENSB:jve2M01TkOKcJuf,LG+I+G4,0.0122,1.1178,,LG+I{0.0122}+G4{1.1178}
ENSB:jve2M01TkOKcJuf,LG+I+G4,0.0122,1.1178,,LG+I{0.0122}+G4{1.1178}
ENSB:JfmDC0lmOV5o8_V,LG+I+R3,0.0039,,"(0.0970,0.1891) (0.3041,0.6145) (0.5951,1.3357)","LG+I{0.0039}+R3{0.0970,0.1891,0.3041,0.6145,0.5951,1.3357}"
ENSB:4pZFRE2xkl1squg,LG+F+I+R4,0.0000,,"(0.0904,0.2398) (0.2558,0.5920) (0.3480,1.0029) (0.3058,1.5626)","LG+F+I{0.0000}+R4{0.0904,0.2398,0.2558,0.5920,0.3480,1.0029,0.3058,1.5626}"
ENSB:teyC0FexZwJ51sc,LG+I+R3,0.0000,,"(0.0654,0.0790) (0.3693,0.6420) (0.5653,1.3404)","LG+I{0.0000}+R3{0.0654,0.0790,0.3693,0.6420,0.5653,1.3404}"
ENSB:92N9JAzgTj-FnHv,LG+I+R3,0.0000,,"(0.0654,0.0790) (0.3693,0.6420) (0.5653,1.3404)","LG+I{0.0000}+R3{0.0654,0.0790,0.3693,0.6420,0.5653,1.3404}"
ENSB:iyecPb1i7Fbxy3W,LG+I+R3,0.0000,,"(0.0654,0.0790) (0.3693,0.6420) (0.5653,1.3404)","LG+I{0.0000}+R3{0.0654,0.0790,0.3693,0.6420,0.5653,1.3404}"
ENSB:__YCCrnGTg6J79_,LG+I+R3,0.0000,,"(0.0654,0.0790) (0.3693,0.6420) (0.5653,1.3404)","LG+I{0.0000}+R3{0.0654,0.0790,0.3693,0.6420,0.5653,1.3404}"
ENSB:PZAQM635sFkZvec,LG+I+R3,0.0000,,"(0.0654,0.0790) (0.3693,0.6420) (0.5653,1.3404)","LG+I{0.0000}+R3{0.0654,0.0790,0.3693,0.6420,0.5653,1.3404}"
ENSB:jMJm3H7Vko5oLnz,LG+I+R3,0.0000,,"(0.0654,0.0790) (0.3693,0.6420) (0.5653,1.3404)","LG+I{0.0000}+R3{0.0654,0.0790,0.3693,0.6420,0.5653,1.3404}"
ENSB:59dx-QTsN_hgrfb,LG+I+R3,0.0000,,"(0.0654,0.0790) (0.3693,0.6420) (0.5653,1.3404)","LG+I{0.0000}+R3{0.0654,0.0790,0.3693,0.6420,0.5653,1.3404}"
ENSB:U8_ntogR8bmdg07,LG+I+R3,0.0000,,"(0.0654,0.0790) (0.3693,0.6420) (0.5653,1.3404)","LG+I{0.0000}+R3{0.0654,0.0790,0.3693,0.6420,0.5653,1.3404}"
ENSB:7jPlyl_2w2ElWyT,LG+I+R3,0.0000,,"(0.0654,0.0790) (0.3693,0.6420) (0.5653,1.3404)","LG+I{0.0000}+R3{0.0654,0.0790,0.3693,0.6420,0.5653,1.3404}"
ENSB:7jPlyl_2w2ElWyT,LG+I+R3,0.0000,,"(0.0654,0.0790) (0.3693,0.6420) (0.5653,1.3404)","LG+I{0.0000}+R3{0.0654,0.0790,0.3693,0.6420,0.5653,1.3404}"
ENSB:7jPlyl_2w2ElWyT,LG+I+R3,0.0000,,"(0.0654,0.0790) (0.3693,0.6420) (0.5653,1.3404)","LG+I{0.0000}+R3{0.0654,0.0790,0.3693,0.6420,0.5653,1.3404}"
ENSB:wx-DYNTYUq7THef,LG+I+G4,0.0000,1.3845,,LG+I{0.0000}+G4{1.3845}
ENSB:wx-DYNTYUq7THef,LG+I+G4,0.0000,1.3845,,LG+I{0.0000}+G4{1.3845}
ENSB:g13oftV-fkI0jCI,LG+I+G4,0.1400,1.6783,,LG+I{0.1400}+G4{1.6783}
ENSB:-lV_QIkj-w2BthA,LG+I+R4,0.0000,,"(0.0977,0.0588) (0.2207,0.3546) (0.3522,0.8052) (0.3294,1.9201)","LG+I{0.0000}+R4{0.0977,0.0588,0.2207,0.3546,0.3522,0.8052,0.3294,1.9201}"
ENSB:axTUqUyQOIDb7sY,LG+I+R4,0.0067,,"(0.2167,0.3246) (0.4078,0.8769) (0.3321,1.4155) (0.0366,2.7825)","LG+I{0.0067}+R4{0.2167,0.3246,0.4078,0.8769,0.3321,1.4155,0.0366,2.7825}"
ENSB:yXazTHh8fw6Dufs,LG+I+R4,0.0067,,"(0.2167,0.3246) (0.4078,0.8769) (0.3321,1.4155) (0.0366,2.7825)","LG+I{0.0067}+R4{0.2167,0.3246,0.4078,0.8769,0.3321,1.4155,0.0366,2.7825}"
ENSB:5tZPf8_D0vTPC8O,LG+I+G4,0.0098,1.3180,,LG+I{0.0098}+G4{1.3180}
ENSB:5tZPf8_D0vTPC8O,LG+I+G4,0.0000,1.5413,,LG+I{0.0000}+G4{1.5413}
ENSB:BTKVnUYPet7UF2v,LG+F+I+G4,0.0587,1.6247,,LG+F+I{0.0587}+G4{1.6247}
ENSB:ApBdjDyv4OLC8sv,LG+I+G4,0.0564,0.9561,,LG+I{0.0564}+G4{0.9561}
ENSB:ApBdjDyv4OLC8sv,LG+I+G4,0.0564,0.9561,,LG+I{0.0564}+G4{0.9561}
ENSB:AOxkSpvB823TDCP,LG+I+R4,0.0246,,"(0.0945,0.0718) (0.1686,0.2740) (0.2736,0.7105) (0.4386,1.7158)","LG+I{0.0246}+R4{0.0945,0.0718,0.1686,0.2740,0.2736,0.7105,0.4386,1.7158}"
ENSB:Di7nyi0qJHQFWsX,LG+F+I+R4,0.0122,,"(0.0809,0.2177) (0.1663,0.4923) (0.3880,0.9213) (0.3526,1.5404)","LG+F+I{0.0122}+R4{0.0809,0.2177,0.1663,0.4923,0.3880,0.9213,0.3526,1.5404}"
ENSB:jhOQOuif8hMTcb0,LG+F+I+R4,0.0122,,"(0.0809,0.2177) (0.1663,0.4923) (0.3880,0.9213) (0.3526,1.5404)","LG+F+I{0.0122}+R4{0.0809,0.2177,0.1663,0.4923,0.3880,0.9213,0.3526,1.5404}"
ENSB:wYPrTxwLs4tvzTB,LG+I+G4,0.0093,2.8473,,LG+I{0.0093}+G4{2.8473}
ENSB:NtrM49ply5zK4mT,LG+I+G4,0.0093,2.8473,,LG+I{0.0093}+G4{2.8473}
ENSB:oIZau_zeooe31RX,LG+F+I+G4,0.0088,2.0696,,LG+F+I{0.0088}+G4{2.0696}
ENSB:_uz81Cx07l_Cjl0,LG+F+I+R4,0.0000,,"(0.1539,0.2975) (0.3063,0.5089) (0.2574,0.9246) (0.2825,1.9838)","LG+F+I{0.0000}+R4{0.1539,0.2975,0.3063,0.5089,0.2574,0.9246,0.2825,1.9838}"
ENSB:DCX5qFGteZciDk_,LG+F+I+R4,0.0000,,"(0.1539,0.2975) (0.3063,0.5089) (0.2574,0.9246) (0.2825,1.9838)","LG+F+I{0.0000}+R4{0.1539,0.2975,0.3063,0.5089,0.2574,0.9246,0.2825,1.9838}"
ENSB:cY-lTtECuC2zOId,LG+F+I+R4,0.0000,,"(0.1539,0.2975) (0.3063,0.5089) (0.2574,0.9246) (0.2825,1.9838)","LG+F+I{0.0000}+R4{0.1539,0.2975,0.3063,0.5089,0.2574,0.9246,0.2825,1.9838}"
ENSB:2s_sCevCTbwzTqS,LG+F+I+R4,0.0000,,"(0.1539,0.2975) (0.3063,0.5089) (0.2574,0.9246) (0.2825,1.9838)","LG+F+I{0.0000}+R4{0.1539,0.2975,0.3063,0.5089,0.2574,0.9246,0.2825,1.9838}"
ENSB:2s_sCevCTbwzTqS,LG+F+I+R4,0.0000,,"(0.1539,0.2975) (0.3063,0.5089) (0.2574,0.9246) (0.2825,1.9838)","LG+F+I{0.0000}+R4{0.1539,0.2975,0.3063,0.5089,0.2574,0.9246,0.2825,1.9838}"
ENSB:rjJN47Gfof0kF2e,LG+F+I+R4,0.0000,,"(0.1539,0.2975) (0.3063,0.5089) (0.2574,0.9246) (0.2825,1.9838)","LG+F+I{0.0000}+R4{0.1539,0.2975,0.3063,0.5089,0.2574,0.9246,0.2825,1.9838}"
ENSB:rT9IDx1bZpFqryf,LG+F+I+R4,0.0000,,"(0.1539,0.2975) (0.3063,0.5089) (0.2574,0.9246) (0.2825,1.9838)","LG+F+I{0.0000}+R4{0.1539,0.2975,0.3063,0.5089,0.2574,0.9246,0.2825,1.9838}"
ENSB:-CM3wA3WAmQMRd8,LG+F+I+R4,0.0000,,"(0.0430,0.0564) (0.1995,0.4336) (0.3210,0.8671) (0.4366,1.4494)","LG+F+I{0.0000}+R4{0.0430,0.0564,0.1995,0.4336,0.3210,0.8671,0.4366,1.4494}"
ENSB:VtlH7JFmIWHANOi,LG+F+I+R4,0.0000,,"(0.0430,0.0564) (0.1995,0.4336) (0.3210,0.8671) (0.4366,1.4494)","LG+F+I{0.0000}+R4{0.0430,0.0564,0.1995,0.4336,0.3210,0.8671,0.4366,1.4494}"
ENSB:q5lbN56RQjX1peU,LG+I+R4,0.0000,,"(0.0747,0.1431) (0.1705,0.3843) (0.3890,0.8707) (0.3658,1.5995)","LG+I{0.0000}+R4{0.0747,0.1431,0.1705,0.3843,0.3890,0.8707,0.3658,1.5995}"
ENSB:R0fqLi467Qk1xh3,LG+I+R4,0.0000,,"(0.0747,0.1431) (0.1705,0.3843) (0.3890,0.8707) (0.3658,1.5995)","LG+I{0.0000}+R4{0.0747,0.1431,0.1705,0.3843,0.3890,0.8707,0.3658,1.5995}"
ENSB:uep3nlrKlZatnkH,LG+I+R4,0.0000,,"(0.0747,0.1431) (0.1705,0.3843) (0.3890,0.8707) (0.3658,1.5995)","LG+I{0.0000}+R4{0.0747,0.1431,0.1705,0.3843,0.3890,0.8707,0.3658,1.5995}"
ENSB:lTN4fEjSVttw0YI,LG+I+R4,0.0000,,"(0.0747,0.1431) (0.1705,0.3843) (0.3890,0.8707) (0.3658,1.5995)","LG+I{0.0000}+R4{0.0747,0.1431,0.1705,0.3843,0.3890,0.8707,0.3658,1.5995}"
ENSB:oStP7YMFGPxnZWq,LG+I+R4,0.0000,,"(0.0747,0.1431) (0.1705,0.3843) (0.3890,0.8707) (0.3658,1.5995)","LG+I{0.0000}+R4{0.0747,0.1431,0.1705,0.3843,0.3890,0.8707,0.3658,1.5995}"
ENSB:q-R3lYNUY1uTRPW,LG+I+R4,0.0000,,"(0.0747,0.1431) (0.1705,0.3843) (0.3890,0.8707) (0.3658,1.5995)","LG+I{0.0000}+R4{0.0747,0.1431,0.1705,0.3843,0.3890,0.8707,0.3658,1.5995}"
ENSB:ysXCRxihDCrelOG,LG+I+R4,0.0000,,"(0.0747,0.1431) (0.1705,0.3843) (0.3890,0.8707) (0.3658,1.5995)","LG+I{0.0000}+R4{0.0747,0.1431,0.1705,0.3843,0.3890,0.8707,0.3658,1.5995}"
ENSB:BmkUgH_vKxVxvhc,LG+I+R3,0.0062,,"(0.0745,0.1328) (0.3366,0.4727) (0.5828,1.4259)","LG+I{0.0062}+R3{0.0745,0.1328,0.3366,0.4727,0.5828,1.4259}"
ENSB:E0ltcrhTHRFyEfT,LG+F+I+G4,0.0000,1.4898,,LG+F+I{0.0000}+G4{1.4898}
ENSB:2cKHRXymQMHVFjY,LG+F+I+G4,0.0000,1.4898,,LG+F+I{0.0000}+G4{1.4898}
ENSB:F3Q0LR9UuXvW0Vy,LG+F+I+R4,0.0000,,"(0.0548,0.1997) (0.3339,0.5039) (0.3272,1.0283) (0.2842,1.7047)","LG+F+I{0.0000}+R4{0.0548,0.1997,0.3339,0.5039,0.3272,1.0283,0.2842,1.7047}"
ENSB:N-jICsd62IeVffB,LG+F+I+R4,0.0000,,"(0.0548,0.1997) (0.3339,0.5039) (0.3272,1.0283) (0.2842,1.7047)","LG+F+I{0.0000}+R4{0.0548,0.1997,0.3339,0.5039,0.3272,1.0283,0.2842,1.7047}"
ENSB:Lc0qSWUVWCd-sY4,LG+F+I+R4,0.0000,,"(0.0548,0.1997) (0.3339,0.5039) (0.3272,1.0283) (0.2842,1.7047)","LG+F+I{0.0000}+R4{0.0548,0.1997,0.3339,0.5039,0.3272,1.0283,0.2842,1.7047}"
ENSB:JxWuhO9KWpoMKtc,LG+F+I+R4,0.0000,,"(0.0548,0.1997) (0.3339,0.5039) (0.3272,1.0283) (0.2842,1.7047)","LG+F+I{0.0000}+R4{0.0548,0.1997,0.3339,0.5039,0.3272,1.0283,0.2842,1.7047}"
ENSB:dmC5uZGDD2jI4xo,LG+F+I+R4,0.0000,,"(0.0548,0.1997) (0.3339,0.5039) (0.3272,1.0283) (0.2842,1.7047)","LG+F+I{0.0000}+R4{0.0548,0.1997,0.3339,0.5039,0.3272,1.0283,0.2842,1.7047}"
ENSB:GNYoElXvP4QEm5w,LG+F+I+R4,0.0000,,"(0.0548,0.1997) (0.3339,0.5039) (0.3272,1.0283) (0.2842,1.7047)","LG+F+I{0.0000}+R4{0.0548,0.1997,0.3339,0.5039,0.3272,1.0283,0.2842,1.7047}"
ENSB:4EpcEW6nVy8_ei8,LG+F+I+R4,0.0000,,"(0.0548,0.1997) (0.3339,0.5039) (0.3272,1.0283) (0.2842,1.7047)","LG+F+I{0.0000}+R4{0.0548,0.1997,0.3339,0.5039,0.3272,1.0283,0.2842,1.7047}"
ENSB:KwWd8QVAX2LEd6c,LG+F+I+R4,0.0000,,"(0.0719,0.2389) (0.2122,0.4813) (0.3766,0.9048) (0.3393,1.5913)","LG+F+I{0.0000}+R4{0.0719,0.2389,0.2122,0.4813,0.3766,0.9048,0.3393,1.5913}"
ENSB:IhvfzxmeK5afoPi,LG+F+I+R4,0.0000,,"(0.0719,0.2389) (0.2122,0.4813) (0.3766,0.9048) (0.3393,1.5913)","LG+F+I{0.0000}+R4{0.0719,0.2389,0.2122,0.4813,0.3766,0.9048,0.3393,1.5913}"
ENSB:b00szcR5aXlhk9E,LG+F+I+R4,0.0000,,"(0.0451,0.1426) (0.1250,0.4292) (0.2692,0.7497) (0.5607,1.3164)","LG+F+I{0.0000}+R4{0.0451,0.1426,0.1250,0.4292,0.2692,0.7497,0.5607,1.3164}"
ENSB:ECR4hYd_wTjf4QJ,LG+F+I+R4,0.0000,,"(0.0451,0.1426) (0.1250,0.4292) (0.2692,0.7497) (0.5607,1.3164)","LG+F+I{0.0000}+R4{0.0451,0.1426,0.1250,0.4292,0.2692,0.7497,0.5607,1.3164}"
ENSB:Zeo8lWHlpLs-TPw,LG+F+I+R4,0.0000,,"(0.0451,0.1426) (0.1250,0.4292) (0.2692,0.7497) (0.5607,1.3164)","LG+F+I{0.0000}+R4{0.0451,0.1426,0.1250,0.4292,0.2692,0.7497,0.5607,1.3164}"
ENSB:X8X3svH--3w8dqE,LG+F+I+R4,0.0000,,"(0.0451,0.1426) (0.1250,0.4292) (0.2692,0.7497) (0.5607,1.3164)","LG+F+I{0.0000}+R4{0.0451,0.1426,0.1250,0.4292,0.2692,0.7497,0.5607,1.3164}"
ENSB:xpIvD3C3RcxHAKV,LG+F+I+R4,0.0000,,"(0.0451,0.1426) (0.1250,0.4292) (0.2692,0.7497) (0.5607,1.3164)","LG+F+I{0.0000}+R4{0.0451,0.1426,0.1250,0.4292,0.2692,0.7497,0.5607,1.3164}"
ENSB:vR6J6F-oq4du53B,LG+F+I+R4,0.0000,,"(0.0451,0.1426) (0.1250,0.4292) (0.2692,0.7497) (0.5607,1.3164)","LG+F+I{0.0000}+R4{0.0451,0.1426,0.1250,0.4292,0.2692,0.7497,0.5607,1.3164}"
ENSB:jgsE-79hLZoKVlN,LG+F+I+R4,0.0000,,"(0.0451,0.1426) (0.1250,0.4292) (0.2692,0.7497) (0.5607,1.3164)","LG+F+I{0.0000}+R4{0.0451,0.1426,0.1250,0.4292,0.2692,0.7497,0.5607,1.3164}"
ENSB:8FhXjS-_tJI4zwG,LG+F+I+R4,0.0000,,"(0.0451,0.1426) (0.1250,0.4292) (0.2692,0.7497) (0.5607,1.3164)","LG+F+I{0.0000}+R4{0.0451,0.1426,0.1250,0.4292,0.2692,0.7497,0.5607,1.3164}"
ENSB:zgTkjqGnj7Rjwh5,LG+I+G4,0.0000,3.0752,,LG+I{0.0000}+G4{3.0752}
ENSB:NV9KOq28qlJrIvE,LG+I+G4,0.0341,1.1522,,LG+I{0.0341}+G4{1.1522}
ENSB:-NIejT4BKcsCdL3,LG+I+R4,0.0069,,"(0.1010,0.0806) (0.3049,0.3474) (0.3717,0.8253) (0.2156,2.6868)","LG+I{0.0069}+R4{0.1010,0.0806,0.3049,0.3474,0.3717,0.8253,0.2156,2.6868}"
ENSB:bmw9a2nxSGy1Fr6,LG+I+R4,0.0069,,"(0.1010,0.0806) (0.3049,0.3474) (0.3717,0.8253) (0.2156,2.6868)","LG+I{0.0069}+R4{0.1010,0.0806,0.3049,0.3474,0.3717,0.8253,0.2156,2.6868}"
ENSB:HDHgVBh5DDNVUH-,LG+I+R4,0.0069,,"(0.1010,0.0806) (0.3049,0.3474) (0.3717,0.8253) (0.2156,2.6868)","LG+I{0.0069}+R4{0.1010,0.0806,0.3049,0.3474,0.3717,0.8253,0.2156,2.6868}"
ENSB:4coOD6o_tPUKmbv,LG+I+R4,0.0069,,"(0.1010,0.0806) (0.3049,0.3474) (0.3717,0.8253) (0.2156,2.6868)","LG+I{0.0069}+R4{0.1010,0.0806,0.3049,0.3474,0.3717,0.8253,0.2156,2.6868}"
ENSB:mZZ06hI__z3Kk-B,LG+I+R4,0.0069,,"(0.1010,0.0806) (0.3049,0.3474) (0.3717,0.8253) (0.2156,2.6868)","LG+I{0.0069}+R4{0.1010,0.0806,0.3049,0.3474,0.3717,0.8253,0.2156,2.6868}"
ENSB:g3ugn83_M7SWTdy,LG+I+R4,0.0069,,"(0.1010,0.0806) (0.3049,0.3474) (0.3717,0.8253) (0.2156,2.6868)","LG+I{0.0069}+R4{0.1010,0.0806,0.3049,0.3474,0.3717,0.8253,0.2156,2.6868}"
ENSB:yhS2JtLEbrUoAsG,LG+I+G4,0.0104,2.8005,,LG+I{0.0104}+G4{2.8005}
ENSB:gP_oNhe61AZqf9H,LG+I+G4,0.0104,2.8005,,LG+I{0.0104}+G4{2.8005}
ENSB:x3H9oCNAvgklXWH,LG+F+I+R4,0.0000,,"(0.0564,0.1049) (0.1385,0.3622) (0.2564,0.7665) (0.5488,1.3619)","LG+F+I{0.0000}+R4{0.0564,0.1049,0.1385,0.3622,0.2564,0.7665,0.5488,1.3619}"
ENSB:K4Czy_5_2CYmgPQ,LG+F+I+R4,0.0000,,"(0.0564,0.1049) (0.1385,0.3622) (0.2564,0.7665) (0.5488,1.3619)","LG+F+I{0.0000}+R4{0.0564,0.1049,0.1385,0.3622,0.2564,0.7665,0.5488,1.3619}"
ENSB:IOO1yKiBiLiB_Jb,LG+F+I+R4,0.0000,,"(0.0564,0.1049) (0.1385,0.3622) (0.2564,0.7665) (0.5488,1.3619)","LG+F+I{0.0000}+R4{0.0564,0.1049,0.1385,0.3622,0.2564,0.7665,0.5488,1.3619}"
ENSB:wBejwxSYKrqIxRQ,LG+F+I+R4,0.0000,,"(0.0564,0.1049) (0.1385,0.3622) (0.2564,0.7665) (0.5488,1.3619)","LG+F+I{0.0000}+R4{0.0564,0.1049,0.1385,0.3622,0.2564,0.7665,0.5488,1.3619}"
ENSB:oiNsANaMcT5yvWQ,LG+F+I+R4,0.0000,,"(0.0564,0.1049) (0.1385,0.3622) (0.2564,0.7665) (0.5488,1.3619)","LG+F+I{0.0000}+R4{0.0564,0.1049,0.1385,0.3622,0.2564,0.7665,0.5488,1.3619}"
ENSB:JUvq-kym-HpxC5E,LG+F+I+R4,0.0000,,"(0.0564,0.1049) (0.1385,0.3622) (0.2564,0.7665) (0.5488,1.3619)","LG+F+I{0.0000}+R4{0.0564,0.1049,0.1385,0.3622,0.2564,0.7665,0.5488,1.3619}"
ENSB:U3H4w4SvW_EO-4u,LG+F+I+R4,0.0000,,"(0.0564,0.1049) (0.1385,0.3622) (0.2564,0.7665) (0.5488,1.3619)","LG+F+I{0.0000}+R4{0.0564,0.1049,0.1385,0.3622,0.2564,0.7665,0.5488,1.3619}"
ENSB:qKwqoBH5qliZhoh,LG+F+I+R4,0.0000,,"(0.0564,0.1049) (0.1385,0.3622) (0.2564,0.7665) (0.5488,1.3619)","LG+F+I{0.0000}+R4{0.0564,0.1049,0.1385,0.3622,0.2564,0.7665,0.5488,1.3619}"
ENSB:M6YqdmTaUdIXz73,LG+F+I+R4,0.0000,,"(0.0564,0.1049) (0.1385,0.3622) (0.2564,0.7665) (0.5488,1.3619)","LG+F+I{0.0000}+R4{0.0564,0.1049,0.1385,0.3622,0.2564,0.7665,0.5488,1.3619}"
ENSB:Y9xxOibJAAdXbAh,LG+F+I+R4,0.0000,,"(0.0564,0.1049) (0.1385,0.3622) (0.2564,0.7665) (0.5488,1.3619)","LG+F+I{0.0000}+R4{0.0564,0.1049,0.1385,0.3622,0.2564,0.7665,0.5488,1.3619}"
ENSB:21QRxtkilDfsWUJ,LG+F+I+R4,0.0000,,"(0.0564,0.1049) (0.1385,0.3622) (0.2564,0.7665) (0.5488,1.3619)","LG+F+I{0.0000}+R4{0.0564,0.1049,0.1385,0.3622,0.2564,0.7665,0.5488,1.3619}"
ENSB:Lle5cM05v_jffAA,LG+F+I+R4,0.0000,,"(0.0564,0.1049) (0.1385,0.3622) (0.2564,0.7665) (0.5488,1.3619)","LG+F+I{0.0000}+R4{0.0564,0.1049,0.1385,0.3622,0.2564,0.7665,0.5488,1.3619}"
ENSB:Q-EabaJauWtJtNm,LG+F+I+R4,0.0085,,"(0.0582,0.0532) (0.2747,0.3426) (0.3167,0.8380) (0.3418,1.8649)","LG+F+I{0.0085}+R4{0.0582,0.0532,0.2747,0.3426,0.3167,0.8380,0.3418,1.8649}"
ENSB:HqsmkwuyfYuagLZ,LG+F+I+R4,0.0085,,"(0.0582,0.0532) (0.2747,0.3426) (0.3167,0.8380) (0.3418,1.8649)","LG+F+I{0.0085}+R4{0.0582,0.0532,0.2747,0.3426,0.3167,0.8380,0.3418,1.8649}"
ENSB:vuAGr7u0wLnqxZo,LG+F+I+R4,0.0085,,"(0.0582,0.0532) (0.2747,0.3426) (0.3167,0.8380) (0.3418,1.8649)","LG+F+I{0.0085}+R4{0.0582,0.0532,0.2747,0.3426,0.3167,0.8380,0.3418,1.8649}"
ENSB:XtepuzgbfScvkLe,LG+I+R4,0.0050,,"(0.0751,0.1092) (0.1629,0.3902) (0.2895,0.7734) (0.4675,1.5066)","LG+I{0.0050}+R4{0.0751,0.1092,0.1629,0.3902,0.2895,0.7734,0.4675,1.5066}"
ENSB:FVQP-a12xpCURb8,LG+I+R4,0.0050,,"(0.0751,0.1092) (0.1629,0.3902) (0.2895,0.7734) (0.4675,1.5066)","LG+I{0.0050}+R4{0.0751,0.1092,0.1629,0.3902,0.2895,0.7734,0.4675,1.5066}"
ENSB:XtepuzgbfScvkLe,LG+I+G4,0.0194,1.4852,,LG+I{0.0194}+G4{1.4852}
ENSB:FVQP-a12xpCURb8,LG+I+G4,0.0194,1.4852,,LG+I{0.0194}+G4{1.4852}
ENSB:nJ5KTduRza6f_QO,LG+I+R4,0.0287,,"(0.1395,0.1426) (0.2353,0.4046) (0.2454,0.9198) (0.3509,1.8782)","LG+I{0.0287}+R4{0.1395,0.1426,0.2353,0.4046,0.2454,0.9198,0.3509,1.8782}"
ENSB:gMOdTte4kY_0ndy,LG+I+R4,0.0000,,"(0.1228,0.1732) (0.2847,0.4702) (0.2842,0.9979) (0.3083,1.8206)","LG+I{0.0000}+R4{0.1228,0.1732,0.2847,0.4702,0.2842,0.9979,0.3083,1.8206}"
ENSB:mk5jFauKXjzt8na,LG+I+G4,0.0000,2.2355,,LG+I{0.0000}+G4{2.2355}
ENSB:Afk5IW_E2CQm5hj,LG+F+I+R4,0.0136,,"(0.0691,0.1124) (0.2309,0.4358) (0.3403,0.9230) (0.3460,1.6688)","LG+F+I{0.0136}+R4{0.0691,0.1124,0.2309,0.4358,0.3403,0.9230,0.3460,1.6688}"
ENSB:9-acKMDV0aOwBtq,LG+I+G4,0.0357,1.9612,,LG+I{0.0357}+G4{1.9612}
ENSB:PiCX2Q3q4VfdHrS,LG+I+G4,0.0000,1.6667,,LG+I{0.0000}+G4{1.6667}
ENSB:GlkaDkResfJGj2M,LG+I+G4,0.0522,1.2540,,LG+I{0.0522}+G4{1.2540}
ENSB:2urTJ8YWPS8yqIS,LG+F+I+R4,0.0000,,"(0.0322,0.0294) (0.2149,0.3689) (0.3666,0.8208) (0.3863,1.6020)","LG+F+I{0.0000}+R4{0.0322,0.0294,0.2149,0.3689,0.3666,0.8208,0.3863,1.6020}"
ENSB:OD626OHOSeRWSmZ,LG+F+I+R4,0.0000,,"(0.0322,0.0294) (0.2149,0.3689) (0.3666,0.8208) (0.3863,1.6020)","LG+F+I{0.0000}+R4{0.0322,0.0294,0.2149,0.3689,0.3666,0.8208,0.3863,1.6020}"
ENSB:zQUpdwJW_L9XhJh,LG+I+G4,0.0280,1.3160,,LG+I{0.0280}+G4{1.3160}
ENSB:zQUpdwJW_L9XhJh,LG+I+G4,0.1098,0.9222,,LG+I{0.1098}+G4{0.9222}
ENSB:4IwY2puIUOCAE8R,LG+I+R4,0.0000,,"(0.0324,0.0477) (0.1004,0.3206) (0.4182,0.7948) (0.4490,1.4118)","LG+I{0.0000}+R4{0.0324,0.0477,0.1004,0.3206,0.4182,0.7948,0.4490,1.4118}"
ENSB:GqjMzUVW45uiaPk,LG+I+R4,0.0000,,"(0.0324,0.0477) (0.1004,0.3206) (0.4182,0.7948) (0.4490,1.4118)","LG+I{0.0000}+R4{0.0324,0.0477,0.1004,0.3206,0.4182,0.7948,0.4490,1.4118}"
ENSB:bu3BgZ0HDpFhUvh,LG+I+R4,0.0000,,"(0.0324,0.0477) (0.1004,0.3206) (0.4182,0.7948) (0.4490,1.4118)","LG+I{0.0000}+R4{0.0324,0.0477,0.1004,0.3206,0.4182,0.7948,0.4490,1.4118}"
ENSB:IrLD0Ek9wWKyid2,LG+I+R4,0.0000,,"(0.0324,0.0477) (0.1004,0.3206) (0.4182,0.7948) (0.4490,1.4118)","LG+I{0.0000}+R4{0.0324,0.0477,0.1004,0.3206,0.4182,0.7948,0.4490,1.4118}"
ENSB:eLl3N83jFLHZh9y,LG+I+R4,0.0000,,"(0.0324,0.0477) (0.1004,0.3206) (0.4182,0.7948) (0.4490,1.4118)","LG+I{0.0000}+R4{0.0324,0.0477,0.1004,0.3206,0.4182,0.7948,0.4490,1.4118}"
ENSB:mP7InslRR2bAUJ8,LG+I+R4,0.0000,,"(0.0324,0.0477) (0.1004,0.3206) (0.4182,0.7948) (0.4490,1.4118)","LG+I{0.0000}+R4{0.0324,0.0477,0.1004,0.3206,0.4182,0.7948,0.4490,1.4118}"
ENSB:fXNszZIPMFKYvzj,LG+F+I+G4,0.0000,3.8153,,LG+F+I{0.0000}+G4{3.8153}
ENSB:4awDSUpPcViyiBC,LG+F+I+G4,0.0000,3.8153,,LG+F+I{0.0000}+G4{3.8153}
ENSB:Wof0WCaf0aK5-pc,LG+F+I+G4,0.0000,3.8153,,LG+F+I{0.0000}+G4{3.8153}
ENSB:ujbGIgmQRtfeo69,LG+F+I+R4,0.0033,,"(0.0289,0.1431) (0.1170,0.3892) (0.5427,0.8433) (0.3080,1.5993)","LG+F+I{0.0033}+R4{0.0289,0.1431,0.1170,0.3892,0.5427,0.8433,0.3080,1.5993}"
ENSB:r7wAVVGG6YEcE_i,LG+F+I+R4,0.0033,,"(0.0289,0.1431) (0.1170,0.3892) (0.5427,0.8433) (0.3080,1.5993)","LG+F+I{0.0033}+R4{0.0289,0.1431,0.1170,0.3892,0.5427,0.8433,0.3080,1.5993}"
ENSB:k4iqdaRHoYX3hzJ,LG+F+I+R4,0.0033,,"(0.0289,0.1431) (0.1170,0.3892) (0.5427,0.8433) (0.3080,1.5993)","LG+F+I{0.0033}+R4{0.0289,0.1431,0.1170,0.3892,0.5427,0.8433,0.3080,1.5993}"
ENSB:Fhpa72-2r8jjs8q,LG+I+G4,0.0068,1.0159,,LG+I{0.0068}+G4{1.0159}
ENSB:UERc8rTbxoCARxj,LG+I+G4,0.0000,0.8255,,LG+I{0.0000}+G4{0.8255}
ENSB:mCspyIhw6vOk6E9,LG+I+G4,0.0000,0.8255,,LG+I{0.0000}+G4{0.8255}
ENSB:ei0XaV7I9wsea0c,LG+I+G4,0.0072,1.8266,,LG+I{0.0072}+G4{1.8266}
ENSB:S7Yq0l2R2w4VW0K,LG+I+G4,0.0072,1.8266,,LG+I{0.0072}+G4{1.8266}
ENSB:guAxsDOu3_RiNAq,LG+I+R4,0.0046,,"(0.0611,0.1372) (0.2185,0.4156) (0.3428,0.8861) (0.3730,1.6007)","LG+I{0.0046}+R4{0.0611,0.1372,0.2185,0.4156,0.3428,0.8861,0.3730,1.6007}"
ENSB:bnrvjvQNHoNv42E,LG+I+R4,0.0046,,"(0.0611,0.1372) (0.2185,0.4156) (0.3428,0.8861) (0.3730,1.6007)","LG+I{0.0046}+R4{0.0611,0.1372,0.2185,0.4156,0.3428,0.8861,0.3730,1.6007}"
ENSB:K1g07QMLbVyKmEL,LG+I+R4,0.0046,,"(0.0611,0.1372) (0.2185,0.4156) (0.3428,0.8861) (0.3730,1.6007)","LG+I{0.0046}+R4{0.0611,0.1372,0.2185,0.4156,0.3428,0.8861,0.3730,1.6007}"
ENSB:3G4gTUzgxzCffX0,LG+I+R4,0.0046,,"(0.0611,0.1372) (0.2185,0.4156) (0.3428,0.8861) (0.3730,1.6007)","LG+I{0.0046}+R4{0.0611,0.1372,0.2185,0.4156,0.3428,0.8861,0.3730,1.6007}"
ENSB:T4gmvtv2T2dNqTw,LG+I+R4,0.0046,,"(0.0611,0.1372) (0.2185,0.4156) (0.3428,0.8861) (0.3730,1.6007)","LG+I{0.0046}+R4{0.0611,0.1372,0.2185,0.4156,0.3428,0.8861,0.3730,1.6007}"
ENSB:odICz9aPhE351qc,LG+I+R4,0.0046,,"(0.0611,0.1372) (0.2185,0.4156) (0.3428,0.8861) (0.3730,1.6007)","LG+I{0.0046}+R4{0.0611,0.1372,0.2185,0.4156,0.3428,0.8861,0.3730,1.6007}"
ENSB:xLVbNAYRAGogXJG,LG+I+R4,0.0046,,"(0.0611,0.1372) (0.2185,0.4156) (0.3428,0.8861) (0.3730,1.6007)","LG+I{0.0046}+R4{0.0611,0.1372,0.2185,0.4156,0.3428,0.8861,0.3730,1.6007}"
ENSB:6LQgYJwmnh7aKSa,LG+I+R4,0.0046,,"(0.0611,0.1372) (0.2185,0.4156) (0.3428,0.8861) (0.3730,1.6007)","LG+I{0.0046}+R4{0.0611,0.1372,0.2185,0.4156,0.3428,0.8861,0.3730,1.6007}"
ENSB:XpPq6Ilf63rFTCS,LG+I+R4,0.0046,,"(0.0611,0.1372) (0.2185,0.4156) (0.3428,0.8861) (0.3730,1.6007)","LG+I{0.0046}+R4{0.0611,0.1372,0.2185,0.4156,0.3428,0.8861,0.3730,1.6007}"
ENSB:h2q6r6YNk3Z4-Km,LG+I+R4,0.0046,,"(0.0611,0.1372) (0.2185,0.4156) (0.3428,0.8861) (0.3730,1.6007)","LG+I{0.0046}+R4{0.0611,0.1372,0.2185,0.4156,0.3428,0.8861,0.3730,1.6007}"
ENSB:1VFUpdpSe4Aldbe,LG+I+R4,0.0046,,"(0.0611,0.1372) (0.2185,0.4156) (0.3428,0.8861) (0.3730,1.6007)","LG+I{0.0046}+R4{0.0611,0.1372,0.2185,0.4156,0.3428,0.8861,0.3730,1.6007}"
ENSB:0fQgD5C-OvKqeAN,LG+I+R4,0.0046,,"(0.0611,0.1372) (0.2185,0.4156) (0.3428,0.8861) (0.3730,1.6007)","LG+I{0.0046}+R4{0.0611,0.1372,0.2185,0.4156,0.3428,0.8861,0.3730,1.6007}"
ENSB:1SDXS3U9P-sIM3v,LG+I+R4,0.0046,,"(0.0611,0.1372) (0.2185,0.4156) (0.3428,0.8861) (0.3730,1.6007)","LG+I{0.0046}+R4{0.0611,0.1372,0.2185,0.4156,0.3428,0.8861,0.3730,1.6007}"
ENSB:G0det9Qt_X5_yrM,LG+I+R4,0.0046,,"(0.0611,0.1372) (0.2185,0.4156) (0.3428,0.8861) (0.3730,1.6007)","LG+I{0.0046}+R4{0.0611,0.1372,0.2185,0.4156,0.3428,0.8861,0.3730,1.6007}"
ENSB:mjRbRBlMSfwIe14,LG+I+R4,0.0046,,"(0.0611,0.1372) (0.2185,0.4156) (0.3428,0.8861) (0.3730,1.6007)","LG+I{0.0046}+R4{0.0611,0.1372,0.2185,0.4156,0.3428,0.8861,0.3730,1.6007}"
ENSB:E1zz5MvJJAejNwh,LG+I+R4,0.0046,,"(0.0611,0.1372) (0.2185,0.4156) (0.3428,0.8861) (0.3730,1.6007)","LG+I{0.0046}+R4{0.0611,0.1372,0.2185,0.4156,0.3428,0.8861,0.3730,1.6007}"
ENSB:tToCeb0_29KHp4Y,LG+I+G4,0.0706,2.3184,,LG+I{0.0706}+G4{2.3184}
ENSB:NeT9ByK9AbUkRyU,LG+F+I+G4,0.0966,0.9251,,LG+F+I{0.0966}+G4{0.9251}
ENSB:xHJRuAp2ATOFNda,LG+F+I+G4,0.0966,0.9251,,LG+F+I{0.0966}+G4{0.9251}
ENSB:rvK1TijW9zJ5urs,LG+F+I+R4,0.0000,,"(0.0466,0.0555) (0.2280,0.3988) (0.4400,0.9024) (0.2854,1.7848)","LG+F+I{0.0000}+R4{0.0466,0.0555,0.2280,0.3988,0.4400,0.9024,0.2854,1.7848}"
ENSB:tRzUl66PT8pM4fJ,LG+F+I+R4,0.0000,,"(0.0466,0.0555) (0.2280,0.3988) (0.4400,0.9024) (0.2854,1.7848)","LG+F+I{0.0000}+R4{0.0466,0.0555,0.2280,0.3988,0.4400,0.9024,0.2854,1.7848}"
ENSB:Hb16JhPGDyEHhbp,LG+F+I+G4,0.0078,1.4771,,LG+F+I{0.0078}+G4{1.4771}
ENSB:EE9eh5b8wJhIRba,LG+I+G4,0.0105,0.9231,,LG+I{0.0105}+G4{0.9231}
ENSB:6Qs3NGASZKkWJnz,LG+I+R4,0.0068,,"(0.1126,0.2442) (0.2664,0.6002) (0.5308,1.2071) (0.0834,2.0606)","LG+I{0.0068}+R4{0.1126,0.2442,0.2664,0.6002,0.5308,1.2071,0.0834,2.0606}"
ENSB:jtxhH-uO6j_m4mf,LG+I+R4,0.0068,,"(0.1126,0.2442) (0.2664,0.6002) (0.5308,1.2071) (0.0834,2.0606)","LG+I{0.0068}+R4{0.1126,0.2442,0.2664,0.6002,0.5308,1.2071,0.0834,2.0606}"
ENSB:puUGeZnveaR6g6g,LG+I+G4,0.0210,2.2462,,LG+I{0.0210}+G4{2.2462}
ENSB:ESu-1DUZL5Cd_T7,LG+I+G4,0.0210,2.2462,,LG+I{0.0210}+G4{2.2462}
ENSB:qItbf6KBJg9bSb0,LG+I+G4,0.0210,2.2462,,LG+I{0.0210}+G4{2.2462}
ENSB:Fb6oQPM880lTqg4,LG+I+G4,0.0210,2.2462,,LG+I{0.0210}+G4{2.2462}
ENSB:obttZVzHS3ZU33J,LG+I+G4,0.0210,2.2462,,LG+I{0.0210}+G4{2.2462}
ENSB:aXD7cX6ZkE9i4mA,LG+I+G4,0.0157,2.1706,,LG+I{0.0157}+G4{2.1706}
ENSB:CuP06KFkLHSyusP,LG+I+G4,0.0157,2.1706,,LG+I{0.0157}+G4{2.1706}
ENSB:IDAOYF-w3Sc9x5z,LG+I+G4,0.0000,2.7173,,LG+I{0.0000}+G4{2.7173}
ENSB:3VcR5Xq2YWyZxnM,LG+I+G4,0.0000,2.7173,,LG+I{0.0000}+G4{2.7173}
ENSB:HWlSdez0AfngNXd,LG+I+G4,0.0073,1.8475,,LG+I{0.0073}+G4{1.8475}
ENSB:iScdcH4EFHbkTqh,LG+I+G4,0.1102,1.2259,,LG+I{0.1102}+G4{1.2259}
ENSB:pvTgS-R5IXsq8RZ,LG+I+G4,0.0680,3.1392,,LG+I{0.0680}+G4{3.1392}
ENSB:HkK21Hvfk90p0_J,LG+I+G4,0.0680,3.1392,,LG+I{0.0680}+G4{3.1392}
ENSB:7D2ewF4wVMexlBb,LG+I+G4,0.0680,3.1392,,LG+I{0.0680}+G4{3.1392}
ENSB:7HP7A99lVFIpKz4,LG+I+G4,0.0680,3.1392,,LG+I{0.0680}+G4{3.1392}
ENSB:fTR4MkIIEUWX_-O,LG+I+G4,0.0680,3.1392,,LG+I{0.0680}+G4{3.1392}
ENSB:zourk8AwzLE-jSd,LG+I+G4,0.0680,3.1392,,LG+I{0.0680}+G4{3.1392}
ENSB:Dfdwtav_-sEo84g,LG+I+G4,0.0680,3.1392,,LG+I{0.0680}+G4{3.1392}
ENSB:0Y1eI7EBi9Zb_mQ,LG+I+G4,0.0680,3.1392,,LG+I{0.0680}+G4{3.1392}
ENSB:pHr5Z83cLg40PQy,LG+I+G4,0.0680,3.1392,,LG+I{0.0680}+G4{3.1392}
ENSB:T6ta-Z7ki7XhRgg,LG+I+G4,0.0680,3.1392,,LG+I{0.0680}+G4{3.1392}
ENSB:tctOubuGD2EAwlp,LG+I+G4,0.0680,3.1392,,LG+I{0.0680}+G4{3.1392}
ENSB:ENE6Y-6JB4nIZsc,LG+I+G4,0.0000,2.4589,,LG+I{0.0000}+G4{2.4589}
ENSB:6Zaqq-YEEhiY0T6,LG+I+R4,0.0000,,"(0.0743,0.0720) (0.1792,0.3900) (0.2852,0.8272) (0.4612,1.4934)","LG+I{0.0000}+R4{0.0743,0.0720,0.1792,0.3900,0.2852,0.8272,0.4612,1.4934}"
ENSB:c3jMHV2rgYWheTD,LG+I+R4,0.0000,,"(0.0743,0.0720) (0.1792,0.3900) (0.2852,0.8272) (0.4612,1.4934)","LG+I{0.0000}+R4{0.0743,0.0720,0.1792,0.3900,0.2852,0.8272,0.4612,1.4934}"
ENSB:oGPmf_zg-lUPqrU,LG+I+R4,0.0000,,"(0.0743,0.0720) (0.1792,0.3900) (0.2852,0.8272) (0.4612,1.4934)","LG+I{0.0000}+R4{0.0743,0.0720,0.1792,0.3900,0.2852,0.8272,0.4612,1.4934}"
ENSB:8SKPaABX3OrOE6W,LG+I+R4,0.0000,,"(0.0743,0.0720) (0.1792,0.3900) (0.2852,0.8272) (0.4612,1.4934)","LG+I{0.0000}+R4{0.0743,0.0720,0.1792,0.3900,0.2852,0.8272,0.4612,1.4934}"
ENSB:fCbCEMqjPqnpSZD,LG+I+R4,0.0000,,"(0.0743,0.0720) (0.1792,0.3900) (0.2852,0.8272) (0.4612,1.4934)","LG+I{0.0000}+R4{0.0743,0.0720,0.1792,0.3900,0.2852,0.8272,0.4612,1.4934}"
ENSB:tSjmrP8stU7q7jA,LG+I+R4,0.0000,,"(0.0743,0.0720) (0.1792,0.3900) (0.2852,0.8272) (0.4612,1.4934)","LG+I{0.0000}+R4{0.0743,0.0720,0.1792,0.3900,0.2852,0.8272,0.4612,1.4934}"
ENSB:-bKGPsIPdy4vqnc,LG+I+R4,0.0000,,"(0.0743,0.0720) (0.1792,0.3900) (0.2852,0.8272) (0.4612,1.4934)","LG+I{0.0000}+R4{0.0743,0.0720,0.1792,0.3900,0.2852,0.8272,0.4612,1.4934}"
ENSB:5tSIaAj9ahXWvYR,LG+I+R4,0.0000,,"(0.0743,0.0720) (0.1792,0.3900) (0.2852,0.8272) (0.4612,1.4934)","LG+I{0.0000}+R4{0.0743,0.0720,0.1792,0.3900,0.2852,0.8272,0.4612,1.4934}"
ENSB:IVPUNzGJF9sXgu_,LG+I+R4,0.0000,,"(0.0743,0.0720) (0.1792,0.3900) (0.2852,0.8272) (0.4612,1.4934)","LG+I{0.0000}+R4{0.0743,0.0720,0.1792,0.3900,0.2852,0.8272,0.4612,1.4934}"
ENSB:3Fik_FAndfF59hq,LG+I+R4,0.0000,,"(0.0743,0.0720) (0.1792,0.3900) (0.2852,0.8272) (0.4612,1.4934)","LG+I{0.0000}+R4{0.0743,0.0720,0.1792,0.3900,0.2852,0.8272,0.4612,1.4934}"
ENSB:q6GEuYZwTQs8q7a,LG+I+R4,0.0000,,"(0.0743,0.0720) (0.1792,0.3900) (0.2852,0.8272) (0.4612,1.4934)","LG+I{0.0000}+R4{0.0743,0.0720,0.1792,0.3900,0.2852,0.8272,0.4612,1.4934}"
ENSB:qKW4CvgjqOlgC3S,LG+I+R4,0.0000,,"(0.0743,0.0720) (0.1792,0.3900) (0.2852,0.8272) (0.4612,1.4934)","LG+I{0.0000}+R4{0.0743,0.0720,0.1792,0.3900,0.2852,0.8272,0.4612,1.4934}"
ENSB:LJ_niMWRinJ7kmO,LG+I+R4,0.0000,,"(0.0743,0.0720) (0.1792,0.3900) (0.2852,0.8272) (0.4612,1.4934)","LG+I{0.0000}+R4{0.0743,0.0720,0.1792,0.3900,0.2852,0.8272,0.4612,1.4934}"
ENSB:Q-nMTCZs6eniKWP,LG+I+R4,0.0000,,"(0.0743,0.0720) (0.1792,0.3900) (0.2852,0.8272) (0.4612,1.4934)","LG+I{0.0000}+R4{0.0743,0.0720,0.1792,0.3900,0.2852,0.8272,0.4612,1.4934}"
ENSB:wQuZFbvbMpExux-,LG+I+R4,0.0000,,"(0.0743,0.0720) (0.1792,0.3900) (0.2852,0.8272) (0.4612,1.4934)","LG+I{0.0000}+R4{0.0743,0.0720,0.1792,0.3900,0.2852,0.8272,0.4612,1.4934}"
ENSB:OJxBW0aqriD2wSv,LG+I+R4,0.0000,,"(0.0743,0.0720) (0.1792,0.3900) (0.2852,0.8272) (0.4612,1.4934)","LG+I{0.0000}+R4{0.0743,0.0720,0.1792,0.3900,0.2852,0.8272,0.4612,1.4934}"
ENSB:fKt2wHNVIpjuve1,LG+I+R4,0.0000,,"(0.1052,0.1870) (0.2438,0.4728) (0.2811,0.9316) (0.3698,1.6309)","LG+I{0.0000}+R4{0.1052,0.1870,0.2438,0.4728,0.2811,0.9316,0.3698,1.6309}"
ENSB:he8XhHfK4LlUgbV,LG+I+R4,0.0000,,"(0.1052,0.1870) (0.2438,0.4728) (0.2811,0.9316) (0.3698,1.6309)","LG+I{0.0000}+R4{0.1052,0.1870,0.2438,0.4728,0.2811,0.9316,0.3698,1.6309}"
ENSB:M5F2G4YsEZDjlYj,LG+I+R4,0.0000,,"(0.1052,0.1870) (0.2438,0.4728) (0.2811,0.9316) (0.3698,1.6309)","LG+I{0.0000}+R4{0.1052,0.1870,0.2438,0.4728,0.2811,0.9316,0.3698,1.6309}"
ENSB:CEfpKlJiB8xhLKN,LG+F+I+R4,0.0096,,"(0.0423,0.1614) (0.2066,0.4000) (0.3709,0.8035) (0.3706,1.6527)","LG+F+I{0.0096}+R4{0.0423,0.1614,0.2066,0.4000,0.3709,0.8035,0.3706,1.6527}"
ENSB:dTNaHuebV2XDRGE,LG+I+R4,0.0102,,"(0.0343,0.0359) (0.1870,0.2455) (0.3034,0.6768) (0.4651,1.6073)","LG+I{0.0102}+R4{0.0343,0.0359,0.1870,0.2455,0.3034,0.6768,0.4651,1.6073}"
ENSB:C8HO1cq-2vXPrJ3,LG+I+R4,0.0102,,"(0.0343,0.0359) (0.1870,0.2455) (0.3034,0.6768) (0.4651,1.6073)","LG+I{0.0102}+R4{0.0343,0.0359,0.1870,0.2455,0.3034,0.6768,0.4651,1.6073}"
ENSB:SI32WWtljBNzsyP,LG+I+R4,0.0102,,"(0.0343,0.0359) (0.1870,0.2455) (0.3034,0.6768) (0.4651,1.6073)","LG+I{0.0102}+R4{0.0343,0.0359,0.1870,0.2455,0.3034,0.6768,0.4651,1.6073}"
ENSB:eLTU2Va8t361CtT,LG+I+R4,0.0102,,"(0.0343,0.0359) (0.1870,0.2455) (0.3034,0.6768) (0.4651,1.6073)","LG+I{0.0102}+R4{0.0343,0.0359,0.1870,0.2455,0.3034,0.6768,0.4651,1.6073}"
ENSB:NeeWmgorURBY47t,LG+I+R4,0.0102,,"(0.0343,0.0359) (0.1870,0.2455) (0.3034,0.6768) (0.4651,1.6073)","LG+I{0.0102}+R4{0.0343,0.0359,0.1870,0.2455,0.3034,0.6768,0.4651,1.6073}"
ENSB:PiokXxqDTaC9k9Z,LG+I+R4,0.0102,,"(0.0343,0.0359) (0.1870,0.2455) (0.3034,0.6768) (0.4651,1.6073)","LG+I{0.0102}+R4{0.0343,0.0359,0.1870,0.2455,0.3034,0.6768,0.4651,1.6073}"
ENSB:uWrQLSVOyldp98S,LG+I+G4,0.0000,2.8159,,LG+I{0.0000}+G4{2.8159}
ENSB:9HfVfr3tDB9UWgo,LG+I+G4,0.0000,2.8159,,LG+I{0.0000}+G4{2.8159}
ENSB:lImP9Ffv_uh5KxL,LG+I+G4,0.0000,2.8159,,LG+I{0.0000}+G4{2.8159}
ENSB:5P37tvNxUX7ZNBS,LG+F+I+R4,0.0215,,"(0.1206,0.0780) (0.2326,0.3981) (0.3322,0.9415) (0.2931,1.9966)","LG+F+I{0.0215}+R4{0.1206,0.0780,0.2326,0.3981,0.3322,0.9415,0.2931,1.9966}"
ENSB:6eVbyXbV0bmz4tx,LG+I+G4,0.0000,2.1073,,LG+I{0.0000}+G4{2.1073}
ENSB:6eVbyXbV0bmz4tx,LG+I+G4,0.0000,2.1073,,LG+I{0.0000}+G4{2.1073}
ENSB:zNXQCu7KMzAMyok,LG+I+G4,0.0892,1.7256,,LG+I{0.0892}+G4{1.7256}
ENSB:kda3X7vbJIXzIgV,LG+I+R4,0.0385,,"(0.1477,0.1609) (0.2031,0.4859) (0.2067,0.9324) (0.4040,1.6949)","LG+I{0.0385}+R4{0.1477,0.1609,0.2031,0.4859,0.2067,0.9324,0.4040,1.6949}"
ENSB:kda3X7vbJIXzIgV,LG+F+I+G4,0.0000,3.5089,,LG+F+I{0.0000}+G4{3.5089}
ENSB:-U2OXKgnGvaxRJp,LG+I+R3,0.0000,,"(0.3531,0.3224) (0.2105,0.7794) (0.4364,1.6546)","LG+I{0.0000}+R3{0.3531,0.3224,0.2105,0.7794,0.4364,1.6546}"
ENSB:yMmgJaT5yPutZpV,LG+I+R3,0.0000,,"(0.3531,0.3224) (0.2105,0.7794) (0.4364,1.6546)","LG+I{0.0000}+R3{0.3531,0.3224,0.2105,0.7794,0.4364,1.6546}"
ENSB:TPwAjaUcRXSue64,LG+I+G4,0.0000,2.1161,,LG+I{0.0000}+G4{2.1161}
ENSB:jWjI955iSbePuh9,LG+F+I+R4,0.0114,,"(0.0571,0.0625) (0.1803,0.3136) (0.3991,0.7893) (0.3521,1.7746)","LG+F+I{0.0114}+R4{0.0571,0.0625,0.1803,0.3136,0.3991,0.7893,0.3521,1.7746}"
ENSB:DcA6kqdR3M4MsXM,LG+F+I+R4,0.0114,,"(0.0571,0.0625) (0.1803,0.3136) (0.3991,0.7893) (0.3521,1.7746)","LG+F+I{0.0114}+R4{0.0571,0.0625,0.1803,0.3136,0.3991,0.7893,0.3521,1.7746}"
ENSB:JWtaIivt9Mh2S9-,LG+F+I+R4,0.0114,,"(0.0571,0.0625) (0.1803,0.3136) (0.3991,0.7893) (0.3521,1.7746)","LG+F+I{0.0114}+R4{0.0571,0.0625,0.1803,0.3136,0.3991,0.7893,0.3521,1.7746}"
ENSB:AAtOLSVKFeyawCT,LG+F+I+R4,0.0114,,"(0.0571,0.0625) (0.1803,0.3136) (0.3991,0.7893) (0.3521,1.7746)","LG+F+I{0.0114}+R4{0.0571,0.0625,0.1803,0.3136,0.3991,0.7893,0.3521,1.7746}"
ENSB:pKmplimj1SyNLQX,LG+F+I+R4,0.0114,,"(0.0571,0.0625) (0.1803,0.3136) (0.3991,0.7893) (0.3521,1.7746)","LG+F+I{0.0114}+R4{0.0571,0.0625,0.1803,0.3136,0.3991,0.7893,0.3521,1.7746}"
ENSB:XzPPQd1C1MVPlDR,LG+F+I+R4,0.0114,,"(0.0571,0.0625) (0.1803,0.3136) (0.3991,0.7893) (0.3521,1.7746)","LG+F+I{0.0114}+R4{0.0571,0.0625,0.1803,0.3136,0.3991,0.7893,0.3521,1.7746}"
ENSB:yNZ8Cq0wyS7_KL_,LG+F+I+R4,0.0114,,"(0.0571,0.0625) (0.1803,0.3136) (0.3991,0.7893) (0.3521,1.7746)","LG+F+I{0.0114}+R4{0.0571,0.0625,0.1803,0.3136,0.3991,0.7893,0.3521,1.7746}"
ENSB:jHvutXS19COseVM,LG+F+I+R4,0.0114,,"(0.0571,0.0625) (0.1803,0.3136) (0.3991,0.7893) (0.3521,1.7746)","LG+F+I{0.0114}+R4{0.0571,0.0625,0.1803,0.3136,0.3991,0.7893,0.3521,1.7746}"
ENSB:i6bNi3VGF0FmGUz,LG+I+R2,0.0935,,"(0.7628,0.6696) (0.1438,3.4029)","LG+I{0.0935}+R2{0.7628,0.6696,0.1438,3.4029}"
ENSB:fY0fvXfkR2Wt0F8,LG+I+R4,0.0000,,"(0.3530,0.2694) (0.2228,0.7653) (0.2175,1.2991) (0.2066,2.1865)","LG+I{0.0000}+R4{0.3530,0.2694,0.2228,0.7653,0.2175,1.2991,0.2066,2.1865}"
ENSB:OzwM3OppSgKfJL0,LG+F+I+R4,0.0000,,"(0.0804,0.0973) (0.2023,0.3628) (0.3046,0.8134) (0.4127,1.6259)","LG+F+I{0.0000}+R4{0.0804,0.0973,0.2023,0.3628,0.3046,0.8134,0.4127,1.6259}"
ENSB:p-XHkRZMaaA1X8A,LG+I+R4,0.0739,,"(0.0922,0.0708) (0.2599,0.4269) (0.2057,0.8393) (0.3683,1.9276)","LG+I{0.0739}+R4{0.0922,0.0708,0.2599,0.4269,0.2057,0.8393,0.3683,1.9276}"
ENSB:qL2nfV8DirrcdIO,LG+F+I+R4,0.0000,,"(0.1097,0.1664) (0.2634,0.5007) (0.2486,0.8895) (0.3783,1.6621)","LG+F+I{0.0000}+R4{0.1097,0.1664,0.2634,0.5007,0.2486,0.8895,0.3783,1.6621}"
ENSB:lUQdtiRIt0WgynF,LG+F+I+R4,0.0000,,"(0.1097,0.1664) (0.2634,0.5007) (0.2486,0.8895) (0.3783,1.6621)","LG+F+I{0.0000}+R4{0.1097,0.1664,0.2634,0.5007,0.2486,0.8895,0.3783,1.6621}"
ENSB:slx_SdVTJ4GxCZY,LG+I+G4,0.0217,1.5100,,LG+I{0.0217}+G4{1.5100}
ENSB:_arLSpCNLzIbWuS,LG+I+R4,0.0124,,"(0.0473,0.0989) (0.3577,0.4437) (0.3928,0.9762) (0.1899,2.3868)","LG+I{0.0124}+R4{0.0473,0.0989,0.3577,0.4437,0.3928,0.9762,0.1899,2.3868}"
ENSB:8tJEfkKf6P8uFaC,LG+I+G4,0.0489,1.8889,,LG+I{0.0489}+G4{1.8889}
ENSB:JPt8RA7NAYJq7Oa,LG+I+G4,0.0489,1.8889,,LG+I{0.0489}+G4{1.8889}
ENSB:MK5kWd7ykKQe9ED,LG+I+G4,0.0290,1.3888,,LG+I{0.0290}+G4{1.3888}
ENSB:hO2jUmITHHZeysG,LG+I+R4,0.0561,,"(0.2173,0.0722) (0.2117,0.3560) (0.1649,1.0481) (0.3500,2.1030)","LG+I{0.0561}+R4{0.2173,0.0722,0.2117,0.3560,0.1649,1.0481,0.3500,2.1030}"
ENSB:v9Ch7xEG78bwZq8,LG+I+G4,0.0901,1.7378,,LG+I{0.0901}+G4{1.7378}
ENSB:Z0ugVIqYJ0hbxwA,LG+I,0.0907,,,LG+I{0.0907}
ENSB:tbopvi13v7tdIiV,LG+I+R4,0.0000,,"(0.0684,0.1834) (0.2354,0.6016) (0.3662,0.9526) (0.3300,1.5061)","LG+I{0.0000}+R4{0.0684,0.1834,0.2354,0.6016,0.3662,0.9526,0.3300,1.5061}"
ENSB:ezSrG12l8b5kc-7,LG+I+R4,0.0000,,"(0.0684,0.1834) (0.2354,0.6016) (0.3662,0.9526) (0.3300,1.5061)","LG+I{0.0000}+R4{0.0684,0.1834,0.2354,0.6016,0.3662,0.9526,0.3300,1.5061}"
ENSB:ezSrG12l8b5kc-7,LG+F+I+R3,0.0000,,"(0.0624,0.2096) (0.3636,0.6430) (0.5740,1.3120)","LG+F+I{0.0000}+R3{0.0624,0.2096,0.3636,0.6430,0.5740,1.3120}"
ENSB:RBGGgzgQsfV4kA3,LG+F+I+R3,0.0000,,"(0.0624,0.2096) (0.3636,0.6430) (0.5740,1.3120)","LG+F+I{0.0000}+R3{0.0624,0.2096,0.3636,0.6430,0.5740,1.3120}"
ENSB:tfF5LBjasf5h24W,LG+I+R4,0.0068,,"(0.0752,0.0613) (0.2000,0.2693) (0.3013,0.7248) (0.4167,1.7355)","LG+I{0.0068}+R4{0.0752,0.0613,0.2000,0.2693,0.3013,0.7248,0.4167,1.7355}"
ENSB:aXD7cX6ZkE9i4mA,LG+I+G4,0.0011,2.0617,,LG+I{0.0011}+G4{2.0617}
ENSB:lfe5ezarqiyGmfm,LG+I+G4,0.0000,2.5786,,LG+I{0.0000}+G4{2.5786}
ENSB:pMuY6ac9C7Nrx2y,LG+I+R3,0.0285,,"(0.1223,0.0778) (0.2838,0.4273) (0.5653,1.5375)","LG+I{0.0285}+R3{0.1223,0.0778,0.2838,0.4273,0.5653,1.5375}"
ENSB:vCBywtmdrslLTjk,LG+I+R3,0.0285,,"(0.1223,0.0778) (0.2838,0.4273) (0.5653,1.5375)","LG+I{0.0285}+R3{0.1223,0.0778,0.2838,0.4273,0.5653,1.5375}"
ENSB:t9OkGMlSb5MgUfT,LG+I+G4,0.0111,1.5302,,LG+I{0.0111}+G4{1.5302}
ENSB:Qw6f1IU0JubP4zl,LG+I+R4,0.0000,,"(0.1353,0.2410) (0.2098,0.5028) (0.2690,0.9477) (0.3859,1.5730)","LG+I{0.0000}+R4{0.1353,0.2410,0.2098,0.5028,0.2690,0.9477,0.3859,1.5730}"
ENSB:rbkrS6PrImk2DrR,LG+I+R4,0.0000,,"(0.0176,0.1068) (0.2841,0.4827) (0.3960,0.9145) (0.3023,1.6503)","LG+I{0.0000}+R4{0.0176,0.1068,0.2841,0.4827,0.3960,0.9145,0.3023,1.6503}"
ENSB:N2PDsrFF0cdnvDV,LG+I+R4,0.0000,,"(0.0176,0.1068) (0.2841,0.4827) (0.3960,0.9145) (0.3023,1.6503)","LG+I{0.0000}+R4{0.0176,0.1068,0.2841,0.4827,0.3960,0.9145,0.3023,1.6503}"
ENSB:-iI3CrG1wycXmOK,LG+I+G4,0.0000,1.4508,,LG+I{0.0000}+G4{1.4508}
ENSB:BaFL5l19y0eAUCG,LG+I+R4,0.0000,,"(0.0570,0.1635) (0.2461,0.4982) (0.3250,0.8682) (0.3719,1.5755)","LG+I{0.0000}+R4{0.0570,0.1635,0.2461,0.4982,0.3250,0.8682,0.3719,1.5755}"
ENSB:PLkJih2OoZ3hVvu,LG+I+R4,0.0000,,"(0.0570,0.1635) (0.2461,0.4982) (0.3250,0.8682) (0.3719,1.5755)","LG+I{0.0000}+R4{0.0570,0.1635,0.2461,0.4982,0.3250,0.8682,0.3719,1.5755}"
ENSB:vGvVeNc2z0szcbT,LG+I+R4,0.0000,,"(0.0570,0.1635) (0.2461,0.4982) (0.3250,0.8682) (0.3719,1.5755)","LG+I{0.0000}+R4{0.0570,0.1635,0.2461,0.4982,0.3250,0.8682,0.3719,1.5755}"
ENSB:-iI3CrG1wycXmOK,LG+I+R4,0.0000,,"(0.1344,0.1601) (0.3960,0.5639) (0.2954,1.2550) (0.1742,2.2066)","LG+I{0.0000}+R4{0.1344,0.1601,0.3960,0.5639,0.2954,1.2550,0.1742,2.2066}"
ENSB:Zt9NN3FrMZPpbO1,LG+I+R4,0.0000,,"(0.0475,0.0887) (0.2041,0.3977) (0.3025,0.7748) (0.4459,1.5256)","LG+I{0.0000}+R4{0.0475,0.0887,0.2041,0.3977,0.3025,0.7748,0.4459,1.5256}"
ENSB:Kwf5UmkmqZC5Xuz,LG+I+G4,0.0000,2.4780,,LG+I{0.0000}+G4{2.4780}
ENSB:4yob0uX166TlrvC,LG+I+G4,0.0000,2.4780,,LG+I{0.0000}+G4{2.4780}
ENSB:H6IDLFkLYiD-3QS,LG+F+I+G4,0.0000,1.9376,,LG+F+I{0.0000}+G4{1.9376}
ENSB:ElzYIRaHR_WxGAs,LG+I+G4,0.0000,1.4135,,LG+I{0.0000}+G4{1.4135}
ENSB:nHOgVkKMMPCpswh,LG+I+R4,0.0142,,"(0.0989,0.0699) (0.1863,0.3371) (0.2318,0.8510) (0.4688,1.5637)","LG+I{0.0142}+R4{0.0989,0.0699,0.1863,0.3371,0.2318,0.8510,0.4688,1.5637}"
ENSB:1e4exXvttjlkZLd,LG+I+R4,0.0000,,"(0.1609,0.2433) (0.3612,0.6690) (0.3210,1.1855) (0.1569,2.1582)","LG+I{0.0000}+R4{0.1609,0.2433,0.3612,0.6690,0.3210,1.1855,0.1569,2.1582}"
ENSB:COe0JO-G_FuYhmW,LG+I+G4,0.0159,1.7151,,LG+I{0.0159}+G4{1.7151}
ENSB:t7kOJi4xP9hRoLj,LG+I+G4,0.0001,2.1364,,LG+I{0.0001}+G4{2.1364}
ENSB:mFooW1ZFfRC99Zk,LG+I+G4,0.0001,2.1364,,LG+I{0.0001}+G4{2.1364}
ENSB:egonn-yYM8GQ4Jq,LG+I+G4,0.0034,2.2576,,LG+I{0.0034}+G4{2.2576}
ENSB:6IZeN4l6w_jioVZ,LG+I+G4,0.0034,2.2576,,LG+I{0.0034}+G4{2.2576}
ENSB:mzAreZgsUrUSURy,LG+F+I+R4,0.0134,,"(0.0482,0.0991) (0.1730,0.3385) (0.3117,0.7413) (0.4537,1.5552)","LG+F+I{0.0134}+R4{0.0482,0.0991,0.1730,0.3385,0.3117,0.7413,0.4537,1.5552}"
ENSB:AYUlxHm9C8L7gvV,LG+I+G4,0.0120,1.5157,,LG+I{0.0120}+G4{1.5157}
ENSB:eBAOKlR9KQ9egIQ,LG+F+I,0.0421,,,LG+F+I{0.0421}
ENSB:gi1JVvVaGQxX7w8,LG+F+I+R4,0.0062,,"(0.0284,0.0327) (0.1281,0.2814) (0.2392,0.6957) (0.5981,1.3319)","LG+F+I{0.0062}+R4{0.0284,0.0327,0.1281,0.2814,0.2392,0.6957,0.5981,1.3319}"
ENSB:bcFEQZZDqShQ0HU,LG+I+G4,0.0103,4.9073,,LG+I{0.0103}+G4{4.9073}
ENSB:12VobpLhwS8yVyB,LG+I+G4,0.0555,1.2025,,LG+I{0.0555}+G4{1.2025}
ENSB:OvMQ0vkWddCw8t2,LG+I+G4,0.0519,1.1059,,LG+I{0.0519}+G4{1.1059}
ENSB:AERcxDL5TnMhgGa,LG+I+G4,0.1741,2.4597,,LG+I{0.1741}+G4{2.4597}
ENSB:dI8iMC44Y3_IO-N,JTT+G4,,1.0675,,JTT+G4{1.0675}
ENSB:3aISwLaUtjNAwOs,LG+I,0.0574,,,LG+I{0.0574}
ENSB:Dyqr6ST1_pQ2wEV,LG+I,0.3629,,,LG+I{0.3629}
ENSB:Es3zzm7Tua5K7qj,LG+F+I+R4,0.0000,,"(0.0206,0.0421) (0.1979,0.3963) (0.4167,0.8141) (0.3648,1.5939)","LG+F+I{0.0000}+R4{0.0206,0.0421,0.1979,0.3963,0.4167,0.8141,0.3648,1.5939}"
ENSB:XWyhCh-DfHoKHbD,LG+I+G4,0.0000,2.8147,,LG+I{0.0000}+G4{2.8147}
ENSB:CPfafivExFOuP8h,JTT+G4,,1.0673,,JTT+G4{1.0673}
ENSB:sO_cmyYgW9HIpXb,LG+I+G4,0.0432,3.1076,,LG+I{0.0432}+G4{3.1076}
ENSB:RSA86btgB4BVlGq,LG+I+G4,0.0066,2.7342,,LG+I{0.0066}+G4{2.7342}
ENSB:7AHgnD9U3uMh_wI,LG+I+G4,0.0520,2.8174,,LG+I{0.0520}+G4{2.8174}
ENSB:X6UpCqG-wEX8B7Q,LG+I+R2,0.0167,,"(0.4585,0.3040) (0.5248,1.6398)","LG+I{0.0167}+R2{0.4585,0.3040,0.5248,1.6398}"
ENSB:WSTP1XQlm2KsX5K,LG+I+R4,0.0000,,"(0.0474,0.0411) (0.2239,0.4029) (0.2996,0.8052) (0.4290,1.5537)","LG+I{0.0000}+R4{0.0474,0.0411,0.2239,0.4029,0.2996,0.8052,0.4290,1.5537}"
ENSB:WSTP1XQlm2KsX5K,LG+I+G4,0.0216,1.4911,,LG+I{0.0216}+G4{1.4911}
ENSB:OjXmxUBapntzche,LG+I+G4,0.0000,1.5726,,LG+I{0.0000}+G4{1.5726}
ENSB:FC5YzLy282ml7US,LG+I+G4,0.0051,2.7568,,LG+I{0.0051}+G4{2.7568}
ENSB:FC5YzLy282ml7US,LG+I+G4,0.0051,2.7568,,LG+I{0.0051}+G4{2.7568}
ENSB:FC5YzLy282ml7US,LG+I+G4,0.0051,2.7568,,LG+I{0.0051}+G4{2.7568}
ENSB:FC5YzLy282ml7US,LG+I+G4,0.0051,2.7568,,LG+I{0.0051}+G4{2.7568}
ENSB:FC5YzLy282ml7US,LG+I+G4,0.0051,2.7568,,LG+I{0.0051}+G4{2.7568}
ENSB:dUq9Hy3ux54OKoC,LG+I+G4,0.0051,2.7568,,LG+I{0.0051}+G4{2.7568}
ENSB:Ie97g2zSaa7cFFD,LG+I+G4,0.1236,1.0113,,LG+I{0.1236}+G4{1.0113}
ENSB:IkPDoR_WxizpsxB,LG+I+G4,0.0278,1.6299,,LG+I{0.0278}+G4{1.6299}
ENSB:fd533t0E72nAa8W,LG+F+I+G4,0.0188,2.0319,,LG+F+I{0.0188}+G4{2.0319}
ENSB:Z3lGYR8p4n-9LVQ,LG+F+I+G4,0.0188,2.0319,,LG+F+I{0.0188}+G4{2.0319}
ENSB:r95vkALhtR9KQUX,LG+F+I+G4,0.0000,1.7292,,LG+F+I{0.0000}+G4{1.7292}
ENSB:u0X2eyb9zBH_90z,LG+F+I+G4,0.0000,1.7292,,LG+F+I{0.0000}+G4{1.7292}
ENSB:4KSZ1QLC9JHnzWS,LG+F+I+G4,0.0000,3.0781,,LG+F+I{0.0000}+G4{3.0781}
ENSB:NM-GhnFM9gq-bx8,LG+I+G4,0.0000,2.6873,,LG+I{0.0000}+G4{2.6873}
ENSB:1VJotUwx6zjBkl_,LG+I+G4,0.0146,1.1407,,LG+I{0.0146}+G4{1.1407}
ENSB:-YeTXxHw8N8m76e,LG+F+I+G4,0.0000,4.0472,,LG+F+I{0.0000}+G4{4.0472}
ENSB:Um25mFT0URSPhEV,LG+F+I+G4,0.1145,1.2542,,LG+F+I{0.1145}+G4{1.2542}
ENSB:mk5jFauKXjzt8na,LG+I+G4,0.0085,1.0097,,LG+I{0.0085}+G4{1.0097}
ENSB:L6sK7155EzYs2yF,LG+F+I+R4,0.0000,,"(0.1110,0.1959) (0.2882,0.4705) (0.2975,1.0524) (0.3033,1.7459)","LG+F+I{0.0000}+R4{0.1110,0.1959,0.2882,0.4705,0.2975,1.0524,0.3033,1.7459}"
ENSB:IDAOYF-w3Sc9x5z,LG+F+I+G4,0.0000,1.5376,,LG+F+I{0.0000}+G4{1.5376}
ENSB:3VcR5Xq2YWyZxnM,LG+F+I+G4,0.0000,1.5376,,LG+F+I{0.0000}+G4{1.5376}
ENSB:YcOujTZpVACqlDx,LG+F+I+G4,0.0272,0.7467,,LG+F+I{0.0272}+G4{0.7467}
ENSB:aREaRzjjTjeO-La,LG+I+R3,0.0000,,"(0.1407,0.0822) (0.2766,0.5389) (0.5826,1.4406)","LG+I{0.0000}+R3{0.1407,0.0822,0.2766,0.5389,0.5826,1.4406}"
ENSB:RSA86btgB4BVlGq,LG+I+R4,0.0000,,"(0.0518,0.1591) (0.2189,0.4190) (0.3193,0.8977) (0.4099,1.4963)","LG+I{0.0000}+R4{0.0518,0.1591,0.2189,0.4190,0.3193,0.8977,0.4099,1.4963}"
ENSB:8XCWALoRm70Wnaj,LG+I,0.3739,,,LG+I{0.3739}
ENSB:yS8O5QFgJof3zh8,LG+I+G4,0.0427,2.2814,,LG+I{0.0427}+G4{2.2814}
ENSB:qyDPBTfO_CoUF3E,LG+I+G4,0.0078,1.5512,,LG+I{0.0078}+G4{1.5512}
ENSB:rr4-hsEsF4zCfET,LG+F+I+R4,0.0032,,"(0.1614,0.1477) (0.2709,0.5443) (0.3355,1.0880) (0.2289,2.0257)","LG+F+I{0.0032}+R4{0.1614,0.1477,0.2709,0.5443,0.3355,1.0880,0.2289,2.0257}"
ENSB:BXr_eAVWI3YIPsk,LG+I+G4,0.0655,0.9733,,LG+I{0.0655}+G4{0.9733}
ENSB:DL7DFnuJ7GdBVGw,LG+F+I+G4,0.0000,4.3982,,LG+F+I{0.0000}+G4{4.3982}
ENSB:RmxndmkE7JvBNiD,LG+F+I+G4,0.0000,4.3982,,LG+F+I{0.0000}+G4{4.3982}
ENSB:Ttax6EyLnOMMjmI,LG+F+I+G4,0.0000,4.3982,,LG+F+I{0.0000}+G4{4.3982}
ENSB:g--GF2hGYKEYMqx,LG+F+I+G4,0.0000,4.3982,,LG+F+I{0.0000}+G4{4.3982}
ENSB:OxDORIBaDhAARSi,LG+F+I+G4,0.0000,4.3982,,LG+F+I{0.0000}+G4{4.3982}
ENSB:la4otF9V5DtWwyK,LG+F+I+G4,0.0000,4.3982,,LG+F+I{0.0000}+G4{4.3982}
ENSB:T2-8kRbyTOgN6rp,LG+F+I+G4,0.0000,4.3982,,LG+F+I{0.0000}+G4{4.3982}
ENSB:LIpAk9_0d1iDfQc,LG+F+I+G4,0.0000,4.3982,,LG+F+I{0.0000}+G4{4.3982}
ENSB:SGN-gDfCcL1gArW,LG+F+I+R3,0.0000,,"(0.3539,0.3969) (0.3238,0.8619) (0.3223,1.8011)","LG+F+I{0.0000}+R3{0.3539,0.3969,0.3238,0.8619,0.3223,1.8011}"
ENSB:JG37Lw1_q7mQ2Nx,LG+F+I+R3,0.0000,,"(0.3539,0.3969) (0.3238,0.8619) (0.3223,1.8011)","LG+F+I{0.0000}+R3{0.3539,0.3969,0.3238,0.8619,0.3223,1.8011}"
ENSB:pA0TfamjVxDL2TQ,LG+F+I+R3,0.0000,,"(0.3539,0.3969) (0.3238,0.8619) (0.3223,1.8011)","LG+F+I{0.0000}+R3{0.3539,0.3969,0.3238,0.8619,0.3223,1.8011}"
ENSB:yEy21p8yE9J0tP2,LG+F+I+R3,0.0000,,"(0.3539,0.3969) (0.3238,0.8619) (0.3223,1.8011)","LG+F+I{0.0000}+R3{0.3539,0.3969,0.3238,0.8619,0.3223,1.8011}"
ENSB:LEmNYqo96TJpQHd,LG+F+I+R3,0.0000,,"(0.3539,0.3969) (0.3238,0.8619) (0.3223,1.8011)","LG+F+I{0.0000}+R3{0.3539,0.3969,0.3238,0.8619,0.3223,1.8011}"
ENSB:nuSz-stlgG2qG9n,LG+I+R4,0.0000,,"(0.1755,0.2170) (0.3600,0.6625) (0.2905,1.2163) (0.1740,2.1273)","LG+I{0.0000}+R4{0.1755,0.2170,0.3600,0.6625,0.2905,1.2163,0.1740,2.1273}"
ENSB:d7crhzhVCvlhIiB,LG+I+G4,0.0409,0.8344,,LG+I{0.0409}+G4{0.8344}
ENSB:AUQTH8mUyZCZR09,LG+F+I+G4,0.0000,3.2342,,LG+F+I{0.0000}+G4{3.2342}
ENSB:5bQPYqsKhGCow_d,LG+I+G4,0.0672,3.2631,,LG+I{0.0672}+G4{3.2631}
ENSB:UAxV6dazlXJKreu,LG+I+G4,0.0000,2.0554,,LG+I{0.0000}+G4{2.0554}
ENSB:FnP6_8JmBXK7zEx,LG+I+R4,0.0000,,"(0.0400,0.1430) (0.3037,0.4725) (0.3973,0.9356) (0.2589,1.8503)","LG+I{0.0000}+R4{0.0400,0.1430,0.3037,0.4725,0.3973,0.9356,0.2589,1.8503}"
ENSB:4U43ifI0i6nFlgU,LG+I+R4,0.0101,,"(0.0858,0.0352) (0.2908,0.3380) (0.2647,0.8567) (0.3485,1.9279)","LG+I{0.0101}+R4{0.0858,0.0352,0.2908,0.3380,0.2647,0.8567,0.3485,1.9279}"
ENSB:YWSEfn8BdeIcN_m,JTT+G4,,0.7318,,JTT+G4{0.7318}
ENSB:GYQpC6mszGCrt3o,JTT+G4,,1.9484,,JTT+G4{1.9484}
ENSB:egIe-8GDoWKnMKs,LG+I+G4,0.0561,2.0451,,LG+I{0.0561}+G4{2.0451}
ENSB:d8eX86yGCmaQsBv,LG+F+I+G4,0.0000,3.9945,,LG+F+I{0.0000}+G4{3.9945}
ENSB:eQAHe3qDRBqK4Oz,LG+I+R4,0.0000,,"(0.0443,0.0527) (0.1276,0.2738) (0.2435,0.6743) (0.5846,1.3660)","LG+I{0.0000}+R4{0.0443,0.0527,0.1276,0.2738,0.2435,0.6743,0.5846,1.3660}"
ENSB:os_sABa7dvXZGDC,LG+F+I+G4,0.0000,1.0569,,LG+F+I{0.0000}+G4{1.0569}
ENSB:KsB43tPOGNv4KGS,LG+I+R4,0.0028,,"(0.0234,0.0580) (0.1692,0.3097) (0.2477,0.6503) (0.5569,1.4099)","LG+I{0.0028}+R4{0.0234,0.0580,0.1692,0.3097,0.2477,0.6503,0.5569,1.4099}"
ENSB:0LUKzXVM5jjDHmB,LG+I+G4,0.0189,1.0152,,LG+I{0.0189}+G4{1.0152}
ENSB:wwo9f387pafdI-_,LG+I+G4,0.0000,1.6805,,LG+I{0.0000}+G4{1.6805}
ENSB:Fe2IUzovIBVXhhg,LG+I+G4,0.0452,0.9720,,LG+I{0.0452}+G4{0.9720}
ENSB:2x2swCb1Bk8uv03,LG+I+R4,0.0000,,"(0.1230,0.0973) (0.1735,0.3294) (0.2879,0.7806) (0.4156,1.6991)","LG+I{0.0000}+R4{0.1230,0.0973,0.1735,0.3294,0.2879,0.7806,0.4156,1.6991}"
ENSB:kda3X7vbJIXzIgV,LG+F+I+G4,0.0000,5.4674,,LG+F+I{0.0000}+G4{5.4674}
ENSB:hVA6RzIE8dmRrfN,LG+F+I+R4,0.0000,,"(0.1089,0.2548) (0.3534,0.6422) (0.3369,1.1121) (0.2008,1.8455)","LG+F+I{0.0000}+R4{0.1089,0.2548,0.3534,0.6422,0.3369,1.1121,0.2008,1.8455}"
ENSB:w5fBbSQMydg9-_E,LG+F+I+R4,0.0000,,"(0.1089,0.2548) (0.3534,0.6422) (0.3369,1.1121) (0.2008,1.8455)","LG+F+I{0.0000}+R4{0.1089,0.2548,0.3534,0.6422,0.3369,1.1121,0.2008,1.8455}"
ENSB:IVSXyElwyQrX8gf,LG+F+I+G4,0.0171,2.1064,,LG+F+I{0.0171}+G4{2.1064}
ENSB:WItT58xM27Q4BfS,LG+I+R4,0.0186,,"(0.1733,0.1567) (0.3190,0.5270) (0.3128,1.3152) (0.1762,2.2317)","LG+I{0.0186}+R4{0.1733,0.1567,0.3190,0.5270,0.3128,1.3152,0.1762,2.2317}"
ENSB:CllrtlsZliYye36,LG+I+R4,0.0186,,"(0.1733,0.1567) (0.3190,0.5270) (0.3128,1.3152) (0.1762,2.2317)","LG+I{0.0186}+R4{0.1733,0.1567,0.3190,0.5270,0.3128,1.3152,0.1762,2.2317}"
ENSB:0dlnKTmff9Wbas2,LG+I+G4,0.0372,2.7200,,LG+I{0.0372}+G4{2.7200}
ENSB:TrvZWIh6FGapeir,LG+F+I+G4,0.0377,1.2205,,LG+F+I{0.0377}+G4{1.2205}
ENSB:-NIejT4BKcsCdL3,LG+I+G4,0.0218,1.2851,,LG+I{0.0218}+G4{1.2851}
ENSB:HDHgVBh5DDNVUH-,LG+I+G4,0.0218,1.2851,,LG+I{0.0218}+G4{1.2851}
ENSB:4coOD6o_tPUKmbv,LG+I+G4,0.0218,1.2851,,LG+I{0.0218}+G4{1.2851}
ENSB:mZZ06hI__z3Kk-B,LG+I+G4,0.0218,1.2851,,LG+I{0.0218}+G4{1.2851}
ENSB:g3ugn83_M7SWTdy,LG+I+G4,0.0218,1.2851,,LG+I{0.0218}+G4{1.2851}
ENSB:MFUEwQUuTppGjoY,LG+I+G4,0.0000,1.6722,,LG+I{0.0000}+G4{1.6722}
ENSB:uWrQLSVOyldp98S,LG+F+I+R2,0.0005,,"(0.3441,0.2741) (0.6555,1.3818)","LG+F+I{0.0005}+R2{0.3441,0.2741,0.6555,1.3818}"
ENSB:9IEYkdyy3WJXIIh,LG+I+G4,0.0098,1.2551,,LG+I{0.0098}+G4{1.2551}
ENSB:BaFL5l19y0eAUCG,LG+I+G4,0.0000,0.8457,,LG+I{0.0000}+G4{0.8457}
ENSB:P3l5_jJGZOkqefm,LG+I+G4,0.0161,2.3960,,LG+I{0.0161}+G4{2.3960}
ENSB:XerbfX8_N6eLs0b,LG+I+R3,0.1495,,"(0.1484,0.0233) (0.3200,0.8355) (0.3821,1.9085)","LG+I{0.1495}+R3{0.1484,0.0233,0.3200,0.8355,0.3821,1.9085}"
ENSB:fNfbSNRFvTf3vQR,LG+I+R3,0.1495,,"(0.1484,0.0233) (0.3200,0.8355) (0.3821,1.9085)","LG+I{0.1495}+R3{0.1484,0.0233,0.3200,0.8355,0.3821,1.9085}"
ENSB:QTCiOTLlEBWMD01,LG+I+R4,0.0154,,"(0.0923,0.0665) (0.3526,0.5937) (0.3085,0.9680) (0.2312,2.1015)","LG+I{0.0154}+R4{0.0923,0.0665,0.3526,0.5937,0.3085,0.9680,0.2312,2.1015}"
ENSB:w3aoaouv6Pja5yT,LG+I+R4,0.0167,,"(0.0908,0.0879) (0.2778,0.4348) (0.2786,0.8727) (0.3361,1.8687)","LG+I{0.0167}+R4{0.0908,0.0879,0.2778,0.4348,0.2786,0.8727,0.3361,1.8687}"
ENSB:vms9mg9oH0UhHFn,LG+I+G4,0.0000,0.6645,,LG+I{0.0000}+G4{0.6645}
ENSB:YStpkkez4TbT26b,JTT+R2,,,"(0.2386,0.2483) (0.7614,1.2356)","JTT+R2{0.2386,0.2483,0.7614,1.2356}"
ENSB:wzSd9qM91k5cIYs,LG+I+G4,0.0613,1.4822,,LG+I{0.0613}+G4{1.4822}
ENSB:OUJdlGz1Z89iOWD,JTT+F+G4,,2.5425,,JTT+F+G4{2.5425}
ENSB:h_7j8kNPyLu6qqX,LG+F+I+R4,0.0000,,"(0.0073,0.0101) (0.0494,0.3457) (0.4638,0.7706) (0.4794,1.3045)","LG+F+I{0.0000}+R4{0.0073,0.0101,0.0494,0.3457,0.4638,0.7706,0.4794,1.3045}"
ENSB:JkAtfygptbk-QoJ,JTT+G4,,0.5108,,JTT+G4{0.5108}
ENSB:f92XBhUK8BDNN76,LG+I+G4,0.1027,2.2673,,LG+I{0.1027}+G4{2.2673}
ENSB:61p8AqhkE8-bujF,LG+I+G4,0.0069,2.0585,,LG+I{0.0069}+G4{2.0585}
ENSB:xrtiw_Illu70-Op,LG+F+I+R4,0.0110,,"(0.0514,0.0846) (0.1871,0.3581) (0.4660,0.8283) (0.2846,1.9072)","LG+F+I{0.0110}+R4{0.0514,0.0846,0.1871,0.3581,0.4660,0.8283,0.2846,1.9072}"
ENSB:A0pSqxA3R0rZIbu,LG+I+R3,0.0224,,"(0.1142,0.2630) (0.2751,0.6193) (0.5883,1.3593)","LG+I{0.0224}+R3{0.1142,0.2630,0.2751,0.6193,0.5883,1.3593}"
ENSB:SZFI8FYPXg5XMJx,LG+F+I,0.0921,,,LG+F+I{0.0921}
ENSB:4CM1gLdXNx1PjAX,LG+F+I,0.0921,,,LG+F+I{0.0921}
ENSB:Fx2xbV5XuEensum,LG+I+G4,0.0000,2.3125,,LG+I{0.0000}+G4{2.3125}
ENSB:4Z_xFt6iRiXcNQq,LG+I+G4,0.2000,3.9212,,LG+I{0.2000}+G4{3.9212}
ENSB:ISw0D6BGeflJfkm,LG+I+G4,0.0000,1.3282,,LG+I{0.0000}+G4{1.3282}
ENSB:cjoHc-kDuoXZ7qR,JTT+G4,,8.9558,,JTT+G4{8.9558}
ENSB:fY0fvXfkR2Wt0F8,LG+I+G4,0.0000,1.8378,,LG+I{0.0000}+G4{1.8378}
ENSB:p_xVT4peWyGY5OW,LG+I+G4,0.0545,1.5625,,LG+I{0.0545}+G4{1.5625}
ENSB:WmoxcCncNzj11TN,LG+I+G4,0.0029,1.5288,,LG+I{0.0029}+G4{1.5288}
ENSB:LJCQaS8URKdcu1o,LG+I+G4,0.0029,1.5288,,LG+I{0.0029}+G4{1.5288}
ENSB:4KSZ1QLC9JHnzWS,LG+I+G4,0.0116,1.6746,,LG+I{0.0116}+G4{1.6746}
ENSB:3r3pABV3-ps1Ukm,LG+I+G4,0.0625,0.9763,,LG+I{0.0625}+G4{0.9763}
ENSB:Tx3C6ESQ4ghsVHj,LG+I+R4,0.0000,,"(0.0719,0.2373) (0.2398,0.4799) (0.3134,0.9547) (0.3748,1.5170)","LG+I{0.0000}+R4{0.0719,0.2373,0.2398,0.4799,0.3134,0.9547,0.3748,1.5170}"
ENSB:cODN2_99sfOWK2O,LG+I+R4,0.0000,,"(0.0719,0.2373) (0.2398,0.4799) (0.3134,0.9547) (0.3748,1.5170)","LG+I{0.0000}+R4{0.0719,0.2373,0.2398,0.4799,0.3134,0.9547,0.3748,1.5170}"
ENSB:_nVSvxzVHyOkTUZ,LG+I+R4,0.0000,,"(0.0719,0.2373) (0.2398,0.4799) (0.3134,0.9547) (0.3748,1.5170)","LG+I{0.0000}+R4{0.0719,0.2373,0.2398,0.4799,0.3134,0.9547,0.3748,1.5170}"
ENSB:4iWaL_NY0ovcGzp,LG+F+I+G4,0.0495,1.6381,,LG+F+I{0.0495}+G4{1.6381}
ENSB:JgP_M0RbJ1o7K_7,LG+I+G4,0.0109,2.0146,,LG+I{0.0109}+G4{2.0146}
ENSB:GLIxLbPejCeTMt3,LG+F+I+G4,0.0560,2.9169,,LG+F+I{0.0560}+G4{2.9169}
ENSB:FC5YzLy282ml7US,LG+F+I+G4,0.0560,2.9169,,LG+F+I{0.0560}+G4{2.9169}
ENSB:cyt-oNGA72CWrqb,LG+F+I+G4,0.0560,2.9169,,LG+F+I{0.0560}+G4{2.9169}
ENSB:73qB_4QPzlrqN9v,LG+I+R4,0.0174,,"(0.1265,0.1010) (0.2586,0.5218) (0.4004,1.2009) (0.1972,1.8839)","LG+I{0.0174}+R4{0.1265,0.1010,0.2586,0.5218,0.4004,1.2009,0.1972,1.8839}"
ENSB:O__2V5hvhFYAxHi,LG+F+I+R4,0.0000,,"(0.0112,0.0396) (0.2398,0.4754) (0.3403,0.8694) (0.4087,1.4429)","LG+F+I{0.0000}+R4{0.0112,0.0396,0.2398,0.4754,0.3403,0.8694,0.4087,1.4429}"
ENSB:clNOM0LerY0cV_3,LG+I+R4,0.0000,,"(0.0892,0.2036) (0.1821,0.5215) (0.4110,0.9301) (0.3177,1.5883)","LG+I{0.0000}+R4{0.0892,0.2036,0.1821,0.5215,0.4110,0.9301,0.3177,1.5883}"
ENSB:KwWd8QVAX2LEd6c,LG+I+G4,0.0065,2.3447,,LG+I{0.0065}+G4{2.3447}
ENSB:OWmIoXp8tzGygFY,LG+I+R4,0.0100,,"(0.1329,0.2120) (0.2825,0.5302) (0.2525,1.0082) (0.3221,1.7620)","LG+I{0.0100}+R4{0.1329,0.2120,0.2825,0.5302,0.2525,1.0082,0.3221,1.7620}"
ENSB:wtm8WZrdQqTiFKF,LG+I+R4,0.0100,,"(0.1329,0.2120) (0.2825,0.5302) (0.2525,1.0082) (0.3221,1.7620)","LG+I{0.0100}+R4{0.1329,0.2120,0.2825,0.5302,0.2525,1.0082,0.3221,1.7620}"
ENSB:DE3eezEi6_UPRc5,LG+I+R4,0.0000,,"(0.0882,0.0902) (0.2704,0.4558) (0.3107,0.9085) (0.3307,1.7735)","LG+I{0.0000}+R4{0.0882,0.0902,0.2704,0.4558,0.3107,0.9085,0.3307,1.7735}"
ENSB:RRiT9U3Lyl5qlZg,LG+I+G4,0.0213,1.1129,,LG+I{0.0213}+G4{1.1129}
ENSB:Jusjpx0JvIQMh5A,LG+F+I+R4,0.0000,,"(0.0180,0.0774) (0.1050,0.3657) (0.3296,0.6956) (0.5474,1.3353)","LG+F+I{0.0000}+R4{0.0180,0.0774,0.1050,0.3657,0.3296,0.6956,0.5474,1.3353}"
ENSB:fXHcoizGfHSPe4p,JTT+I+G4,0.1607,3.2417,,JTT+I{0.1607}+G4{3.2417}
ENSB:wGhwxp6d8qY5yL-,LG+I+G4,0.0230,1.3129,,LG+I{0.0230}+G4{1.3129}
ENSB:Iygok0ti0GcMXM2,LG+F+I+G4,0.0119,1.3593,,LG+F+I{0.0119}+G4{1.3593}
ENSB:Jjc95IvYtDLEeQW,LG+I+R4,0.0078,,"(0.0440,0.0828) (0.1822,0.3827) (0.4241,0.8716) (0.3419,1.6292)","LG+I{0.0078}+R4{0.0440,0.0828,0.1822,0.3827,0.4241,0.8716,0.3419,1.6292}"
ENSB:3UesbqKJl6XYMjm,LG+I+R4,0.0078,,"(0.0440,0.0828) (0.1822,0.3827) (0.4241,0.8716) (0.3419,1.6292)","LG+I{0.0078}+R4{0.0440,0.0828,0.1822,0.3827,0.4241,0.8716,0.3419,1.6292}"
ENSB:VW6QwrVuVyhJ_t6,LG+I+R4,0.0078,,"(0.0440,0.0828) (0.1822,0.3827) (0.4241,0.8716) (0.3419,1.6292)","LG+I{0.0078}+R4{0.0440,0.0828,0.1822,0.3827,0.4241,0.8716,0.3419,1.6292}"
ENSB:RXNPTz1D-DvUBG7,LG+I+G4,0.0000,1.9065,,LG+I{0.0000}+G4{1.9065}
ENSB:FaECX4rQ0MYrVKp,LG+I+G4,0.0002,1.2920,,LG+I{0.0002}+G4{1.2920}
ENSB:fB82eRovGE2bCUS,LG+I+G4,0.0002,1.2920,,LG+I{0.0002}+G4{1.2920}
ENSB:pkOdbEnyZaXzX_s,LG+F+I+G4,0.0000,2.3652,,LG+F+I{0.0000}+G4{2.3652}
ENSB:Um5Mx9DOHyPgXaI,LG+I+R2,0.0463,,"(0.5867,0.4667) (0.3670,1.9790)","LG+I{0.0463}+R2{0.5867,0.4667,0.3670,1.9790}"
ENSB:PPRFED9Gxqjv0zP,LG+I+R4,0.0134,,"(0.0950,0.0190) (0.2021,0.3028) (0.3274,0.9829) (0.3621,1.6990)","LG+I{0.0134}+R4{0.0950,0.0190,0.2021,0.3028,0.3274,0.9829,0.3621,1.6990}"
ENSB:FOWMv_DOQPXm1fB,LG+I+R4,0.0134,,"(0.0950,0.0190) (0.2021,0.3028) (0.3274,0.9829) (0.3621,1.6990)","LG+I{0.0134}+R4{0.0950,0.0190,0.2021,0.3028,0.3274,0.9829,0.3621,1.6990}"
ENSB:Jv9-443-WM0jB0V,,,,,
ENSB:wVgTSrzYpIDnq0k,JTT+G4,,2.2853,,JTT+G4{2.2853}
ENSB:Y4IiLgsrmW1mEZO,LG+I+G4,0.0920,1.1387,,LG+I{0.0920}+G4{1.1387}
ENSB:ZJA166MTifpxcIw,LG+I+R3,0.0009,,"(0.0880,0.0980) (0.5953,0.6976) (0.3158,1.8244)","LG+I{0.0009}+R3{0.0880,0.0980,0.5953,0.6976,0.3158,1.8244}"
ENSB:pO1cDA1txbhk-Mq,LG+I+R3,0.0009,,"(0.0880,0.0980) (0.5953,0.6976) (0.3158,1.8244)","LG+I{0.0009}+R3{0.0880,0.0980,0.5953,0.6976,0.3158,1.8244}"
ENSB:s9R9MmfW2NHj000,LG+I+R3,0.0009,,"(0.0880,0.0980) (0.5953,0.6976) (0.3158,1.8244)","LG+I{0.0009}+R3{0.0880,0.0980,0.5953,0.6976,0.3158,1.8244}"
ENSB:e-WTTBAXAzux9Kp,LG+I+G4,0.0196,2.3788,,LG+I{0.0196}+G4{2.3788}
ENSB:0GD3i04WqYSyyb4,LG+I+G4,0.0118,1.2006,,LG+I{0.0118}+G4{1.2006}
ENSB:0GD3i04WqYSyyb4,LG+I+R4,0.0040,,"(0.2277,0.2787) (0.2629,0.6444) (0.2336,1.1291) (0.2718,1.8521)","LG+I{0.0040}+R4{0.2277,0.2787,0.2629,0.6444,0.2336,1.1291,0.2718,1.8521}"
ENSB:5x4i2BRj_R2K4cs,LG+I+R4,0.0040,,"(0.2277,0.2787) (0.2629,0.6444) (0.2336,1.1291) (0.2718,1.8521)","LG+I{0.0040}+R4{0.2277,0.2787,0.2629,0.6444,0.2336,1.1291,0.2718,1.8521}"
ENSB:7WogNPdy-3SBRlj,LG+I+G4,0.0482,1.3266,,LG+I{0.0482}+G4{1.3266}
ENSB:dpw_EU_HrspOO68,LG+I+G4,0.0178,1.8641,,LG+I{0.0178}+G4{1.8641}
ENSB:SF-bZ_hQDfv1YdT,LG+F+I+G4,0.0028,7.0389,,LG+F+I{0.0028}+G4{7.0389}
ENSB:uy5TEusIS-HTu44,LG+F+I+R4,0.0000,,"(0.0171,0.0981) (0.1312,0.3634) (0.3686,0.7879) (0.4831,1.3666)","LG+F+I{0.0000}+R4{0.0171,0.0981,0.1312,0.3634,0.3686,0.7879,0.4831,1.3666}"
ENSB:iymaCGRhqOqEXiy,LG+F+I+R4,0.0000,,"(0.0336,0.2003) (0.1370,0.4540) (0.3261,0.8310) (0.5033,1.3115)","LG+F+I{0.0000}+R4{0.0336,0.2003,0.1370,0.4540,0.3261,0.8310,0.5033,1.3115}"
ENSB:k3X8uf_j2gBDrZ_,LG+F+I+R4,0.0000,,"(0.0336,0.2003) (0.1370,0.4540) (0.3261,0.8310) (0.5033,1.3115)","LG+F+I{0.0000}+R4{0.0336,0.2003,0.1370,0.4540,0.3261,0.8310,0.5033,1.3115}"
ENSB:_qSWA24B8BKf2fl,LG+F+I+R4,0.0000,,"(0.0336,0.2003) (0.1370,0.4540) (0.3261,0.8310) (0.5033,1.3115)","LG+F+I{0.0000}+R4{0.0336,0.2003,0.1370,0.4540,0.3261,0.8310,0.5033,1.3115}"
ENSB:z7soI9NeZgBBSIq,LG+F+I+R4,0.0097,,"(0.0190,0.0253) (0.0666,0.2578) (0.2965,0.6349) (0.6083,1.3056)","LG+F+I{0.0097}+R4{0.0190,0.0253,0.0666,0.2578,0.2965,0.6349,0.6083,1.3056}"
ENSB:CUYIvkk7zeCC3w9,LG+F+I+R4,0.0044,,"(0.0386,0.0806) (0.1267,0.3368) (0.3529,0.7097) (0.4774,1.4742)","LG+F+I{0.0044}+R4{0.0386,0.0806,0.1267,0.3368,0.3529,0.7097,0.4774,1.4742}"
ENSB:7QNMCCbioWnlQw5,LG+F+I+R4,0.0044,,"(0.0386,0.0806) (0.1267,0.3368) (0.3529,0.7097) (0.4774,1.4742)","LG+F+I{0.0044}+R4{0.0386,0.0806,0.1267,0.3368,0.3529,0.7097,0.4774,1.4742}"
ENSB:MGMerzanbkdxkux,LG+F+I+R4,0.0044,,"(0.0386,0.0806) (0.1267,0.3368) (0.3529,0.7097) (0.4774,1.4742)","LG+F+I{0.0044}+R4{0.0386,0.0806,0.1267,0.3368,0.3529,0.7097,0.4774,1.4742}"
ENSB:qRqzxZCdQaUkXQL,LG+I+G4,0.0042,1.7590,,LG+I{0.0042}+G4{1.7590}
ENSB:4zekAjuMvgZgoq2,LG+I,0.1644,,,LG+I{0.1644}
ENSB:O4yQf0eCCLRsGcA,LG+F+I+R4,0.0089,,"(0.0202,0.1595) (0.0990,0.3915) (0.4034,0.6933) (0.4685,1.4479)","LG+F+I{0.0089}+R4{0.0202,0.1595,0.0990,0.3915,0.4034,0.6933,0.4685,1.4479}"
ENSB:cuuYMKfJbcgf5XE,LG+F+I+R4,0.0089,,"(0.0202,0.1595) (0.0990,0.3915) (0.4034,0.6933) (0.4685,1.4479)","LG+F+I{0.0089}+R4{0.0202,0.1595,0.0990,0.3915,0.4034,0.6933,0.4685,1.4479}"
ENSB:X4doi-ZOgj_OnAs,LG+F+I+R4,0.0089,,"(0.0202,0.1595) (0.0990,0.3915) (0.4034,0.6933) (0.4685,1.4479)","LG+F+I{0.0089}+R4{0.0202,0.1595,0.0990,0.3915,0.4034,0.6933,0.4685,1.4479}"
ENSB:3rcRmj8DquAzXGC,LG+F+I+R4,0.0089,,"(0.0202,0.1595) (0.0990,0.3915) (0.4034,0.6933) (0.4685,1.4479)","LG+F+I{0.0089}+R4{0.0202,0.1595,0.0990,0.3915,0.4034,0.6933,0.4685,1.4479}"
ENSB:OeuikHUNbiuYOnV,LG+F+I+R4,0.0089,,"(0.0202,0.1595) (0.0990,0.3915) (0.4034,0.6933) (0.4685,1.4479)","LG+F+I{0.0089}+R4{0.0202,0.1595,0.0990,0.3915,0.4034,0.6933,0.4685,1.4479}"
ENSB:Qkj2qy1XV-3ZuAc,LG+F+I+R4,0.0005,,"(0.0587,0.1276) (0.2142,0.4261) (0.3861,0.8441) (0.3405,1.6899)","LG+F+I{0.0005}+R4{0.0587,0.1276,0.2142,0.4261,0.3861,0.8441,0.3405,1.6899}"
ENSB:fkh3mYqU7aX_7dX,LG+F+I+R4,0.0005,,"(0.0587,0.1276) (0.2142,0.4261) (0.3861,0.8441) (0.3405,1.6899)","LG+F+I{0.0005}+R4{0.0587,0.1276,0.2142,0.4261,0.3861,0.8441,0.3405,1.6899}"
ENSB:4g0JwQTkDoTXUaQ,LG+I+R3,0.0646,,"(0.0739,0.0195) (0.3807,0.7743) (0.4808,1.4638)","LG+I{0.0646}+R3{0.0739,0.0195,0.3807,0.7743,0.4808,1.4638}"
ENSB:c787hzaqmFxk8oX,LG+I+R3,0.0646,,"(0.0739,0.0195) (0.3807,0.7743) (0.4808,1.4638)","LG+I{0.0646}+R3{0.0739,0.0195,0.3807,0.7743,0.4808,1.4638}"
ENSB:r95vkALhtR9KQUX,LG+I+R3,0.0000,,"(0.1171,0.0211) (0.3968,0.7665) (0.4861,1.4264)","LG+I{0.0000}+R3{0.1171,0.0211,0.3968,0.7665,0.4861,1.4264}"
ENSB:w46Gm1oFsWjT3mK,LG+I+R3,0.0000,,"(0.1171,0.0211) (0.3968,0.7665) (0.4861,1.4264)","LG+I{0.0000}+R3{0.1171,0.0211,0.3968,0.7665,0.4861,1.4264}"
ENSB:YCGld6vyuSv9MWd,LG+I+R3,0.0000,,"(0.1171,0.0211) (0.3968,0.7665) (0.4861,1.4264)","LG+I{0.0000}+R3{0.1171,0.0211,0.3968,0.7665,0.4861,1.4264}"
ENSB:tEXXzaB5pn7fyvb,LG+I+R3,0.0000,,"(0.1171,0.0211) (0.3968,0.7665) (0.4861,1.4264)","LG+I{0.0000}+R3{0.1171,0.0211,0.3968,0.7665,0.4861,1.4264}"
ENSB:Szo03Bl7lp2G105,LG+I+R3,0.0000,,"(0.1171,0.0211) (0.3968,0.7665) (0.4861,1.4264)","LG+I{0.0000}+R3{0.1171,0.0211,0.3968,0.7665,0.4861,1.4264}"
ENSB:Z7RBgKclGiSFk0o,LG+I+R3,0.0000,,"(0.1171,0.0211) (0.3968,0.7665) (0.4861,1.4264)","LG+I{0.0000}+R3{0.1171,0.0211,0.3968,0.7665,0.4861,1.4264}"
ENSB:QYZphCN-IfwcbZh,LG+I+R3,0.0000,,"(0.1171,0.0211) (0.3968,0.7665) (0.4861,1.4264)","LG+I{0.0000}+R3{0.1171,0.0211,0.3968,0.7665,0.4861,1.4264}"
ENSB:MkpfyIXY_2l_yYL,LG+F+I+R3,0.0345,,"(0.1243,0.3296) (0.1989,0.6111) (0.6422,1.3040)","LG+F+I{0.0345}+R3{0.1243,0.3296,0.1989,0.6111,0.6422,1.3040}"
ENSB:MkpfyIXY_2l_yYL,LG+F+I+R3,0.0345,,"(0.1243,0.3296) (0.1989,0.6111) (0.6422,1.3040)","LG+F+I{0.0345}+R3{0.1243,0.3296,0.1989,0.6111,0.6422,1.3040}"
ENSB:GmzixxN3gedhgvc,LG+F+I+R3,0.0345,,"(0.1243,0.3296) (0.1989,0.6111) (0.6422,1.3040)","LG+F+I{0.0345}+R3{0.1243,0.3296,0.1989,0.6111,0.6422,1.3040}"
ENSB:GmzixxN3gedhgvc,LG+F+I+R3,0.0345,,"(0.1243,0.3296) (0.1989,0.6111) (0.6422,1.3040)","LG+F+I{0.0345}+R3{0.1243,0.3296,0.1989,0.6111,0.6422,1.3040}"
ENSB:pdcfqP-xYP6gvku,LG+F+I+R4,0.0024,,"(0.0464,0.1317) (0.1416,0.4072) (0.2545,0.7701) (0.5551,1.3336)","LG+F+I{0.0024}+R4{0.0464,0.1317,0.1416,0.4072,0.2545,0.7701,0.5551,1.3336}"
ENSB:kTZscJ4DfqjkLTs,LG+F+I+R4,0.0024,,"(0.0464,0.1317) (0.1416,0.4072) (0.2545,0.7701) (0.5551,1.3336)","LG+F+I{0.0024}+R4{0.0464,0.1317,0.1416,0.4072,0.2545,0.7701,0.5551,1.3336}"
ENSB:XpTMMZkKO8bNthk,LG+F+I+R4,0.0024,,"(0.0464,0.1317) (0.1416,0.4072) (0.2545,0.7701) (0.5551,1.3336)","LG+F+I{0.0024}+R4{0.0464,0.1317,0.1416,0.4072,0.2545,0.7701,0.5551,1.3336}"
ENSB:s-cNCdZPxU2dcPX,LG+F+I+G4,0.0066,2.2019,,LG+F+I{0.0066}+G4{2.2019}
ENSB:GqvVgWslfzSTjW6,LG+F+I+G4,0.0066,2.2019,,LG+F+I{0.0066}+G4{2.2019}
ENSB:65IIZhQHii4rye7,LG+F+I+G4,0.0095,1.9791,,LG+F+I{0.0095}+G4{1.9791}
ENSB:EFjauFkIBOVMmel,LG+F+I+G4,0.0000,2.4259,,LG+F+I{0.0000}+G4{2.4259}
ENSB:99frZoqTtJLlIpP,LG+F+I+G4,0.0000,2.4259,,LG+F+I{0.0000}+G4{2.4259}
ENSB:qGoM8CV0ecuhA_r,LG+F+I+G4,0.0000,2.4259,,LG+F+I{0.0000}+G4{2.4259}
ENSB:zt2eHmuwo0Lln_f,LG+F+I+G4,0.0000,2.4259,,LG+F+I{0.0000}+G4{2.4259}
ENSB:vAW1Y8juvq7ZVSA,LG+F+I+G4,0.0000,2.4259,,LG+F+I{0.0000}+G4{2.4259}
ENSB:Wb_Ovov9BTMHz2l,LG+F+I+G4,0.0000,2.4259,,LG+F+I{0.0000}+G4{2.4259}
ENSB:a7UmwpR4xn5orKj,LG+F+I+G4,0.0000,2.4259,,LG+F+I{0.0000}+G4{2.4259}
ENSB:bu3BgZ0HDpFhUvh,LG+F+I+G4,0.0000,2.4259,,LG+F+I{0.0000}+G4{2.4259}
ENSB:4ToU1jniZoKbmAr,LG+F+I+G4,0.0000,2.4259,,LG+F+I{0.0000}+G4{2.4259}
ENSB:IrLD0Ek9wWKyid2,LG+F+I+G4,0.0000,2.4259,,LG+F+I{0.0000}+G4{2.4259}
ENSB:eLl3N83jFLHZh9y,LG+F+I+G4,0.0000,2.4259,,LG+F+I{0.0000}+G4{2.4259}
ENSB:U2gc1_rFje-btkB,LG+F+I+G4,0.0000,2.4259,,LG+F+I{0.0000}+G4{2.4259}
ENSB:xQgL2jZfrsfiI9G,LG+F+I+G4,0.0000,2.4259,,LG+F+I{0.0000}+G4{2.4259}
ENSB:S6P1m5yFHeV9E1j,LG+F+I+G4,0.0000,2.4259,,LG+F+I{0.0000}+G4{2.4259}
ENSB:InuyHFuT7NUrpR-,LG+F+I+G4,0.0000,2.4259,,LG+F+I{0.0000}+G4{2.4259}
ENSB:WfXKpJ3mDYwRt2t,LG+F+I+G4,0.0000,2.4259,,LG+F+I{0.0000}+G4{2.4259}
ENSB:i9e3jr7AGNlN_vc,LG+F+I+G4,0.0000,2.4259,,LG+F+I{0.0000}+G4{2.4259}
ENSB:nL28M8FjIXWv7y1,LG+F+I+G4,0.0000,2.4259,,LG+F+I{0.0000}+G4{2.4259}
ENSB:83nyiI5FPMNI4XL,LG+F+I+G4,0.0000,2.4259,,LG+F+I{0.0000}+G4{2.4259}
ENSB:-MP2UcR35_vjDje,LG+F+I+G4,0.0000,2.4259,,LG+F+I{0.0000}+G4{2.4259}
ENSB:at6YT6CIcl1ZZ0m,LG+F+I+G4,0.0000,2.4259,,LG+F+I{0.0000}+G4{2.4259}
ENSB:BNpbNPBmcKl1-0O,LG+F+I+G4,0.0000,2.4259,,LG+F+I{0.0000}+G4{2.4259}
ENSB:2U2MhKoXPnPwUjm,LG+F+I+G4,0.0000,2.4259,,LG+F+I{0.0000}+G4{2.4259}
ENSB:Rbcp9kuVprm5hGn,LG+F+I+G4,0.0000,2.4259,,LG+F+I{0.0000}+G4{2.4259}
ENSB:VJmv5QsUj5Y5p6h,LG+F+I+G4,0.0000,2.4259,,LG+F+I{0.0000}+G4{2.4259}
ENSB:ezD0Q-j3HEfpKQT,LG+F+I+G4,0.0000,2.4259,,LG+F+I{0.0000}+G4{2.4259}
ENSB:QLQ0s5pBIvid4hO,LG+F+I+G4,0.0000,2.4259,,LG+F+I{0.0000}+G4{2.4259}
ENSB:d7crhzhVCvlhIiB,LG+I+R4,0.0000,,"(0.2036,0.1903) (0.4578,0.6183) (0.2149,1.5132) (0.1237,2.8542)","LG+I{0.0000}+R4{0.2036,0.1903,0.4578,0.6183,0.2149,1.5132,0.1237,2.8542}"
ENSB:JTv3vud6qo78V2U,LG+I+R4,0.0000,,"(0.2036,0.1903) (0.4578,0.6183) (0.2149,1.5132) (0.1237,2.8542)","LG+I{0.0000}+R4{0.2036,0.1903,0.4578,0.6183,0.2149,1.5132,0.1237,2.8542}"
ENSB:6AZFMsaaRnwNkAy,LG+I+R4,0.0096,,"(0.0366,0.0220) (0.2169,0.4122) (0.2822,0.7594) (0.4547,1.5296)","LG+I{0.0096}+R4{0.0366,0.0220,0.2169,0.4122,0.2822,0.7594,0.4547,1.5296}"
ENSB:P3l5_jJGZOkqefm,LG+I+R4,0.0096,,"(0.0366,0.0220) (0.2169,0.4122) (0.2822,0.7594) (0.4547,1.5296)","LG+I{0.0096}+R4{0.0366,0.0220,0.2169,0.4122,0.2822,0.7594,0.4547,1.5296}"
ENSB:w46Gm1oFsWjT3mK,LG+I+R4,0.0096,,"(0.0366,0.0220) (0.2169,0.4122) (0.2822,0.7594) (0.4547,1.5296)","LG+I{0.0096}+R4{0.0366,0.0220,0.2169,0.4122,0.2822,0.7594,0.4547,1.5296}"
ENSB:O_aTruwkBOU4S_N,LG+I+R4,0.0096,,"(0.0366,0.0220) (0.2169,0.4122) (0.2822,0.7594) (0.4547,1.5296)","LG+I{0.0096}+R4{0.0366,0.0220,0.2169,0.4122,0.2822,0.7594,0.4547,1.5296}"
ENSB:Fe2IUzovIBVXhhg,LG+I+R4,0.0096,,"(0.0366,0.0220) (0.2169,0.4122) (0.2822,0.7594) (0.4547,1.5296)","LG+I{0.0096}+R4{0.0366,0.0220,0.2169,0.4122,0.2822,0.7594,0.4547,1.5296}"
ENSB:G8kHCHZhM_S7wnl,LG+I+R4,0.0096,,"(0.0366,0.0220) (0.2169,0.4122) (0.2822,0.7594) (0.4547,1.5296)","LG+I{0.0096}+R4{0.0366,0.0220,0.2169,0.4122,0.2822,0.7594,0.4547,1.5296}"
ENSB:qoO_ycy9A5Td4iK,LG+I+R4,0.0096,,"(0.0366,0.0220) (0.2169,0.4122) (0.2822,0.7594) (0.4547,1.5296)","LG+I{0.0096}+R4{0.0366,0.0220,0.2169,0.4122,0.2822,0.7594,0.4547,1.5296}"
ENSB:hMPxyTznauc0OQ4,LG+I+R4,0.0096,,"(0.0366,0.0220) (0.2169,0.4122) (0.2822,0.7594) (0.4547,1.5296)","LG+I{0.0096}+R4{0.0366,0.0220,0.2169,0.4122,0.2822,0.7594,0.4547,1.5296}"
ENSB:E1e3i8XNkH6sDJi,LG+I+G4,0.0000,3.0896,,LG+I{0.0000}+G4{3.0896}
ENSB:3XLZF4ssN2LPKXL,LG+I+G4,0.0000,2.2924,,LG+I{0.0000}+G4{2.2924}
ENSB:gvQMwPkR_ZbghfB,LG+I+G4,0.0000,2.2924,,LG+I{0.0000}+G4{2.2924}
ENSB:ZTIxkSYQAIgNzqq,LG+I+G4,0.0000,2.2924,,LG+I{0.0000}+G4{2.2924}
ENSB:49G1eMnf4imtFSP,LG+I+G4,0.0000,2.2924,,LG+I{0.0000}+G4{2.2924}
ENSB:-RsRofNMwzc5OBM,LG+I+R4,0.0134,,"(0.0603,0.0431) (0.0851,0.2862) (0.3816,0.6698) (0.4596,1.5610)","LG+I{0.0134}+R4{0.0603,0.0431,0.0851,0.2862,0.3816,0.6698,0.4596,1.5610}"
ENSB:InuyHFuT7NUrpR-,LG+F+I+R4,0.0000,,"(0.0597,0.1603) (0.2430,0.4501) (0.3613,0.8205) (0.3360,1.7401)","LG+F+I{0.0000}+R4{0.0597,0.1603,0.2430,0.4501,0.3613,0.8205,0.3360,1.7401}"
ENSB:7IFXlm2wIeaUqeJ,LG+I+R2,0.0000,,"(0.0997,0.1166) (0.9003,1.0978)","LG+I{0.0000}+R2{0.0997,0.1166,0.9003,1.0978}"
ENSB:7IFXlm2wIeaUqeJ,LG+I+R2,0.0000,,"(0.0997,0.1166) (0.9003,1.0978)","LG+I{0.0000}+R2{0.0997,0.1166,0.9003,1.0978}"
ENSB:HE1AhfOJ0sFG_JJ,LG+I+R2,0.0000,,"(0.0997,0.1166) (0.9003,1.0978)","LG+I{0.0000}+R2{0.0997,0.1166,0.9003,1.0978}"
ENSB:b5-pbKfxOJnw4TM,LG+F+I+R4,0.0000,,"(0.0952,0.2695) (0.1872,0.5959) (0.4001,0.9144) (0.3175,1.5651)","LG+F+I{0.0000}+R4{0.0952,0.2695,0.1872,0.5959,0.4001,0.9144,0.3175,1.5651}"
ENSB:PTVFIYzge21QdXu,LG+F+I+R4,0.0000,,"(0.0952,0.2695) (0.1872,0.5959) (0.4001,0.9144) (0.3175,1.5651)","LG+F+I{0.0000}+R4{0.0952,0.2695,0.1872,0.5959,0.4001,0.9144,0.3175,1.5651}"
ENSB:o5GrGVtUqxUh1HF,LG+F+I+R4,0.0000,,"(0.0952,0.2695) (0.1872,0.5959) (0.4001,0.9144) (0.3175,1.5651)","LG+F+I{0.0000}+R4{0.0952,0.2695,0.1872,0.5959,0.4001,0.9144,0.3175,1.5651}"
ENSB:5-f0IEX9GQapJw7,LG+F+I+R4,0.0000,,"(0.0952,0.2695) (0.1872,0.5959) (0.4001,0.9144) (0.3175,1.5651)","LG+F+I{0.0000}+R4{0.0952,0.2695,0.1872,0.5959,0.4001,0.9144,0.3175,1.5651}"
ENSB:LjbdYqtCHAE10C1,LG+F+I+R4,0.0000,,"(0.0952,0.2695) (0.1872,0.5959) (0.4001,0.9144) (0.3175,1.5651)","LG+F+I{0.0000}+R4{0.0952,0.2695,0.1872,0.5959,0.4001,0.9144,0.3175,1.5651}"
ENSB:MGsIpsR7X113SwB,LG+I+G4,0.0199,1.4097,,LG+I{0.0199}+G4{1.4097}
ENSB:qgFwZhQQOrzkyl9,LG+I+R4,0.0210,,"(0.0428,0.0404) (0.4197,0.4958) (0.2852,1.0653) (0.2314,2.1025)","LG+I{0.0210}+R4{0.0428,0.0404,0.4197,0.4958,0.2852,1.0653,0.2314,2.1025}"
ENSB:Yc3veoVx0kkyApj,LG+I+G4,0.0313,1.8004,,LG+I{0.0313}+G4{1.8004}
ENSB:XDIVqPeRRMWxSfY,LG+I+G4,0.0313,1.8004,,LG+I{0.0313}+G4{1.8004}
ENSB:qoJMXN43gFgEEXM,LG+I+R4,0.0000,,"(0.1851,0.0740) (0.2719,0.3650) (0.2816,1.0427) (0.2614,2.2703)","LG+I{0.0000}+R4{0.1851,0.0740,0.2719,0.3650,0.2816,1.0427,0.2614,2.2703}"
ENSB:qoJMXN43gFgEEXM,LG+I+G4,0.0505,1.1425,,LG+I{0.0505}+G4{1.1425}
ENSB:M0TvipznKryBmcL,LG+I+R4,0.0000,,"(0.0638,0.0964) (0.1931,0.4416) (0.4016,0.8739) (0.3415,1.6326)","LG+I{0.0000}+R4{0.0638,0.0964,0.1931,0.4416,0.4016,0.8739,0.3415,1.6326}"
ENSB:r-txUjKccHFpoE3,LG+I+R4,0.0000,,"(0.0638,0.0964) (0.1931,0.4416) (0.4016,0.8739) (0.3415,1.6326)","LG+I{0.0000}+R4{0.0638,0.0964,0.1931,0.4416,0.4016,0.8739,0.3415,1.6326}"
ENSB:3yBUBPpNQ-CIArf,LG+I+R4,0.0000,,"(0.0638,0.0964) (0.1931,0.4416) (0.4016,0.8739) (0.3415,1.6326)","LG+I{0.0000}+R4{0.0638,0.0964,0.1931,0.4416,0.4016,0.8739,0.3415,1.6326}"
ENSB:3yBUBPpNQ-CIArf,LG+I+R4,0.0000,,"(0.0638,0.0964) (0.1931,0.4416) (0.4016,0.8739) (0.3415,1.6326)","LG+I{0.0000}+R4{0.0638,0.0964,0.1931,0.4416,0.4016,0.8739,0.3415,1.6326}"
ENSB:o_fGb2k1hAqMtk4,LG+I+R4,0.0000,,"(0.0638,0.0964) (0.1931,0.4416) (0.4016,0.8739) (0.3415,1.6326)","LG+I{0.0000}+R4{0.0638,0.0964,0.1931,0.4416,0.4016,0.8739,0.3415,1.6326}"
ENSB:o_fGb2k1hAqMtk4,LG+I+R4,0.0000,,"(0.0638,0.0964) (0.1931,0.4416) (0.4016,0.8739) (0.3415,1.6326)","LG+I{0.0000}+R4{0.0638,0.0964,0.1931,0.4416,0.4016,0.8739,0.3415,1.6326}"
ENSB:fgELbw-guOyRDSx,LG+I+R4,0.0000,,"(0.0638,0.0964) (0.1931,0.4416) (0.4016,0.8739) (0.3415,1.6326)","LG+I{0.0000}+R4{0.0638,0.0964,0.1931,0.4416,0.4016,0.8739,0.3415,1.6326}"
ENSB:fgELbw-guOyRDSx,LG+I+R4,0.0000,,"(0.0638,0.0964) (0.1931,0.4416) (0.4016,0.8739) (0.3415,1.6326)","LG+I{0.0000}+R4{0.0638,0.0964,0.1931,0.4416,0.4016,0.8739,0.3415,1.6326}"
ENSB:hVA6RzIE8dmRrfN,LG+I+R4,0.0081,,"(0.0868,0.2248) (0.3555,0.6612) (0.3825,1.1277) (0.1671,1.8796)","LG+I{0.0081}+R4{0.0868,0.2248,0.3555,0.6612,0.3825,1.1277,0.1671,1.8796}"
ENSB:w5fBbSQMydg9-_E,LG+I+R4,0.0081,,"(0.0868,0.2248) (0.3555,0.6612) (0.3825,1.1277) (0.1671,1.8796)","LG+I{0.0081}+R4{0.0868,0.2248,0.3555,0.6612,0.3825,1.1277,0.1671,1.8796}"
ENSB:A0pSqxA3R0rZIbu,LG+I+R4,0.0081,,"(0.0868,0.2248) (0.3555,0.6612) (0.3825,1.1277) (0.1671,1.8796)","LG+I{0.0081}+R4{0.0868,0.2248,0.3555,0.6612,0.3825,1.1277,0.1671,1.8796}"
ENSB:4CAKYnOPsV-jMm7,LG+I,0.2008,,,LG+I{0.2008}
ENSB:lSGlyovGwJy9ps5,LG+F+I+G4,0.0000,4.5303,,LG+F+I{0.0000}+G4{4.5303}
ENSB:vGCQf48gS1fBCg7,LG+F+I+R4,0.0036,,"(0.0318,0.0293) (0.0904,0.1831) (0.4220,0.5390) (0.4521,1.6699)","LG+F+I{0.0036}+R4{0.0318,0.0293,0.0904,0.1831,0.4220,0.5390,0.4521,1.6699}"
ENSB:e3l8_ZWEF8kXiE3,LG+F+I+R4,0.0036,,"(0.0318,0.0293) (0.0904,0.1831) (0.4220,0.5390) (0.4521,1.6699)","LG+F+I{0.0036}+R4{0.0318,0.0293,0.0904,0.1831,0.4220,0.5390,0.4521,1.6699}"
ENSB:TaZu1DL1y9rPvlo,LG+F+I+R4,0.0036,,"(0.0318,0.0293) (0.0904,0.1831) (0.4220,0.5390) (0.4521,1.6699)","LG+F+I{0.0036}+R4{0.0318,0.0293,0.0904,0.1831,0.4220,0.5390,0.4521,1.6699}"
ENSB:bnRvm9Ze1DvAZGL,LG+I+G4,0.0429,1.6223,,LG+I{0.0429}+G4{1.6223}
ENSB:OjXmxUBapntzche,LG+I+G4,0.0429,1.6223,,LG+I{0.0429}+G4{1.6223}
ENSB:vd2Cfu-D1Uxnfhc,LG+I+G4,0.0098,2.2272,,LG+I{0.0098}+G4{2.2272}
ENSB:RCQFAS6HB-1vsnR,LG+I+R4,0.0284,,"(0.0414,0.0441) (0.2059,0.4875) (0.4734,0.9329) (0.2510,1.8179)","LG+I{0.0284}+R4{0.0414,0.0441,0.2059,0.4875,0.4734,0.9329,0.2510,1.8179}"
ENSB:4UqoZ5C51K3zE6D,LG+I+R4,0.0284,,"(0.0414,0.0441) (0.2059,0.4875) (0.4734,0.9329) (0.2510,1.8179)","LG+I{0.0284}+R4{0.0414,0.0441,0.2059,0.4875,0.4734,0.9329,0.2510,1.8179}"
ENSB:JgP_M0RbJ1o7K_7,LG+I+R4,0.0284,,"(0.0414,0.0441) (0.2059,0.4875) (0.4734,0.9329) (0.2510,1.8179)","LG+I{0.0284}+R4{0.0414,0.0441,0.2059,0.4875,0.4734,0.9329,0.2510,1.8179}"
ENSB:Qw6f1IU0JubP4zl,LG+I+G4,0.0134,1.3178,,LG+I{0.0134}+G4{1.3178}
ENSB:2cKHRXymQMHVFjY,LG+F+I+G4,0.0000,2.9455,,LG+F+I{0.0000}+G4{2.9455}
ENSB:t13Wtx76AZYJQV-,LG+F+I+G4,0.0000,2.9455,,LG+F+I{0.0000}+G4{2.9455}
ENSB:TMuVny3NAeclCC1,LG+I+R4,0.0061,,"(0.0381,0.0076) (0.0566,0.2006) (0.2801,0.6192) (0.6191,1.3163)","LG+I{0.0061}+R4{0.0381,0.0076,0.0566,0.2006,0.2801,0.6192,0.6191,1.3163}"
ENSB:Mm1d8TULdtjExn4,LG+I+R4,0.0061,,"(0.0381,0.0076) (0.0566,0.2006) (0.2801,0.6192) (0.6191,1.3163)","LG+I{0.0061}+R4{0.0381,0.0076,0.0566,0.2006,0.2801,0.6192,0.6191,1.3163}"
ENSB:j6ZwkpscVMdspEq,LG+I+R4,0.0000,,"(0.0095,0.0270) (0.0793,0.3262) (0.3921,0.6157) (0.5191,1.4110)","LG+I{0.0000}+R4{0.0095,0.0270,0.0793,0.3262,0.3921,0.6157,0.5191,1.4110}"
ENSB:guAxsDOu3_RiNAq,LG+I+G4,0.0324,3.1600,,LG+I{0.0324}+G4{3.1600}
ENSB:e4dzxJQP3ttckC_,LG+I+R4,0.0000,,"(0.0638,0.1258) (0.3212,0.3770) (0.3578,0.9701) (0.2571,2.0369)","LG+I{0.0000}+R4{0.0638,0.1258,0.3212,0.3770,0.3578,0.9701,0.2571,2.0369}"
ENSB:sjZtfA5AZ51Ypu3,LG+I+R4,0.0000,,"(0.0638,0.1258) (0.3212,0.3770) (0.3578,0.9701) (0.2571,2.0369)","LG+I{0.0000}+R4{0.0638,0.1258,0.3212,0.3770,0.3578,0.9701,0.2571,2.0369}"
ENSB:LJMNhxaixuWU8uj,LG+I+R4,0.0000,,"(0.0638,0.1258) (0.3212,0.3770) (0.3578,0.9701) (0.2571,2.0369)","LG+I{0.0000}+R4{0.0638,0.1258,0.3212,0.3770,0.3578,0.9701,0.2571,2.0369}"
ENSB:jvCpX8gvi7gTffB,LG+I+R4,0.0000,,"(0.0638,0.1258) (0.3212,0.3770) (0.3578,0.9701) (0.2571,2.0369)","LG+I{0.0000}+R4{0.0638,0.1258,0.3212,0.3770,0.3578,0.9701,0.2571,2.0369}"
ENSB:PAKbVpZqXtURiFY,LG+I+R4,0.0000,,"(0.0638,0.1258) (0.3212,0.3770) (0.3578,0.9701) (0.2571,2.0369)","LG+I{0.0000}+R4{0.0638,0.1258,0.3212,0.3770,0.3578,0.9701,0.2571,2.0369}"
ENSB:0pzz_sopCqVBncf,LG+I+R4,0.0000,,"(0.0638,0.1258) (0.3212,0.3770) (0.3578,0.9701) (0.2571,2.0369)","LG+I{0.0000}+R4{0.0638,0.1258,0.3212,0.3770,0.3578,0.9701,0.2571,2.0369}"
ENSB:0-lyOc1w9GLus6_,LG+I+R4,0.0000,,"(0.0638,0.1258) (0.3212,0.3770) (0.3578,0.9701) (0.2571,2.0369)","LG+I{0.0000}+R4{0.0638,0.1258,0.3212,0.3770,0.3578,0.9701,0.2571,2.0369}"
ENSB:_s0VGPY0qZ2sotH,LG+I+G4,0.0070,0.8943,,LG+I{0.0070}+G4{0.8943}
ENSB:GmzixxN3gedhgvc,LG+I+R3,0.0854,,"(0.0351,0.0861) (0.2591,0.6081) (0.6204,1.3530)","LG+I{0.0854}+R3{0.0351,0.0861,0.2591,0.6081,0.6204,1.3530}"
ENSB:XDIVqPeRRMWxSfY,LG+I+R3,0.0854,,"(0.0351,0.0861) (0.2591,0.6081) (0.6204,1.3530)","LG+I{0.0854}+R3{0.0351,0.0861,0.2591,0.6081,0.6204,1.3530}"
ENSB:oWDmUTmZZV5tIDY,LG+I+R4,0.0000,,"(0.0280,0.0393) (0.1393,0.3174) (0.3905,0.7492) (0.4423,1.4972)","LG+I{0.0000}+R4{0.0280,0.0393,0.1393,0.3174,0.3905,0.7492,0.4423,1.4972}"
ENSB:IVSXyElwyQrX8gf,LG+I+R4,0.0000,,"(0.1443,0.1713) (0.2168,0.3988) (0.2673,0.8702) (0.3716,1.7658)","LG+I{0.0000}+R4{0.1443,0.1713,0.2168,0.3988,0.2673,0.8702,0.3716,1.7658}"
ENSB:PAJRY-zxw4vcYpn,LG+I+R4,0.0159,,"(0.1812,0.2017) (0.2075,0.5546) (0.2594,1.0514) (0.3361,1.7129)","LG+I{0.0159}+R4{0.1812,0.2017,0.2075,0.5546,0.2594,1.0514,0.3361,1.7129}"
ENSB:XOE3fpkGRZxNPUQ,LG+I+R4,0.0159,,"(0.1812,0.2017) (0.2075,0.5546) (0.2594,1.0514) (0.3361,1.7129)","LG+I{0.0159}+R4{0.1812,0.2017,0.2075,0.5546,0.2594,1.0514,0.3361,1.7129}"
ENSB:l83cfuXgC22o3_w,LG+I+R4,0.0159,,"(0.1812,0.2017) (0.2075,0.5546) (0.2594,1.0514) (0.3361,1.7129)","LG+I{0.0159}+R4{0.1812,0.2017,0.2075,0.5546,0.2594,1.0514,0.3361,1.7129}"
ENSB:wQlFF9oGEFonh4q,LG+I+R3,0.0241,,"(0.0967,0.0921) (0.3196,0.4737) (0.5597,1.5004)","LG+I{0.0241}+R3{0.0967,0.0921,0.3196,0.4737,0.5597,1.5004}"
ENSB:r95vkALhtR9KQUX,LG+I+G4,0.0174,1.0121,,LG+I{0.0174}+G4{1.0121}
ENSB:T4gmvtv2T2dNqTw,LG+I+G4,0.0174,1.0121,,LG+I{0.0174}+G4{1.0121}
ENSB:4g0JwQTkDoTXUaQ,LG+I+G4,0.0174,1.0121,,LG+I{0.0174}+G4{1.0121}
ENSB:YCGld6vyuSv9MWd,LG+I+G4,0.0174,1.0121,,LG+I{0.0174}+G4{1.0121}
ENSB:WK9FEaRq3EEFstE,LG+I+G4,0.0174,1.0121,,LG+I{0.0174}+G4{1.0121}
ENSB:c787hzaqmFxk8oX,LG+I+G4,0.0174,1.0121,,LG+I{0.0174}+G4{1.0121}
ENSB:tEXXzaB5pn7fyvb,LG+I+G4,0.0174,1.0121,,LG+I{0.0174}+G4{1.0121}
ENSB:Szo03Bl7lp2G105,LG+I+G4,0.0174,1.0121,,LG+I{0.0174}+G4{1.0121}
ENSB:xLVbNAYRAGogXJG,LG+I+G4,0.0174,1.0121,,LG+I{0.0174}+G4{1.0121}
ENSB:Z7RBgKclGiSFk0o,LG+I+G4,0.0174,1.0121,,LG+I{0.0174}+G4{1.0121}
ENSB:97xDS10BsN5kCo0,LG+I+G4,0.0174,1.0121,,LG+I{0.0174}+G4{1.0121}
ENSB:u0X2eyb9zBH_90z,LG+I+G4,0.0174,1.0121,,LG+I{0.0174}+G4{1.0121}
ENSB:ZPCdtFqZaTGhjJG,LG+I+G4,0.0174,1.0121,,LG+I{0.0174}+G4{1.0121}
ENSB:EyAURjUZOpORAnm,LG+I+G4,0.0174,1.0121,,LG+I{0.0174}+G4{1.0121}
ENSB:yS4L4fKYWhIhdny,LG+I+G4,0.0174,1.0121,,LG+I{0.0174}+G4{1.0121}
ENSB:7q1gLqZ-ePhsCIK,LG+I+G4,0.0174,1.0121,,LG+I{0.0174}+G4{1.0121}
ENSB:x_qrLTvRp6dHI97,,,,,
ENSB:p5YFEhS28UBIFKf,,,,,
ENSB:6g2p4v8MvvG4MjR,LG+I+G4,0.0093,1.1422,,LG+I{0.0093}+G4{1.1422}
ENSB:G3nwhQw_3Bw6cr1,LG+I+R4,0.0000,,"(0.0560,0.1608) (0.1599,0.4083) (0.3309,0.7857) (0.4532,1.4689)","LG+I{0.0000}+R4{0.0560,0.1608,0.1599,0.4083,0.3309,0.7857,0.4532,1.4689}"
ENSB:3iwzkOU-pmi1bHG,LG+I+R4,0.0000,,"(0.0560,0.1608) (0.1599,0.4083) (0.3309,0.7857) (0.4532,1.4689)","LG+I{0.0000}+R4{0.0560,0.1608,0.1599,0.4083,0.3309,0.7857,0.4532,1.4689}"
ENSB:Bb7h3XW4IF7233b,LG+I+R4,0.0000,,"(0.0560,0.1608) (0.1599,0.4083) (0.3309,0.7857) (0.4532,1.4689)","LG+I{0.0000}+R4{0.0560,0.1608,0.1599,0.4083,0.3309,0.7857,0.4532,1.4689}"
ENSB:xWUPjmhUa8zyS63,LG+I+R4,0.0000,,"(0.0560,0.1608) (0.1599,0.4083) (0.3309,0.7857) (0.4532,1.4689)","LG+I{0.0000}+R4{0.0560,0.1608,0.1599,0.4083,0.3309,0.7857,0.4532,1.4689}"
ENSB:zjVdSCeofyboj9I,LG+I+R4,0.0000,,"(0.0560,0.1608) (0.1599,0.4083) (0.3309,0.7857) (0.4532,1.4689)","LG+I{0.0000}+R4{0.0560,0.1608,0.1599,0.4083,0.3309,0.7857,0.4532,1.4689}"
ENSB:PaWsqzZI9PepSHv,LG+I+R4,0.0000,,"(0.0560,0.1608) (0.1599,0.4083) (0.3309,0.7857) (0.4532,1.4689)","LG+I{0.0000}+R4{0.0560,0.1608,0.1599,0.4083,0.3309,0.7857,0.4532,1.4689}"
ENSB:3d0e3IR9RcterH8,LG+I+R4,0.0000,,"(0.0560,0.1608) (0.1599,0.4083) (0.3309,0.7857) (0.4532,1.4689)","LG+I{0.0000}+R4{0.0560,0.1608,0.1599,0.4083,0.3309,0.7857,0.4532,1.4689}"
ENSB:XkALikLuNju3SeQ,LG+I+G4,0.0000,2.6641,,LG+I{0.0000}+G4{2.6641}
ENSB:hO2jUmITHHZeysG,LG+I+R4,0.0000,,"(0.1073,0.0668) (0.2245,0.3324) (0.1995,0.8178) (0.4687,1.6111)","LG+I{0.0000}+R4{0.1073,0.0668,0.2245,0.3324,0.1995,0.8178,0.4687,1.6111}"
ENSB:rRp8rH6-N2dHA3R,LG+I+G4,0.0120,2.3121,,LG+I{0.0120}+G4{2.3121}
ENSB:KB3bxEzW7CYBHH3,LG+I+G4,0.0120,2.3121,,LG+I{0.0120}+G4{2.3121}
ENSB:KIZ8zj5DNPDeOkT,LG+F+I+R4,0.0000,,"(0.0237,0.0643) (0.1028,0.2977) (0.2892,0.6772) (0.5843,1.3213)","LG+F+I{0.0000}+R4{0.0237,0.0643,0.1028,0.2977,0.2892,0.6772,0.5843,1.3213}"
ENSB:BawEMIGFOnprQk9,LG+F+I+R4,0.0000,,"(0.0237,0.0643) (0.1028,0.2977) (0.2892,0.6772) (0.5843,1.3213)","LG+F+I{0.0000}+R4{0.0237,0.0643,0.1028,0.2977,0.2892,0.6772,0.5843,1.3213}"
ENSB:drTTxgpcrNz_CDh,LG+F+I+R4,0.0000,,"(0.0237,0.0643) (0.1028,0.2977) (0.2892,0.6772) (0.5843,1.3213)","LG+F+I{0.0000}+R4{0.0237,0.0643,0.1028,0.2977,0.2892,0.6772,0.5843,1.3213}"
ENSB:NxZmHQP5mpQ3Sn3,LG+F+I+R4,0.0045,,"(0.0332,0.0455) (0.0799,0.1647) (0.1795,0.4086) (0.7030,1.2973)","LG+F+I{0.0045}+R4{0.0332,0.0455,0.0799,0.1647,0.1795,0.4086,0.7030,1.2973}"
ENSB:PMFxfa6HuRt2Y8E,LG+I+R4,0.0147,,"(0.0421,0.0609) (0.1640,0.2758) (0.3119,0.6777) (0.4673,1.5853)","LG+I{0.0147}+R4{0.0421,0.0609,0.1640,0.2758,0.3119,0.6777,0.4673,1.5853}"
ENSB:F4jeeRl7_Jr2nH4,LG+I+R4,0.0147,,"(0.0421,0.0609) (0.1640,0.2758) (0.3119,0.6777) (0.4673,1.5853)","LG+I{0.0147}+R4{0.0421,0.0609,0.1640,0.2758,0.3119,0.6777,0.4673,1.5853}"
ENSB:slx_SdVTJ4GxCZY,LG+I+G4,0.0000,1.4375,,LG+I{0.0000}+G4{1.4375}
ENSB:b69f9S7ESl9PemH,LG+I+G4,0.0158,1.3466,,LG+I{0.0158}+G4{1.3466}
ENSB:PAJRY-zxw4vcYpn,LG+I+R4,0.0059,,"(0.0488,0.1201) (0.2182,0.4203) (0.3538,0.8188) (0.3733,1.6412)","LG+I{0.0059}+R4{0.0488,0.1201,0.2182,0.4203,0.3538,0.8188,0.3733,1.6412}"
ENSB:-sGx3j4qKuUBYKQ,LG+I+G4,0.0369,1.0032,,LG+I{0.0369}+G4{1.0032}
ENSB:0edb2DzvnUgMpbM,LG+I+G4,0.0369,1.0032,,LG+I{0.0369}+G4{1.0032}
ENSB:YYcp0AQLxqoW6RY,LG+I+G4,0.0369,1.0032,,LG+I{0.0369}+G4{1.0032}
ENSB:Mm1d8TULdtjExn4,LG+I+G4,0.0369,1.0032,,LG+I{0.0369}+G4{1.0032}
ENSB:yY2IdSzO9MWGGH8,LG+I+G4,0.0369,1.0032,,LG+I{0.0369}+G4{1.0032}
ENSB:yjArRhIBzj3-voE,LG+I+G4,0.0369,1.0032,,LG+I{0.0369}+G4{1.0032}
ENSB:nl0nb-nR5PmveVs,LG+I+G4,0.0369,1.0032,,LG+I{0.0369}+G4{1.0032}
ENSB:TT0-fvV4sh_CBlJ,LG+I+G4,0.0369,1.0032,,LG+I{0.0369}+G4{1.0032}
ENSB:bH9gOKwyFu-1P9H,LG+I+G4,0.0000,1.6374,,LG+I{0.0000}+G4{1.6374}
ENSB:YajGG98cx8V4089,LG+I+G4,0.0000,1.6374,,LG+I{0.0000}+G4{1.6374}
ENSB:enMnimv0O7v80GN,LG+I+G4,0.0000,1.6374,,LG+I{0.0000}+G4{1.6374}
ENSB:8GPOUDYWzOb0b8Y,LG+I+G4,0.0000,1.6374,,LG+I{0.0000}+G4{1.6374}
ENSB:yYdsug6wxnDvIrv,LG+I+G4,0.0000,1.6374,,LG+I{0.0000}+G4{1.6374}
ENSB:Y_ZtlbKZBvwAslX,LG+F+I+G4,0.0308,1.3957,,LG+F+I{0.0308}+G4{1.3957}
ENSB:z7soI9NeZgBBSIq,LG+F+I+G4,0.0308,1.3957,,LG+F+I{0.0308}+G4{1.3957}
ENSB:z7soI9NeZgBBSIq,LG+F+I+G4,0.0308,1.3957,,LG+F+I{0.0308}+G4{1.3957}
ENSB:vvLsdKyTqg8pr6K,LG+F+I+G4,0.0308,1.3957,,LG+F+I{0.0308}+G4{1.3957}
ENSB:xRXlpfmcIG3XrTx,LG+F+I+G4,0.0308,1.3957,,LG+F+I{0.0308}+G4{1.3957}
ENSB:QNib2yuMPI3U0XV,LG+F+I+G4,0.0308,1.3957,,LG+F+I{0.0308}+G4{1.3957}
ENSB:LNr31Y8RZEkc4aD,LG+F+I+R4,0.0000,,"(0.0436,0.1085) (0.1135,0.3423) (0.2025,0.6626) (0.6405,1.2838)","LG+F+I{0.0000}+R4{0.0436,0.1085,0.1135,0.3423,0.2025,0.6626,0.6405,1.2838}"
ENSB:vd2Cfu-D1Uxnfhc,LG+F+I+R4,0.0000,,"(0.0436,0.1085) (0.1135,0.3423) (0.2025,0.6626) (0.6405,1.2838)","LG+F+I{0.0000}+R4{0.0436,0.1085,0.1135,0.3423,0.2025,0.6626,0.6405,1.2838}"
ENSB:i-n4iLled1U78SE,LG+F+I+R4,0.0000,,"(0.0436,0.1085) (0.1135,0.3423) (0.2025,0.6626) (0.6405,1.2838)","LG+F+I{0.0000}+R4{0.0436,0.1085,0.1135,0.3423,0.2025,0.6626,0.6405,1.2838}"
ENSB:P3l5_jJGZOkqefm,LG+I+G4,0.0088,1.0747,,LG+I{0.0088}+G4{1.0747}
ENSB:UKDYOsZQD4OgKqu,LG+F+I+G4,0.0041,1.8333,,LG+F+I{0.0041}+G4{1.8333}
ENSB:QBoCmo-044W5HDN,LG+F+I+G4,0.0041,1.8333,,LG+F+I{0.0041}+G4{1.8333}
ENSB:b0iqUkLqqYydyrQ,LG+F+I+G4,0.0041,1.8333,,LG+F+I{0.0041}+G4{1.8333}
ENSB:mUvmWRLTtld4jSp,LG+F+I+G4,0.0041,1.8333,,LG+F+I{0.0041}+G4{1.8333}
ENSB:mxGv_9UzWk-tBoV,LG+F+I+G4,0.0041,1.8333,,LG+F+I{0.0041}+G4{1.8333}
ENSB:D6UfqnB8yLuiF9r,LG+F+I+G4,0.0041,1.8333,,LG+F+I{0.0041}+G4{1.8333}
ENSB:at6YT6CIcl1ZZ0m,LG+F+I+G4,0.0041,1.8333,,LG+F+I{0.0041}+G4{1.8333}
ENSB:ul4QewNaUklrZ11,LG+F+I+G4,0.0041,1.8333,,LG+F+I{0.0041}+G4{1.8333}
ENSB:-jisWkD9RZqQEY2,LG+F+I+G4,0.0041,1.8333,,LG+F+I{0.0041}+G4{1.8333}
ENSB:z8hWpZ6oSIoYMpG,LG+F+I+G4,0.0041,1.8333,,LG+F+I{0.0041}+G4{1.8333}
ENSB:9qzU1jn-7Gn_8sl,LG+F+I+R4,0.0036,,"(0.0748,0.1099) (0.1830,0.4457) (0.3536,0.8155) (0.3851,1.6151)","LG+F+I{0.0036}+R4{0.0748,0.1099,0.1830,0.4457,0.3536,0.8155,0.3851,1.6151}"
ENSB:EFjxFZBilY4vk5D,LG+F+I+R4,0.0036,,"(0.0748,0.1099) (0.1830,0.4457) (0.3536,0.8155) (0.3851,1.6151)","LG+F+I{0.0036}+R4{0.0748,0.1099,0.1830,0.4457,0.3536,0.8155,0.3851,1.6151}"
ENSB:y4TUfg4n8PjU2wU,LG+F+I+R4,0.0036,,"(0.0748,0.1099) (0.1830,0.4457) (0.3536,0.8155) (0.3851,1.6151)","LG+F+I{0.0036}+R4{0.0748,0.1099,0.1830,0.4457,0.3536,0.8155,0.3851,1.6151}"
ENSB:hz7njp3zDJxvbiO,LG+F+I+R4,0.0036,,"(0.0748,0.1099) (0.1830,0.4457) (0.3536,0.8155) (0.3851,1.6151)","LG+F+I{0.0036}+R4{0.0748,0.1099,0.1830,0.4457,0.3536,0.8155,0.3851,1.6151}"
ENSB:zvetXOulYRT-tIu,LG+F+I+R4,0.0036,,"(0.0748,0.1099) (0.1830,0.4457) (0.3536,0.8155) (0.3851,1.6151)","LG+F+I{0.0036}+R4{0.0748,0.1099,0.1830,0.4457,0.3536,0.8155,0.3851,1.6151}"
ENSB:eXjIJhiI5_axyqA,LG+F+I+R4,0.0036,,"(0.0748,0.1099) (0.1830,0.4457) (0.3536,0.8155) (0.3851,1.6151)","LG+F+I{0.0036}+R4{0.0748,0.1099,0.1830,0.4457,0.3536,0.8155,0.3851,1.6151}"
ENSB:r1ibRR5EIljFb62,LG+I+R4,0.0000,,"(0.1048,0.2278) (0.3001,0.5106) (0.2418,0.9638) (0.3533,1.6697)","LG+I{0.0000}+R4{0.1048,0.2278,0.3001,0.5106,0.2418,0.9638,0.3533,1.6697}"
ENSB:CwoQ5PX7UhksRcb,LG+I+R4,0.0000,,"(0.1048,0.2278) (0.3001,0.5106) (0.2418,0.9638) (0.3533,1.6697)","LG+I{0.0000}+R4{0.1048,0.2278,0.3001,0.5106,0.2418,0.9638,0.3533,1.6697}"
ENSB:Okr9wvC7cDLhKP9,LG+I+R4,0.0000,,"(0.0305,0.0293) (0.0650,0.1813) (0.3088,0.4776) (0.5958,1.4097)","LG+I{0.0000}+R4{0.0305,0.0293,0.0650,0.1813,0.3088,0.4776,0.5958,1.4097}"
ENSB:XAfsQuOfo6a2F_B,LG+I+R4,0.0000,,"(0.0305,0.0293) (0.0650,0.1813) (0.3088,0.4776) (0.5958,1.4097)","LG+I{0.0000}+R4{0.0305,0.0293,0.0650,0.1813,0.3088,0.4776,0.5958,1.4097}"
ENSB:dFJEeJ2n2o_V9DE,LG+F+I+R4,0.0062,,"(0.0994,0.0873) (0.2488,0.3665) (0.4066,0.8577) (0.2390,2.3067)","LG+F+I{0.0062}+R4{0.0994,0.0873,0.2488,0.3665,0.4066,0.8577,0.2390,2.3067}"
ENSB:3yBUBPpNQ-CIArf,LG+F+I+R4,0.0000,,"(0.0689,0.0930) (0.0810,0.4026) (0.5121,0.9257) (0.3380,1.4405)","LG+F+I{0.0000}+R4{0.0689,0.0930,0.0810,0.4026,0.5121,0.9257,0.3380,1.4405}"
ENSB:7AHgnD9U3uMh_wI,LG+I+R4,0.0000,,"(0.0446,0.0852) (0.1528,0.3805) (0.3136,0.7431) (0.4890,1.4418)","LG+I{0.0000}+R4{0.0446,0.0852,0.1528,0.3805,0.3136,0.7431,0.4890,1.4418}"
ENSB:bB4OkEG_EHhMnBY,LG+I+G4,0.0152,2.3491,,LG+I{0.0152}+G4{2.3491}
ENSB:v5CSbLwJLp88pes,LG+F+I+R4,0.0068,,"(0.0593,0.0632) (0.2096,0.3234) (0.3104,0.8068) (0.4139,1.6380)","LG+F+I{0.0068}+R4{0.0593,0.0632,0.2096,0.3234,0.3104,0.8068,0.4139,1.6380}"
ENSB:OUfKq3JxPyU8nlN,LG+F+I+R4,0.0070,,"(0.0208,0.1021) (0.1250,0.3251) (0.3291,0.7151) (0.5181,1.3933)","LG+F+I{0.0070}+R4{0.0208,0.1021,0.1250,0.3251,0.3291,0.7151,0.5181,1.3933}"
ENSB:-67IX8eNcT1yyVt,LG+F+I+R4,0.0070,,"(0.0208,0.1021) (0.1250,0.3251) (0.3291,0.7151) (0.5181,1.3933)","LG+F+I{0.0070}+R4{0.0208,0.1021,0.1250,0.3251,0.3291,0.7151,0.5181,1.3933}"
ENSB:7u50Jw8ukYLgQjF,LG+F+I+R4,0.0070,,"(0.0208,0.1021) (0.1250,0.3251) (0.3291,0.7151) (0.5181,1.3933)","LG+F+I{0.0070}+R4{0.0208,0.1021,0.1250,0.3251,0.3291,0.7151,0.5181,1.3933}"
ENSB:58q1rdmOY_eiia4,LG+F+I+R4,0.0070,,"(0.0208,0.1021) (0.1250,0.3251) (0.3291,0.7151) (0.5181,1.3933)","LG+F+I{0.0070}+R4{0.0208,0.1021,0.1250,0.3251,0.3291,0.7151,0.5181,1.3933}"
ENSB:SWkl1f7rSpttQi6,LG+F+I+R4,0.0070,,"(0.0208,0.1021) (0.1250,0.3251) (0.3291,0.7151) (0.5181,1.3933)","LG+F+I{0.0070}+R4{0.0208,0.1021,0.1250,0.3251,0.3291,0.7151,0.5181,1.3933}"
ENSB:mx7kTrm0nFOVhfm,LG+F+I+R4,0.0070,,"(0.0208,0.1021) (0.1250,0.3251) (0.3291,0.7151) (0.5181,1.3933)","LG+F+I{0.0070}+R4{0.0208,0.1021,0.1250,0.3251,0.3291,0.7151,0.5181,1.3933}"
ENSB:7u50Jw8ukYLgQjF,LG+F+I+R4,0.0000,,"(0.0327,0.2351) (0.2061,0.4909) (0.3362,0.9091) (0.4250,1.3777)","LG+F+I{0.0000}+R4{0.0327,0.2351,0.2061,0.4909,0.3362,0.9091,0.4250,1.3777}"
ENSB:mx7kTrm0nFOVhfm,LG+F+I+R4,0.0000,,"(0.0327,0.2351) (0.2061,0.4909) (0.3362,0.9091) (0.4250,1.3777)","LG+F+I{0.0000}+R4{0.0327,0.2351,0.2061,0.4909,0.3362,0.9091,0.4250,1.3777}"
ENSB:4OUKJ9kHkdhrjKi,LG+I+G4,0.0000,2.1195,,LG+I{0.0000}+G4{2.1195}
ENSB:q0_HEW8I0Xzp5Sf,LG+I+G4,0.0000,2.1195,,LG+I{0.0000}+G4{2.1195}
ENSB:ZNkfSEixyZsTCvR,LG+I+G4,0.0000,2.1195,,LG+I{0.0000}+G4{2.1195}
ENSB:UnMreF9EgDf1gnE,LG+I+G4,0.0000,2.1195,,LG+I{0.0000}+G4{2.1195}
ENSB:YcueCV-HL2LPs_N,LG+I+G4,0.0159,1.8349,,LG+I{0.0159}+G4{1.8349}
ENSB:C37Yv9mv7-4Xj2k,LG+I+R4,0.0000,,"(0.0585,0.0654) (0.1458,0.3633) (0.5000,0.8641) (0.2957,1.7288)","LG+I{0.0000}+R4{0.0585,0.0654,0.1458,0.3633,0.5000,0.8641,0.2957,1.7288}"
ENSB:ezSrG12l8b5kc-7,LG+I+R4,0.0000,,"(0.0231,0.1048) (0.2153,0.4952) (0.4589,0.8817) (0.3028,1.6063)","LG+I{0.0000}+R4{0.0231,0.1048,0.2153,0.4952,0.4589,0.8817,0.3028,1.6063}"
ENSB:SXuOXhRx2kaKS9v,LG+I+R4,0.0000,,"(0.0231,0.1048) (0.2153,0.4952) (0.4589,0.8817) (0.3028,1.6063)","LG+I{0.0000}+R4{0.0231,0.1048,0.2153,0.4952,0.4589,0.8817,0.3028,1.6063}"
ENSB:SXuOXhRx2kaKS9v,LG+I+R4,0.0000,,"(0.0231,0.1048) (0.2153,0.4952) (0.4589,0.8817) (0.3028,1.6063)","LG+I{0.0000}+R4{0.0231,0.1048,0.2153,0.4952,0.4589,0.8817,0.3028,1.6063}"
ENSB:qHcLnTMrH5IlrlM,LG+I+R4,0.0000,,"(0.0231,0.1048) (0.2153,0.4952) (0.4589,0.8817) (0.3028,1.6063)","LG+I{0.0000}+R4{0.0231,0.1048,0.2153,0.4952,0.4589,0.8817,0.3028,1.6063}"
ENSB:cODN2_99sfOWK2O,LG+I+R4,0.0000,,"(0.1043,0.0760) (0.2054,0.4238) (0.2916,0.8921) (0.3987,1.6177)","LG+I{0.0000}+R4{0.1043,0.0760,0.2054,0.4238,0.2916,0.8921,0.3987,1.6177}"
ENSB:_nVSvxzVHyOkTUZ,LG+I+R4,0.0000,,"(0.1043,0.0760) (0.2054,0.4238) (0.2916,0.8921) (0.3987,1.6177)","LG+I{0.0000}+R4{0.1043,0.0760,0.2054,0.4238,0.2916,0.8921,0.3987,1.6177}"
ENSB:SDRzYmVZWo-3GTu,LG+F+I+R4,0.0030,,"(0.0804,0.1843) (0.1295,0.4119) (0.2324,0.7563) (0.5548,1.3629)","LG+F+I{0.0030}+R4{0.0804,0.1843,0.1295,0.4119,0.2324,0.7563,0.5548,1.3629}"
ENSB:IN2EbeiD86urjMM,LG+F+I+R4,0.0030,,"(0.0804,0.1843) (0.1295,0.4119) (0.2324,0.7563) (0.5548,1.3629)","LG+F+I{0.0030}+R4{0.0804,0.1843,0.1295,0.4119,0.2324,0.7563,0.5548,1.3629}"
ENSB:q9K7zk7k77GgkpE,LG+F+I+R4,0.0030,,"(0.0804,0.1843) (0.1295,0.4119) (0.2324,0.7563) (0.5548,1.3629)","LG+F+I{0.0030}+R4{0.0804,0.1843,0.1295,0.4119,0.2324,0.7563,0.5548,1.3629}"
ENSB:rJFDY98R6kcPeg_,LG+F+I+R3,0.0623,,"(0.1065,0.0940) (0.3885,0.6030) (0.4427,1.7072)","LG+F+I{0.0623}+R3{0.1065,0.0940,0.3885,0.6030,0.4427,1.7072}"
ENSB:0MGJJ0ybXWBcG84,LG+F+I+G4,0.0102,1.3409,,LG+F+I{0.0102}+G4{1.3409}
ENSB:52LxJNUwE_oaa9i,LG+F+I+R4,0.0000,,"(0.1070,0.2013) (0.2150,0.4814) (0.3572,0.9964) (0.3207,1.6182)","LG+F+I{0.0000}+R4{0.1070,0.2013,0.2150,0.4814,0.3572,0.9964,0.3207,1.6182}"
ENSB:OKnHXcLGeX7mnOY,LG+F+I+R4,0.0000,,"(0.1070,0.2013) (0.2150,0.4814) (0.3572,0.9964) (0.3207,1.6182)","LG+F+I{0.0000}+R4{0.1070,0.2013,0.2150,0.4814,0.3572,0.9964,0.3207,1.6182}"
ENSB:N00l9t9ZFGON8Hm,LG+F+I+R4,0.0000,,"(0.1070,0.2013) (0.2150,0.4814) (0.3572,0.9964) (0.3207,1.6182)","LG+F+I{0.0000}+R4{0.1070,0.2013,0.2150,0.4814,0.3572,0.9964,0.3207,1.6182}"
ENSB:YcueCV-HL2LPs_N,LG+F+I+G4,0.0000,3.7756,,LG+F+I{0.0000}+G4{3.7756}
ENSB:Xp9QG0JM2QcTnHa,LG+F+I+R2,0.0000,,"(0.2902,0.3831) (0.7098,1.2522)","LG+F+I{0.0000}+R2{0.2902,0.3831,0.7098,1.2522}"
ENSB:iLcqcNI-FUnr5bo,LG+F+I+R4,0.0021,,"(0.0161,0.0279) (0.0986,0.3006) (0.2358,0.6754) (0.6474,1.2521)","LG+F+I{0.0021}+R4{0.0161,0.0279,0.0986,0.3006,0.2358,0.6754,0.6474,1.2521}"
ENSB:q3GE_uBm8Xt3bBX,LG+I+G4,0.0000,1.8309,,LG+I{0.0000}+G4{1.8309}
ENSB:bfuUuXUBFvysUGH,LG+F+I+R4,0.0000,,"(0.0555,0.1076) (0.1354,0.4018) (0.4178,0.7391) (0.3913,1.6123)","LG+F+I{0.0000}+R4{0.0555,0.1076,0.1354,0.4018,0.4178,0.7391,0.3913,1.6123}"
ENSB:XJS5eeRMC-RVmwj,LG+F+I+R4,0.0042,,"(0.0698,0.1284) (0.1785,0.3482) (0.2411,0.7078) (0.5063,1.4974)","LG+F+I{0.0042}+R4{0.0698,0.1284,0.1785,0.3482,0.2411,0.7078,0.5063,1.4974}"
ENSB:7Lm5bLQYFp9YIDR,LG+F+I+R4,0.0042,,"(0.0698,0.1284) (0.1785,0.3482) (0.2411,0.7078) (0.5063,1.4974)","LG+F+I{0.0042}+R4{0.0698,0.1284,0.1785,0.3482,0.2411,0.7078,0.5063,1.4974}"
ENSB:Yh_BdZBaY53VRf-,LG+F+I+R3,0.0042,,"(0.0559,0.1280) (0.4388,0.5950) (0.5011,1.4603)","LG+F+I{0.0042}+R3{0.0559,0.1280,0.4388,0.5950,0.5011,1.4603}"
ENSB:pLX26ClsXquWfp1,LG+I+R4,0.0592,,"(0.0714,0.0702) (0.1318,0.3475) (0.3071,0.8508) (0.4306,1.5976)","LG+I{0.0592}+R4{0.0714,0.0702,0.1318,0.3475,0.3071,0.8508,0.4306,1.5976}"
ENSB:PtDlob7chmfO11H,LG+F+I+G4,0.0588,1.4607,,LG+F+I{0.0588}+G4{1.4607}
ENSB:AyAtPO6CAA7IEkt,LG+I+G4,0.0000,2.1025,,LG+I{0.0000}+G4{2.1025}
ENSB:4U43ifI0i6nFlgU,LG+F+I+R3,0.0216,,"(0.0823,0.1863) (0.4654,0.6563) (0.4307,1.5768)","LG+F+I{0.0216}+R3{0.0823,0.1863,0.4654,0.6563,0.4307,1.5768}"
ENSB:6EaKilczUkk4DUk,LG+I+R2,0.0000,,"(0.3203,0.4703) (0.6797,1.2496)","LG+I{0.0000}+R2{0.3203,0.4703,0.6797,1.2496}"
ENSB:6EaKilczUkk4DUk,LG+F+I+G4,0.0000,2.1562,,LG+F+I{0.0000}+G4{2.1562}
ENSB:EFsMFnp_IzBqCWq,LG+I+G4,0.0024,2.2701,,LG+I{0.0024}+G4{2.2701}
ENSB:9nJTHyQyRzpTcbW,LG+I+G4,0.0024,2.2701,,LG+I{0.0024}+G4{2.2701}
ENSB:z_qbuyl7f50pO0B,LG+I+G4,0.0024,2.2701,,LG+I{0.0024}+G4{2.2701}
ENSB:NOvCPmFXQ1NHUCl,LG+F+I+G4,0.0038,4.1154,,LG+F+I{0.0038}+G4{4.1154}
ENSB:lWIYLjRpit8jqaG,LG+I+R4,0.0043,,"(0.1041,0.0680) (0.3162,0.3458) (0.2557,0.8472) (0.3197,2.0860)","LG+I{0.0043}+R4{0.1041,0.0680,0.3162,0.3458,0.2557,0.8472,0.3197,2.0860}"
ENSB:Zl0v0qSOdyM32kW,LG+F+I+R4,0.0000,,"(0.0676,0.1870) (0.0965,0.4706) (0.4056,0.8492) (0.4303,1.3887)","LG+F+I{0.0000}+R4{0.0676,0.1870,0.0965,0.4706,0.4056,0.8492,0.4303,1.3887}"
ENSB:ioIWheZE-Dmmfed,LG+F+I+R4,0.0000,,"(0.0676,0.1870) (0.0965,0.4706) (0.4056,0.8492) (0.4303,1.3887)","LG+F+I{0.0000}+R4{0.0676,0.1870,0.0965,0.4706,0.4056,0.8492,0.4303,1.3887}"
ENSB:QTCiOTLlEBWMD01,LG+I+G4,0.0000,1.6293,,LG+I{0.0000}+G4{1.6293}
ENSB:naa9jNJBCF7ykSv,LG+F+I+G4,0.0000,3.4256,,LG+F+I{0.0000}+G4{3.4256}
ENSB:naa9jNJBCF7ykSv,LG+F+I+G4,0.0000,3.4256,,LG+F+I{0.0000}+G4{3.4256}
ENSB:JKSp8rQRo4kZfTf,LG+F+I+G4,0.0000,3.4256,,LG+F+I{0.0000}+G4{3.4256}
ENSB:JKSp8rQRo4kZfTf,LG+F+I+G4,0.0000,3.4256,,LG+F+I{0.0000}+G4{3.4256}
ENSB:3Cgm4RzMOyxZGwP,LG+F+I+R4,0.0028,,"(0.0762,0.1149) (0.2294,0.4419) (0.3497,0.9029) (0.3419,1.6792)","LG+F+I{0.0028}+R4{0.0762,0.1149,0.2294,0.4419,0.3497,0.9029,0.3419,1.6792}"
ENSB:WUWbXV0QAJwI2y5,LG+I+G4,0.0056,1.3389,,LG+I{0.0056}+G4{1.3389}
ENSB:n_uPSno6e2J9SAM,LG+I+G4,0.0056,1.3389,,LG+I{0.0056}+G4{1.3389}
ENSB:60ieU__zQLOeXPc,LG+I+R4,0.0101,,"(0.0351,0.0613) (0.1097,0.2703) (0.3588,0.7292) (0.4863,1.4528)","LG+I{0.0101}+R4{0.0351,0.0613,0.1097,0.2703,0.3588,0.7292,0.4863,1.4528}"
ENSB:49mpiaE7LSLIPEh,,,,,
ENSB:Yc3veoVx0kkyApj,LG+I+R4,0.0300,,"(0.0318,0.0444) (0.5593,0.4776) (0.2724,1.1595) (0.1066,3.9007)","LG+I{0.0300}+R4{0.0318,0.0444,0.5593,0.4776,0.2724,1.1595,0.1066,3.9007}"
ENSB:GyIC4-5PiGgpgho,LG+I+R4,0.0047,,"(0.1144,0.0605) (0.2886,0.3386) (0.2804,0.9282) (0.3120,2.0358)","LG+I{0.0047}+R4{0.1144,0.0605,0.2886,0.3386,0.2804,0.9282,0.3120,2.0358}"
ENSB:wQlFF9oGEFonh4q,LG+I+G4,0.0000,1.0598,,LG+I{0.0000}+G4{1.0598}
ENSB:Yh_BdZBaY53VRf-,LG+I+G4,0.0048,0.9590,,LG+I{0.0048}+G4{0.9590}
ENSB:_ExMMtk8WpSlSgw,LG+I+G4,0.0048,0.9590,,LG+I{0.0048}+G4{0.9590}
ENSB:N3EBmJx2WxBxaDS,LG+I+R4,0.0000,,"(0.0935,0.2067) (0.1840,0.3955) (0.2379,0.7418) (0.4846,1.5093)","LG+I{0.0000}+R4{0.0935,0.2067,0.1840,0.3955,0.2379,0.7418,0.4846,1.5093}"
ENSB:ZoZHU7r42XXVCSL,LG+I+R4,0.0000,,"(0.0935,0.2067) (0.1840,0.3955) (0.2379,0.7418) (0.4846,1.5093)","LG+I{0.0000}+R4{0.0935,0.2067,0.1840,0.3955,0.2379,0.7418,0.4846,1.5093}"
ENSB:r1ibRR5EIljFb62,LG+I+R4,0.0033,,"(0.1141,0.1584) (0.3005,0.4637) (0.3115,0.9457) (0.2706,2.0252)","LG+I{0.0033}+R4{0.1141,0.1584,0.3005,0.4637,0.3115,0.9457,0.2706,2.0252}"
ENSB:Jv9-443-WM0jB0V,LG+F+I+G4,0.0000,4.4260,,LG+F+I{0.0000}+G4{4.4260}
ENSB:QJt3MMl7jet0s4D,LG+I+G4,0.0000,5.6617,,LG+I{0.0000}+G4{5.6617}
ENSB:SEvzglGpNm_hY4B,LG+F+I+R4,0.0000,,"(0.1154,0.1668) (0.2667,0.4949) (0.3490,1.0436) (0.2689,1.8023)","LG+F+I{0.0000}+R4{0.1154,0.1668,0.2667,0.4949,0.3490,1.0436,0.2689,1.8023}"
ENSB:SBYirlKEGXRap_Q,LG+I+G4,0.0187,1.3099,,LG+I{0.0187}+G4{1.3099}
ENSB:bfuUuXUBFvysUGH,LG+I+G4,0.0187,1.3099,,LG+I{0.0187}+G4{1.3099}
ENSB:dtYFBmxG9LSyjzo,LG+F+I+R4,0.0069,,"(0.1415,0.1535) (0.2486,0.4998) (0.2984,0.9886) (0.3045,1.8357)","LG+F+I{0.0069}+R4{0.1415,0.1535,0.2486,0.4998,0.2984,0.9886,0.3045,1.8357}"
ENSB:ucKsw-OlGMofXae,LG+F+I+R4,0.0069,,"(0.1415,0.1535) (0.2486,0.4998) (0.2984,0.9886) (0.3045,1.8357)","LG+F+I{0.0069}+R4{0.1415,0.1535,0.2486,0.4998,0.2984,0.9886,0.3045,1.8357}"
ENSB:1V19hnifx8hFCZ9,LG+F+I+R4,0.0069,,"(0.1415,0.1535) (0.2486,0.4998) (0.2984,0.9886) (0.3045,1.8357)","LG+F+I{0.0069}+R4{0.1415,0.1535,0.2486,0.4998,0.2984,0.9886,0.3045,1.8357}"
ENSB:B18K4_OtAEbPvIL,LG+F+I+R4,0.0069,,"(0.1415,0.1535) (0.2486,0.4998) (0.2984,0.9886) (0.3045,1.8357)","LG+F+I{0.0069}+R4{0.1415,0.1535,0.2486,0.4998,0.2984,0.9886,0.3045,1.8357}"
ENSB:Vmgp4tC72AKF16A,LG+F+I+R4,0.0069,,"(0.1415,0.1535) (0.2486,0.4998) (0.2984,0.9886) (0.3045,1.8357)","LG+F+I{0.0069}+R4{0.1415,0.1535,0.2486,0.4998,0.2984,0.9886,0.3045,1.8357}"
ENSB:x3bLZkxbSbMRiQP,LG+F+I+R4,0.0069,,"(0.1415,0.1535) (0.2486,0.4998) (0.2984,0.9886) (0.3045,1.8357)","LG+F+I{0.0069}+R4{0.1415,0.1535,0.2486,0.4998,0.2984,0.9886,0.3045,1.8357}"
ENSB:wzHwivZ-oBBcx3N,LG+F+I+R4,0.0069,,"(0.1415,0.1535) (0.2486,0.4998) (0.2984,0.9886) (0.3045,1.8357)","LG+F+I{0.0069}+R4{0.1415,0.1535,0.2486,0.4998,0.2984,0.9886,0.3045,1.8357}"
ENSB:bHkPJTTTkS-NhjA,LG+F+I+R4,0.0069,,"(0.1415,0.1535) (0.2486,0.4998) (0.2984,0.9886) (0.3045,1.8357)","LG+F+I{0.0069}+R4{0.1415,0.1535,0.2486,0.4998,0.2984,0.9886,0.3045,1.8357}"
ENSB:3-LjlBOfWX92X5C,LG+F+I+R4,0.0069,,"(0.1415,0.1535) (0.2486,0.4998) (0.2984,0.9886) (0.3045,1.8357)","LG+F+I{0.0069}+R4{0.1415,0.1535,0.2486,0.4998,0.2984,0.9886,0.3045,1.8357}"
ENSB:_4I_hIEuCAP4EsC,LG+F+I+R4,0.0069,,"(0.1415,0.1535) (0.2486,0.4998) (0.2984,0.9886) (0.3045,1.8357)","LG+F+I{0.0069}+R4{0.1415,0.1535,0.2486,0.4998,0.2984,0.9886,0.3045,1.8357}"
ENSB:8ZwKkKOdxuciK1a,LG+F+I+R4,0.0069,,"(0.1415,0.1535) (0.2486,0.4998) (0.2984,0.9886) (0.3045,1.8357)","LG+F+I{0.0069}+R4{0.1415,0.1535,0.2486,0.4998,0.2984,0.9886,0.3045,1.8357}"
ENSB:U3NJYhJIhk5uEV3,LG+F+I+R4,0.0000,,"(0.0807,0.2785) (0.1739,0.5285) (0.2846,0.9000) (0.4608,1.3660)","LG+F+I{0.0000}+R4{0.0807,0.2785,0.1739,0.5285,0.2846,0.9000,0.4608,1.3660}"
ENSB:nWx7-oN2b4_TMvW,LG+F+I+G4,0.0179,2.1352,,LG+F+I{0.0179}+G4{2.1352}
ENSB:F1pcxHdofQxSABx,LG+F+I+G4,0.0179,2.1352,,LG+F+I{0.0179}+G4{2.1352}
ENSB:AD8dpVMoA6rI9Hx,LG+F+I+R4,0.0000,,"(0.0521,0.2250) (0.1718,0.4271) (0.3277,0.8040) (0.4484,1.4528)","LG+F+I{0.0000}+R4{0.0521,0.2250,0.1718,0.4271,0.3277,0.8040,0.4484,1.4528}"
ENSB:Z5JN-NRDUqbjOVR,LG+I+G4,0.0000,1.5739,,LG+I{0.0000}+G4{1.5739}
ENSB:xt4-8cg33QOndjw,LG+I+G4,0.0000,1.5739,,LG+I{0.0000}+G4{1.5739}
ENSB:ElzYIRaHR_WxGAs,LG+I+R3,0.0158,,"(0.0886,0.0862) (0.4750,0.5134) (0.4206,1.7796)","LG+I{0.0158}+R3{0.0886,0.0862,0.4750,0.5134,0.4206,1.7796}"
ENSB:-_t93LirVFZiDhg,LG+I+R3,0.0158,,"(0.0886,0.0862) (0.4750,0.5134) (0.4206,1.7796)","LG+I{0.0158}+R3{0.0886,0.0862,0.4750,0.5134,0.4206,1.7796}"
ENSB:A3qcgLedxfr-7ax,LG+I+G4,0.0000,2.0105,,LG+I{0.0000}+G4{2.0105}
ENSB:6HDgXZQXq2SY7ve,LG+F+I+G4,0.0098,1.6556,,LG+F+I{0.0098}+G4{1.6556}
ENSB:9HfVfr3tDB9UWgo,LG+I+G4,0.0128,0.9826,,LG+I{0.0128}+G4{0.9826}
ENSB:r1ibRR5EIljFb62,LG+F+I+R4,0.0000,,"(0.1153,0.1743) (0.2214,0.5001) (0.3776,0.9519) (0.2857,1.7842)","LG+F+I{0.0000}+R4{0.1153,0.1743,0.2214,0.5001,0.3776,0.9519,0.2857,1.7842}"
ENSB:-PpwQCR8sXoRAsy,LG+I+G4,0.0624,1.4207,,LG+I{0.0624}+G4{1.4207}
ENSB:xhgc8HHMeyelx00,LG+I+G4,0.0624,1.4207,,LG+I{0.0624}+G4{1.4207}
ENSB:LoYqylWgfx7V_S5,LG+I+G4,0.0086,2.4073,,LG+I{0.0086}+G4{2.4073}
ENSB:yS8O5QFgJof3zh8,LG+I+G4,0.0086,2.4073,,LG+I{0.0086}+G4{2.4073}
ENSB:CboTmGGn0Y4QRKa,LG+F+I+G4,0.0000,2.4171,,LG+F+I{0.0000}+G4{2.4171}
ENSB:lSGlyovGwJy9ps5,LG+F+I+R4,0.0000,,"(0.0629,0.1492) (0.1744,0.4459) (0.3346,0.8578) (0.4281,1.4618)","LG+F+I{0.0000}+R4{0.0629,0.1492,0.1744,0.4459,0.3346,0.8578,0.4281,1.4618}"
ENSB:16b-Db2FZcOMcPd,LG+F+I+R4,0.0000,,"(0.0549,0.1014) (0.2542,0.3215) (0.3809,0.7560) (0.3100,2.0153)","LG+F+I{0.0000}+R4{0.0549,0.1014,0.2542,0.3215,0.3809,0.7560,0.3100,2.0153}"
ENSB:Hklk8jUBTW32BH6,LG+I+R4,0.0000,,"(0.0355,0.0197) (0.1248,0.1976) (0.4162,0.7113) (0.4235,1.6022)","LG+I{0.0000}+R4{0.0355,0.0197,0.1248,0.1976,0.4162,0.7113,0.4235,1.6022}"
ENSB:rqKC4e_Orlc723B,LG+I+R3,0.0000,,"(0.0411,0.0501) (0.3299,0.4684) (0.6290,1.3409)","LG+I{0.0000}+R3{0.0411,0.0501,0.3299,0.4684,0.6290,1.3409}"
ENSB:M5_TfZFIFNbPV5f,LG+I+R4,0.0115,,"(0.1460,0.2353) (0.3276,0.6149) (0.1923,1.0508) (0.3226,1.7423)","LG+I{0.0115}+R4{0.1460,0.2353,0.3276,0.6149,0.1923,1.0508,0.3226,1.7423}"
ENSB:n-LM-VqNK5d6SRj,LG+I+R4,0.0115,,"(0.1460,0.2353) (0.3276,0.6149) (0.1923,1.0508) (0.3226,1.7423)","LG+I{0.0115}+R4{0.1460,0.2353,0.3276,0.6149,0.1923,1.0508,0.3226,1.7423}"
ENSB:Q-zeMgcIfZjszM7,LG+I+R4,0.0115,,"(0.1460,0.2353) (0.3276,0.6149) (0.1923,1.0508) (0.3226,1.7423)","LG+I{0.0115}+R4{0.1460,0.2353,0.3276,0.6149,0.1923,1.0508,0.3226,1.7423}"
ENSB:MxxvFmFZ2q5e58J,LG+I+G4,0.0293,1.4228,,LG+I{0.0293}+G4{1.4228}
ENSB:Afk5IW_E2CQm5hj,LG+F+I+G4,0.0088,1.5502,,LG+F+I{0.0088}+G4{1.5502}
ENSB:chgrNcH0ByPjtc3,LG+I+G4,0.0093,1.7205,,LG+I{0.0093}+G4{1.7205}
ENSB:g0VfRcpBsd4hQG-,LG+I+G4,0.0319,0.9080,,LG+I{0.0319}+G4{0.9080}
ENSB:x3hVem1wSydN6mW,LG+F+I+G4,0.0109,2.1077,,LG+F+I{0.0109}+G4{2.1077}
ENSB:Saef2jbAiCanm8m,LG+I+R3,0.0000,,"(0.0970,0.1449) (0.4054,0.6324) (0.4976,1.4661)","LG+I{0.0000}+R3{0.0970,0.1449,0.4054,0.6324,0.4976,1.4661}"
ENSB:EFODcxuH0WoQUqq,LG+I+R3,0.0000,,"(0.0970,0.1449) (0.4054,0.6324) (0.4976,1.4661)","LG+I{0.0000}+R3{0.0970,0.1449,0.4054,0.6324,0.4976,1.4661}"
ENSB:mZp0OlwUttRfcOY,LG+I+R3,0.0000,,"(0.0970,0.1449) (0.4054,0.6324) (0.4976,1.4661)","LG+I{0.0000}+R3{0.0970,0.1449,0.4054,0.6324,0.4976,1.4661}"
ENSB:Q-EabaJauWtJtNm,LG+F+I+R3,0.0000,,"(0.1225,0.2025) (0.3775,0.6619) (0.5001,1.4505)","LG+F+I{0.0000}+R3{0.1225,0.2025,0.3775,0.6619,0.5001,1.4505}"
ENSB:vuAGr7u0wLnqxZo,LG+F+I+R3,0.0000,,"(0.1225,0.2025) (0.3775,0.6619) (0.5001,1.4505)","LG+F+I{0.0000}+R3{0.1225,0.2025,0.3775,0.6619,0.5001,1.4505}"
ENSB:TMAjJClXUvc5L5a,LG+I+G4,0.0000,0.8296,,LG+I{0.0000}+G4{0.8296}
ENSB:yqAxSRzzOQbzXNu,LG+I+G4,0.0000,0.8296,,LG+I{0.0000}+G4{0.8296}
ENSB:qIJK7F2uOHxAzTa,LG+I+R4,0.0000,,"(0.0322,0.0096) (0.1408,0.3206) (0.2553,0.7522) (0.5717,1.3338)","LG+I{0.0000}+R4{0.0322,0.0096,0.1408,0.3206,0.2553,0.7522,0.5717,1.3338}"
ENSB:I1jWM-y3bJe6171,LG+F+I+R4,0.0020,,"(0.0988,0.1741) (0.2294,0.4537) (0.3713,0.9277) (0.2985,1.7902)","LG+F+I{0.0020}+R4{0.0988,0.1741,0.2294,0.4537,0.3713,0.9277,0.2985,1.7902}"
ENSB:ysT2e5q-axTT1Bf,LG+I+R4,0.0000,,"(0.1464,0.2671) (0.2655,0.5479) (0.2520,1.0049) (0.3361,1.6728)","LG+I{0.0000}+R4{0.1464,0.2671,0.2655,0.5479,0.2520,1.0049,0.3361,1.6728}"
ENSB:q9K7zk7k77GgkpE,LG+I+R4,0.0000,,"(0.1464,0.2671) (0.2655,0.5479) (0.2520,1.0049) (0.3361,1.6728)","LG+I{0.0000}+R4{0.1464,0.2671,0.2655,0.5479,0.2520,1.0049,0.3361,1.6728}"
ENSB:vty0v3za5wvIruH,LG+I+R4,0.0000,,"(0.1464,0.2671) (0.2655,0.5479) (0.2520,1.0049) (0.3361,1.6728)","LG+I{0.0000}+R4{0.1464,0.2671,0.2655,0.5479,0.2520,1.0049,0.3361,1.6728}"
ENSB:6rA3YcjxMHncWkJ,LG+I+G4,0.0509,1.6638,,LG+I{0.0509}+G4{1.6638}
ENSB:azehPb151Z9Ijpz,LG+I+G4,0.0509,1.6638,,LG+I{0.0509}+G4{1.6638}
ENSB:F5WifktXOfU2WUu,LG+I+G4,0.0201,2.4049,,LG+I{0.0201}+G4{2.4049}
ENSB:m1NkKbQpavZwjiz,LG+I+G4,0.0201,2.4049,,LG+I{0.0201}+G4{2.4049}
ENSB:n0wAlbalr9QQwfA,LG+I+G4,0.0000,1.6453,,LG+I{0.0000}+G4{1.6453}
ENSB:T7FjmODmg3cEsHG,LG+F+I+R4,0.0149,,"(0.1199,0.1296) (0.2040,0.4278) (0.2703,0.8389) (0.3909,1.7151)","LG+F+I{0.0149}+R4{0.1199,0.1296,0.2040,0.4278,0.2703,0.8389,0.3909,1.7151}"
ENSB:fFjxqd3211PWao6,LG+I+R4,0.0077,,"(0.0562,0.0913) (0.2207,0.4147) (0.2395,0.7615) (0.4760,1.5147)","LG+I{0.0077}+R4{0.0562,0.0913,0.2207,0.4147,0.2395,0.7615,0.4760,1.5147}"
ENSB:6f9l5W1RIP_XjGs,LG+F+I+G4,0.0000,2.8227,,LG+F+I{0.0000}+G4{2.8227}
ENSB:Ql4P0mbecYzZgee,LG+F+I+R3,0.0125,,"(0.0514,0.1977) (0.3618,0.6413) (0.5742,1.3197)","LG+F+I{0.0125}+R3{0.0514,0.1977,0.3618,0.6413,0.5742,1.3197}"
ENSB:tT2trygWJaDK0LX,LG+I+G4,0.0081,2.7685,,LG+I{0.0081}+G4{2.7685}
ENSB:_dgXgSaLO6qj36P,LG+F+I+R4,0.0000,,"(0.1477,0.1868) (0.3248,0.5348) (0.2601,1.0839) (0.2674,1.9326)","LG+F+I{0.0000}+R4{0.1477,0.1868,0.3248,0.5348,0.2601,1.0839,0.2674,1.9326}"
ENSB:fNzuOTueCA3wqGl,LG+I+G4,0.0000,4.4000,,LG+I{0.0000}+G4{4.4000}
ENSB:JuTIgpaHMkgwBdt,LG+I+G4,0.0065,1.1579,,LG+I{0.0065}+G4{1.1579}
ENSB:jfJDw3Lp13sB0hw,LG+F+I+R4,0.0000,,"(0.0355,0.0858) (0.1961,0.3175) (0.3008,0.6974) (0.4676,1.5504)","LG+F+I{0.0000}+R4{0.0355,0.0858,0.1961,0.3175,0.3008,0.6974,0.4676,1.5504}"
ENSB:mgArOWoYV20veov,LG+F+I+R4,0.0000,,"(0.0355,0.0858) (0.1961,0.3175) (0.3008,0.6974) (0.4676,1.5504)","LG+F+I{0.0000}+R4{0.0355,0.0858,0.1961,0.3175,0.3008,0.6974,0.4676,1.5504}"
ENSB:XaaTwZPV1gF9GUx,LG+I+G4,0.0228,1.5016,,LG+I{0.0228}+G4{1.5016}
ENSB:xhlL7bkC_TyMjkj,LG+I+R4,0.0000,,"(0.0413,0.0713) (0.2622,0.4396) (0.3692,0.8736) (0.3274,1.7084)","LG+I{0.0000}+R4{0.0413,0.0713,0.2622,0.4396,0.3692,0.8736,0.3274,1.7084}"
ENSB:b-sP_WRw52zZuhg,LG+I+R4,0.0000,,"(0.0413,0.0713) (0.2622,0.4396) (0.3692,0.8736) (0.3274,1.7084)","LG+I{0.0000}+R4{0.0413,0.0713,0.2622,0.4396,0.3692,0.8736,0.3274,1.7084}"
ENSB:oF_igHDo5KMPywT,LG+I+R4,0.0000,,"(0.0413,0.0713) (0.2622,0.4396) (0.3692,0.8736) (0.3274,1.7084)","LG+I{0.0000}+R4{0.0413,0.0713,0.2622,0.4396,0.3692,0.8736,0.3274,1.7084}"
ENSB:uN5KfkqvBee7Crg,LG+I+R4,0.0000,,"(0.0413,0.0713) (0.2622,0.4396) (0.3692,0.8736) (0.3274,1.7084)","LG+I{0.0000}+R4{0.0413,0.0713,0.2622,0.4396,0.3692,0.8736,0.3274,1.7084}"
ENSB:GW2lZiFVhTjGD3V,LG+I+R4,0.0000,,"(0.0413,0.0713) (0.2622,0.4396) (0.3692,0.8736) (0.3274,1.7084)","LG+I{0.0000}+R4{0.0413,0.0713,0.2622,0.4396,0.3692,0.8736,0.3274,1.7084}"
ENSB:VU6H3oU5AM3bhKd,LG+I+R4,0.0000,,"(0.0413,0.0713) (0.2622,0.4396) (0.3692,0.8736) (0.3274,1.7084)","LG+I{0.0000}+R4{0.0413,0.0713,0.2622,0.4396,0.3692,0.8736,0.3274,1.7084}"
ENSB:svuHuaoZahZa276,LG+I+G4,0.0000,1.8263,,LG+I{0.0000}+G4{1.8263}
ENSB:ofEoSEQjuttgMxd,LG+I+R3,0.0000,,"(0.2022,0.2914) (0.3332,0.8844) (0.4646,1.3913)","LG+I{0.0000}+R3{0.2022,0.2914,0.3332,0.8844,0.4646,1.3913}"
ENSB:ofEoSEQjuttgMxd,LG+F+I+R4,0.0000,,"(0.0979,0.1644) (0.1919,0.4739) (0.2930,0.9504) (0.4172,1.4729)","LG+F+I{0.0000}+R4{0.0979,0.1644,0.1919,0.4739,0.2930,0.9504,0.4172,1.4729}"
ENSB:Wl-lVmfCquQ2GyD,LG+F+I+R4,0.0000,,"(0.0979,0.1644) (0.1919,0.4739) (0.2930,0.9504) (0.4172,1.4729)","LG+F+I{0.0000}+R4{0.0979,0.1644,0.1919,0.4739,0.2930,0.9504,0.4172,1.4729}"
ENSB:gduOR6K7GKmrrjO,LG+I+G4,0.0000,0.7658,,LG+I{0.0000}+G4{0.7658}
ENSB:9aTClFH9mXFTeYs,LG+I+G4,0.0127,2.3664,,LG+I{0.0127}+G4{2.3664}
ENSB:lIsBYnJYte44g94,LG+I+G4,0.0127,2.3664,,LG+I{0.0127}+G4{2.3664}
ENSB:KAPoyKWniCX3rHO,LG+I+G4,0.0127,2.3664,,LG+I{0.0127}+G4{2.3664}
ENSB:dcC7Pe1ZxdJ1U3t,LG+I+G4,0.0127,2.3664,,LG+I{0.0127}+G4{2.3664}
ENSB:lp5UwBZUZhioXB5,LG+I+G4,0.0127,2.3664,,LG+I{0.0127}+G4{2.3664}
ENSB:xGssPCuDgMV2dKW,LG+I+G4,0.0127,2.3664,,LG+I{0.0127}+G4{2.3664}
ENSB:rFQxnw39prfSbZ5,LG+I+G4,0.0127,2.3664,,LG+I{0.0127}+G4{2.3664}
ENSB:V7YDbJ9HRE_iyz8,LG+I+G4,0.0127,2.3664,,LG+I{0.0127}+G4{2.3664}
ENSB:JnzeQKp9XIp-sqk,LG+I+G4,0.0127,2.3664,,LG+I{0.0127}+G4{2.3664}
ENSB:y2EVJALNovRiH2I,LG+I+G4,0.0127,2.3664,,LG+I{0.0127}+G4{2.3664}
ENSB:l_4WHAYuhWINm6V,LG+I+G4,0.0127,2.3664,,LG+I{0.0127}+G4{2.3664}
ENSB:IsAHYt1zgm83z6Y,LG+I+G4,0.0127,2.3664,,LG+I{0.0127}+G4{2.3664}
ENSB:9aTClFH9mXFTeYs,LG+F+I+R4,0.0072,,"(0.0498,0.0578) (0.1469,0.3339) (0.2919,0.6886) (0.5041,1.4819)","LG+F+I{0.0072}+R4{0.0498,0.0578,0.1469,0.3339,0.2919,0.6886,0.5041,1.4819}"
ENSB:rdix7bHniw5RpvR,LG+F+I+R4,0.0072,,"(0.0498,0.0578) (0.1469,0.3339) (0.2919,0.6886) (0.5041,1.4819)","LG+F+I{0.0072}+R4{0.0498,0.0578,0.1469,0.3339,0.2919,0.6886,0.5041,1.4819}"
ENSB:lIsBYnJYte44g94,LG+F+I+R4,0.0072,,"(0.0498,0.0578) (0.1469,0.3339) (0.2919,0.6886) (0.5041,1.4819)","LG+F+I{0.0072}+R4{0.0498,0.0578,0.1469,0.3339,0.2919,0.6886,0.5041,1.4819}"
ENSB:KAPoyKWniCX3rHO,LG+F+I+R4,0.0072,,"(0.0498,0.0578) (0.1469,0.3339) (0.2919,0.6886) (0.5041,1.4819)","LG+F+I{0.0072}+R4{0.0498,0.0578,0.1469,0.3339,0.2919,0.6886,0.5041,1.4819}"
ENSB:dcC7Pe1ZxdJ1U3t,LG+F+I+R4,0.0072,,"(0.0498,0.0578) (0.1469,0.3339) (0.2919,0.6886) (0.5041,1.4819)","LG+F+I{0.0072}+R4{0.0498,0.0578,0.1469,0.3339,0.2919,0.6886,0.5041,1.4819}"
ENSB:lp5UwBZUZhioXB5,LG+F+I+R4,0.0072,,"(0.0498,0.0578) (0.1469,0.3339) (0.2919,0.6886) (0.5041,1.4819)","LG+F+I{0.0072}+R4{0.0498,0.0578,0.1469,0.3339,0.2919,0.6886,0.5041,1.4819}"
ENSB:xGssPCuDgMV2dKW,LG+F+I+R4,0.0072,,"(0.0498,0.0578) (0.1469,0.3339) (0.2919,0.6886) (0.5041,1.4819)","LG+F+I{0.0072}+R4{0.0498,0.0578,0.1469,0.3339,0.2919,0.6886,0.5041,1.4819}"
ENSB:rFQxnw39prfSbZ5,LG+F+I+R4,0.0072,,"(0.0498,0.0578) (0.1469,0.3339) (0.2919,0.6886) (0.5041,1.4819)","LG+F+I{0.0072}+R4{0.0498,0.0578,0.1469,0.3339,0.2919,0.6886,0.5041,1.4819}"
ENSB:JnzeQKp9XIp-sqk,LG+F+I+R4,0.0072,,"(0.0498,0.0578) (0.1469,0.3339) (0.2919,0.6886) (0.5041,1.4819)","LG+F+I{0.0072}+R4{0.0498,0.0578,0.1469,0.3339,0.2919,0.6886,0.5041,1.4819}"
ENSB:y2EVJALNovRiH2I,LG+F+I+R4,0.0072,,"(0.0498,0.0578) (0.1469,0.3339) (0.2919,0.6886) (0.5041,1.4819)","LG+F+I{0.0072}+R4{0.0498,0.0578,0.1469,0.3339,0.2919,0.6886,0.5041,1.4819}"
ENSB:l_4WHAYuhWINm6V,LG+F+I+R4,0.0072,,"(0.0498,0.0578) (0.1469,0.3339) (0.2919,0.6886) (0.5041,1.4819)","LG+F+I{0.0072}+R4{0.0498,0.0578,0.1469,0.3339,0.2919,0.6886,0.5041,1.4819}"
ENSB:ndcth8T34lqrUFk,LG+F+I+R4,0.0072,,"(0.0498,0.0578) (0.1469,0.3339) (0.2919,0.6886) (0.5041,1.4819)","LG+F+I{0.0072}+R4{0.0498,0.0578,0.1469,0.3339,0.2919,0.6886,0.5041,1.4819}"
ENSB:IsAHYt1zgm83z6Y,LG+F+I+R4,0.0072,,"(0.0498,0.0578) (0.1469,0.3339) (0.2919,0.6886) (0.5041,1.4819)","LG+F+I{0.0072}+R4{0.0498,0.0578,0.1469,0.3339,0.2919,0.6886,0.5041,1.4819}"
ENSB:x3Lg2EKOhFfSJU6,LG+I+G4,0.0231,0.8305,,LG+I{0.0231}+G4{0.8305}
ENSB:mITK974tkQJBn4j,LG+F+I+G4,0.0073,3.5085,,LG+F+I{0.0073}+G4{3.5085}
ENSB:uqmGzXP0-a3BxDr,JTT+R3,,,"(0.1673,0.1995) (0.5416,0.8378) (0.2910,1.7622)","JTT+R3{0.1673,0.1995,0.5416,0.8378,0.2910,1.7622}"
ENSB:c3vzTctNQnLR1yy,LG+I,0.1166,,,LG+I{0.1166}
ENSB:6igL1T5WiCCDUCe,LG+I,0.1420,,,LG+I{0.1420}
ENSB:6r5R2ZOrbemLRKE,LG+I+R4,0.0031,,"(0.1152,0.2541) (0.1848,0.5089) (0.2564,0.8323) (0.4405,1.5056)","LG+I{0.0031}+R4{0.1152,0.2541,0.1848,0.5089,0.2564,0.8323,0.4405,1.5056}"
ENSB:pKUbJ0DNcVJk7Lo,LG+I+R4,0.0031,,"(0.1152,0.2541) (0.1848,0.5089) (0.2564,0.8323) (0.4405,1.5056)","LG+I{0.0031}+R4{0.1152,0.2541,0.1848,0.5089,0.2564,0.8323,0.4405,1.5056}"
ENSB:7HLetSSErIMBLBZ,LG+I+G4,0.0154,3.8424,,LG+I{0.0154}+G4{3.8424}
ENSB:RVpFFVIhOPlS9PY,LG+I+G4,0.0357,1.3966,,LG+I{0.0357}+G4{1.3966}
ENSB:UZxjNgQXTkyC4bT,LG+I+G4,0.0000,1.8100,,LG+I{0.0000}+G4{1.8100}
ENSB:Qw6f1IU0JubP4zl,LG+I+G4,0.0000,2.0960,,LG+I{0.0000}+G4{2.0960}
ENSB:STAuB9G0bBcKWDD,LG+I+G4,0.0000,2.0960,,LG+I{0.0000}+G4{2.0960}
ENSB:BTKVnUYPet7UF2v,LG+I+G4,0.0000,2.0960,,LG+I{0.0000}+G4{2.0960}
ENSB:tfF5LBjasf5h24W,LG+I+G4,0.0000,2.0960,,LG+I{0.0000}+G4{2.0960}
ENSB:vAW1Y8juvq7ZVSA,LG+F+I+G4,0.0000,4.5974,,LG+F+I{0.0000}+G4{4.5974}
ENSB:k7wU_1bhc99ZCgL,LG+I+R4,0.0000,,"(0.1486,0.0884) (0.3079,0.4735) (0.3174,1.1045) (0.2261,2.1692)","LG+I{0.0000}+R4{0.1486,0.0884,0.3079,0.4735,0.3174,1.1045,0.2261,2.1692}"
ENSB:YyB7ZdIP65nu3-4,LG+F+I+R4,0.0000,,"(0.1271,0.1632) (0.2751,0.4906) (0.3767,1.0378) (0.2210,2.0509)","LG+F+I{0.0000}+R4{0.1271,0.1632,0.2751,0.4906,0.3767,1.0378,0.2210,2.0509}"
ENSB:Epq2r7ZSw1Gxz6B,LG+I+G4,0.0202,1.4433,,LG+I{0.0202}+G4{1.4433}
ENSB:JuTIgpaHMkgwBdt,LG+I+G4,0.1241,0.8536,,LG+I{0.1241}+G4{0.8536}
ENSB:nJ5KTduRza6f_QO,LG+I+R4,0.0000,,"(0.0793,0.1490) (0.2364,0.3783) (0.2676,0.7474) (0.4167,1.6768)","LG+I{0.0000}+R4{0.0793,0.1490,0.2364,0.3783,0.2676,0.7474,0.4167,1.6768}"
ENSB:1Kfhp7xI-INRuww,LG+I+G4,0.0000,3.4617,,LG+I{0.0000}+G4{3.4617}
ENSB:Qhxuvkk1K8WXPHv,LG+I+G4,0.0123,1.6881,,LG+I{0.0123}+G4{1.6881}
ENSB:EBc5kuO1ZVFWX3t,LG+I+R3,0.0000,,"(0.0638,0.0299) (0.4170,0.5588) (0.5192,1.4736)","LG+I{0.0000}+R3{0.0638,0.0299,0.4170,0.5588,0.5192,1.4736}"
ENSB:T4gmvtv2T2dNqTw,LG+I+G4,0.0554,1.1684,,LG+I{0.0554}+G4{1.1684}
ENSB:xLVbNAYRAGogXJG,LG+I+G4,0.0554,1.1684,,LG+I{0.0554}+G4{1.1684}
ENSB:6LQgYJwmnh7aKSa,LG+I+G4,0.0554,1.1684,,LG+I{0.0554}+G4{1.1684}
ENSB:1SDXS3U9P-sIM3v,LG+I+G4,0.0554,1.1684,,LG+I{0.0554}+G4{1.1684}
ENSB:mjRbRBlMSfwIe14,LG+I+G4,0.0554,1.1684,,LG+I{0.0554}+G4{1.1684}
ENSB:MkpfyIXY_2l_yYL,LG+I+G4,0.1333,1.2320,,LG+I{0.1333}+G4{1.2320}
ENSB:OJE3KPpyauYvHRe,LG+I+G4,0.1333,1.2320,,LG+I{0.1333}+G4{1.2320}
ENSB:oxGwaC4M3sHrrwd,LG+I+G4,0.1333,1.2320,,LG+I{0.1333}+G4{1.2320}
ENSB:Wb9uxKaCmCsF0wF,LG+I+R4,0.0000,,"(0.1375,0.0732) (0.1933,0.3809) (0.2957,0.8651) (0.3735,1.7684)","LG+I{0.0000}+R4{0.1375,0.0732,0.1933,0.3809,0.2957,0.8651,0.3735,1.7684}"
ENSB:WME5A-Zmq83WWth,LG+I+G4,0.1593,2.5983,,LG+I{0.1593}+G4{2.5983}
ENSB:BATwqo2LjHx_W6B,LG+I+G4,0.1593,2.5983,,LG+I{0.1593}+G4{2.5983}
ENSB:WK9FEaRq3EEFstE,LG+I+R4,0.0320,,"(0.1158,0.0380) (0.2956,0.4190) (0.3253,1.1009) (0.2313,2.2202)","LG+I{0.0320}+R4{0.1158,0.0380,0.2956,0.4190,0.3253,1.1009,0.2313,2.2202}"
ENSB:ZPCdtFqZaTGhjJG,LG+I+R4,0.0320,,"(0.1158,0.0380) (0.2956,0.4190) (0.3253,1.1009) (0.2313,2.2202)","LG+I{0.0320}+R4{0.1158,0.0380,0.2956,0.4190,0.3253,1.1009,0.2313,2.2202}"
ENSB:an08nEMUgwrqstC,LG+I+G4,0.0000,1.7667,,LG+I{0.0000}+G4{1.7667}
ENSB:DP0VAFIqGcHwEDH,LG+I+G4,0.0000,1.0604,,LG+I{0.0000}+G4{1.0604}
ENSB:3G4gTUzgxzCffX0,LG+F+I+G4,0.0175,1.6305,,LG+F+I{0.0175}+G4{1.6305}
ENSB:gaRNbXc5wqxqbsF,LG+I+G4,0.0408,1.0376,,LG+I{0.0408}+G4{1.0376}
ENSB:9W-Wr26JufnKFmV,LG+I+G4,0.1175,1.3505,,LG+I{0.1175}+G4{1.3505}
ENSB:IZ3yJnvAHBqgdud,LG+I+R4,0.0101,,"(0.2326,0.1378) (0.1973,0.4541) (0.1849,1.0099) (0.3751,1.8438)","LG+I{0.0101}+R4{0.2326,0.1378,0.1973,0.4541,0.1849,1.0099,0.3751,1.8438}"
ENSB:mw1ekZM-BIPr3LP,LG+F+I+R4,0.0000,,"(0.0752,0.0940) (0.2063,0.4193) (0.2819,0.8631) (0.4366,1.5188)","LG+F+I{0.0000}+R4{0.0752,0.0940,0.2063,0.4193,0.2819,0.8631,0.4366,1.5188}"
ENSB:XerbfX8_N6eLs0b,LG+F+I+R4,0.0000,,"(0.1396,0.1977) (0.2244,0.4899) (0.2779,0.9284) (0.3581,1.6879)","LG+F+I{0.0000}+R4{0.1396,0.1977,0.2244,0.4899,0.2779,0.9284,0.3581,1.6879}"
ENSB:RVpFFVIhOPlS9PY,LG+I+G4,0.1203,0.7739,,LG+I{0.1203}+G4{0.7739}
ENSB:lSPTiaxcDfe6vfS,LG+I+R4,0.0205,,"(0.2161,0.1378) (0.2216,0.5509) (0.2838,1.1276) (0.2580,2.0472)","LG+I{0.0205}+R4{0.2161,0.1378,0.2216,0.5509,0.2838,1.1276,0.2580,2.0472}"
ENSB:IVSXyElwyQrX8gf,LG+I+G4,0.0013,0.9993,,LG+I{0.0013}+G4{0.9993}
ENSB:TXH1En0YFG3bGcC,LG+F+I+R4,0.0051,,"(0.0996,0.1132) (0.4670,0.6204) (0.3990,1.4698) (0.0294,3.8337)","LG+F+I{0.0051}+R4{0.0996,0.1132,0.4670,0.6204,0.3990,1.4698,0.0294,3.8337}"
ENSB:mpE5WritUR9E8jW,LG+F+I+R4,0.0051,,"(0.0996,0.1132) (0.4670,0.6204) (0.3990,1.4698) (0.0294,3.8337)","LG+F+I{0.0051}+R4{0.0996,0.1132,0.4670,0.6204,0.3990,1.4698,0.0294,3.8337}"
ENSB:PnEsxiEVBdxpVnq,LG+F+I+R4,0.0051,,"(0.0996,0.1132) (0.4670,0.6204) (0.3990,1.4698) (0.0294,3.8337)","LG+F+I{0.0051}+R4{0.0996,0.1132,0.4670,0.6204,0.3990,1.4698,0.0294,3.8337}"
ENSB:ucftn8e6-iJbPDG,LG+F+I+R4,0.0051,,"(0.0996,0.1132) (0.4670,0.6204) (0.3990,1.4698) (0.0294,3.8337)","LG+F+I{0.0051}+R4{0.0996,0.1132,0.4670,0.6204,0.3990,1.4698,0.0294,3.8337}"
ENSB:SWkl1f7rSpttQi6,,,,,
ENSB:uLKE_NQfm6iv0p1,LG+F+I+R4,0.0000,,"(0.1030,0.1726) (0.2165,0.4390) (0.3303,0.9157) (0.3503,1.6695)","LG+F+I{0.0000}+R4{0.1030,0.1726,0.2165,0.4390,0.3303,0.9157,0.3503,1.6695}"
ENSB:9560teAciwPl3TI,LG+F+I+G4,0.0350,0.9396,,LG+F+I{0.0350}+G4{0.9396}
ENSB:Gx2jk2aGfhQ6QzY,LG+F+I+R4,0.0000,,"(0.0806,0.1766) (0.2209,0.4814) (0.3757,0.9024) (0.3229,1.6738)","LG+F+I{0.0000}+R4{0.0806,0.1766,0.2209,0.4814,0.3757,0.9024,0.3229,1.6738}"
ENSB:0ob4fINIAPuGBOj,LG+I+G4,0.0410,1.6203,,LG+I{0.0410}+G4{1.6203}
ENSB:CYXMKb4qF0nwCTY,LG+I+G4,0.0694,3.0855,,LG+I{0.0694}+G4{3.0855}
ENSB:UAxV6dazlXJKreu,LG+I+R4,0.0048,,"(0.0424,0.0346) (0.1342,0.2967) (0.3492,0.7918) (0.4693,1.4537)","LG+I{0.0048}+R4{0.0424,0.0346,0.1342,0.2967,0.3492,0.7918,0.4693,1.4537}"
ENSB:4pg83TbvXU0058M,LG+F+I+R4,0.0000,,"(0.0862,0.1206) (0.4024,0.4929) (0.3245,1.2189) (0.1869,2.1173)","LG+F+I{0.0000}+R4{0.0862,0.1206,0.4024,0.4929,0.3245,1.2189,0.1869,2.1173}"
ENSB:vsl5U15vRzSukaA,LG+I+R4,0.0000,,"(0.1017,0.1528) (0.3580,0.4965) (0.2887,1.1129) (0.2516,1.9295)","LG+I{0.0000}+R4{0.1017,0.1528,0.3580,0.4965,0.2887,1.1129,0.2516,1.9295}"
ENSB:SBYirlKEGXRap_Q,LG+I+G4,0.0023,1.4780,,LG+I{0.0023}+G4{1.4780}
ENSB:SmXSfYkeqiB7uUX,LG+F+I+G4,0.0000,2.0488,,LG+F+I{0.0000}+G4{2.0488}
ENSB:0oqIhvXTTHawrMa,LG+F+I+R4,0.0000,,"(0.0211,0.0672) (0.2239,0.4024) (0.2072,0.6989) (0.5478,1.3941)","LG+F+I{0.0000}+R4{0.0211,0.0672,0.2239,0.4024,0.2072,0.6989,0.5478,1.3941}"
ENSB:VlgiYb88jN2jmyp,LG+F+I+R4,0.0000,,"(0.0211,0.0672) (0.2239,0.4024) (0.2072,0.6989) (0.5478,1.3941)","LG+F+I{0.0000}+R4{0.0211,0.0672,0.2239,0.4024,0.2072,0.6989,0.5478,1.3941}"
ENSB:qwY_qKWhMEBOkLe,LG+I,0.0786,,,LG+I{0.0786}
ENSB:aZGswUSM2HGVsSI,,,,,
ENSB:i5pY-YayQfUAFVu,LG+I+R4,0.0147,,"(0.2122,0.1436) (0.2913,0.5078) (0.2871,1.1911) (0.1946,2.4644)","LG+I{0.0147}+R4{0.2122,0.1436,0.2913,0.5078,0.2871,1.1911,0.1946,2.4644}"
ENSB:26ZZFOgnRS7k3Or,LG+I+R4,0.0147,,"(0.2122,0.1436) (0.2913,0.5078) (0.2871,1.1911) (0.1946,2.4644)","LG+I{0.0147}+R4{0.2122,0.1436,0.2913,0.5078,0.2871,1.1911,0.1946,2.4644}"
ENSB:eS8HTjikgtYzday,LG+I+G4,0.0188,1.5403,,LG+I{0.0188}+G4{1.5403}
ENSB:FLZL99R5qyBr_My,,,,,
ENSB:I609I5zisTLglim,LG+I,0.0958,,,LG+I{0.0958}
ENSB:XHtpW0nkCRDz2dS,,,,,
ENSB:pkr4tWlu5ruPhqw,LG+I+R2,0.0133,,"(0.8919,0.7417) (0.0947,3.5718)","LG+I{0.0133}+R2{0.8919,0.7417,0.0947,3.5718}"
ENSB:yxOhu3_UeYU5kOG,LG+I+G4,0.0188,1.5777,,LG+I{0.0188}+G4{1.5777}
ENSB:YuJXxpseu3VYB_p,LG+I+G4,0.0188,1.5777,,LG+I{0.0188}+G4{1.5777}
ENSB:uh8MPt5KQ7KnxKm,LG+I,0.0855,,,LG+I{0.0855}
ENSB:d0aPSWdaJQ2peBS,LG+F+I+G4,0.0353,1.8853,,LG+F+I{0.0353}+G4{1.8853}
ENSB:CeMbaCQrwF_WtVR,LG+I+G4,0.0770,5.3703,,LG+I{0.0770}+G4{5.3703}
ENSB:Cs7JuLDSbKSQWfC,,,,,
ENSB:jfnF_-tpk5g-3PJ,,,,,
ENSB:POIQN-_dKTW6QH1,,,,,
ENSB:-Df5_YRwNATC10B,,,,,
ENSB:ZVvB6vQELtuiWaN,,,,,
ENSB:y2NnKHH9JqIRgsX,,,,,
ENSB:VIWXcfAT9DCu-sn,,,,,
ENSB:YM5F6-TcimpbbiQ,,,,,
ENSB:W2SEduJiAmfUU44,,,,,
ENSB:knAne0ef1AK92kZ,,,,,
ENSB:8l2TTRadwJuD3X5,,,,,
ENSB:TCIywVKxsdMP1vy,,,,,
ENSB:hNun9L3NQcvYp92,,,,,
ENSB:MJQ7l9TTBnspSL8,,,,,
ENSB:wqVSViR2ZXPuS8B,LG+F+I+G4,0.0456,2.0054,,LG+F+I{0.0456}+G4{2.0054}
ENSB:zIlK0bHai61BZxO,LG+I+R4,0.0329,,"(0.1164,0.0702) (0.2120,0.3497) (0.2996,0.9383) (0.3391,1.8775)","LG+I{0.0329}+R4{0.1164,0.0702,0.2120,0.3497,0.2996,0.9383,0.3391,1.8775}"
ENSB:CudsQ2R26DvfLPT,LG+I+G4,0.0224,3.0390,,LG+I{0.0224}+G4{3.0390}
ENSB:3lKK9uYL1_cs_NL,LG+I,0.0200,,,LG+I{0.0200}
ENSB:9Qva4DJ1TBr6bz8,LG+I+R4,0.0000,,"(0.1231,0.1792) (0.3661,0.5228) (0.2989,1.1374) (0.2120,2.1071)","LG+I{0.0000}+R4{0.1231,0.1792,0.3661,0.5228,0.2989,1.1374,0.2120,2.1071}"
ENSB:KoVduETFRXE0NKo,LG+I+R4,0.0000,,"(0.1231,0.1792) (0.3661,0.5228) (0.2989,1.1374) (0.2120,2.1071)","LG+I{0.0000}+R4{0.1231,0.1792,0.3661,0.5228,0.2989,1.1374,0.2120,2.1071}"
ENSB:d7crhzhVCvlhIiB,LG+I+G4,0.0732,0.8603,,LG+I{0.0732}+G4{0.8603}
ENSB:WMrTcmbhBnjfnY9,LG+F+I+G4,0.0088,2.5095,,LG+F+I{0.0088}+G4{2.5095}
ENSB:XKfLIpVYjbQitcZ,LG+F+I+G4,0.0088,2.5095,,LG+F+I{0.0088}+G4{2.5095}
ENSB:pm4VIXuOT33SwBr,LG+I+G4,0.0003,2.6121,,LG+I{0.0003}+G4{2.6121}
ENSB:rI3tpo8OnDvEV_0,LG+I+G4,0.0003,2.6121,,LG+I{0.0003}+G4{2.6121}
ENSB:u_1ciuZU9zg4bQm,JTT+G4,,1.4694,,JTT+G4{1.4694}
ENSB:S_VsKTaGtiyZ9pk,LG+F+I+R4,0.0262,,"(0.0773,0.0783) (0.2509,0.3567) (0.3615,0.9524) (0.2841,1.9717)","LG+F+I{0.0262}+R4{0.0773,0.0783,0.2509,0.3567,0.3615,0.9524,0.2841,1.9717}"
ENSB:gXDF4pHuNvcpZKt,LG+I+R4,0.0180,,"(0.1116,0.0826) (0.2141,0.3314) (0.1910,0.7699) (0.4653,1.6607)","LG+I{0.0180}+R4{0.1116,0.0826,0.2141,0.3314,0.1910,0.7699,0.4653,1.6607}"
ENSB:Fe2IUzovIBVXhhg,LG+I+G4,0.0273,1.8803,,LG+I{0.0273}+G4{1.8803}
ENSB:FOAqKL1EFcuuwsq,JTT+G4,,1.4618,,JTT+G4{1.4618}
ENSB:_arLSpCNLzIbWuS,LG+F+I+R2,0.0544,,"(0.5951,0.4780) (0.3505,2.0413)","LG+F+I{0.0544}+R2{0.5951,0.4780,0.3505,2.0413}"
ENSB:Yzsca-6JtsquzAE,JTT+G4,,1.7378,,JTT+G4{1.7378}
ENSB:WtD82ZjiCUD9E8x,LG+F+I+R4,0.0147,,"(0.1350,0.1465) (0.2311,0.4375) (0.3076,1.0756) (0.3116,1.7599)","LG+F+I{0.0147}+R4{0.1350,0.1465,0.2311,0.4375,0.3076,1.0756,0.3116,1.7599}"
ENSB:0T3h89O9zg59VEA,LG+I+G4,0.0798,1.5049,,LG+I{0.0798}+G4{1.5049}
ENSB:WvVqZktvERiBAmV,LG+I+G4,0.1477,0.7740,,LG+I{0.1477}+G4{0.7740}
ENSB:WvVqZktvERiBAmV,LG+I+G4,0.2186,1.9521,,LG+I{0.2186}+G4{1.9521}
ENSB:EBc5kuO1ZVFWX3t,LG+I+G4,0.0085,2.8605,,LG+I{0.0085}+G4{2.8605}
ENSB:F6aJ9-6tiffk5ku,LG+I+G4,0.0085,2.8605,,LG+I{0.0085}+G4{2.8605}
ENSB:zVGW3f6YTns52S5,LG+I,0.2527,,,LG+I{0.2527}
ENSB:05GezwdcmOfs6h6,LG+I+G4,0.0622,1.0752,,LG+I{0.0622}+G4{1.0752}
ENSB:ymjFBJ2A2ilUFcf,LG+F+I+R4,0.0109,,"(0.0562,0.1191) (0.1626,0.3859) (0.2670,0.7984) (0.5033,1.4253)","LG+F+I{0.0109}+R4{0.0562,0.1191,0.1626,0.3859,0.2670,0.7984,0.5033,1.4253}"
ENSB:pm4VIXuOT33SwBr,,,,,
ENSB:0LUKzXVM5jjDHmB,LG+I+G4,0.0623,1.8098,,LG+I{0.0623}+G4{1.8098}
ENSB:Pu6AUfMNPrSjBCi,LG+I+G4,0.0000,1.8641,,LG+I{0.0000}+G4{1.8641}
ENSB:HpokuJHFtXJY0X4,LG+I+G4,0.0054,3.4074,,LG+I{0.0054}+G4{3.4074}
ENSB:DmGja0bgCD0TLKI,LG+I+G4,0.0054,3.4074,,LG+I{0.0054}+G4{3.4074}
ENSB:_AsGLgajDayluU5,LG+I+G4,0.0054,3.4074,,LG+I{0.0054}+G4{3.4074}
ENSB:9rkxFmDqIDPhzJi,LG+I+G4,0.0054,3.4074,,LG+I{0.0054}+G4{3.4074}
ENSB:bB4OkEG_EHhMnBY,LG+I+G4,0.0058,2.9625,,LG+I{0.0058}+G4{2.9625}
ENSB:wAS4-aIkW_BSEgF,LG+I+R2,0.0000,,"(0.1583,0.3460) (0.8417,1.1230)","LG+I{0.0000}+R2{0.1583,0.3460,0.8417,1.1230}"
ENSB:JyxKmnV7x3uPCbI,LG+I+G4,0.0049,2.2977,,LG+I{0.0049}+G4{2.2977}
ENSB:DRgibhoLk_kyTHM,LG+I+G4,0.0049,2.2977,,LG+I{0.0049}+G4{2.2977}
ENSB:w7V4fh0Ob2jLGvp,LG+I+G4,0.0049,2.2977,,LG+I{0.0049}+G4{2.2977}
ENSB:E0Q6PsPQvHsyBRs,LG+I+G4,0.0049,2.2977,,LG+I{0.0049}+G4{2.2977}
ENSB:w9saBMWWXAUhxj-,LG+I,0.2009,,,LG+I{0.2009}
ENSB:gT5o0z38CrLYU8D,LG+F+I+G4,0.0237,3.2985,,LG+F+I{0.0237}+G4{3.2985}
ENSB:gT5o0z38CrLYU8D,LG+I+G4,0.0000,5.4042,,LG+I{0.0000}+G4{5.4042}
ENSB:umnskD6CSWJL5V0,LG+I+G4,0.0000,5.4042,,LG+I{0.0000}+G4{5.4042}
ENSB:2PeW3xqXJi8pzyH,LG+I+G4,0.0000,5.4042,,LG+I{0.0000}+G4{5.4042}
ENSB:MpCVrMSys-wigKT,LG+I+G4,0.0000,5.4042,,LG+I{0.0000}+G4{5.4042}
ENSB:WT4l-tBEM7BOJzq,LG+I+G4,0.0000,1.2538,,LG+I{0.0000}+G4{1.2538}
ENSB:nJ5KTduRza6f_QO,LG+I+R4,0.0022,,"(0.1116,0.0949) (0.3333,0.3955) (0.3822,1.1854) (0.1706,2.3703)","LG+I{0.0022}+R4{0.1116,0.0949,0.3333,0.3955,0.3822,1.1854,0.1706,2.3703}"
ENSB:d7crhzhVCvlhIiB,LG+I+R4,0.0561,,"(0.1119,0.0689) (0.0826,0.2467) (0.1971,0.6723) (0.5524,1.5195)","LG+I{0.0561}+R4{0.1119,0.0689,0.0826,0.2467,0.1971,0.6723,0.5524,1.5195}"
ENSB:wefNglQxh-ULju9,LG+I+R4,0.0000,,"(0.1129,0.1353) (0.3003,0.5392) (0.3209,1.0087) (0.2660,1.8766)","LG+I{0.0000}+R4{0.1129,0.1353,0.3003,0.5392,0.3209,1.0087,0.2660,1.8766}"
ENSB:mk5jFauKXjzt8na,LG+I+R4,0.0000,,"(0.1185,0.1479) (0.2926,0.5192) (0.2777,0.9885) (0.3112,1.7867)","LG+I{0.0000}+R4{0.1185,0.1479,0.2926,0.5192,0.2777,0.9885,0.3112,1.7867}"
ENSB:yH-c6pxDgm5pKHl,LG+I+G4,0.0312,1.4984,,LG+I{0.0312}+G4{1.4984}
ENSB:u9IZjC39ONK7mSM,LG+F+I+R4,0.0080,,"(0.1364,0.2512) (0.1817,0.5564) (0.3266,0.9790) (0.3473,1.5689)","LG+F+I{0.0080}+R4{0.1364,0.2512,0.1817,0.5564,0.3266,0.9790,0.3473,1.5689}"
ENSB:hw3WSQ5GLUTxZg5,LG+I+G4,0.0000,1.3946,,LG+I{0.0000}+G4{1.3946}
ENSB:9gi2_XpjtF3BTla,LG+I+G4,0.0000,1.3946,,LG+I{0.0000}+G4{1.3946}
ENSB:myWNgYgeyDyEPM0,LG+I+R4,0.0000,,"(0.0516,0.0961) (0.1277,0.3172) (0.3289,0.6555) (0.4918,1.5025)","LG+I{0.0000}+R4{0.0516,0.0961,0.1277,0.3172,0.3289,0.6555,0.4918,1.5025}"
ENSB:u9IZjC39ONK7mSM,LG+I+G4,0.0088,1.6472,,LG+I{0.0088}+G4{1.6472}
ENSB:neRGnNLek9wZ7mx,LG+I+G4,0.0000,0.9248,,LG+I{0.0000}+G4{0.9248}
ENSB:oHHVxH8IBUdxZZn,LG+I+G4,0.0000,1.5631,,LG+I{0.0000}+G4{1.5631}
ENSB:vwDDLYkXX2sng1F,LG+I+G4,0.0000,1.5631,,LG+I{0.0000}+G4{1.5631}
ENSB:0vfk0CVS_Er9Cgm,LG+I+G4,0.0000,1.0189,,LG+I{0.0000}+G4{1.0189}
ENSB:0E_LlQuZ1NOlDx2,LG+I+R4,0.0000,,"(0.0528,0.0771) (0.2173,0.4349) (0.3595,0.8751) (0.3705,1.5839)","LG+I{0.0000}+R4{0.0528,0.0771,0.2173,0.4349,0.3595,0.8751,0.3705,1.5839}"
ENSB:73-1iV2QVxDYdPZ,LG+I+R4,0.0059,,"(0.0554,0.1033) (0.2003,0.4444) (0.3897,0.8968) (0.3486,1.5943)","LG+I{0.0059}+R4{0.0554,0.1033,0.2003,0.4444,0.3897,0.8968,0.3486,1.5943}"
ENSB:25GwEy96a8WAH5_,LG+I+R4,0.0734,,"(0.0870,0.0854) (0.1042,0.3381) (0.2456,0.8021) (0.4898,1.5522)","LG+I{0.0734}+R4{0.0870,0.0854,0.1042,0.3381,0.2456,0.8021,0.4898,1.5522}"
ENSB:-1weXIEObWNxfS6,LG+I+R4,0.0236,,"(0.1317,0.1335) (0.2698,0.4541) (0.2753,1.1114) (0.2997,1.8486)","LG+I{0.0236}+R4{0.1317,0.1335,0.2698,0.4541,0.2753,1.1114,0.2997,1.8486}"
ENSB:AUntQNTGxwgOfmr,LG+I+R4,0.0137,,"(0.0842,0.0599) (0.1102,0.2640) (0.2679,0.7192) (0.5240,1.4757)","LG+I{0.0137}+R4{0.0842,0.0599,0.1102,0.2640,0.2679,0.7192,0.5240,1.4757}"
ENSB:DcjTZlgynX1oS0G,LG+F+I+G4,0.0000,1.1759,,LG+F+I{0.0000}+G4{1.1759}
ENSB:Do8lbQmG5vl3wnJ,LG+I+G4,0.0000,1.5228,,LG+I{0.0000}+G4{1.5228}
ENSB:ApBdjDyv4OLC8sv,LG+I+R4,0.0199,,"(0.0794,0.0781) (0.1970,0.3462) (0.2536,0.7690) (0.4501,1.6233)","LG+I{0.0199}+R4{0.0794,0.0781,0.1970,0.3462,0.2536,0.7690,0.4501,1.6233}"
ENSB:-ZWIOqVGXNiESe3,LG+I+R4,0.0085,,"(0.0433,0.1517) (0.1730,0.4487) (0.3533,0.8425) (0.4219,1.4652)","LG+I{0.0085}+R4{0.0433,0.1517,0.1730,0.4487,0.3533,0.8425,0.4219,1.4652}"
ENSB:lubCwSn816dxyOT,LG+I+G4,0.0000,2.2247,,LG+I{0.0000}+G4{2.2247}
ENSB:vZKDd3s3-9JLVo_,LG+I+G4,0.0000,1.9804,,LG+I{0.0000}+G4{1.9804}
ENSB:sJuCpWSy_kq0FZU,LG+F+I+R4,0.0094,,"(0.0834,0.2123) (0.2706,0.6079) (0.2864,0.9253) (0.3502,1.5784)","LG+F+I{0.0094}+R4{0.0834,0.2123,0.2706,0.6079,0.2864,0.9253,0.3502,1.5784}"
ENSB:LJhr3QlrVRTCwSN,,,,,
ENSB:DuUPFvBeCZwGAWB,LG+I+G4,0.0281,1.6481,,LG+I{0.0281}+G4{1.6481}
ENSB:8n8zRm8oM5VU0iZ,LG+I+G4,0.1535,2.3749,,LG+I{0.1535}+G4{2.3749}
ENSB:SEvzglGpNm_hY4B,LG+F+I+R4,0.0000,,"(0.0316,0.1459) (0.0955,0.3818) (0.3118,0.7094) (0.5611,1.3147)","LG+F+I{0.0000}+R4{0.0316,0.1459,0.0955,0.3818,0.3118,0.7094,0.5611,1.3147}"
ENSB:4U43ifI0i6nFlgU,LG+I+G4,0.0020,0.8482,,LG+I{0.0020}+G4{0.8482}
ENSB:sPcvZ-EhIBoTBDb,LG+I+G4,0.0000,1.7578,,LG+I{0.0000}+G4{1.7578}
ENSB:agt8T1paz0ZL3Uo,LG+I+G4,0.1166,0.9677,,LG+I{0.1166}+G4{0.9677}
ENSB:e-WTTBAXAzux9Kp,LG+I+R2,0.0642,,"(0.3742,0.4394) (0.5616,1.4879)","LG+I{0.0642}+R2{0.3742,0.4394,0.5616,1.4879}"
ENSB:-NIejT4BKcsCdL3,LG+I+R4,0.0146,,"(0.0767,0.0898) (0.1516,0.2510) (0.2119,0.6643) (0.5452,1.4936)","LG+I{0.0146}+R4{0.0767,0.0898,0.1516,0.2510,0.2119,0.6643,0.5452,1.4936}"
ENSB:HDHgVBh5DDNVUH-,LG+I+R4,0.0146,,"(0.0767,0.0898) (0.1516,0.2510) (0.2119,0.6643) (0.5452,1.4936)","LG+I{0.0146}+R4{0.0767,0.0898,0.1516,0.2510,0.2119,0.6643,0.5452,1.4936}"
ENSB:4coOD6o_tPUKmbv,LG+I+R4,0.0146,,"(0.0767,0.0898) (0.1516,0.2510) (0.2119,0.6643) (0.5452,1.4936)","LG+I{0.0146}+R4{0.0767,0.0898,0.1516,0.2510,0.2119,0.6643,0.5452,1.4936}"
ENSB:g3ugn83_M7SWTdy,LG+I+R4,0.0146,,"(0.0767,0.0898) (0.1516,0.2510) (0.2119,0.6643) (0.5452,1.4936)","LG+I{0.0146}+R4{0.0767,0.0898,0.1516,0.2510,0.2119,0.6643,0.5452,1.4936}"
ENSB:aXD7cX6ZkE9i4mA,LG+I+G4,0.0000,1.7408,,LG+I{0.0000}+G4{1.7408}
ENSB:1m6n-sN5ggmCsZj,LG+I+G4,0.0441,1.9063,,LG+I{0.0441}+G4{1.9063}
ENSB:73qB_4QPzlrqN9v,LG+I+G4,0.0022,1.2043,,LG+I{0.0022}+G4{1.2043}
ENSB:2s_sCevCTbwzTqS,LG+I+R4,0.0000,,"(0.0851,0.1547) (0.1827,0.4257) (0.2810,0.8526) (0.4511,1.4841)","LG+I{0.0000}+R4{0.0851,0.1547,0.1827,0.4257,0.2810,0.8526,0.4511,1.4841}"
ENSB:Y5N0MWAB-DxLj5n,LG+I+R4,0.0627,,"(0.0797,0.0427) (0.1508,0.4360) (0.1760,0.8553) (0.5308,1.4701)","LG+I{0.0627}+R4{0.0797,0.0427,0.1508,0.4360,0.1760,0.8553,0.5308,1.4701}"
ENSB:SdYLk8BRGf142iP,LG+I+R4,0.0627,,"(0.0797,0.0427) (0.1508,0.4360) (0.1760,0.8553) (0.5308,1.4701)","LG+I{0.0627}+R4{0.0797,0.0427,0.1508,0.4360,0.1760,0.8553,0.5308,1.4701}"
ENSB:OiDNipWkpYKsCAr,LG+F+I+R4,0.0000,,"(0.0829,0.2088) (0.2722,0.5060) (0.3162,0.8895) (0.3287,1.7149)","LG+F+I{0.0000}+R4{0.0829,0.2088,0.2722,0.5060,0.3162,0.8895,0.3287,1.7149}"
ENSB:qoJMXN43gFgEEXM,LG+I+R4,0.0128,,"(0.1987,0.0789) (0.2845,0.4734) (0.2767,1.1220) (0.2273,2.3726)","LG+I{0.0128}+R4{0.1987,0.0789,0.2845,0.4734,0.2767,1.1220,0.2273,2.3726}"
ENSB:lubCwSn816dxyOT,LG+F+I+G4,0.0182,2.2697,,LG+F+I{0.0182}+G4{2.2697}
ENSB:FlGKUQxn3JuNv7s,LG+F+I+R4,0.0025,,"(0.0644,0.1970) (0.1429,0.4563) (0.2859,0.7492) (0.5043,1.4037)","LG+F+I{0.0025}+R4{0.0644,0.1970,0.1429,0.4563,0.2859,0.7492,0.5043,1.4037}"
ENSB:TPKepdNx2RTuSpS,LG+I+G4,0.0000,1.2611,,LG+I{0.0000}+G4{1.2611}
ENSB:-Oh-kPv-Ojn17uL,LG+I+G4,0.0104,1.5749,,LG+I{0.0104}+G4{1.5749}
ENSB:zOpuCkEH7NLWATq,LG+I+G4,0.0104,1.5749,,LG+I{0.0104}+G4{1.5749}
ENSB:KwWd8QVAX2LEd6c,LG+F+I+G4,0.0080,2.9495,,LG+F+I{0.0080}+G4{2.9495}
ENSB:OxBcxLso3Np5T9O,LG+I+G4,0.0829,1.1407,,LG+I{0.0829}+G4{1.1407}
ENSB:h8IZAt-lZnhVHHL,LG+I+G4,0.0829,1.1407,,LG+I{0.0829}+G4{1.1407}
ENSB:K4TpEjR1fA9LAqi,LG+I+G4,0.0829,1.1407,,LG+I{0.0829}+G4{1.1407}
ENSB:WQI0MqeNNYQe-9w,LG+I+G4,0.0829,1.1407,,LG+I{0.0829}+G4{1.1407}
ENSB:KwWd8QVAX2LEd6c,LG+I+G4,0.1248,1.5415,,LG+I{0.1248}+G4{1.5415}
ENSB:KwWd8QVAX2LEd6c,LG+F+I+R4,0.0209,,"(0.1253,0.0795) (0.1621,0.3533) (0.3787,0.9623) (0.3130,1.8157)","LG+F+I{0.0209}+R4{0.1253,0.0795,0.1621,0.3533,0.3787,0.9623,0.3130,1.8157}"
ENSB:KwWd8QVAX2LEd6c,LG+I+G4,0.0126,2.0126,,LG+I{0.0126}+G4{2.0126}
ENSB:5-mDLm6jgMPMopi,LG+F+I+G4,0.0275,2.1539,,LG+F+I{0.0275}+G4{2.1539}
ENSB:emxkmunwLlQDUju,LG+F+I+R4,0.0262,,"(0.0511,0.0920) (0.1266,0.2870) (0.2219,0.6802) (0.5743,1.4070)","LG+F+I{0.0262}+R4{0.0511,0.0920,0.1266,0.2870,0.2219,0.6802,0.5743,1.4070}"
ENSB:9tr5sweah_jgyeg,LG+I+G4,0.0015,1.5767,,LG+I{0.0015}+G4{1.5767}
ENSB:Z0ugVIqYJ0hbxwA,LG+I+G4,0.0000,1.1781,,LG+I{0.0000}+G4{1.1781}
ENSB:iMMSDeM1dHRE9OI,LG+F+I+R4,0.0063,,"(0.1443,0.1777) (0.2916,0.5616) (0.2431,1.0602) (0.3146,1.7572)","LG+F+I{0.0063}+R4{0.1443,0.1777,0.2916,0.5616,0.2431,1.0602,0.3146,1.7572}"
ENSB:lWIYLjRpit8jqaG,LG+I+R4,0.0389,,"(0.1145,0.0676) (0.2926,0.2639) (0.1982,1.0594) (0.3557,1.9821)","LG+I{0.0389}+R4{0.1145,0.0676,0.2926,0.2639,0.1982,1.0594,0.3557,1.9821}"
ENSB:XJqd5N3uXJ1S5mN,LG+I+G4,0.1427,2.5796,,LG+I{0.1427}+G4{2.5796}
ENSB:Yh_BdZBaY53VRf-,LG+I+G4,0.1427,2.5796,,LG+I{0.1427}+G4{2.5796}
ENSB:0vfk0CVS_Er9Cgm,LG+I+R4,0.0167,,"(0.0436,0.1263) (0.3027,0.4309) (0.2232,0.8871) (0.4138,1.6095)","LG+I{0.0167}+R4{0.0436,0.1263,0.3027,0.4309,0.2232,0.8871,0.4138,1.6095}"
ENSB:89gmMwD3wDYcGzV,LG+F+I+R4,0.0063,,"(0.0444,0.2028) (0.1878,0.4742) (0.3638,0.8672) (0.3978,1.4745)","LG+F+I{0.0063}+R4{0.0444,0.2028,0.1878,0.4742,0.3638,0.8672,0.3978,1.4745}"
ENSB:lWIYLjRpit8jqaG,LG+F+I+R4,0.0226,,"(0.1188,0.0445) (0.1566,0.2487) (0.2314,0.7645) (0.4706,1.6550)","LG+F+I{0.0226}+R4{0.1188,0.0445,0.1566,0.2487,0.2314,0.7645,0.4706,1.6550}"
ENSB:odICz9aPhE351qc,LG+I+G4,0.0124,1.7504,,LG+I{0.0124}+G4{1.7504}
ENSB:HNi2zgPae2rfq0o,LG+I+R2,0.0763,,"(0.2590,0.2617) (0.6647,1.4024)","LG+I{0.0763}+R2{0.2590,0.2617,0.6647,1.4024}"
ENSB:5FcTzNiV5BnhhHp,LG+F+I+G4,0.0238,1.2337,,LG+F+I{0.0238}+G4{1.2337}
ENSB:E1zz5MvJJAejNwh,LG+I+G4,0.0653,2.5029,,LG+I{0.0653}+G4{2.5029}
ENSB:zVnAxvCL9WxhBhZ,LG+F+I+R4,0.0000,,"(0.0919,0.0429) (0.2535,0.3643) (0.2299,0.7516) (0.4246,1.7211)","LG+F+I{0.0000}+R4{0.0919,0.0429,0.2535,0.3643,0.2299,0.7516,0.4246,1.7211}"
ENSB:RlAsrJ4KGg9jnjD,LG+F+I+R4,0.0000,,"(0.0919,0.0429) (0.2535,0.3643) (0.2299,0.7516) (0.4246,1.7211)","LG+F+I{0.0000}+R4{0.0919,0.0429,0.2535,0.3643,0.2299,0.7516,0.4246,1.7211}"
ENSB:eZWCvZ5uu4hjw9W,LG+I+G4,0.0937,2.1203,,LG+I{0.0937}+G4{2.1203}
ENSB:pMuY6ac9C7Nrx2y,LG+I+G4,0.0588,1.8211,,LG+I{0.0588}+G4{1.8211}
ENSB:vCBywtmdrslLTjk,LG+I+G4,0.0588,1.8211,,LG+I{0.0588}+G4{1.8211}
ENSB:0vfk0CVS_Er9Cgm,LG+I+G4,0.1481,1.4288,,LG+I{0.1481}+G4{1.4288}
ENSB:Tj0Ds2rE-G32EhD,LG+F+I+G4,0.0525,2.8741,,LG+F+I{0.0525}+G4{2.8741}
ENSB:9560teAciwPl3TI,LG+F+I+G4,0.0416,1.4402,,LG+F+I{0.0416}+G4{1.4402}
ENSB:Hklk8jUBTW32BH6,LG+F+I+G4,0.1352,1.1917,,LG+F+I{0.1352}+G4{1.1917}
ENSB:Iygok0ti0GcMXM2,LG+I+G4,0.0303,1.4996,,LG+I{0.0303}+G4{1.4996}
ENSB:Iygok0ti0GcMXM2,LG+I+G4,0.1076,1.0793,,LG+I{0.1076}+G4{1.0793}
ENSB:4225opXH213iTyM,LG+I+G4,0.0207,1.4920,,LG+I{0.0207}+G4{1.4920}
ENSB:So5G-1GraZFnxdr,LG+I+G4,0.0207,1.4920,,LG+I{0.0207}+G4{1.4920}
ENSB:0ijazzhtVzKYoLV,LG+I+R3,0.0296,,"(0.1223,0.1604) (0.3375,0.5903) (0.5106,1.5300)","LG+I{0.0296}+R3{0.1223,0.1604,0.3375,0.5903,0.5106,1.5300}"
ENSB:p5dX9jFo-IwQgVP,JTT+G4,,1.1783,,JTT+G4{1.1783}
ENSB:o7UHyfa9QZRvyzk,LG+I+G4,0.0171,3.3497,,LG+I{0.0171}+G4{3.3497}
ENSB:IVMSF37VeCz_mvf,LG+I+G4,0.0672,2.8864,,LG+I{0.0672}+G4{2.8864}
ENSB:TkjWLzjA0mxdApS,LG+I+G4,0.0672,2.8864,,LG+I{0.0672}+G4{2.8864}
ENSB:v2vMok91N4JmQJA,LG+F+I+G4,0.0255,1.2669,,LG+F+I{0.0255}+G4{1.2669}
ENSB:wOSOBTte3eU1i0o,LG+I+R2,0.0104,,"(0.7649,0.3995) (0.2247,3.0899)","LG+I{0.0104}+R2{0.7649,0.3995,0.2247,3.0899}"
ENSB:c6a4FxBaHZMud6Y,LG+I+G4,0.0091,1.0629,,LG+I{0.0091}+G4{1.0629}
ENSB:u_hCEgOpnfmW9aN,LG+I,0.1097,,,LG+I{0.1097}
ENSB:2_uXwZXbbQKMF5E,LG+I+R2,0.0478,,"(0.3221,0.3294) (0.6300,1.4189)","LG+I{0.0478}+R2{0.3221,0.3294,0.6300,1.4189}"
ENSB:ulqD3oquhQIulO4,LG+F+I+R4,0.0000,,"(0.0591,0.1548) (0.1569,0.4146) (0.3121,0.7544) (0.4720,1.4627)","LG+F+I{0.0000}+R4{0.0591,0.1548,0.1569,0.4146,0.3121,0.7544,0.4720,1.4627}"
ENSB:ySgMJbPgZLKVY_-,LG+I+G4,0.0047,1.4366,,LG+I{0.0047}+G4{1.4366}
ENSB:xllj8xhsq-9l1fd,LG+I+G4,0.0511,1.3410,,LG+I{0.0511}+G4{1.3410}
ENSB:AvxxWOo6P7YT4P_,LG+I+G4,0.0511,1.3410,,LG+I{0.0511}+G4{1.3410}
ENSB:ulqD3oquhQIulO4,LG+I+G4,0.0000,1.2691,,LG+I{0.0000}+G4{1.2691}
ENSB:JqKINvwLWoB6fhb,LG+I+G4,0.0141,1.2618,,LG+I{0.0141}+G4{1.2618}
ENSB:0WxkWS93jM6bbfN,LG+F+I+R4,0.0049,,"(0.1247,0.1251) (0.2076,0.3462) (0.4646,0.9274) (0.1983,2.4293)","LG+F+I{0.0049}+R4{0.1247,0.1251,0.2076,0.3462,0.4646,0.9274,0.1983,2.4293}"
ENSB:YyljlibhWw5A0xS,LG+F+I+R4,0.0000,,"(0.0542,0.1496) (0.2274,0.4762) (0.2989,0.8321) (0.4195,1.5134)","LG+F+I{0.0000}+R4{0.0542,0.1496,0.2274,0.4762,0.2989,0.8321,0.4195,1.5134}"
ENSB:CrdA438mB2DAk5r,LG+I+G4,0.0344,1.5000,,LG+I{0.0344}+G4{1.5000}
ENSB:LRy5TqbQ-IY55oo,LG+F+I+G4,0.0551,1.4685,,LG+F+I{0.0551}+G4{1.4685}
ENSB:I4K2P9ZfVYtwrh-,LG+I+R4,0.0033,,"(0.1155,0.2302) (0.3082,0.6101) (0.3186,1.0083) (0.2544,1.8246)","LG+I{0.0033}+R4{0.1155,0.2302,0.3082,0.6101,0.3186,1.0083,0.2544,1.8246}"
ENSB:jzVHWIMmuY6eIf6,LG+I+R4,0.0033,,"(0.1155,0.2302) (0.3082,0.6101) (0.3186,1.0083) (0.2544,1.8246)","LG+I{0.0033}+R4{0.1155,0.2302,0.3082,0.6101,0.3186,1.0083,0.2544,1.8246}"
ENSB:I4K2P9ZfVYtwrh-,LG+I+R4,0.0000,,"(0.0803,0.2962) (0.2320,0.5875) (0.3677,0.9702) (0.3201,1.5098)","LG+I{0.0000}+R4{0.0803,0.2962,0.2320,0.5875,0.3677,0.9702,0.3201,1.5098}"
ENSB:jzVHWIMmuY6eIf6,LG+I+R4,0.0000,,"(0.0803,0.2962) (0.2320,0.5875) (0.3677,0.9702) (0.3201,1.5098)","LG+I{0.0000}+R4{0.0803,0.2962,0.2320,0.5875,0.3677,0.9702,0.3201,1.5098}"
ENSB:rRp8rH6-N2dHA3R,LG+I+R4,0.0111,,"(0.1043,0.3494) (0.3427,0.6599) (0.3901,1.1495) (0.1518,1.9038)","LG+I{0.0111}+R4{0.1043,0.3494,0.3427,0.6599,0.3901,1.1495,0.1518,1.9038}"
ENSB:KB3bxEzW7CYBHH3,LG+I+R4,0.0111,,"(0.1043,0.3494) (0.3427,0.6599) (0.3901,1.1495) (0.1518,1.9038)","LG+I{0.0111}+R4{0.1043,0.3494,0.3427,0.6599,0.3901,1.1495,0.1518,1.9038}"
ENSB:9dxLcKfQpBZEeBs,LG+F+I+G4,0.0836,0.9466,,LG+F+I{0.0836}+G4{0.9466}
ENSB:NYroNR_pE0jgDrx,LG+F+I+R4,0.0052,,"(0.0453,0.1088) (0.2756,0.3720) (0.3113,0.8111) (0.3627,1.7649)","LG+F+I{0.0052}+R4{0.0453,0.1088,0.2756,0.3720,0.3113,0.8111,0.3627,1.7649}"
ENSB:MA8yEczvvbKtfeh,LG+I+R4,0.0280,,"(0.0683,0.0913) (0.3820,0.4910) (0.3709,1.1946) (0.1508,2.4084)","LG+I{0.0280}+R4{0.0683,0.0913,0.3820,0.4910,0.3709,1.1946,0.1508,2.4084}"
ENSB:HDkA3OF9ZVJ5ofS,LG+I+G4,0.0924,1.4739,,LG+I{0.0924}+G4{1.4739}
ENSB:MJQ7l9TTBnspSL8,LG+I+R2,0.0000,,"(0.2766,0.2456) (0.7234,1.2885)","LG+I{0.0000}+R2{0.2766,0.2456,0.7234,1.2885}"
ENSB:WwoEyRRXdI4hapO,LG+F+I+G4,0.0051,2.0276,,LG+F+I{0.0051}+G4{2.0276}
ENSB:GR0L_4JsWLB7IHJ,LG+I+G4,0.1703,1.6304,,LG+I{0.1703}+G4{1.6304}
ENSB:GaFpS3lifVTfRSv,LG+I+R4,0.0311,,"(0.0887,0.0804) (0.2108,0.3425) (0.2965,0.8296) (0.3729,1.8093)","LG+I{0.0311}+R4{0.0887,0.0804,0.2108,0.3425,0.2965,0.8296,0.3729,1.8093}"
ENSB:0T3h89O9zg59VEA,LG+I,0.4537,,,LG+I{0.4537}
ENSB:clANnuewp2PqTPA,LG+I+G4,0.0000,1.7313,,LG+I{0.0000}+G4{1.7313}
ENSB:e-WTTBAXAzux9Kp,LG+I+G4,0.0666,0.6784,,LG+I{0.0666}+G4{0.6784}
ENSB:RBYuGur0eOe0pzZ,LG+F+I+R4,0.0000,,"(0.0500,0.1217) (0.1883,0.5068) (0.3318,0.9107) (0.4298,1.3872)","LG+F+I{0.0000}+R4{0.0500,0.1217,0.1883,0.5068,0.3318,0.9107,0.4298,1.3872}"
ENSB:-YZ-gIFNYMwPdQy,LG+I+G4,0.0000,1.4088,,LG+I{0.0000}+G4{1.4088}
ENSB:RQPkR9fXAowha8U,LG+F+I+R4,0.0080,,"(0.0523,0.0784) (0.1411,0.3276) (0.3177,0.7175) (0.4808,1.5010)","LG+F+I{0.0080}+R4{0.0523,0.0784,0.1411,0.3276,0.3177,0.7175,0.4808,1.5010}"
ENSB:ld_ssRuoR2cjsUY,LG+F+I+R4,0.0080,,"(0.0523,0.0784) (0.1411,0.3276) (0.3177,0.7175) (0.4808,1.5010)","LG+F+I{0.0080}+R4{0.0523,0.0784,0.1411,0.3276,0.3177,0.7175,0.4808,1.5010}"
ENSB:HqblYGruKzlCVPM,LG+F+I+R4,0.0080,,"(0.0523,0.0784) (0.1411,0.3276) (0.3177,0.7175) (0.4808,1.5010)","LG+F+I{0.0080}+R4{0.0523,0.0784,0.1411,0.3276,0.3177,0.7175,0.4808,1.5010}"
ENSB:BmTqq3Ip5MdWIZD,LG+F+I+R4,0.0080,,"(0.0523,0.0784) (0.1411,0.3276) (0.3177,0.7175) (0.4808,1.5010)","LG+F+I{0.0080}+R4{0.0523,0.0784,0.1411,0.3276,0.3177,0.7175,0.4808,1.5010}"
ENSB:NdcI8p4TbzDwAjM,LG+F+I+R4,0.0080,,"(0.0523,0.0784) (0.1411,0.3276) (0.3177,0.7175) (0.4808,1.5010)","LG+F+I{0.0080}+R4{0.0523,0.0784,0.1411,0.3276,0.3177,0.7175,0.4808,1.5010}"
ENSB:NTiBA_W0s9CWnYJ,LG+F+I+R4,0.0080,,"(0.0523,0.0784) (0.1411,0.3276) (0.3177,0.7175) (0.4808,1.5010)","LG+F+I{0.0080}+R4{0.0523,0.0784,0.1411,0.3276,0.3177,0.7175,0.4808,1.5010}"
ENSB:pUq0ClzH3qFuyhA,LG+F+I+R4,0.0080,,"(0.0523,0.0784) (0.1411,0.3276) (0.3177,0.7175) (0.4808,1.5010)","LG+F+I{0.0080}+R4{0.0523,0.0784,0.1411,0.3276,0.3177,0.7175,0.4808,1.5010}"
ENSB:fkE2rZXL_913q1b,LG+F+I+R4,0.0000,,"(0.0639,0.2171) (0.2952,0.5093) (0.4059,0.9025) (0.2350,1.9974)","LG+F+I{0.0000}+R4{0.0639,0.2171,0.2952,0.5093,0.4059,0.9025,0.2350,1.9974}"
ENSB:MbXfKMS0RBFbCc8,LG+F+I+R4,0.0119,,"(0.0860,0.1275) (0.2403,0.4604) (0.3384,0.9467) (0.3234,1.7254)","LG+F+I{0.0119}+R4{0.0860,0.1275,0.2403,0.4604,0.3384,0.9467,0.3234,1.7254}"
ENSB:b9_IYhY7Jt9x6IT,LG+I+R4,0.0000,,"(0.0878,0.1319) (0.3106,0.5205) (0.2655,0.9609) (0.3361,1.7009)","LG+I{0.0000}+R4{0.0878,0.1319,0.3106,0.5205,0.2655,0.9609,0.3361,1.7009}"
ENSB:SdbzVKWDSlNyZ44,LG+I+R4,0.0000,,"(0.0878,0.1319) (0.3106,0.5205) (0.2655,0.9609) (0.3361,1.7009)","LG+I{0.0000}+R4{0.0878,0.1319,0.3106,0.5205,0.2655,0.9609,0.3361,1.7009}"
ENSB:UH3t__XIU8eh8TX,LG+I+R4,0.0000,,"(0.0878,0.1319) (0.3106,0.5205) (0.2655,0.9609) (0.3361,1.7009)","LG+I{0.0000}+R4{0.0878,0.1319,0.3106,0.5205,0.2655,0.9609,0.3361,1.7009}"
ENSB:-wCGJXbL7DaexNw,LG+I+R3,0.0000,,"(0.0761,0.0195) (0.4622,0.4665) (0.4617,1.6956)","LG+I{0.0000}+R3{0.0761,0.0195,0.4622,0.4665,0.4617,1.6956}"
ENSB:-wCGJXbL7DaexNw,LG+I+G4,0.0490,1.3798,,LG+I{0.0490}+G4{1.3798}
ENSB:WvtkBihtyHJ7IPr,LG+I+G4,0.0000,1.3532,,LG+I{0.0000}+G4{1.3532}
ENSB:e-WTTBAXAzux9Kp,LG+I+G4,0.0077,2.7731,,LG+I{0.0077}+G4{2.7731}
ENSB:1Ok_hHIPhnEk0kZ,LG+F+I+G4,0.0155,1.2032,,LG+F+I{0.0155}+G4{1.2032}
ENSB:9VTJDgBMG-Wdsd0,LG+F+I+G4,0.0152,2.1741,,LG+F+I{0.0152}+G4{2.1741}
ENSB:opcseChfvL9LXOl,LG+I+G4,0.0367,2.3382,,LG+I{0.0367}+G4{2.3382}
ENSB:e3l8_ZWEF8kXiE3,LG+I+R4,0.0250,,"(0.0705,0.1283) (0.2464,0.4448) (0.2591,0.8837) (0.3990,1.6350)","LG+I{0.0250}+R4{0.0705,0.1283,0.2464,0.4448,0.2591,0.8837,0.3990,1.6350}"
ENSB:tPk2x1G3seFY4W5,LG+I+R4,0.0250,,"(0.0705,0.1283) (0.2464,0.4448) (0.2591,0.8837) (0.3990,1.6350)","LG+I{0.0250}+R4{0.0705,0.1283,0.2464,0.4448,0.2591,0.8837,0.3990,1.6350}"
ENSB:i1qFTh4Vvocvl7L,LG+I+G4,0.0574,1.6698,,LG+I{0.0574}+G4{1.6698}
ENSB:i1qFTh4Vvocvl7L,LG+I,0.0877,,,LG+I{0.0877}
ENSB:tToCeb0_29KHp4Y,LG+I+R2,0.0000,,"(0.1181,0.3118) (0.8819,1.0922)","LG+I{0.0000}+R2{0.1181,0.3118,0.8819,1.0922}"
ENSB:n46pf0qb8a71Rk9,LG+F+I+R4,0.0031,,"(0.0565,0.0276) (0.2629,0.4153) (0.4350,0.9980) (0.2425,1.8770)","LG+F+I{0.0031}+R4{0.0565,0.0276,0.2629,0.4153,0.4350,0.9980,0.2425,1.8770}"
ENSB:Ekna09DAsxqh5ei,LG+F+I+R4,0.0031,,"(0.0565,0.0276) (0.2629,0.4153) (0.4350,0.9980) (0.2425,1.8770)","LG+F+I{0.0031}+R4{0.0565,0.0276,0.2629,0.4153,0.4350,0.9980,0.2425,1.8770}"
ENSB:XJBbBvx5zYvL_7w,LG+I+R4,0.0107,,"(0.1358,0.1040) (0.2600,0.3991) (0.1832,0.8866) (0.4103,1.7540)","LG+I{0.0107}+R4{0.1358,0.1040,0.2600,0.3991,0.1832,0.8866,0.4103,1.7540}"
ENSB:z0VNXAUPPwiu0HW,LG+I+G4,0.0609,2.0873,,LG+I{0.0609}+G4{2.0873}
ENSB:EOH7P0H7Zz_InDh,LG+I+G4,0.0012,1.7390,,LG+I{0.0012}+G4{1.7390}
ENSB:ZQ7Hy-Sx94Z8fzY,LG+I+G4,0.0012,1.7390,,LG+I{0.0012}+G4{1.7390}
ENSB:8nuktlp_FF7KoFl,LG+I+G4,0.0513,2.9242,,LG+I{0.0513}+G4{2.9242}
ENSB:Mw9RlYlJQeHbc_F,LG+I+G4,0.0513,2.9242,,LG+I{0.0513}+G4{2.9242}
ENSB:Kwf5UmkmqZC5Xuz,LG+I+G4,0.0539,1.0026,,LG+I{0.0539}+G4{1.0026}
ENSB:4yob0uX166TlrvC,LG+I+G4,0.0539,1.0026,,LG+I{0.0539}+G4{1.0026}
ENSB:8X-8Kn8WrPGEwPT,LG+I+R2,0.0000,,"(0.3115,0.2447) (0.6885,1.3417)","LG+I{0.0000}+R2{0.3115,0.2447,0.6885,1.3417}"
ENSB:ZkWsYM7a3Os2pbO,LG+I+R2,0.0000,,"(0.3115,0.2447) (0.6885,1.3417)","LG+I{0.0000}+R2{0.3115,0.2447,0.6885,1.3417}"
ENSB:8X-8Kn8WrPGEwPT,LG+F+I+G4,0.0000,1.6731,,LG+F+I{0.0000}+G4{1.6731}
ENSB:8X-8Kn8WrPGEwPT,LG+I+G4,0.0605,2.0818,,LG+I{0.0605}+G4{2.0818}
ENSB:ZkWsYM7a3Os2pbO,LG+I+G4,0.0605,2.0818,,LG+I{0.0605}+G4{2.0818}
ENSB:Zyfm2GzvFkAhsYA,LG+I+G4,0.0138,3.6641,,LG+I{0.0138}+G4{3.6641}
ENSB:AG6LkBxmpnmBR5-,LG+I+G4,0.0000,1.8027,,LG+I{0.0000}+G4{1.8027}
ENSB:dluPMi9kAte149Z,LG+I+G4,0.0000,1.8027,,LG+I{0.0000}+G4{1.8027}
ENSB:AG6LkBxmpnmBR5-,LG+F+I+G4,0.0000,2.2589,,LG+F+I{0.0000}+G4{2.2589}
ENSB:dluPMi9kAte149Z,LG+F+I+G4,0.0000,2.2589,,LG+F+I{0.0000}+G4{2.2589}
ENSB:yid2QmbPK9pJ5Ua,,,,,
ENSB:-qSPvVdv9k_e0OX,LG+I+G4,0.0133,1.3695,,LG+I{0.0133}+G4{1.3695}
ENSB:rOnmf5yU9tgoR8B,LG+I+G4,0.0133,1.3695,,LG+I{0.0133}+G4{1.3695}
ENSB:W-KdGoSfyfbDU2Z,LG+I+G4,0.0208,1.2687,,LG+I{0.0208}+G4{1.2687}
ENSB:i0kKa_ujrj7VeMw,LG+I+R4,0.0267,,"(0.0779,0.0569) (0.3242,0.4932) (0.2804,0.9969) (0.2908,1.9125)","LG+I{0.0267}+R4{0.0779,0.0569,0.3242,0.4932,0.2804,0.9969,0.2908,1.9125}"
ENSB:fXHcoizGfHSPe4p,LG+I+R4,0.0267,,"(0.0779,0.0569) (0.3242,0.4932) (0.2804,0.9969) (0.2908,1.9125)","LG+I{0.0267}+R4{0.0779,0.0569,0.3242,0.4932,0.2804,0.9969,0.2908,1.9125}"
ENSB:FMh6umAeYEXHxdC,LG+F+I+G4,0.0309,1.0554,,LG+F+I{0.0309}+G4{1.0554}
ENSB:nJ5KTduRza6f_QO,LG+I+G4,0.0544,2.6957,,LG+I{0.0544}+G4{2.6957}
ENSB:U5W6rxrNicRcrxt,LG+I+G4,0.0204,1.6227,,LG+I{0.0204}+G4{1.6227}
ENSB:Dzfm00DsqEqSFez,LG+I+G4,0.0880,2.0257,,LG+I{0.0880}+G4{2.0257}
ENSB:_znvmhpxm1QWsuz,LG+F+I+G4,0.0105,1.8430,,LG+F+I{0.0105}+G4{1.8430}
ENSB:zgTkjqGnj7Rjwh5,LG+I+R4,0.0000,,"(0.2055,0.2464) (0.2150,0.5475) (0.2923,1.0006) (0.2873,1.8772)","LG+I{0.0000}+R4{0.2055,0.2464,0.2150,0.5475,0.2923,1.0006,0.2873,1.8772}"
ENSB:-qVPdnlk-ONsGQS,LG+I+G4,0.0256,1.0161,,LG+I{0.0256}+G4{1.0161}
ENSB:boDqDJvpmvUybIL,LG+I+R4,0.0000,,"(0.2233,0.0743) (0.3261,0.6165) (0.3134,1.3428) (0.1372,2.6347)","LG+I{0.0000}+R4{0.2233,0.0743,0.3261,0.6165,0.3134,1.3428,0.1372,2.6347}"
ENSB:WukH7pGs2Ewr7U-,LG+I+G4,0.0815,2.1575,,LG+I{0.0815}+G4{2.1575}
ENSB:Zgt7CnJwAOxvn6m,LG+I+G4,0.0815,2.1575,,LG+I{0.0815}+G4{2.1575}
ENSB:k-RWS6ofKMIhK9x,LG+I+G4,0.0000,4.3423,,LG+I{0.0000}+G4{4.3423}
ENSB:BD6ysmfNTSZsUua,LG+I+G4,0.0000,4.3423,,LG+I{0.0000}+G4{4.3423}
ENSB:XXRUQ_8p2d4OJCW,LG+I+G4,0.0000,4.3423,,LG+I{0.0000}+G4{4.3423}
ENSB:Qkj2qy1XV-3ZuAc,LG+I+G4,0.0000,4.3423,,LG+I{0.0000}+G4{4.3423}
ENSB:ICtnS08ix9Iyiwo,LG+I+G4,0.0000,4.3423,,LG+I{0.0000}+G4{4.3423}
ENSB:fkh3mYqU7aX_7dX,LG+I+G4,0.0000,4.3423,,LG+I{0.0000}+G4{4.3423}
ENSB:HgtWGtN9lodas2S,LG+I+G4,0.0221,1.4320,,LG+I{0.0221}+G4{1.4320}
ENSB:KDI0wVrhcCxktKR,LG+I+G4,0.0268,1.4384,,LG+I{0.0268}+G4{1.4384}
ENSB:k-RWS6ofKMIhK9x,LG+F+I+G4,0.0000,1.9197,,LG+F+I{0.0000}+G4{1.9197}
ENSB:BD6ysmfNTSZsUua,LG+F+I+G4,0.0000,1.9197,,LG+F+I{0.0000}+G4{1.9197}
ENSB:XXRUQ_8p2d4OJCW,LG+F+I+G4,0.0000,1.9197,,LG+F+I{0.0000}+G4{1.9197}
ENSB:Qkj2qy1XV-3ZuAc,LG+F+I+G4,0.0000,1.9197,,LG+F+I{0.0000}+G4{1.9197}
ENSB:fkh3mYqU7aX_7dX,LG+F+I+G4,0.0000,1.9197,,LG+F+I{0.0000}+G4{1.9197}
ENSB:AOxkSpvB823TDCP,LG+I+R4,0.0524,,"(0.1593,0.0389) (0.0921,0.2519) (0.1798,0.6778) (0.5164,1.6436)","LG+I{0.0524}+R4{0.1593,0.0389,0.0921,0.2519,0.1798,0.6778,0.5164,1.6436}"
ENSB:2xOhLHMj805YOQg,LG+I+G4,0.0322,1.8114,,LG+I{0.0322}+G4{1.8114}
ENSB:Fx2xbV5XuEensum,JTT+G4,,1.3617,,JTT+G4{1.3617}
ENSB:8peHs2Ae0jrJ4Bw,LG+I+G4,0.0174,1.1947,,LG+I{0.0174}+G4{1.1947}
ENSB:hw3WSQ5GLUTxZg5,LG+I+G4,0.0000,1.2361,,LG+I{0.0000}+G4{1.2361}
ENSB:KwWd8QVAX2LEd6c,LG+I+G4,0.0260,1.3833,,LG+I{0.0260}+G4{1.3833}
ENSB:gXDF4pHuNvcpZKt,LG+I+G4,0.1746,1.6238,,LG+I{0.1746}+G4{1.6238}
ENSB:tvB5exvtF5Btrod,LG+I+G4,0.0500,1.7897,,LG+I{0.0500}+G4{1.7897}
ENSB:iEg0vZ_TG8Ls587,,,,,
ENSB:5JP-ROonxk4dvAC,LG+I+R4,0.0215,,"(0.2024,0.0634) (0.3434,0.5449) (0.2491,1.2833) (0.1837,2.6156)","LG+I{0.0215}+R4{0.2024,0.0634,0.3434,0.5449,0.2491,1.2833,0.1837,2.6156}"
ENSB:osL0EK0cgcKSVHM,LG+F+I+G4,0.0671,2.0571,,LG+F+I{0.0671}+G4{2.0571}
ENSB:k7bNzecb0j0npib,LG+I+R4,0.0328,,"(0.2119,0.0730) (0.2999,0.5939) (0.2639,1.2355) (0.1915,2.5082)","LG+I{0.0328}+R4{0.2119,0.0730,0.2999,0.5939,0.2639,1.2355,0.1915,2.5082}"
ENSB:chgrNcH0ByPjtc3,LG+I+R4,0.0128,,"(0.1513,0.0355) (0.1538,0.4058) (0.3752,1.0124) (0.3069,1.7997)","LG+I{0.0128}+R4{0.1513,0.0355,0.1538,0.4058,0.3752,1.0124,0.3069,1.7997}"
ENSB:wQlFF9oGEFonh4q,LG+F+I+R4,0.0046,,"(0.0347,0.0498) (0.1569,0.2624) (0.2035,0.6630) (0.6002,1.3697)","LG+F+I{0.0046}+R4{0.0347,0.0498,0.1569,0.2624,0.2035,0.6630,0.6002,1.3697}"
ENSB:vvLsdKyTqg8pr6K,LG+I+G4,0.0891,0.9052,,LG+I{0.0891}+G4{0.9052}
ENSB:AhWt30DhZjoUYmd,LG+F+I+R2,0.0648,,"(0.2968,0.3649) (0.6383,1.3969)","LG+F+I{0.0648}+R2{0.2968,0.3649,0.6383,1.3969}"
ENSB:0vfk0CVS_Er9Cgm,LG+I,0.3534,,,LG+I{0.3534}
ENSB:WSTP1XQlm2KsX5K,LG+I+G4,0.1262,1.1020,,LG+I{0.1262}+G4{1.1020}
ENSB:ZMLkZ9hYyrhKbJg,LG+I+G4,0.0345,1.4524,,LG+I{0.0345}+G4{1.4524}
ENSB:ZWUu8GfH-CJMv6e,LG+F+I+R4,0.0048,,"(0.0484,0.1309) (0.1935,0.4246) (0.3048,0.8285) (0.4485,1.4693)","LG+F+I{0.0048}+R4{0.0484,0.1309,0.1935,0.4246,0.3048,0.8285,0.4485,1.4693}"
ENSB:HNi2zgPae2rfq0o,LG+I+G4,0.0309,1.0047,,LG+I{0.0309}+G4{1.0047}
ENSB:LwDfrR8M_XJ8eQ6,LG+I+G4,0.1205,0.9978,,LG+I{0.1205}+G4{0.9978}
ENSB:iMMSDeM1dHRE9OI,LG+I+G4,0.1941,0.8044,,LG+I{0.1941}+G4{0.8044}
ENSB:5FCwmSZymeaNWfo,LG+I+G4,0.0947,0.8602,,LG+I{0.0947}+G4{0.8602}
ENSB:6Xzl3SfUrpqR_rS,LG+F+I+G4,0.0756,1.1541,,LG+F+I{0.0756}+G4{1.1541}
ENSB:XrERJjM-NafMy2H,LG+I+G4,0.0639,0.8763,,LG+I{0.0639}+G4{0.8763}
ENSB:n-LM-VqNK5d6SRj,LG+I+G4,0.1672,0.7552,,LG+I{0.1672}+G4{0.7552}
ENSB:LY-PA6ja35FBMxr,LG+I+G4,0.0000,1.9914,,LG+I{0.0000}+G4{1.9914}
ENSB:uWVWeQ4TSY4UWP_,LG+I+G4,0.1083,0.8954,,LG+I{0.1083}+G4{0.8954}
ENSB:jfJDw3Lp13sB0hw,LG+I+R4,0.0000,,"(0.0948,0.2185) (0.2005,0.4490) (0.2983,0.8945) (0.4064,1.5314)","LG+I{0.0000}+R4{0.0948,0.2185,0.2005,0.4490,0.2983,0.8945,0.4064,1.5314}"
ENSB:mgArOWoYV20veov,LG+I+R4,0.0000,,"(0.0948,0.2185) (0.2005,0.4490) (0.2983,0.8945) (0.4064,1.5314)","LG+I{0.0000}+R4{0.0948,0.2185,0.2005,0.4490,0.2983,0.8945,0.4064,1.5314}"
ENSB:6eVbyXbV0bmz4tx,LG+I+G4,0.2385,1.4052,,LG+I{0.2385}+G4{1.4052}
ENSB:ugoaq8HH7UFgH2H,LG+I+G4,0.1038,1.6072,,LG+I{0.1038}+G4{1.6072}
ENSB:8DT0PYrHSne7vm2,LG+I+G4,0.0207,1.1128,,LG+I{0.0207}+G4{1.1128}
ENSB:W6WAP6pLfN1vyXW,LG+I+G4,0.0207,1.1128,,LG+I{0.0207}+G4{1.1128}
ENSB:WSTP1XQlm2KsX5K,LG+I,0.1511,,,LG+I{0.1511}
ENSB:nLsCvjhT_sal0xw,LG+I+G4,0.1810,1.1657,,LG+I{0.1810}+G4{1.1657}
ENSB:MvW5v9cMErydfWC,LG+I+G4,0.1261,0.8101,,LG+I{0.1261}+G4{0.8101}
ENSB:OjXmxUBapntzche,LG+I+G4,0.0933,1.2350,,LG+I{0.0933}+G4{1.2350}
ENSB:y4TUfg4n8PjU2wU,LG+I+G4,0.0614,0.9001,,LG+I{0.0614}+G4{0.9001}
ENSB:k19qA90POm9-bKX,LG+I+G4,0.0112,1.6898,,LG+I{0.0112}+G4{1.6898}
ENSB:i1qFTh4Vvocvl7L,LG+I+G4,0.0323,1.7508,,LG+I{0.0323}+G4{1.7508}
ENSB:x_qrLTvRp6dHI97,,,,,
ENSB:gduOR6K7GKmrrjO,LG+I+R4,0.0000,,"(0.0939,0.2092) (0.2240,0.5253) (0.2715,0.9527) (0.4105,1.4714)","LG+I{0.0000}+R4{0.0939,0.2092,0.2240,0.5253,0.2715,0.9527,0.4105,1.4714}"
ENSB:rLo-LSAiuqXdEay,LG+I+G4,0.0612,1.9007,,LG+I{0.0612}+G4{1.9007}
ENSB:oVwv81QBRWcBv8H,LG+F+I+R4,0.0000,,"(0.0513,0.1098) (0.2106,0.3659) (0.2775,0.7834) (0.4606,1.5196)","LG+F+I{0.0000}+R4{0.0513,0.1098,0.2106,0.3659,0.2775,0.7834,0.4606,1.5196}"
ENSB:Zs1ISeQSwW7H42P,LG+F+I+R4,0.0058,,"(0.4264,0.2096) (0.2593,0.6129) (0.2503,1.7592) (0.0581,5.3618)","LG+F+I{0.0058}+R4{0.4264,0.2096,0.2593,0.6129,0.2503,1.7592,0.0581,5.3618}"
ENSB:qlyR-grvuSePz6z,LG+I+G4,0.0144,1.2471,,LG+I{0.0144}+G4{1.2471}
ENSB:KwWd8QVAX2LEd6c,LG+F+I+G4,0.0686,1.9451,,LG+F+I{0.0686}+G4{1.9451}
ENSB:9560teAciwPl3TI,LG+I+G4,0.1870,1.8690,,LG+I{0.1870}+G4{1.8690}
ENSB:PiokXxqDTaC9k9Z,LG+I+G4,0.0422,1.3596,,LG+I{0.0422}+G4{1.3596}
ENSB:-_YPSVrE0te71iT,LG+I+G4,0.0208,1.2296,,LG+I{0.0208}+G4{1.2296}
ENSB:rLo-LSAiuqXdEay,JTT+G4,,2.0332,,JTT+G4{2.0332}
ENSB:f1XIUESxCndTgFU,LG+F+I+G4,0.0010,1.7447,,LG+F+I{0.0010}+G4{1.7447}
ENSB:nLCDzmZPaq5hyx2,LG+I+R4,0.0032,,"(0.1186,0.1709) (0.2795,0.5113) (0.3011,1.0365) (0.2976,1.7633)","LG+I{0.0032}+R4{0.1186,0.1709,0.2795,0.5113,0.3011,1.0365,0.2976,1.7633}"
ENSB:MFUEwQUuTppGjoY,LG+I+R4,0.0032,,"(0.1186,0.1709) (0.2795,0.5113) (0.3011,1.0365) (0.2976,1.7633)","LG+I{0.0032}+R4{0.1186,0.1709,0.2795,0.5113,0.3011,1.0365,0.2976,1.7633}"
ENSB:BA3LsxNcXOIXJ_A,LG+I+R4,0.0000,,"(0.3315,0.2983) (0.2469,0.7812) (0.2141,1.2938) (0.2076,2.0782)","LG+I{0.0000}+R4{0.3315,0.2983,0.2469,0.7812,0.2141,1.2938,0.2076,2.0782}"
ENSB:BA3LsxNcXOIXJ_A,LG+I+R4,0.0000,,"(0.2816,0.2249) (0.3237,0.7277) (0.1900,1.3027) (0.2047,2.2157)","LG+I{0.0000}+R4{0.2816,0.2249,0.3237,0.7277,0.1900,1.3027,0.2047,2.2157}"
ENSB:m51Xd7OBThA9WQc,LG+I+G4,0.1598,0.9487,,LG+I{0.1598}+G4{0.9487}
ENSB:Tx3C6ESQ4ghsVHj,LG+I+G4,0.0150,0.9240,,LG+I{0.0150}+G4{0.9240}
ENSB:vFLjLLW8uLAQkaR,LG+I+R3,0.0328,,"(0.1118,0.0911) (0.3437,0.5476) (0.5117,1.5664)","LG+I{0.0328}+R3{0.1118,0.0911,0.3437,0.5476,0.5117,1.5664}"
ENSB:CBCNjQgeyUWNYCn,LG+I+G4,0.0000,0.7846,,LG+I{0.0000}+G4{0.7846}
ENSB:bH9gOKwyFu-1P9H,LG+I+G4,0.0000,1.8243,,LG+I{0.0000}+G4{1.8243}
ENSB:YajGG98cx8V4089,LG+I+G4,0.0000,1.8243,,LG+I{0.0000}+G4{1.8243}
ENSB:enMnimv0O7v80GN,LG+I+G4,0.0000,1.8243,,LG+I{0.0000}+G4{1.8243}
ENSB:8GPOUDYWzOb0b8Y,LG+I+G4,0.0000,1.8243,,LG+I{0.0000}+G4{1.8243}
ENSB:yYdsug6wxnDvIrv,LG+I+G4,0.0000,1.8243,,LG+I{0.0000}+G4{1.8243}
ENSB:Yud-p2Z4MteVFF4,LG+I+G4,0.0103,0.8900,,LG+I{0.0103}+G4{0.8900}
ENSB:DE3eezEi6_UPRc5,LG+I+G4,0.0100,1.8717,,LG+I{0.0100}+G4{1.8717}
ENSB:zIlK0bHai61BZxO,LG+I+G4,0.0100,1.8717,,LG+I{0.0100}+G4{1.8717}
ENSB:QTCiOTLlEBWMD01,LG+I+G4,0.1322,0.9948,,LG+I{0.1322}+G4{0.9948}
ENSB:at6YT6CIcl1ZZ0m,LG+I+G4,0.1370,1.0110,,LG+I{0.1370}+G4{1.0110}
ENSB:rLo-LSAiuqXdEay,LG+I+G4,0.0075,2.2753,,LG+I{0.0075}+G4{2.2753}
ENSB:Wbb0yz3Jw7qUSZu,LG+I+G4,0.0401,2.5147,,LG+I{0.0401}+G4{2.5147}
ENSB:Z8U1wlJNa0wZ-Jm,LG+I+G4,0.0401,2.5147,,LG+I{0.0401}+G4{2.5147}
ENSB:Wbb0yz3Jw7qUSZu,LG+I+G4,0.0675,2.4284,,LG+I{0.0675}+G4{2.4284}
ENSB:Z8U1wlJNa0wZ-Jm,LG+I+G4,0.0675,2.4284,,LG+I{0.0675}+G4{2.4284}
ENSB:GCVdgvLq4uP0mC0,LG+I,0.0736,,,LG+I{0.0736}
ENSB:Pkm-99Zgy4f-j9N,LG+I+G4,0.0006,1.3892,,LG+I{0.0006}+G4{1.3892}
ENSB:P5YWu3qmeJk9fsC,LG+I+R4,0.0000,,"(0.1492,0.0759) (0.3847,0.5404) (0.2259,1.1093) (0.2403,2.2071)","LG+I{0.0000}+R4{0.1492,0.0759,0.3847,0.5404,0.2259,1.1093,0.2403,2.2071}"
ENSB:IJ6MMK-c8pi_P8q,LG+I+G4,0.0190,1.1252,,LG+I{0.0190}+G4{1.1252}
ENSB:YeliFo6773tdlS9,LG+I,0.0917,,,LG+I{0.0917}
ENSB:xWNL3qhGovpaFKv,LG+F+I+R4,0.0186,,"(0.0933,0.0914) (0.3167,0.5533) (0.3438,1.0294) (0.2276,2.0312)","LG+F+I{0.0186}+R4{0.0933,0.0914,0.3167,0.5533,0.3438,1.0294,0.2276,2.0312}"
ENSB:RPZhmM-vI1nYrf9,LG+I+R4,0.0000,,"(0.0716,0.0385) (0.2505,0.3226) (0.3644,0.9201) (0.3135,1.8540)","LG+I{0.0000}+R4{0.0716,0.0385,0.2505,0.3226,0.3644,0.9201,0.3135,1.8540}"
ENSB:IVMSF37VeCz_mvf,LG+I+R4,0.0169,,"(0.0552,0.1161) (0.3496,0.4741) (0.2873,0.9097) (0.2911,1.9464)","LG+I{0.0169}+R4{0.0552,0.1161,0.3496,0.4741,0.2873,0.9097,0.2911,1.9464}"
ENSB:IVMSF37VeCz_mvf,LG+I+R4,0.0169,,"(0.0552,0.1161) (0.3496,0.4741) (0.2873,0.9097) (0.2911,1.9464)","LG+I{0.0169}+R4{0.0552,0.1161,0.3496,0.4741,0.2873,0.9097,0.2911,1.9464}"
ENSB:TkjWLzjA0mxdApS,LG+I+R4,0.0169,,"(0.0552,0.1161) (0.3496,0.4741) (0.2873,0.9097) (0.2911,1.9464)","LG+I{0.0169}+R4{0.0552,0.1161,0.3496,0.4741,0.2873,0.9097,0.2911,1.9464}"
ENSB:TkjWLzjA0mxdApS,LG+I+R4,0.0169,,"(0.0552,0.1161) (0.3496,0.4741) (0.2873,0.9097) (0.2911,1.9464)","LG+I{0.0169}+R4{0.0552,0.1161,0.3496,0.4741,0.2873,0.9097,0.2911,1.9464}"
ENSB:MjcAutNAnngWxeA,LG+I+R4,0.0000,,"(0.4550,0.3315) (0.2760,0.8692) (0.1711,1.7186) (0.0979,3.2195)","LG+I{0.0000}+R4{0.4550,0.3315,0.2760,0.8692,0.1711,1.7186,0.0979,3.2195}"
ENSB:MjcAutNAnngWxeA,LG+I+R4,0.0000,,"(0.4550,0.3315) (0.2760,0.8692) (0.1711,1.7186) (0.0979,3.2195)","LG+I{0.0000}+R4{0.4550,0.3315,0.2760,0.8692,0.1711,1.7186,0.0979,3.2195}"
ENSB:fNcCltiBYeg8oL0,LG+I+R4,0.0000,,"(0.4550,0.3315) (0.2760,0.8692) (0.1711,1.7186) (0.0979,3.2195)","LG+I{0.0000}+R4{0.4550,0.3315,0.2760,0.8692,0.1711,1.7186,0.0979,3.2195}"
ENSB:2t0kyZYTQB3LKr5,LG+F+I+G4,0.0000,1.9061,,LG+F+I{0.0000}+G4{1.9061}
ENSB:Tuuxj3c4gcpYr4D,LG+F+I+G4,0.0000,1.9061,,LG+F+I{0.0000}+G4{1.9061}
ENSB:cNvfG_9_VBN9v5Z,LG+I+G4,0.0104,1.1201,,LG+I{0.0104}+G4{1.1201}
ENSB:ApBdjDyv4OLC8sv,LG+F+I+R4,0.0300,,"(0.1167,0.1143) (0.2082,0.3650) (0.2455,0.8222) (0.3997,1.7736)","LG+F+I{0.0300}+R4{0.1167,0.1143,0.2082,0.3650,0.2455,0.8222,0.3997,1.7736}"
ENSB:nLsCvjhT_sal0xw,LG+F+I+G4,0.0277,1.3236,,LG+F+I{0.0277}+G4{1.3236}
ENSB:emxkmunwLlQDUju,LG+I+R4,0.0238,,"(0.1307,0.0739) (0.1988,0.2980) (0.1774,0.6525) (0.4692,1.7377)","LG+I{0.0238}+R4{0.1307,0.0739,0.1988,0.2980,0.1774,0.6525,0.4692,1.7377}"
ENSB:eBAyqZaF645KBi7,LG+I+R4,0.0000,,"(0.1716,0.2998) (0.2730,0.6231) (0.2822,1.0947) (0.2731,1.7190)","LG+I{0.0000}+R4{0.1716,0.2998,0.2730,0.6231,0.2822,1.0947,0.2731,1.7190}"
ENSB:qlyR-grvuSePz6z,LG+F+I+R4,0.0000,,"(0.1647,0.1334) (0.1895,0.4428) (0.2623,0.9771) (0.3836,1.6630)","LG+F+I{0.0000}+R4{0.1647,0.1334,0.1895,0.4428,0.2623,0.9771,0.3836,1.6630}"
ENSB:bnRvm9Ze1DvAZGL,LG+I+G4,0.0810,0.7764,,LG+I{0.0810}+G4{0.7764}
ENSB:LJhr3QlrVRTCwSN,LG+I+R4,0.0202,,"(0.1137,0.1235) (0.2588,0.4220) (0.2997,0.9102) (0.3075,1.9639)","LG+I{0.0202}+R4{0.1137,0.1235,0.2588,0.4220,0.2997,0.9102,0.3075,1.9639}"
ENSB:cAbkrGPofwIu-6H,LG+I+R4,0.0202,,"(0.1137,0.1235) (0.2588,0.4220) (0.2997,0.9102) (0.3075,1.9639)","LG+I{0.0202}+R4{0.1137,0.1235,0.2588,0.4220,0.2997,0.9102,0.3075,1.9639}"
ENSB:fnKQ4vGaVanU7lR,LG+I+R4,0.0202,,"(0.1137,0.1235) (0.2588,0.4220) (0.2997,0.9102) (0.3075,1.9639)","LG+I{0.0202}+R4{0.1137,0.1235,0.2588,0.4220,0.2997,0.9102,0.3075,1.9639}"
ENSB:t9OkGMlSb5MgUfT,LG+I+G4,0.0624,0.9066,,LG+I{0.0624}+G4{0.9066}
ENSB:wwo9f387pafdI-_,LG+I+G4,0.0001,1.1178,,LG+I{0.0001}+G4{1.1178}
ENSB:2Au4OORFBdqd3ih,LG+I+G4,0.0001,1.1178,,LG+I{0.0001}+G4{1.1178}
ENSB:0hIkcQ-DG1ZY7F_,LG+I+G4,0.0001,1.1178,,LG+I{0.0001}+G4{1.1178}
ENSB:osL0EK0cgcKSVHM,LG+F+I+R4,0.0000,,"(0.0892,0.1643) (0.2504,0.5565) (0.3416,0.9308) (0.3188,1.6562)","LG+F+I{0.0000}+R4{0.0892,0.1643,0.2504,0.5565,0.3416,0.9308,0.3188,1.6562}"
ENSB:7p2ljGd7kpGoXRb,LG+F+I+R4,0.0000,,"(0.0892,0.1643) (0.2504,0.5565) (0.3416,0.9308) (0.3188,1.6562)","LG+F+I{0.0000}+R4{0.0892,0.1643,0.2504,0.5565,0.3416,0.9308,0.3188,1.6562}"
ENSB:w6ZA_wzPhEj3HFd,LG+I+G4,0.0000,2.0804,,LG+I{0.0000}+G4{2.0804}
ENSB:fwM9rAHOBG5hiuI,LG+I+G4,0.0000,2.0804,,LG+I{0.0000}+G4{2.0804}
ENSB:5AyLbD3lD2LUcO1,LG+I+G4,0.0618,1.2387,,LG+I{0.0618}+G4{1.2387}
ENSB:dQX4y41-rMcWvih,LG+F+I+R4,0.0096,,"(0.1347,0.1013) (0.2596,0.4387) (0.3626,1.0588) (0.2334,2.0929)","LG+F+I{0.0096}+R4{0.1347,0.1013,0.2596,0.4387,0.3626,1.0588,0.2334,2.0929}"
ENSB:LwDfrR8M_XJ8eQ6,LG+I+G4,0.0479,1.5089,,LG+I{0.0479}+G4{1.5089}
ENSB:25GwEy96a8WAH5_,LG+I+G4,0.0479,1.5089,,LG+I{0.0479}+G4{1.5089}
ENSB:lyPTY7ILnbIMDV4,LG+I+R4,0.0205,,"(0.0780,0.0475) (0.1707,0.3092) (0.2478,0.7288) (0.4831,1.5794)","LG+I{0.0205}+R4{0.0780,0.0475,0.1707,0.3092,0.2478,0.7288,0.4831,1.5794}"
ENSB:umnskD6CSWJL5V0,LG+I+G4,0.0000,3.0588,,LG+I{0.0000}+G4{3.0588}
ENSB:2PeW3xqXJi8pzyH,LG+I+G4,0.0000,3.0588,,LG+I{0.0000}+G4{3.0588}
ENSB:MpCVrMSys-wigKT,LG+I+G4,0.0000,3.0588,,LG+I{0.0000}+G4{3.0588}
ENSB:Dff64nkxjfpweUQ,LG+I+G4,0.1273,1.5440,,LG+I{0.1273}+G4{1.5440}
ENSB:h_QLZwAuaOLVV50,LG+I+G4,0.0001,0.8895,,LG+I{0.0001}+G4{0.8895}
ENSB:lWIYLjRpit8jqaG,LG+I+G4,0.0993,0.8555,,LG+I{0.0993}+G4{0.8555}
ENSB:Di7nyi0qJHQFWsX,LG+F+I+R4,0.0115,,"(0.1753,0.1827) (0.1282,0.5414) (0.2865,0.8992) (0.3985,1.6084)","LG+F+I{0.0115}+R4{0.1753,0.1827,0.1282,0.5414,0.2865,0.8992,0.3985,1.6084}"
ENSB:MXK7zVQ_I_gXRry,LG+F+I+R4,0.0115,,"(0.1753,0.1827) (0.1282,0.5414) (0.2865,0.8992) (0.3985,1.6084)","LG+F+I{0.0115}+R4{0.1753,0.1827,0.1282,0.5414,0.2865,0.8992,0.3985,1.6084}"
ENSB:Ir6DduhaTTtzBjU,LG+F+I+R4,0.0115,,"(0.1753,0.1827) (0.1282,0.5414) (0.2865,0.8992) (0.3985,1.6084)","LG+F+I{0.0115}+R4{0.1753,0.1827,0.1282,0.5414,0.2865,0.8992,0.3985,1.6084}"
ENSB:Od0TyxfT2Qd39Ni,LG+F+I+R4,0.0115,,"(0.1753,0.1827) (0.1282,0.5414) (0.2865,0.8992) (0.3985,1.6084)","LG+F+I{0.0115}+R4{0.1753,0.1827,0.1282,0.5414,0.2865,0.8992,0.3985,1.6084}"
ENSB:eG33NeLOLGkhPl3,LG+F+I+R4,0.0115,,"(0.1753,0.1827) (0.1282,0.5414) (0.2865,0.8992) (0.3985,1.6084)","LG+F+I{0.0115}+R4{0.1753,0.1827,0.1282,0.5414,0.2865,0.8992,0.3985,1.6084}"
ENSB:jhOQOuif8hMTcb0,LG+F+I+R4,0.0115,,"(0.1753,0.1827) (0.1282,0.5414) (0.2865,0.8992) (0.3985,1.6084)","LG+F+I{0.0115}+R4{0.1753,0.1827,0.1282,0.5414,0.2865,0.8992,0.3985,1.6084}"
ENSB:YRfryr2AqOdDJhs,LG+I+R4,0.0180,,"(0.1036,0.1070) (0.2205,0.4303) (0.2991,0.8365) (0.3588,1.7943)","LG+I{0.0180}+R4{0.1036,0.1070,0.2205,0.4303,0.2991,0.8365,0.3588,1.7943}"
ENSB:d7crhzhVCvlhIiB,LG+F+I+R4,0.0042,,"(0.1587,0.0903) (0.2282,0.4495) (0.2028,0.9018) (0.4060,1.7244)","LG+F+I{0.0042}+R4{0.1587,0.0903,0.2282,0.4495,0.2028,0.9018,0.4060,1.7244}"
ENSB:BTUvkHdU9_N_GV5,LG+F+I+R4,0.0000,,"(0.0231,0.0962) (0.2344,0.4468) (0.3274,0.8090) (0.4151,1.5133)","LG+F+I{0.0000}+R4{0.0231,0.0962,0.2344,0.4468,0.3274,0.8090,0.4151,1.5133}"
ENSB:Uk7QcAS7OPMjf8Y,LG+I+R4,0.0325,,"(0.1052,0.0474) (0.2663,0.3892) (0.2238,0.8124) (0.3722,1.9062)","LG+I{0.0325}+R4{0.1052,0.0474,0.2663,0.3892,0.2238,0.8124,0.3722,1.9062}"
ENSB:STAuB9G0bBcKWDD,LG+F+I+G4,0.1094,1.3874,,LG+F+I{0.1094}+G4{1.3874}
ENSB:mtcaurQdXu7aqNz,LG+F+I+G4,0.0031,1.2375,,LG+F+I{0.0031}+G4{1.2375}
ENSB:U02wMMyOlTUkooB,LG+I+R4,0.0000,,"(0.0741,0.1282) (0.3974,0.4801) (0.2360,0.9376) (0.2925,1.9776)","LG+I{0.0000}+R4{0.0741,0.1282,0.3974,0.4801,0.2360,0.9376,0.2925,1.9776}"
ENSB:z3WrcCWMcvzsjuf,LG+I+G4,0.0047,3.0445,,LG+I{0.0047}+G4{3.0445}
ENSB:cBQ6hOD5oTDVh9o,LG+I+R4,0.0340,,"(0.1738,0.0248) (0.1934,0.2299) (0.3951,1.1544) (0.2038,2.4299)","LG+I{0.0340}+R4{0.1738,0.0248,0.1934,0.2299,0.3951,1.1544,0.2038,2.4299}"
ENSB:5zWV5jpLQGrnQXR,LG+I+G4,0.0703,1.2136,,LG+I{0.0703}+G4{1.2136}
ENSB:bQy2-prApowIrOS,LG+I+G4,0.0389,1.3658,,LG+I{0.0389}+G4{1.3658}
ENSB:BRnycuFsDGkXwHV,LG+I+G4,0.0038,1.3337,,LG+I{0.0038}+G4{1.3337}
ENSB:tfF5LBjasf5h24W,LG+I+R4,0.0053,,"(0.0560,0.1128) (0.2340,0.3921) (0.2923,0.8479) (0.4124,1.5861)","LG+I{0.0053}+R4{0.0560,0.1128,0.2340,0.3921,0.2923,0.8479,0.4124,1.5861}"
ENSB:eKhSfmvYlVraHk8,LG+F+I+R4,0.0000,,"(0.0459,0.0795) (0.3959,0.3905) (0.3901,1.1054) (0.1681,2.4425)","LG+F+I{0.0000}+R4{0.0459,0.0795,0.3959,0.3905,0.3901,1.1054,0.1681,2.4425}"
ENSB:HFuNgWU9G9Moh46,LG+I+G4,0.0162,1.2950,,LG+I{0.0162}+G4{1.2950}
ENSB:MA8yEczvvbKtfeh,LG+F+I+R4,0.0098,,"(0.2790,0.1763) (0.2731,0.5134) (0.2895,1.1142) (0.1486,3.2838)","LG+F+I{0.0098}+R4{0.2790,0.1763,0.2731,0.5134,0.2895,1.1142,0.1486,3.2838}"
ENSB:MA8yEczvvbKtfeh,LG+F+I+G4,0.0170,2.3878,,LG+F+I{0.0170}+G4{2.3878}
ENSB:MA8yEczvvbKtfeh,LG+F+I+G4,0.0070,1.2578,,LG+F+I{0.0070}+G4{1.2578}
ENSB:0CQ3atnpjIb9WIL,LG+I+G4,0.0740,1.1831,,LG+I{0.0740}+G4{1.1831}
ENSB:1VJotUwx6zjBkl_,LG+F+I+R3,0.0174,,"(0.0924,0.1516) (0.4511,0.6970) (0.4391,1.5295)","LG+F+I{0.0174}+R3{0.0924,0.1516,0.4511,0.6970,0.4391,1.5295}"
ENSB:-PpwQCR8sXoRAsy,LG+I+R4,0.0000,,"(0.1224,0.2478) (0.2241,0.5275) (0.3877,1.0441) (0.2659,1.6801)","LG+I{0.0000}+R4{0.1224,0.2478,0.2241,0.5275,0.3877,1.0441,0.2659,1.6801}"
ENSB:xhgc8HHMeyelx00,LG+I+R4,0.0000,,"(0.1224,0.2478) (0.2241,0.5275) (0.3877,1.0441) (0.2659,1.6801)","LG+I{0.0000}+R4{0.1224,0.2478,0.2241,0.5275,0.3877,1.0441,0.2659,1.6801}"
ENSB:MGsIpsR7X113SwB,LG+I+G4,0.0000,3.1809,,LG+I{0.0000}+G4{3.1809}
ENSB:Jv9-443-WM0jB0V,LG+I+G4,0.0376,2.4435,,LG+I{0.0376}+G4{2.4435}
ENSB:U-T1IPJYG70Gn8h,LG+F+I+G4,0.0000,1.4082,,LG+F+I{0.0000}+G4{1.4082}
ENSB:Jv9-443-WM0jB0V,LG+I+G4,0.0409,2.4529,,LG+I{0.0409}+G4{2.4529}
ENSB:NBbxLubA-wZIUMB,LG+I+R4,0.0029,,"(0.1347,0.0299) (0.1618,0.3209) (0.2514,0.6846) (0.4493,1.7183)","LG+I{0.0029}+R4{0.1347,0.0299,0.1618,0.3209,0.2514,0.6846,0.4493,1.7183}"
ENSB:wi-eU2KcC7lxZdd,LG+I+G4,0.0212,1.2467,,LG+I{0.0212}+G4{1.2467}
ENSB:AIp9BpgIwCTUcc_,LG+I+G4,0.0212,1.2467,,LG+I{0.0212}+G4{1.2467}
ENSB:yOH7BoNjn9rw4Pu,LG+I+G4,0.0212,1.2467,,LG+I{0.0212}+G4{1.2467}
ENSB:pVpOgo7YrnEGJg5,LG+I+G4,0.0179,1.2620,,LG+I{0.0179}+G4{1.2620}
ENSB:Jv9-443-WM0jB0V,LG+F+I+G4,0.0000,2.3153,,LG+F+I{0.0000}+G4{2.3153}
ENSB:qN2AnxgFCYgJHYr,LG+I+R4,0.0000,,"(0.0505,0.0223) (0.1466,0.3385) (0.5598,0.8947) (0.2431,1.8445)","LG+I{0.0000}+R4{0.0505,0.0223,0.1466,0.3385,0.5598,0.8947,0.2431,1.8445}"
ENSB:3r3pABV3-ps1Ukm,LG+I+G4,0.0659,0.9400,,LG+I{0.0659}+G4{0.9400}
ENSB:x5ofowhLDGEfyVm,LG+I+G4,0.1174,0.6613,,LG+I{0.1174}+G4{0.6613}
ENSB:x5ofowhLDGEfyVm,LG+I+G4,0.0946,1.1676,,LG+I{0.0946}+G4{1.1676}
ENSB:OcgjgYzw85QuTQz,LG+I+R4,0.0299,,"(0.1253,0.0583) (0.2550,0.3143) (0.2284,0.7805) (0.3613,2.0321)","LG+I{0.0299}+R4{0.1253,0.0583,0.2550,0.3143,0.2284,0.7805,0.3613,2.0321}"
ENSB:c8ZTP6bwsDd88Xv,LG+I+R4,0.0299,,"(0.1253,0.0583) (0.2550,0.3143) (0.2284,0.7805) (0.3613,2.0321)","LG+I{0.0299}+R4{0.1253,0.0583,0.2550,0.3143,0.2284,0.7805,0.3613,2.0321}"
ENSB:QnRkqc0GcF-LBTR,LG+I+G4,0.0187,2.4900,,LG+I{0.0187}+G4{2.4900}
ENSB:MIGXXVO4g209c2v,LG+I+G4,0.0161,2.0813,,LG+I{0.0161}+G4{2.0813}
ENSB:zs0cVyWJXiuXMbg,LG+I+G4,0.0161,2.0813,,LG+I{0.0161}+G4{2.0813}
ENSB:hO8CwytxJqGgyOC,LG+I+G4,0.0161,2.0813,,LG+I{0.0161}+G4{2.0813}
ENSB:4e-t4T88YSosZme,LG+I+G4,0.0161,2.0813,,LG+I{0.0161}+G4{2.0813}
ENSB:-7UvX-Ms78kPy16,LG+I+G4,0.0161,2.0813,,LG+I{0.0161}+G4{2.0813}
ENSB:DcjTZlgynX1oS0G,LG+I+G4,0.0000,1.5963,,LG+I{0.0000}+G4{1.5963}
ENSB:qGCmlEcMxkef_k6,LG+F+I+G4,0.0235,2.2012,,LG+F+I{0.0235}+G4{2.2012}
ENSB:k-RWS6ofKMIhK9x,LG+F+I+R4,0.0000,,"(0.1691,0.2540) (0.2176,0.4818) (0.3449,1.0289) (0.2685,1.8526)","LG+F+I{0.0000}+R4{0.1691,0.2540,0.2176,0.4818,0.3449,1.0289,0.2685,1.8526}"
ENSB:9q1YibVA3U9mQoL,LG+I+R4,0.0000,,"(0.0896,0.1329) (0.1852,0.4888) (0.4178,0.9762) (0.3075,1.5929)","LG+I{0.0000}+R4{0.0896,0.1329,0.1852,0.4888,0.4178,0.9762,0.3075,1.5929}"
ENSB:WSTP1XQlm2KsX5K,LG+F+I+G4,0.0163,1.4439,,LG+F+I{0.0163}+G4{1.4439}
ENSB:8ZfMgBC7ZdgGEbe,LG+I+R4,0.0000,,"(0.0870,0.0647) (0.2341,0.3782) (0.5119,1.1559) (0.1670,1.8811)","LG+I{0.0000}+R4{0.0870,0.0647,0.2341,0.3782,0.5119,1.1559,0.1670,1.8811}"
ENSB:7Zz-M5P8m_vZh0b,LG+I+G4,0.0465,0.8361,,LG+I{0.0465}+G4{0.8361}
ENSB:7Zz-M5P8m_vZh0b,LG+I+G4,0.0465,0.8361,,LG+I{0.0465}+G4{0.8361}
ENSB:gMHwkva2n6suNAP,LG+I+R4,0.0213,,"(0.1939,0.1411) (0.2588,0.5248) (0.3073,1.1645) (0.2188,2.1893)","LG+I{0.0213}+R4{0.1939,0.1411,0.2588,0.5248,0.3073,1.1645,0.2188,2.1893}"
ENSB:VfsgTgmXCr8R9Cw,LG+I+R4,0.0213,,"(0.1939,0.1411) (0.2588,0.5248) (0.3073,1.1645) (0.2188,2.1893)","LG+I{0.0213}+R4{0.1939,0.1411,0.2588,0.5248,0.3073,1.1645,0.2188,2.1893}"
ENSB:o0zoOZb5tl8A0jO,LG+I+R4,0.0213,,"(0.1939,0.1411) (0.2588,0.5248) (0.3073,1.1645) (0.2188,2.1893)","LG+I{0.0213}+R4{0.1939,0.1411,0.2588,0.5248,0.3073,1.1645,0.2188,2.1893}"
ENSB:Radbd_-O6fr7Tlz,LG+I+R4,0.0213,,"(0.1939,0.1411) (0.2588,0.5248) (0.3073,1.1645) (0.2188,2.1893)","LG+I{0.0213}+R4{0.1939,0.1411,0.2588,0.5248,0.3073,1.1645,0.2188,2.1893}"
ENSB:rRb2qVnCWr83dvj,LG+I+R4,0.0213,,"(0.1939,0.1411) (0.2588,0.5248) (0.3073,1.1645) (0.2188,2.1893)","LG+I{0.0213}+R4{0.1939,0.1411,0.2588,0.5248,0.3073,1.1645,0.2188,2.1893}"
ENSB:Ck5icONds9hqc1d,LG+I+R4,0.0213,,"(0.1939,0.1411) (0.2588,0.5248) (0.3073,1.1645) (0.2188,2.1893)","LG+I{0.0213}+R4{0.1939,0.1411,0.2588,0.5248,0.3073,1.1645,0.2188,2.1893}"
ENSB:HfWpjSIidKwf-Xh,LG+I+R4,0.0213,,"(0.1939,0.1411) (0.2588,0.5248) (0.3073,1.1645) (0.2188,2.1893)","LG+I{0.0213}+R4{0.1939,0.1411,0.2588,0.5248,0.3073,1.1645,0.2188,2.1893}"
ENSB:9tr5sweah_jgyeg,LG+I+R4,0.0213,,"(0.1939,0.1411) (0.2588,0.5248) (0.3073,1.1645) (0.2188,2.1893)","LG+I{0.0213}+R4{0.1939,0.1411,0.2588,0.5248,0.3073,1.1645,0.2188,2.1893}"
ENSB:Iaab_HT1uvn49LJ,LG+I+R4,0.0213,,"(0.1939,0.1411) (0.2588,0.5248) (0.3073,1.1645) (0.2188,2.1893)","LG+I{0.0213}+R4{0.1939,0.1411,0.2588,0.5248,0.3073,1.1645,0.2188,2.1893}"
ENSB:v_A8K3gi4NwhzGa,LG+I+R4,0.0213,,"(0.1939,0.1411) (0.2588,0.5248) (0.3073,1.1645) (0.2188,2.1893)","LG+I{0.0213}+R4{0.1939,0.1411,0.2588,0.5248,0.3073,1.1645,0.2188,2.1893}"
ENSB:63hxmaiiRl6nywK,LG+I+R4,0.0213,,"(0.1939,0.1411) (0.2588,0.5248) (0.3073,1.1645) (0.2188,2.1893)","LG+I{0.0213}+R4{0.1939,0.1411,0.2588,0.5248,0.3073,1.1645,0.2188,2.1893}"
ENSB:81jma_czPaIpXhz,LG+I+R4,0.0213,,"(0.1939,0.1411) (0.2588,0.5248) (0.3073,1.1645) (0.2188,2.1893)","LG+I{0.0213}+R4{0.1939,0.1411,0.2588,0.5248,0.3073,1.1645,0.2188,2.1893}"
ENSB:j6ZwkpscVMdspEq,LG+I+R4,0.0213,,"(0.1939,0.1411) (0.2588,0.5248) (0.3073,1.1645) (0.2188,2.1893)","LG+I{0.0213}+R4{0.1939,0.1411,0.2588,0.5248,0.3073,1.1645,0.2188,2.1893}"
ENSB:af-_bZ7Dittc6nI,LG+I+G4,0.0279,1.5270,,LG+I{0.0279}+G4{1.5270}
ENSB:K85M4DvGJfo-aUi,JTT+G4,,1.1209,,JTT+G4{1.1209}
