file,model,I,alpha,rates,alisim_model
HVO_0203,LG+I+R4,0.0000,,"(0.0703,0.0977) (0.3175,0.4526) (0.3792,0.9957) (0.2331,2.0244)","LG+I{0.0000}+R4{0.0703,0.0977,0.3175,0.4526,0.3792,0.9957,0.2331,2.0244}"
HVO_0145,LG+I+R4,0.0000,,"(0.0703,0.0977) (0.3175,0.4526) (0.3792,0.9957) (0.2331,2.0244)","LG+I{0.0000}+R4{0.0703,0.0977,0.3175,0.4526,0.3792,0.9957,0.2331,2.0244}"
HVO_1957,LG+I+R4,0.0000,,"(0.0703,0.0977) (0.3175,0.4526) (0.3792,0.9957) (0.2331,2.0244)","LG+I{0.0000}+R4{0.0703,0.0977,0.3175,0.4526,0.3792,0.9957,0.2331,2.0244}"
HVO_1907,LG+I+R4,0.0000,,"(0.0703,0.0977) (0.3175,0.4526) (0.3792,0.9957) (0.2331,2.0244)","LG+I{0.0000}+R4{0.0703,0.0977,0.3175,0.4526,0.3792,0.9957,0.2331,2.0244}"
HVO_2427,LG+I+R4,0.0000,,"(0.0703,0.0977) (0.3175,0.4526) (0.3792,0.9957) (0.2331,2.0244)","LG+I{0.0000}+R4{0.0703,0.0977,0.3175,0.4526,0.3792,0.9957,0.2331,2.0244}"
HVO_2700,LG+I+R4,0.0000,,"(0.0703,0.0977) (0.3175,0.4526) (0.3792,0.9957) (0.2331,2.0244)","LG+I{0.0000}+R4{0.0703,0.0977,0.3175,0.4526,0.3792,0.9957,0.2331,2.0244}"
HVO_2700,LG+I+R4,0.0000,,"(0.0703,0.0977) (0.3175,0.4526) (0.3792,0.9957) (0.2331,2.0244)","LG+I{0.0000}+R4{0.0703,0.0977,0.3175,0.4526,0.3792,0.9957,0.2331,2.0244}"
HVO_1327,LG+I+R4,0.0000,,"(0.0703,0.0977) (0.3175,0.4526) (0.3792,0.9957) (0.2331,2.0244)","LG+I{0.0000}+R4{0.0703,0.0977,0.3175,0.4526,0.3792,0.9957,0.2331,2.0244}"
HVO_1327,LG+I+R4,0.0000,,"(0.0703,0.0977) (0.3175,0.4526) (0.3792,0.9957) (0.2331,2.0244)","LG+I{0.0000}+R4{0.0703,0.0977,0.3175,0.4526,0.3792,0.9957,0.2331,2.0244}"
HVO_0850,LG+I+R4,0.0000,,"(0.0703,0.0977) (0.3175,0.4526) (0.3792,0.9957) (0.2331,2.0244)","LG+I{0.0000}+R4{0.0703,0.0977,0.3175,0.4526,0.3792,0.9957,0.2331,2.0244}"
HVO_2380,LG+I+R4,0.0000,,"(0.0703,0.0977) (0.3175,0.4526) (0.3792,0.9957) (0.2331,2.0244)","LG+I{0.0000}+R4{0.0703,0.0977,0.3175,0.4526,0.3792,0.9957,0.2331,2.0244}"
HVO_2380,LG+I+R4,0.0000,,"(0.0703,0.0977) (0.3175,0.4526) (0.3792,0.9957) (0.2331,2.0244)","LG+I{0.0000}+R4{0.0703,0.0977,0.3175,0.4526,0.3792,0.9957,0.2331,2.0244}"
HVO_C0074,LG+I+R4,0.0119,,"(0.0568,0.0760) (0.1945,0.3324) (0.3266,0.7964) (0.4102,1.6357)","LG+I{0.0119}+R4{0.0568,0.0760,0.1945,0.3324,0.3266,0.7964,0.4102,1.6357}"
HVO_C0074,LG+I+R4,0.0119,,"(0.0568,0.0760) (0.1945,0.3324) (0.3266,0.7964) (0.4102,1.6357)","LG+I{0.0119}+R4{0.0568,0.0760,0.1945,0.3324,0.3266,0.7964,0.4102,1.6357}"
HVO_B0090,LG+I+R4,0.0119,,"(0.0568,0.0760) (0.1945,0.3324) (0.3266,0.7964) (0.4102,1.6357)","LG+I{0.0119}+R4{0.0568,0.0760,0.1945,0.3324,0.3266,0.7964,0.4102,1.6357}"
HVO_B0331,LG+I+R4,0.0119,,"(0.0568,0.0760) (0.1945,0.3324) (0.3266,0.7964) (0.4102,1.6357)","LG+I{0.0119}+R4{0.0568,0.0760,0.1945,0.3324,0.3266,0.7964,0.4102,1.6357}"
HVO_B0190,LG+I+R4,0.0119,,"(0.0568,0.0760) (0.1945,0.3324) (0.3266,0.7964) (0.4102,1.6357)","LG+I{0.0119}+R4{0.0568,0.0760,0.1945,0.3324,0.3266,0.7964,0.4102,1.6357}"
HVO_B0024,LG+I+R4,0.0119,,"(0.0568,0.0760) (0.1945,0.3324) (0.3266,0.7964) (0.4102,1.6357)","LG+I{0.0119}+R4{0.0568,0.0760,0.1945,0.3324,0.3266,0.7964,0.4102,1.6357}"
HVO_B0024,LG+I+R4,0.0119,,"(0.0568,0.0760) (0.1945,0.3324) (0.3266,0.7964) (0.4102,1.6357)","LG+I{0.0119}+R4{0.0568,0.0760,0.1945,0.3324,0.3266,0.7964,0.4102,1.6357}"
HVO_B0089,LG+I+R4,0.0119,,"(0.0568,0.0760) (0.1945,0.3324) (0.3266,0.7964) (0.4102,1.6357)","LG+I{0.0119}+R4{0.0568,0.0760,0.1945,0.3324,0.3266,0.7964,0.4102,1.6357}"
HVO_B0037,LG+I+R4,0.0119,,"(0.0568,0.0760) (0.1945,0.3324) (0.3266,0.7964) (0.4102,1.6357)","LG+I{0.0119}+R4{0.0568,0.0760,0.1945,0.3324,0.3266,0.7964,0.4102,1.6357}"
HVO_B0125,LG+I+R4,0.0119,,"(0.0568,0.0760) (0.1945,0.3324) (0.3266,0.7964) (0.4102,1.6357)","LG+I{0.0119}+R4{0.0568,0.0760,0.1945,0.3324,0.3266,0.7964,0.4102,1.6357}"
HVO_B0316,LG+I+R4,0.0119,,"(0.0568,0.0760) (0.1945,0.3324) (0.3266,0.7964) (0.4102,1.6357)","LG+I{0.0119}+R4{0.0568,0.0760,0.1945,0.3324,0.3266,0.7964,0.4102,1.6357}"
HVO_B0316,LG+I+R4,0.0119,,"(0.0568,0.0760) (0.1945,0.3324) (0.3266,0.7964) (0.4102,1.6357)","LG+I{0.0119}+R4{0.0568,0.0760,0.1945,0.3324,0.3266,0.7964,0.4102,1.6357}"
HVO_B0221,LG+I+R4,0.0119,,"(0.0568,0.0760) (0.1945,0.3324) (0.3266,0.7964) (0.4102,1.6357)","LG+I{0.0119}+R4{0.0568,0.0760,0.1945,0.3324,0.3266,0.7964,0.4102,1.6357}"
HVO_B0038,LG+I+R4,0.0119,,"(0.0568,0.0760) (0.1945,0.3324) (0.3266,0.7964) (0.4102,1.6357)","LG+I{0.0119}+R4{0.0568,0.0760,0.1945,0.3324,0.3266,0.7964,0.4102,1.6357}"
HVO_B0079,LG+I+R4,0.0119,,"(0.0568,0.0760) (0.1945,0.3324) (0.3266,0.7964) (0.4102,1.6357)","LG+I{0.0119}+R4{0.0568,0.0760,0.1945,0.3324,0.3266,0.7964,0.4102,1.6357}"
HVO_B0295,LG+I+R4,0.0119,,"(0.0568,0.0760) (0.1945,0.3324) (0.3266,0.7964) (0.4102,1.6357)","LG+I{0.0119}+R4{0.0568,0.0760,0.1945,0.3324,0.3266,0.7964,0.4102,1.6357}"
HVO_B0227,LG+I+R4,0.0119,,"(0.0568,0.0760) (0.1945,0.3324) (0.3266,0.7964) (0.4102,1.6357)","LG+I{0.0119}+R4{0.0568,0.0760,0.1945,0.3324,0.3266,0.7964,0.4102,1.6357}"
HVO_B0220,LG+I+R4,0.0119,,"(0.0568,0.0760) (0.1945,0.3324) (0.3266,0.7964) (0.4102,1.6357)","LG+I{0.0119}+R4{0.0568,0.0760,0.1945,0.3324,0.3266,0.7964,0.4102,1.6357}"
HVO_B0078,LG+I+R4,0.0119,,"(0.0568,0.0760) (0.1945,0.3324) (0.3266,0.7964) (0.4102,1.6357)","LG+I{0.0119}+R4{0.0568,0.0760,0.1945,0.3324,0.3266,0.7964,0.4102,1.6357}"
HVO_B0109,LG+I+R4,0.0119,,"(0.0568,0.0760) (0.1945,0.3324) (0.3266,0.7964) (0.4102,1.6357)","LG+I{0.0119}+R4{0.0568,0.0760,0.1945,0.3324,0.3266,0.7964,0.4102,1.6357}"
HVO_B0134,LG+I+R4,0.0119,,"(0.0568,0.0760) (0.1945,0.3324) (0.3266,0.7964) (0.4102,1.6357)","LG+I{0.0119}+R4{0.0568,0.0760,0.1945,0.3324,0.3266,0.7964,0.4102,1.6357}"
HVO_B0332,LG+I+R4,0.0119,,"(0.0568,0.0760) (0.1945,0.3324) (0.3266,0.7964) (0.4102,1.6357)","LG+I{0.0119}+R4{0.0568,0.0760,0.1945,0.3324,0.3266,0.7964,0.4102,1.6357}"
HVO_B0177,LG+I+R4,0.0119,,"(0.0568,0.0760) (0.1945,0.3324) (0.3266,0.7964) (0.4102,1.6357)","LG+I{0.0119}+R4{0.0568,0.0760,0.1945,0.3324,0.3266,0.7964,0.4102,1.6357}"
HVO_B0177,LG+I+R4,0.0119,,"(0.0568,0.0760) (0.1945,0.3324) (0.3266,0.7964) (0.4102,1.6357)","LG+I{0.0119}+R4{0.0568,0.0760,0.1945,0.3324,0.3266,0.7964,0.4102,1.6357}"
HVO_A0425,LG+I+R4,0.0119,,"(0.0568,0.0760) (0.1945,0.3324) (0.3266,0.7964) (0.4102,1.6357)","LG+I{0.0119}+R4{0.0568,0.0760,0.1945,0.3324,0.3266,0.7964,0.4102,1.6357}"
HVO_A0515,LG+I+R4,0.0119,,"(0.0568,0.0760) (0.1945,0.3324) (0.3266,0.7964) (0.4102,1.6357)","LG+I{0.0119}+R4{0.0568,0.0760,0.1945,0.3324,0.3266,0.7964,0.4102,1.6357}"
HVO_A0384,LG+I+R4,0.0119,,"(0.0568,0.0760) (0.1945,0.3324) (0.3266,0.7964) (0.4102,1.6357)","LG+I{0.0119}+R4{0.0568,0.0760,0.1945,0.3324,0.3266,0.7964,0.4102,1.6357}"
HVO_A0610,LG+I+R4,0.0119,,"(0.0568,0.0760) (0.1945,0.3324) (0.3266,0.7964) (0.4102,1.6357)","LG+I{0.0119}+R4{0.0568,0.0760,0.1945,0.3324,0.3266,0.7964,0.4102,1.6357}"
HVO_A0491,LG+I+R4,0.0119,,"(0.0568,0.0760) (0.1945,0.3324) (0.3266,0.7964) (0.4102,1.6357)","LG+I{0.0119}+R4{0.0568,0.0760,0.1945,0.3324,0.3266,0.7964,0.4102,1.6357}"
HVO_A0145,LG+I+R4,0.0119,,"(0.0568,0.0760) (0.1945,0.3324) (0.3266,0.7964) (0.4102,1.6357)","LG+I{0.0119}+R4{0.0568,0.0760,0.1945,0.3324,0.3266,0.7964,0.4102,1.6357}"
HVO_A0293,LG+I+R4,0.0119,,"(0.0568,0.0760) (0.1945,0.3324) (0.3266,0.7964) (0.4102,1.6357)","LG+I{0.0119}+R4{0.0568,0.0760,0.1945,0.3324,0.3266,0.7964,0.4102,1.6357}"
HVO_A0294,LG+I+R4,0.0119,,"(0.0568,0.0760) (0.1945,0.3324) (0.3266,0.7964) (0.4102,1.6357)","LG+I{0.0119}+R4{0.0568,0.0760,0.1945,0.3324,0.3266,0.7964,0.4102,1.6357}"
HVO_A0383,LG+I+R4,0.0119,,"(0.0568,0.0760) (0.1945,0.3324) (0.3266,0.7964) (0.4102,1.6357)","LG+I{0.0119}+R4{0.0568,0.0760,0.1945,0.3324,0.3266,0.7964,0.4102,1.6357}"
HVO_A0580,LG+I+R4,0.0119,,"(0.0568,0.0760) (0.1945,0.3324) (0.3266,0.7964) (0.4102,1.6357)","LG+I{0.0119}+R4{0.0568,0.0760,0.1945,0.3324,0.3266,0.7964,0.4102,1.6357}"
HVO_A0177,LG+I+R4,0.0119,,"(0.0568,0.0760) (0.1945,0.3324) (0.3266,0.7964) (0.4102,1.6357)","LG+I{0.0119}+R4{0.0568,0.0760,0.1945,0.3324,0.3266,0.7964,0.4102,1.6357}"
HVO_A0323,LG+I+R4,0.0119,,"(0.0568,0.0760) (0.1945,0.3324) (0.3266,0.7964) (0.4102,1.6357)","LG+I{0.0119}+R4{0.0568,0.0760,0.1945,0.3324,0.3266,0.7964,0.4102,1.6357}"
HVO_A0281,LG+I+R4,0.0119,,"(0.0568,0.0760) (0.1945,0.3324) (0.3266,0.7964) (0.4102,1.6357)","LG+I{0.0119}+R4{0.0568,0.0760,0.1945,0.3324,0.3266,0.7964,0.4102,1.6357}"
HVO_A0336,LG+I+R4,0.0119,,"(0.0568,0.0760) (0.1945,0.3324) (0.3266,0.7964) (0.4102,1.6357)","LG+I{0.0119}+R4{0.0568,0.0760,0.1945,0.3324,0.3266,0.7964,0.4102,1.6357}"
HVO_A0336,LG+I+R4,0.0119,,"(0.0568,0.0760) (0.1945,0.3324) (0.3266,0.7964) (0.4102,1.6357)","LG+I{0.0119}+R4{0.0568,0.0760,0.1945,0.3324,0.3266,0.7964,0.4102,1.6357}"
HVO_A0426,LG+I+R4,0.0119,,"(0.0568,0.0760) (0.1945,0.3324) (0.3266,0.7964) (0.4102,1.6357)","LG+I{0.0119}+R4{0.0568,0.0760,0.1945,0.3324,0.3266,0.7964,0.4102,1.6357}"
HVO_A0579,LG+I+R4,0.0119,,"(0.0568,0.0760) (0.1945,0.3324) (0.3266,0.7964) (0.4102,1.6357)","LG+I{0.0119}+R4{0.0568,0.0760,0.1945,0.3324,0.3266,0.7964,0.4102,1.6357}"
HVO_A0480,LG+I+R4,0.0119,,"(0.0568,0.0760) (0.1945,0.3324) (0.3266,0.7964) (0.4102,1.6357)","LG+I{0.0119}+R4{0.0568,0.0760,0.1945,0.3324,0.3266,0.7964,0.4102,1.6357}"
HVO_A0514,LG+I+R4,0.0119,,"(0.0568,0.0760) (0.1945,0.3324) (0.3266,0.7964) (0.4102,1.6357)","LG+I{0.0119}+R4{0.0568,0.0760,0.1945,0.3324,0.3266,0.7964,0.4102,1.6357}"
HVO_0903,LG+I+R4,0.0119,,"(0.0568,0.0760) (0.1945,0.3324) (0.3266,0.7964) (0.4102,1.6357)","LG+I{0.0119}+R4{0.0568,0.0760,0.1945,0.3324,0.3266,0.7964,0.4102,1.6357}"
HVO_2123,LG+I+R4,0.0119,,"(0.0568,0.0760) (0.1945,0.3324) (0.3266,0.7964) (0.4102,1.6357)","LG+I{0.0119}+R4{0.0568,0.0760,0.1945,0.3324,0.3266,0.7964,0.4102,1.6357}"
HVO_1195,LG+I+R4,0.0119,,"(0.0568,0.0760) (0.1945,0.3324) (0.3266,0.7964) (0.4102,1.6357)","LG+I{0.0119}+R4{0.0568,0.0760,0.1945,0.3324,0.3266,0.7964,0.4102,1.6357}"
HVO_2692,LG+I+R4,0.0119,,"(0.0568,0.0760) (0.1945,0.3324) (0.3266,0.7964) (0.4102,1.6357)","LG+I{0.0119}+R4{0.0568,0.0760,0.1945,0.3324,0.3266,0.7964,0.4102,1.6357}"
HVO_0058,LG+I+R4,0.0119,,"(0.0568,0.0760) (0.1945,0.3324) (0.3266,0.7964) (0.4102,1.6357)","LG+I{0.0119}+R4{0.0568,0.0760,0.1945,0.3324,0.3266,0.7964,0.4102,1.6357}"
HVO_0446,LG+I+R4,0.0119,,"(0.0568,0.0760) (0.1945,0.3324) (0.3266,0.7964) (0.4102,1.6357)","LG+I{0.0119}+R4{0.0568,0.0760,0.1945,0.3324,0.3266,0.7964,0.4102,1.6357}"
HVO_0059,LG+I+R4,0.0119,,"(0.0568,0.0760) (0.1945,0.3324) (0.3266,0.7964) (0.4102,1.6357)","LG+I{0.0119}+R4{0.0568,0.0760,0.1945,0.3324,0.3266,0.7964,0.4102,1.6357}"
HVO_0534,LG+I+R4,0.0119,,"(0.0568,0.0760) (0.1945,0.3324) (0.3266,0.7964) (0.4102,1.6357)","LG+I{0.0119}+R4{0.0568,0.0760,0.1945,0.3324,0.3266,0.7964,0.4102,1.6357}"
HVO_1400,LG+I+R4,0.0119,,"(0.0568,0.0760) (0.1945,0.3324) (0.3266,0.7964) (0.4102,1.6357)","LG+I{0.0119}+R4{0.0568,0.0760,0.1945,0.3324,0.3266,0.7964,0.4102,1.6357}"
HVO_1400,LG+I+R4,0.0119,,"(0.0568,0.0760) (0.1945,0.3324) (0.3266,0.7964) (0.4102,1.6357)","LG+I{0.0119}+R4{0.0568,0.0760,0.1945,0.3324,0.3266,0.7964,0.4102,1.6357}"
HVO_1985,LG+I+R4,0.0119,,"(0.0568,0.0760) (0.1945,0.3324) (0.3266,0.7964) (0.4102,1.6357)","LG+I{0.0119}+R4{0.0568,0.0760,0.1945,0.3324,0.3266,0.7964,0.4102,1.6357}"
HVO_0891,LG+I+R4,0.0119,,"(0.0568,0.0760) (0.1945,0.3324) (0.3266,0.7964) (0.4102,1.6357)","LG+I{0.0119}+R4{0.0568,0.0760,0.1945,0.3324,0.3266,0.7964,0.4102,1.6357}"
HVO_1006,LG+I+R4,0.0119,,"(0.0568,0.0760) (0.1945,0.3324) (0.3266,0.7964) (0.4102,1.6357)","LG+I{0.0119}+R4{0.0568,0.0760,0.1945,0.3324,0.3266,0.7964,0.4102,1.6357}"
HVO_2163,LG+I+R4,0.0119,,"(0.0568,0.0760) (0.1945,0.3324) (0.3266,0.7964) (0.4102,1.6357)","LG+I{0.0119}+R4{0.0568,0.0760,0.1945,0.3324,0.3266,0.7964,0.4102,1.6357}"
HVO_0217,LG+I+R4,0.0119,,"(0.0568,0.0760) (0.1945,0.3324) (0.3266,0.7964) (0.4102,1.6357)","LG+I{0.0119}+R4{0.0568,0.0760,0.1945,0.3324,0.3266,0.7964,0.4102,1.6357}"
HVO_2032,LG+I+R4,0.0119,,"(0.0568,0.0760) (0.1945,0.3324) (0.3266,0.7964) (0.4102,1.6357)","LG+I{0.0119}+R4{0.0568,0.0760,0.1945,0.3324,0.3266,0.7964,0.4102,1.6357}"
HVO_2032,LG+I+R4,0.0119,,"(0.0568,0.0760) (0.1945,0.3324) (0.3266,0.7964) (0.4102,1.6357)","LG+I{0.0119}+R4{0.0568,0.0760,0.1945,0.3324,0.3266,0.7964,0.4102,1.6357}"
HVO_0424,LG+I+R4,0.0119,,"(0.0568,0.0760) (0.1945,0.3324) (0.3266,0.7964) (0.4102,1.6357)","LG+I{0.0119}+R4{0.0568,0.0760,0.1945,0.3324,0.3266,0.7964,0.4102,1.6357}"
HVO_0424,LG+I+R4,0.0119,,"(0.0568,0.0760) (0.1945,0.3324) (0.3266,0.7964) (0.4102,1.6357)","LG+I{0.0119}+R4{0.0568,0.0760,0.1945,0.3324,0.3266,0.7964,0.4102,1.6357}"
HVO_1196,LG+I+R4,0.0119,,"(0.0568,0.0760) (0.1945,0.3324) (0.3266,0.7964) (0.4102,1.6357)","LG+I{0.0119}+R4{0.0568,0.0760,0.1945,0.3324,0.3266,0.7964,0.4102,1.6357}"
HVO_0902,LG+I+R4,0.0119,,"(0.0568,0.0760) (0.1945,0.3324) (0.3266,0.7964) (0.4102,1.6357)","LG+I{0.0119}+R4{0.0568,0.0760,0.1945,0.3324,0.3266,0.7964,0.4102,1.6357}"
HVO_2443,LG+I+R4,0.0119,,"(0.0568,0.0760) (0.1945,0.3324) (0.3266,0.7964) (0.4102,1.6357)","LG+I{0.0119}+R4{0.0568,0.0760,0.1945,0.3324,0.3266,0.7964,0.4102,1.6357}"
HVO_3002,LG+I+R4,0.0119,,"(0.0568,0.0760) (0.1945,0.3324) (0.3266,0.7964) (0.4102,1.6357)","LG+I{0.0119}+R4{0.0568,0.0760,0.1945,0.3324,0.3266,0.7964,0.4102,1.6357}"
HVO_1601,LG+I+R4,0.0119,,"(0.0568,0.0760) (0.1945,0.3324) (0.3266,0.7964) (0.4102,1.6357)","LG+I{0.0119}+R4{0.0568,0.0760,0.1945,0.3324,0.3266,0.7964,0.4102,1.6357}"
HVO_2378,LG+I+R4,0.0119,,"(0.0568,0.0760) (0.1945,0.3324) (0.3266,0.7964) (0.4102,1.6357)","LG+I{0.0119}+R4{0.0568,0.0760,0.1945,0.3324,0.3266,0.7964,0.4102,1.6357}"
HVO_2430,LG+I+R4,0.0119,,"(0.0568,0.0760) (0.1945,0.3324) (0.3266,0.7964) (0.4102,1.6357)","LG+I{0.0119}+R4{0.0568,0.0760,0.1945,0.3324,0.3266,0.7964,0.4102,1.6357}"
HVO_1769,LG+I+R4,0.0119,,"(0.0568,0.0760) (0.1945,0.3324) (0.3266,0.7964) (0.4102,1.6357)","LG+I{0.0119}+R4{0.0568,0.0760,0.1945,0.3324,0.3266,0.7964,0.4102,1.6357}"
HVO_2800,LG+I+R4,0.0119,,"(0.0568,0.0760) (0.1945,0.3324) (0.3266,0.7964) (0.4102,1.6357)","LG+I{0.0119}+R4{0.0568,0.0760,0.1945,0.3324,0.3266,0.7964,0.4102,1.6357}"
HVO_0565,LG+I+R4,0.0119,,"(0.0568,0.0760) (0.1945,0.3324) (0.3266,0.7964) (0.4102,1.6357)","LG+I{0.0119}+R4{0.0568,0.0760,0.1945,0.3324,0.3266,0.7964,0.4102,1.6357}"
HVO_2083,LG+I+R4,0.0119,,"(0.0568,0.0760) (0.1945,0.3324) (0.3266,0.7964) (0.4102,1.6357)","LG+I{0.0119}+R4{0.0568,0.0760,0.1945,0.3324,0.3266,0.7964,0.4102,1.6357}"
HVO_2801,LG+I+R4,0.0119,,"(0.0568,0.0760) (0.1945,0.3324) (0.3266,0.7964) (0.4102,1.6357)","LG+I{0.0119}+R4{0.0568,0.0760,0.1945,0.3324,0.3266,0.7964,0.4102,1.6357}"
HVO_1886,LG+I+R4,0.0119,,"(0.0568,0.0760) (0.1945,0.3324) (0.3266,0.7964) (0.4102,1.6357)","LG+I{0.0119}+R4{0.0568,0.0760,0.1945,0.3324,0.3266,0.7964,0.4102,1.6357}"
HVO_1768,LG+I+R4,0.0119,,"(0.0568,0.0760) (0.1945,0.3324) (0.3266,0.7964) (0.4102,1.6357)","LG+I{0.0119}+R4{0.0568,0.0760,0.1945,0.3324,0.3266,0.7964,0.4102,1.6357}"
HVO_0859,LG+I+R4,0.0119,,"(0.0568,0.0760) (0.1945,0.3324) (0.3266,0.7964) (0.4102,1.6357)","LG+I{0.0119}+R4{0.0568,0.0760,0.1945,0.3324,0.3266,0.7964,0.4102,1.6357}"
HVO_2398,LG+I+R4,0.0119,,"(0.0568,0.0760) (0.1945,0.3324) (0.3266,0.7964) (0.4102,1.6357)","LG+I{0.0119}+R4{0.0568,0.0760,0.1945,0.3324,0.3266,0.7964,0.4102,1.6357}"
HVO_2122,LG+I+R4,0.0119,,"(0.0568,0.0760) (0.1945,0.3324) (0.3266,0.7964) (0.4102,1.6357)","LG+I{0.0119}+R4{0.0568,0.0760,0.1945,0.3324,0.3266,0.7964,0.4102,1.6357}"
HVO_2405,LG+I+R4,0.0119,,"(0.0568,0.0760) (0.1945,0.3324) (0.3266,0.7964) (0.4102,1.6357)","LG+I{0.0119}+R4{0.0568,0.0760,0.1945,0.3324,0.3266,0.7964,0.4102,1.6357}"
HVO_1443,LG+I+R4,0.0119,,"(0.0568,0.0760) (0.1945,0.3324) (0.3266,0.7964) (0.4102,1.6357)","LG+I{0.0119}+R4{0.0568,0.0760,0.1945,0.3324,0.3266,0.7964,0.4102,1.6357}"
HVO_1112,LG+I+R4,0.0119,,"(0.0568,0.0760) (0.1945,0.3324) (0.3266,0.7964) (0.4102,1.6357)","LG+I{0.0119}+R4{0.0568,0.0760,0.1945,0.3324,0.3266,0.7964,0.4102,1.6357}"
HVO_0506,LG+I+R4,0.0119,,"(0.0568,0.0760) (0.1945,0.3324) (0.3266,0.7964) (0.4102,1.6357)","LG+I{0.0119}+R4{0.0568,0.0760,0.1945,0.3324,0.3266,0.7964,0.4102,1.6357}"
HVO_0020,LG+I+R4,0.0119,,"(0.0568,0.0760) (0.1945,0.3324) (0.3266,0.7964) (0.4102,1.6357)","LG+I{0.0119}+R4{0.0568,0.0760,0.1945,0.3324,0.3266,0.7964,0.4102,1.6357}"
HVO_2444,LG+I+R4,0.0119,,"(0.0568,0.0760) (0.1945,0.3324) (0.3266,0.7964) (0.4102,1.6357)","LG+I{0.0119}+R4{0.0568,0.0760,0.1945,0.3324,0.3266,0.7964,0.4102,1.6357}"
HVO_1760,LG+I+R4,0.0119,,"(0.0568,0.0760) (0.1945,0.3324) (0.3266,0.7964) (0.4102,1.6357)","LG+I{0.0119}+R4{0.0568,0.0760,0.1945,0.3324,0.3266,0.7964,0.4102,1.6357}"
HVO_2118,LG+I+R4,0.0119,,"(0.0568,0.0760) (0.1945,0.3324) (0.3266,0.7964) (0.4102,1.6357)","LG+I{0.0119}+R4{0.0568,0.0760,0.1945,0.3324,0.3266,0.7964,0.4102,1.6357}"
HVO_1707,LG+I+R4,0.0119,,"(0.0568,0.0760) (0.1945,0.3324) (0.3266,0.7964) (0.4102,1.6357)","LG+I{0.0119}+R4{0.0568,0.0760,0.1945,0.3324,0.3266,0.7964,0.4102,1.6357}"
HVO_0627,LG+I+R4,0.0119,,"(0.0568,0.0760) (0.1945,0.3324) (0.3266,0.7964) (0.4102,1.6357)","LG+I{0.0119}+R4{0.0568,0.0760,0.1945,0.3324,0.3266,0.7964,0.4102,1.6357}"
HVO_0627,LG+I+R4,0.0119,,"(0.0568,0.0760) (0.1945,0.3324) (0.3266,0.7964) (0.4102,1.6357)","LG+I{0.0119}+R4{0.0568,0.0760,0.1945,0.3324,0.3266,0.7964,0.4102,1.6357}"
HVO_0317,LG+I+G4,0.0083,1.0956,,LG+I{0.0083}+G4{1.0956}
HVO_0316,LG+I+G4,0.0083,1.0956,,LG+I{0.0083}+G4{1.0956}
HVO_2413,LG+I+R4,0.0129,,"(0.0933,0.0898) (0.2267,0.3423) (0.3319,0.8373) (0.3353,1.8972)","LG+I{0.0129}+R4{0.0933,0.0898,0.2267,0.3423,0.3319,0.8373,0.3353,1.8972}"
HVO_0356,LG+I+R4,0.0129,,"(0.0933,0.0898) (0.2267,0.3423) (0.3319,0.8373) (0.3353,1.8972)","LG+I{0.0129}+R4{0.0933,0.0898,0.2267,0.3423,0.3319,0.8373,0.3353,1.8972}"
HVO_1963,LG+I+R4,0.0129,,"(0.0933,0.0898) (0.2267,0.3423) (0.3319,0.8373) (0.3353,1.8972)","LG+I{0.0129}+R4{0.0933,0.0898,0.2267,0.3423,0.3319,0.8373,0.3353,1.8972}"
HVO_2575,LG+I+R4,0.0129,,"(0.0933,0.0898) (0.2267,0.3423) (0.3319,0.8373) (0.3353,1.8972)","LG+I{0.0129}+R4{0.0933,0.0898,0.2267,0.3423,0.3319,0.8373,0.3353,1.8972}"
HVO_0359,LG+I+R4,0.0129,,"(0.0933,0.0898) (0.2267,0.3423) (0.3319,0.8373) (0.3353,1.8972)","LG+I{0.0129}+R4{0.0933,0.0898,0.2267,0.3423,0.3319,0.8373,0.3353,1.8972}"
HVO_1901,LG+I+R4,0.0129,,"(0.0933,0.0898) (0.2267,0.3423) (0.3319,0.8373) (0.3353,1.8972)","LG+I{0.0129}+R4{0.0933,0.0898,0.2267,0.3423,0.3319,0.8373,0.3353,1.8972}"
HVO_2303,LG+I+G4,0.0139,2.3468,,LG+I{0.0139}+G4{2.3468}
HVO_0450,LG+I+G4,0.0139,2.3468,,LG+I{0.0139}+G4{2.3468}
HVO_0451,LG+I+G4,0.0139,2.3468,,LG+I{0.0139}+G4{2.3468}
HVO_0766,LG+I+G4,0.0139,2.3468,,LG+I{0.0139}+G4{2.3468}
HVO_0134,LG+I+G4,0.0000,2.8148,,LG+I{0.0000}+G4{2.8148}
HVO_0970,LG+I+G4,0.0018,1.2616,,LG+I{0.0018}+G4{1.2616}
HVO_B0162,LG+F+I+R4,0.0150,,"(0.1137,0.0826) (0.2131,0.3676) (0.3274,0.9294) (0.3309,1.8376)","LG+F+I{0.0150}+R4{0.1137,0.0826,0.2131,0.3676,0.3274,0.9294,0.3309,1.8376}"
HVO_2654,LG+F+I+R4,0.0150,,"(0.1137,0.0826) (0.2131,0.3676) (0.3274,0.9294) (0.3309,1.8376)","LG+F+I{0.0150}+R4{0.1137,0.0826,0.2131,0.3676,0.3274,0.9294,0.3309,1.8376}"
HVO_0841,LG+F+I+R4,0.0150,,"(0.1137,0.0826) (0.2131,0.3676) (0.3274,0.9294) (0.3309,1.8376)","LG+F+I{0.0150}+R4{0.1137,0.0826,0.2131,0.3676,0.3274,0.9294,0.3309,1.8376}"
HVO_0842,LG+F+I+G4,0.0039,1.4055,,LG+F+I{0.0039}+G4{1.4055}
HVO_B0364,LG+I+G4,0.1250,1.7448,,LG+I{0.1250}+G4{1.7448}
HVO_2729,LG+I+G4,0.1250,1.7448,,LG+I{0.1250}+G4{1.7448}
HVO_A0325,LG+I+R4,0.0000,,"(0.0629,0.1523) (0.1022,0.4428) (0.2684,0.6999) (0.5665,1.3369)","LG+I{0.0000}+R4{0.0629,0.1523,0.1022,0.4428,0.2684,0.6999,0.5665,1.3369}"
HVO_0481,LG+I+R4,0.0049,,"(0.1162,0.0734) (0.2553,0.3938) (0.3066,0.9160) (0.3170,1.9243)","LG+I{0.0049}+R4{0.1162,0.0734,0.2553,0.3938,0.3066,0.9160,0.3170,1.9243}"
HVO_3007,LG+I+G4,0.0247,1.7642,,LG+I{0.0247}+G4{1.7642}
HVO_0214,LG+I+G4,0.0247,1.7642,,LG+I{0.0247}+G4{1.7642}
HVO_1558,LG+F+I+R4,0.0108,,"(0.0332,0.1282) (0.1978,0.4093) (0.3657,0.8472) (0.3925,1.5415)","LG+F+I{0.0108}+R4{0.0332,0.1282,0.1978,0.4093,0.3657,0.8472,0.3925,1.5415}"
HVO_0038,LG+F+I+R4,0.0108,,"(0.0332,0.1282) (0.1978,0.4093) (0.3657,0.8472) (0.3925,1.5415)","LG+F+I{0.0108}+R4{0.0332,0.1282,0.1978,0.4093,0.3657,0.8472,0.3925,1.5415}"
HVO_B0154,LG+I+G4,0.0154,2.0987,,LG+I{0.0154}+G4{2.0987}
HVO_B0143,LG+I+G4,0.0154,2.0987,,LG+I{0.0154}+G4{2.0987}
HVO_B0272,LG+I+G4,0.0154,2.0987,,LG+I{0.0154}+G4{2.0987}
HVO_B0153B,LG+I+G4,0.0154,2.0987,,LG+I{0.0154}+G4{2.0987}
HVO_A0587,LG+I+G4,0.0154,2.0987,,LG+I{0.0154}+G4{2.0987}
HVO_A0540,LG+I+G4,0.0154,2.0987,,LG+I{0.0154}+G4{2.0987}
HVO_2025,LG+I+G4,0.0154,2.0987,,LG+I{0.0154}+G4{2.0987}
HVO_1713,LG+I+G4,0.0154,2.0987,,LG+I{0.0154}+G4{2.0987}
HVO_1357,LG+I+G4,0.0154,2.0987,,LG+I{0.0154}+G4{2.0987}
HVO_1224,LG+I+G4,0.0154,2.0987,,LG+I{0.0154}+G4{2.0987}
HVO_0301,LG+I+G4,0.0154,2.0987,,LG+I{0.0154}+G4{2.0987}
HVO_1271,LG+I+G4,0.0154,2.0987,,LG+I{0.0154}+G4{2.0987}
HVO_2838,LG+I+G4,0.0154,2.0987,,LG+I{0.0154}+G4{2.0987}
HVO_1358,LG+I+G4,0.0154,2.0987,,LG+I{0.0154}+G4{2.0987}
HVO_1207,LG+I+G4,0.0154,2.0987,,LG+I{0.0154}+G4{2.0987}
HVO_1456,LG+I+G4,0.0154,2.0987,,LG+I{0.0154}+G4{2.0987}
HVO_2306,LG+I+G4,0.0154,2.0987,,LG+I{0.0154}+G4{2.0987}
HVO_2316,LG+I+R4,0.0020,,"(0.0792,0.1194) (0.2124,0.3985) (0.2585,0.8746) (0.4479,1.5177)","LG+I{0.0020}+R4{0.0792,0.1194,0.2124,0.3985,0.2585,0.8746,0.4479,1.5177}"
HVO_A0475,LG+I+G4,0.0648,1.5996,,LG+I{0.0648}+G4{1.5996}
HVO_2913,LG+I+G4,0.0648,1.5996,,LG+I{0.0648}+G4{1.5996}
HVO_0905,LG+I+G4,0.0233,1.7895,,LG+I{0.0233}+G4{1.7895}
HVO_1342,LG+I+G4,0.0233,1.7895,,LG+I{0.0233}+G4{1.7895}
HVO_2786,LG+I+G4,0.0233,1.7895,,LG+I{0.0233}+G4{1.7895}
HVO_0438,LG+I+G4,0.0233,1.7895,,LG+I{0.0233}+G4{1.7895}
HVO_0964,LG+I+G4,0.0233,1.7895,,LG+I{0.0233}+G4{1.7895}
HVO_A0035,LG+I+R4,0.0062,,"(0.0497,0.0958) (0.2173,0.4197) (0.3994,0.8604) (0.3274,1.7115)","LG+I{0.0062}+R4{0.0497,0.0958,0.2173,0.4197,0.3994,0.8604,0.3274,1.7115}"
HVO_0581,LG+I+R4,0.0062,,"(0.0497,0.0958) (0.2173,0.4197) (0.3994,0.8604) (0.3274,1.7115)","LG+I{0.0062}+R4{0.0497,0.0958,0.2173,0.4197,0.3994,0.8604,0.3274,1.7115}"
HVO_2068,LG+I+R4,0.0062,,"(0.0497,0.0958) (0.2173,0.4197) (0.3994,0.8604) (0.3274,1.7115)","LG+I{0.0062}+R4{0.0497,0.0958,0.2173,0.4197,0.3994,0.8604,0.3274,1.7115}"
HVO_0717,LG+I+R4,0.0062,,"(0.0497,0.0958) (0.2173,0.4197) (0.3994,0.8604) (0.3274,1.7115)","LG+I{0.0062}+R4{0.0497,0.0958,0.2173,0.4197,0.3994,0.8604,0.3274,1.7115}"
HVO_2204,LG+I+R4,0.0062,,"(0.0497,0.0958) (0.2173,0.4197) (0.3994,0.8604) (0.3274,1.7115)","LG+I{0.0062}+R4{0.0497,0.0958,0.2173,0.4197,0.3994,0.8604,0.3274,1.7115}"
HVO_2013,LG+I+R4,0.0062,,"(0.0497,0.0958) (0.2173,0.4197) (0.3994,0.8604) (0.3274,1.7115)","LG+I{0.0062}+R4{0.0497,0.0958,0.2173,0.4197,0.3994,0.8604,0.3274,1.7115}"
HVO_1113,LG+I+R4,0.0062,,"(0.0497,0.0958) (0.2173,0.4197) (0.3994,0.8604) (0.3274,1.7115)","LG+I{0.0062}+R4{0.0497,0.0958,0.2173,0.4197,0.3994,0.8604,0.3274,1.7115}"
HVO_0745,LG+I+R4,0.0062,,"(0.0497,0.0958) (0.2173,0.4197) (0.3994,0.8604) (0.3274,1.7115)","LG+I{0.0062}+R4{0.0497,0.0958,0.2173,0.4197,0.3994,0.8604,0.3274,1.7115}"
HVO_1260,LG+I+R4,0.0000,,"(0.0325,0.1290) (0.2391,0.4350) (0.3477,0.8919) (0.3808,1.5276)","LG+I{0.0000}+R4{0.0325,0.1290,0.2391,0.4350,0.3477,0.8919,0.3808,1.5276}"
HVO_B0248,LG+I+R4,0.0087,,"(0.1202,0.1493) (0.2603,0.4964) (0.3715,1.0041) (0.2394,2.0045)","LG+I{0.0087}+R4{0.1202,0.1493,0.2603,0.4964,0.3715,1.0041,0.2394,2.0045}"
HVO_B0031,LG+I+R4,0.0087,,"(0.1202,0.1493) (0.2603,0.4964) (0.3715,1.0041) (0.2394,2.0045)","LG+I{0.0087}+R4{0.1202,0.1493,0.2603,0.4964,0.3715,1.0041,0.2394,2.0045}"
HVO_B0128,LG+I+R4,0.0087,,"(0.1202,0.1493) (0.2603,0.4964) (0.3715,1.0041) (0.2394,2.0045)","LG+I{0.0087}+R4{0.1202,0.1493,0.2603,0.4964,0.3715,1.0041,0.2394,2.0045}"
HVO_1311,LG+I+R4,0.0087,,"(0.1202,0.1493) (0.2603,0.4964) (0.3715,1.0041) (0.2394,2.0045)","LG+I{0.0087}+R4{0.1202,0.1493,0.2603,0.4964,0.3715,1.0041,0.2394,2.0045}"
HVO_2504,LG+I+R4,0.0087,,"(0.1202,0.1493) (0.2603,0.4964) (0.3715,1.0041) (0.2394,2.0045)","LG+I{0.0087}+R4{0.1202,0.1493,0.2603,0.4964,0.3715,1.0041,0.2394,2.0045}"
HVO_2529,LG+I+R4,0.0087,,"(0.1202,0.1493) (0.2603,0.4964) (0.3715,1.0041) (0.2394,2.0045)","LG+I{0.0087}+R4{0.1202,0.1493,0.2603,0.4964,0.3715,1.0041,0.2394,2.0045}"
HVO_0725,LG+I+R4,0.0087,,"(0.1202,0.1493) (0.2603,0.4964) (0.3715,1.0041) (0.2394,2.0045)","LG+I{0.0087}+R4{0.1202,0.1493,0.2603,0.4964,0.3715,1.0041,0.2394,2.0045}"
HVO_2590,LG+I+R4,0.0087,,"(0.1202,0.1493) (0.2603,0.4964) (0.3715,1.0041) (0.2394,2.0045)","LG+I{0.0087}+R4{0.1202,0.1493,0.2603,0.4964,0.3715,1.0041,0.2394,2.0045}"
HVO_B0025,LG+I+R4,0.0000,,"(0.0936,0.2029) (0.1929,0.4609) (0.3346,0.8825) (0.3789,1.5751)","LG+I{0.0000}+R4{0.0936,0.2029,0.1929,0.4609,0.3346,0.8825,0.3789,1.5751}"
HVO_B0071,LG+I+R4,0.0000,,"(0.0936,0.2029) (0.1929,0.4609) (0.3346,0.8825) (0.3789,1.5751)","LG+I{0.0000}+R4{0.0936,0.2029,0.1929,0.4609,0.3346,0.8825,0.3789,1.5751}"
HVO_B0239,LG+I+R4,0.0000,,"(0.0936,0.2029) (0.1929,0.4609) (0.3346,0.8825) (0.3789,1.5751)","LG+I{0.0000}+R4{0.0936,0.2029,0.1929,0.4609,0.3346,0.8825,0.3789,1.5751}"
HVO_B0110,LG+I+R4,0.0000,,"(0.0936,0.2029) (0.1929,0.4609) (0.3346,0.8825) (0.3789,1.5751)","LG+I{0.0000}+R4{0.0936,0.2029,0.1929,0.4609,0.3346,0.8825,0.3789,1.5751}"
HVO_1047,LG+I+R4,0.0000,,"(0.0936,0.2029) (0.1929,0.4609) (0.3346,0.8825) (0.3789,1.5751)","LG+I{0.0000}+R4{0.0936,0.2029,0.1929,0.4609,0.3346,0.8825,0.3789,1.5751}"
HVO_2428,LG+I+R4,0.0000,,"(0.0936,0.2029) (0.1929,0.4609) (0.3346,0.8825) (0.3789,1.5751)","LG+I{0.0000}+R4{0.0936,0.2029,0.1929,0.4609,0.3346,0.8825,0.3789,1.5751}"
HVO_2643,LG+I+R4,0.0000,,"(0.0936,0.2029) (0.1929,0.4609) (0.3346,0.8825) (0.3789,1.5751)","LG+I{0.0000}+R4{0.0936,0.2029,0.1929,0.4609,0.3346,0.8825,0.3789,1.5751}"
HVO_1283,LG+I+R4,0.0000,,"(0.0936,0.2029) (0.1929,0.4609) (0.3346,0.8825) (0.3789,1.5751)","LG+I{0.0000}+R4{0.0936,0.2029,0.1929,0.4609,0.3346,0.8825,0.3789,1.5751}"
HVO_2095,LG+I+R4,0.0000,,"(0.0936,0.2029) (0.1929,0.4609) (0.3346,0.8825) (0.3789,1.5751)","LG+I{0.0000}+R4{0.0936,0.2029,0.1929,0.4609,0.3346,0.8825,0.3789,1.5751}"
HVO_0608,LG+I+R4,0.0000,,"(0.0936,0.2029) (0.1929,0.4609) (0.3346,0.8825) (0.3789,1.5751)","LG+I{0.0000}+R4{0.0936,0.2029,0.1929,0.4609,0.3346,0.8825,0.3789,1.5751}"
HVO_A0522,LG+I+G4,0.0123,1.5123,,LG+I{0.0123}+G4{1.5123}
HVO_1914,LG+I+G4,0.0123,1.5123,,LG+I{0.0123}+G4{1.5123}
HVO_0835,LG+I+G4,0.0123,1.5123,,LG+I{0.0123}+G4{1.5123}
HVO_1025,LG+I+G4,0.0123,1.5123,,LG+I{0.0123}+G4{1.5123}
HVO_B0308,LG+I+R4,0.0202,,"(0.0754,0.3042) (0.2128,0.5427) (0.3786,0.9640) (0.3129,1.5868)","LG+I{0.0202}+R4{0.0754,0.3042,0.2128,0.5427,0.3786,0.9640,0.3129,1.5868}"
HVO_2995,LG+I+R4,0.0202,,"(0.0754,0.3042) (0.2128,0.5427) (0.3786,0.9640) (0.3129,1.5868)","LG+I{0.0202}+R4{0.0754,0.3042,0.2128,0.5427,0.3786,0.9640,0.3129,1.5868}"
HVO_1721,LG+I+R4,0.0202,,"(0.0754,0.3042) (0.2128,0.5427) (0.3786,0.9640) (0.3129,1.5868)","LG+I{0.0202}+R4{0.0754,0.3042,0.2128,0.5427,0.3786,0.9640,0.3129,1.5868}"
HVO_1831,LG+I+R4,0.0202,,"(0.0754,0.3042) (0.2128,0.5427) (0.3786,0.9640) (0.3129,1.5868)","LG+I{0.0202}+R4{0.0754,0.3042,0.2128,0.5427,0.3786,0.9640,0.3129,1.5868}"
HVO_1482,LG+I+R4,0.0202,,"(0.0754,0.3042) (0.2128,0.5427) (0.3786,0.9640) (0.3129,1.5868)","LG+I{0.0202}+R4{0.0754,0.3042,0.2128,0.5427,0.3786,0.9640,0.3129,1.5868}"
HVO_1762,LG+I+R4,0.0202,,"(0.0754,0.3042) (0.2128,0.5427) (0.3786,0.9640) (0.3129,1.5868)","LG+I{0.0202}+R4{0.0754,0.3042,0.2128,0.5427,0.3786,0.9640,0.3129,1.5868}"
HVO_1246,LG+I+R4,0.0202,,"(0.0754,0.3042) (0.2128,0.5427) (0.3786,0.9640) (0.3129,1.5868)","LG+I{0.0202}+R4{0.0754,0.3042,0.2128,0.5427,0.3786,0.9640,0.3129,1.5868}"
HVO_2774,LG+I+G4,0.1450,1.3554,,LG+I{0.1450}+G4{1.3554}
HVO_1014,LG+I+G4,0.0574,1.1249,,LG+I{0.0574}+G4{1.1249}
HVO_1646,LG+I+G4,0.0574,1.1249,,LG+I{0.0574}+G4{1.1249}
HVO_0944,LG+I+G4,0.0574,1.1249,,LG+I{0.0574}+G4{1.1249}
HVO_2624,LG+I+R4,0.0071,,"(0.0706,0.0858) (0.2016,0.3935) (0.3929,0.8798) (0.3278,1.7358)","LG+I{0.0071}+R4{0.0706,0.0858,0.2016,0.3935,0.3929,0.8798,0.3278,1.7358}"
HVO_0485,LG+I+R4,0.0071,,"(0.0706,0.0858) (0.2016,0.3935) (0.3929,0.8798) (0.3278,1.7358)","LG+I{0.0071}+R4{0.0706,0.0858,0.2016,0.3935,0.3929,0.8798,0.3278,1.7358}"
HVO_0208,LG+I+R4,0.0071,,"(0.0706,0.0858) (0.2016,0.3935) (0.3929,0.8798) (0.3278,1.7358)","LG+I{0.0071}+R4{0.0706,0.0858,0.2016,0.3935,0.3929,0.8798,0.3278,1.7358}"
HVO_0709,LG+I+R4,0.0071,,"(0.0706,0.0858) (0.2016,0.3935) (0.3929,0.8798) (0.3278,1.7358)","LG+I{0.0071}+R4{0.0706,0.0858,0.2016,0.3935,0.3929,0.8798,0.3278,1.7358}"
HVO_0647,LG+I+R4,0.0071,,"(0.0706,0.0858) (0.2016,0.3935) (0.3929,0.8798) (0.3278,1.7358)","LG+I{0.0071}+R4{0.0706,0.0858,0.2016,0.3935,0.3929,0.8798,0.3278,1.7358}"
HVO_2508,LG+I+R4,0.0071,,"(0.0706,0.0858) (0.2016,0.3935) (0.3929,0.8798) (0.3278,1.7358)","LG+I{0.0071}+R4{0.0706,0.0858,0.2016,0.3935,0.3929,0.8798,0.3278,1.7358}"
HVO_0448,LG+I+R4,0.0071,,"(0.0706,0.0858) (0.2016,0.3935) (0.3929,0.8798) (0.3278,1.7358)","LG+I{0.0071}+R4{0.0706,0.0858,0.2016,0.3935,0.3929,0.8798,0.3278,1.7358}"
HVO_2453,LG+I+R4,0.0071,,"(0.0706,0.0858) (0.2016,0.3935) (0.3929,0.8798) (0.3278,1.7358)","LG+I{0.0071}+R4{0.0706,0.0858,0.2016,0.3935,0.3929,0.8798,0.3278,1.7358}"
HVO_0239,LG+I+R4,0.0137,,"(0.0966,0.0804) (0.2853,0.4410) (0.3667,1.0352) (0.2377,2.0479)","LG+I{0.0137}+R4{0.0966,0.0804,0.2853,0.4410,0.3667,1.0352,0.2377,2.0479}"
HVO_1300,LG+I+R4,0.0295,,"(0.1186,0.0783) (0.1768,0.3645) (0.3259,0.8402) (0.3492,1.8685)","LG+I{0.0295}+R4{0.1186,0.0783,0.1768,0.3645,0.3259,0.8402,0.3492,1.8685}"
HVO_2105,LG+I+R4,0.0295,,"(0.1186,0.0783) (0.1768,0.3645) (0.3259,0.8402) (0.3492,1.8685)","LG+I{0.0295}+R4{0.1186,0.0783,0.1768,0.3645,0.3259,0.8402,0.3492,1.8685}"
HVO_B0215,LG+F+I+G4,0.0767,4.3019,,LG+F+I{0.0767}+G4{4.3019}
HVO_1228,LG+F+I+G4,0.0767,4.3019,,LG+F+I{0.0767}+G4{4.3019}
HVO_2657,LG+F+I+G4,0.0767,4.3019,,LG+F+I{0.0767}+G4{4.3019}
HVO_1119,LG+F+I+G4,0.0767,4.3019,,LG+F+I{0.0767}+G4{4.3019}
HVO_2145,LG+F+I+G4,0.0767,4.3019,,LG+F+I{0.0767}+G4{4.3019}
HVO_0844,LG+F+I+G4,0.0767,4.3019,,LG+F+I{0.0767}+G4{4.3019}
HVO_2150,LG+F+I+G4,0.0767,4.3019,,LG+F+I{0.0767}+G4{4.3019}
HVO_2150,LG+F+I+G4,0.0767,4.3019,,LG+F+I{0.0767}+G4{4.3019}
HVO_0825,LG+F+I+G4,0.0767,4.3019,,LG+F+I{0.0767}+G4{4.3019}
HVO_1144,LG+F+I+G4,0.0767,4.3019,,LG+F+I{0.0767}+G4{4.3019}
HVO_0567,LG+I+G4,0.0412,2.0307,,LG+I{0.0412}+G4{2.0307}
HVO_1710,LG+I+G4,0.0412,2.0307,,LG+I{0.0412}+G4{2.0307}
HVO_1547,LG+I+G4,0.0329,2.0208,,LG+I{0.0329}+G4{2.0208}
HVO_2945,LG+I+G4,0.0329,2.0208,,LG+I{0.0329}+G4{2.0208}
HVO_0452,LG+I+G4,0.0329,2.0208,,LG+I{0.0329}+G4{2.0208}
HVO_0312,LG+F+I+G4,0.0000,3.1386,,LG+F+I{0.0000}+G4{3.1386}
HVO_1778,LG+I+R4,0.0020,,"(0.0826,0.1148) (0.2087,0.3812) (0.2554,0.8209) (0.4512,1.5543)","LG+I{0.0020}+R4{0.0826,0.1148,0.2087,0.3812,0.2554,0.8209,0.4512,1.5543}"
HVO_1778,LG+I+R4,0.0020,,"(0.0826,0.1148) (0.2087,0.3812) (0.2554,0.8209) (0.4512,1.5543)","LG+I{0.0020}+R4{0.0826,0.1148,0.2087,0.3812,0.2554,0.8209,0.4512,1.5543}"
HVO_C0040,LG+I+R4,0.0124,,"(0.0422,0.0820) (0.1886,0.2926) (0.3566,0.7586) (0.4002,1.6761)","LG+I{0.0124}+R4{0.0422,0.0820,0.1886,0.2926,0.3566,0.7586,0.4002,1.6761}"
HVO_2683,LG+I+R4,0.0000,,"(0.0251,0.0431) (0.1018,0.3626) (0.3383,0.7824) (0.5348,1.3040)","LG+I{0.0000}+R4{0.0251,0.0431,0.1018,0.3626,0.3383,0.7824,0.5348,1.3040}"
HVO_0956,LG+I+R4,0.0000,,"(0.0251,0.0431) (0.1018,0.3626) (0.3383,0.7824) (0.5348,1.3040)","LG+I{0.0000}+R4{0.0251,0.0431,0.1018,0.3626,0.3383,0.7824,0.5348,1.3040}"
HVO_0853,LG+I+R4,0.0000,,"(0.0251,0.0431) (0.1018,0.3626) (0.3383,0.7824) (0.5348,1.3040)","LG+I{0.0000}+R4{0.0251,0.0431,0.1018,0.3626,0.3383,0.7824,0.5348,1.3040}"
HVO_0816,LG+I+R4,0.0000,,"(0.0251,0.0431) (0.1018,0.3626) (0.3383,0.7824) (0.5348,1.3040)","LG+I{0.0000}+R4{0.0251,0.0431,0.1018,0.3626,0.3383,0.7824,0.5348,1.3040}"
HVO_2599,LG+I+R4,0.0000,,"(0.0251,0.0431) (0.1018,0.3626) (0.3383,0.7824) (0.5348,1.3040)","LG+I{0.0000}+R4{0.0251,0.0431,0.1018,0.3626,0.3383,0.7824,0.5348,1.3040}"
HVO_1336,LG+I+R4,0.0000,,"(0.0251,0.0431) (0.1018,0.3626) (0.3383,0.7824) (0.5348,1.3040)","LG+I{0.0000}+R4{0.0251,0.0431,0.1018,0.3626,0.3383,0.7824,0.5348,1.3040}"
HVO_0677,LG+I+R4,0.0094,,"(0.1115,0.0791) (0.2029,0.2971) (0.2823,0.7505) (0.3940,1.8252)","LG+I{0.0094}+R4{0.1115,0.0791,0.2029,0.2971,0.2823,0.7505,0.3940,1.8252}"
HVO_A0159,LG+I+R4,0.0000,,"(0.0375,0.1046) (0.2550,0.4536) (0.4222,0.8718) (0.2854,1.7955)","LG+I{0.0000}+R4{0.0375,0.1046,0.2550,0.4536,0.4222,0.8718,0.2854,1.7955}"
HVO_1699,LG+I+R4,0.0000,,"(0.0375,0.1046) (0.2550,0.4536) (0.4222,0.8718) (0.2854,1.7955)","LG+I{0.0000}+R4{0.0375,0.1046,0.2550,0.4536,0.4222,0.8718,0.2854,1.7955}"
HVO_1266,LG+I+R4,0.0000,,"(0.0375,0.1046) (0.2550,0.4536) (0.4222,0.8718) (0.2854,1.7955)","LG+I{0.0000}+R4{0.0375,0.1046,0.2550,0.4536,0.4222,0.8718,0.2854,1.7955}"
HVO_1604,LG+I+R4,0.0000,,"(0.0375,0.1046) (0.2550,0.4536) (0.4222,0.8718) (0.2854,1.7955)","LG+I{0.0000}+R4{0.0375,0.1046,0.2550,0.4536,0.4222,0.8718,0.2854,1.7955}"
HVO_0973,LG+I+R4,0.0000,,"(0.0375,0.1046) (0.2550,0.4536) (0.4222,0.8718) (0.2854,1.7955)","LG+I{0.0000}+R4{0.0375,0.1046,0.2550,0.4536,0.4222,0.8718,0.2854,1.7955}"
HVO_1295,LG+I+R4,0.0000,,"(0.0375,0.1046) (0.2550,0.4536) (0.4222,0.8718) (0.2854,1.7955)","LG+I{0.0000}+R4{0.0375,0.1046,0.2550,0.4536,0.4222,0.8718,0.2854,1.7955}"
HVO_0591,LG+I+R4,0.0000,,"(0.0375,0.1046) (0.2550,0.4536) (0.4222,0.8718) (0.2854,1.7955)","LG+I{0.0000}+R4{0.0375,0.1046,0.2550,0.4536,0.4222,0.8718,0.2854,1.7955}"
HVO_0593,LG+I+R4,0.0000,,"(0.0375,0.1046) (0.2550,0.4536) (0.4222,0.8718) (0.2854,1.7955)","LG+I{0.0000}+R4{0.0375,0.1046,0.2550,0.4536,0.4222,0.8718,0.2854,1.7955}"
HVO_0101,LG+I+G4,0.0000,1.9745,,LG+I{0.0000}+G4{1.9745}
HVO_2250,LG+I+G4,0.0000,1.9745,,LG+I{0.0000}+G4{1.9745}
HVO_0694,LG+I+G4,0.0000,1.9745,,LG+I{0.0000}+G4{1.9745}
HVO_0333,LG+I+G4,0.0000,1.9745,,LG+I{0.0000}+G4{1.9745}
HVO_1082,LG+I+G4,0.0000,1.9745,,LG+I{0.0000}+G4{1.9745}
HVO_1072,LG+I+G4,0.0000,1.9745,,LG+I{0.0000}+G4{1.9745}
HVO_0334,LG+I+G4,0.0000,1.9745,,LG+I{0.0000}+G4{1.9745}
HVO_0233,LG+I+G4,0.0000,1.9745,,LG+I{0.0000}+G4{1.9745}
HVO_0783,LG+I+G4,0.0440,0.9035,,LG+I{0.0440}+G4{0.9035}
HVO_2222,LG+I+R4,0.0000,,"(0.0953,0.1349) (0.1758,0.3617) (0.3689,0.8293) (0.3599,1.7158)","LG+I{0.0000}+R4{0.0953,0.1349,0.1758,0.3617,0.3689,0.8293,0.3599,1.7158}"
HVO_0480,LG+I+R4,0.0093,,"(0.0953,0.0675) (0.1742,0.3098) (0.2628,0.6989) (0.4584,1.6489)","LG+I{0.0093}+R4{0.0953,0.0675,0.1742,0.3098,0.2628,0.6989,0.4584,1.6489}"
HVO_0353,LG+I+G4,0.0551,2.6007,,LG+I{0.0551}+G4{2.6007}
HVO_B0367,LG+I+R4,0.0000,,"(0.1058,0.1388) (0.2838,0.4345) (0.3294,0.9886) (0.2809,1.9090)","LG+I{0.0000}+R4{0.1058,0.1388,0.2838,0.4345,0.3294,0.9886,0.2809,1.9090}"
HVO_1471,LG+I+R4,0.0000,,"(0.1058,0.1388) (0.2838,0.4345) (0.3294,0.9886) (0.2809,1.9090)","LG+I{0.0000}+R4{0.1058,0.1388,0.2838,0.4345,0.3294,0.9886,0.2809,1.9090}"
HVO_0671,LG+I+R4,0.0000,,"(0.1058,0.1388) (0.2838,0.4345) (0.3294,0.9886) (0.2809,1.9090)","LG+I{0.0000}+R4{0.1058,0.1388,0.2838,0.4345,0.3294,0.9886,0.2809,1.9090}"
HVO_A0078,LG+I+G4,0.0032,1.2438,,LG+I{0.0032}+G4{1.2438}
HVO_0354,LG+I+G4,0.0040,1.3866,,LG+I{0.0040}+G4{1.3866}
HVO_1502,LG+I+G4,0.0251,1.1910,,LG+I{0.0251}+G4{1.1910}
HVO_2588,LG+I+G4,0.0251,1.1910,,LG+I{0.0251}+G4{1.1910}
HVO_2561,LG+I+G4,0.0098,1.1696,,LG+I{0.0098}+G4{1.1696}
HVO_0041,LG+I+G4,0.0000,1.3614,,LG+I{0.0000}+G4{1.3614}
HVO_1454,LG+I+G4,0.0000,1.3614,,LG+I{0.0000}+G4{1.3614}
HVO_2919,LG+I+R4,0.0000,,"(0.1037,0.0397) (0.2296,0.3733) (0.3377,0.8724) (0.3291,1.8707)","LG+I{0.0000}+R4{0.1037,0.0397,0.2296,0.3733,0.3377,0.8724,0.3291,1.8707}"
HVO_1279,LG+I+R4,0.0000,,"(0.1037,0.0397) (0.2296,0.3733) (0.3377,0.8724) (0.3291,1.8707)","LG+I{0.0000}+R4{0.1037,0.0397,0.2296,0.3733,0.3377,0.8724,0.3291,1.8707}"
HVO_2558,LG+I+G4,0.0366,1.4724,,LG+I{0.0366}+G4{1.4724}
HVO_0666,LG+I+R4,0.0027,,"(0.0530,0.0811) (0.2686,0.3743) (0.3891,0.8829) (0.2867,1.9242)","LG+I{0.0027}+R4{0.0530,0.0811,0.2686,0.3743,0.3891,0.8829,0.2867,1.9242}"
HVO_2960,LG+I+R4,0.0027,,"(0.0530,0.0811) (0.2686,0.3743) (0.3891,0.8829) (0.2867,1.9242)","LG+I{0.0027}+R4{0.0530,0.0811,0.2686,0.3743,0.3891,0.8829,0.2867,1.9242}"
HVO_B0046,LG+I+G4,0.0253,2.2104,,LG+I{0.0253}+G4{2.2104}
HVO_B0070,LG+I+G4,0.0253,2.2104,,LG+I{0.0253}+G4{2.2104}
HVO_B0261,LG+I+G4,0.0253,2.2104,,LG+I{0.0253}+G4{2.2104}
HVO_B0257,LG+I+G4,0.0253,2.2104,,LG+I{0.0253}+G4{2.2104}
HVO_A0306,LG+I+G4,0.0253,2.2104,,LG+I{0.0253}+G4{2.2104}
HVO_2871,LG+I+G4,0.0253,2.2104,,LG+I{0.0253}+G4{2.2104}
HVO_0081,LG+I+G4,0.0253,2.2104,,LG+I{0.0253}+G4{2.2104}
HVO_0043,LG+I+G4,0.0253,2.2104,,LG+I{0.0253}+G4{2.2104}
HVO_2091,LG+I+G4,0.0253,2.2104,,LG+I{0.0253}+G4{2.2104}
HVO_2560,LG+I+G4,0.0000,1.1515,,LG+I{0.0000}+G4{1.1515}
HVO_1572,LG+I+R4,0.0137,,"(0.0793,0.1537) (0.3203,0.5394) (0.3866,1.1009) (0.2001,1.9467)","LG+I{0.0137}+R4{0.0793,0.1537,0.3203,0.5394,0.3866,1.1009,0.2001,1.9467}"
HVO_A0529,LG+I+R4,0.0000,,"(0.0910,0.2696) (0.3527,0.5958) (0.3192,1.0152) (0.2370,1.8616)","LG+I{0.0000}+R4{0.0910,0.2696,0.3527,0.5958,0.3192,1.0152,0.2370,1.8616}"
HVO_1508,LG+I+R4,0.0000,,"(0.0910,0.2696) (0.3527,0.5958) (0.3192,1.0152) (0.2370,1.8616)","LG+I{0.0000}+R4{0.0910,0.2696,0.3527,0.5958,0.3192,1.0152,0.2370,1.8616}"
HVO_0048,LG+I+G4,0.0269,1.8161,,LG+I{0.0269}+G4{1.8161}
HVO_2900,LG+I+G4,0.0269,1.8161,,LG+I{0.0269}+G4{1.8161}
HVO_1084,LG+I+G4,0.0269,1.8161,,LG+I{0.0269}+G4{1.8161}
HVO_B0266,LG+I+R4,0.0172,,"(0.1111,0.0875) (0.1980,0.3289) (0.3108,0.7800) (0.3629,1.8811)","LG+I{0.0172}+R4{0.1111,0.0875,0.1980,0.3289,0.3108,0.7800,0.3629,1.8811}"
HVO_0358,LG+I+R4,0.0172,,"(0.1111,0.0875) (0.1980,0.3289) (0.3108,0.7800) (0.3629,1.8811)","LG+I{0.0172}+R4{0.1111,0.0875,0.1980,0.3289,0.3108,0.7800,0.3629,1.8811}"
HVO_1451,LG+I+R4,0.0172,,"(0.1111,0.0875) (0.1980,0.3289) (0.3108,0.7800) (0.3629,1.8811)","LG+I{0.0172}+R4{0.1111,0.0875,0.1980,0.3289,0.3108,0.7800,0.3629,1.8811}"
HVO_1453,LG+I+R4,0.0172,,"(0.1111,0.0875) (0.1980,0.3289) (0.3108,0.7800) (0.3629,1.8811)","LG+I{0.0172}+R4{0.1111,0.0875,0.1980,0.3289,0.3108,0.7800,0.3629,1.8811}"
HVO_0601,LG+I+R4,0.0172,,"(0.1111,0.0875) (0.1980,0.3289) (0.3108,0.7800) (0.3629,1.8811)","LG+I{0.0172}+R4{0.1111,0.0875,0.1980,0.3289,0.3108,0.7800,0.3629,1.8811}"
HVO_0213,LG+I+R4,0.0000,,"(0.1179,0.3158) (0.3376,0.6082) (0.3007,1.0510) (0.2437,1.8109)","LG+I{0.0000}+R4{0.1179,0.3158,0.3376,0.6082,0.3007,1.0510,0.2437,1.8109}"
HVO_0536,LG+I+R4,0.0000,,"(0.1179,0.3158) (0.3376,0.6082) (0.3007,1.0510) (0.2437,1.8109)","LG+I{0.0000}+R4{0.1179,0.3158,0.3376,0.6082,0.3007,1.0510,0.2437,1.8109}"
HVO_2577,LG+I+R4,0.0087,,"(0.0962,0.1602) (0.2654,0.4581) (0.2947,0.9182) (0.3351,1.7679)","LG+I{0.0087}+R4{0.0962,0.1602,0.2654,0.4581,0.2947,0.9182,0.3351,1.7679}"
HVO_0787,LG+I+G4,0.0615,1.5251,,LG+I{0.0615}+G4{1.5251}
HVO_0806,LG+I+G4,0.0849,0.9703,,LG+I{0.0849}+G4{0.9703}
HVO_1040,LG+I+R4,0.0088,,"(0.1094,0.0672) (0.2549,0.4400) (0.2907,0.8893) (0.3363,1.8496)","LG+I{0.0088}+R4{0.1094,0.0672,0.2549,0.4400,0.2907,0.8893,0.3363,1.8496}"
HVO_0814,LG+I+R4,0.0088,,"(0.1094,0.0672) (0.2549,0.4400) (0.2907,0.8893) (0.3363,1.8496)","LG+I{0.0088}+R4{0.1094,0.0672,0.2549,0.4400,0.2907,0.8893,0.3363,1.8496}"
HVO_1762,LG+I+R4,0.0088,,"(0.1094,0.0672) (0.2549,0.4400) (0.2907,0.8893) (0.3363,1.8496)","LG+I{0.0088}+R4{0.1094,0.0672,0.2549,0.4400,0.2907,0.8893,0.3363,1.8496}"
HVO_1589,LG+I+R4,0.0088,,"(0.1094,0.0672) (0.2549,0.4400) (0.2907,0.8893) (0.3363,1.8496)","LG+I{0.0088}+R4{0.1094,0.0672,0.2549,0.4400,0.2907,0.8893,0.3363,1.8496}"
HVO_2576,LG+I+R4,0.0088,,"(0.1094,0.0672) (0.2549,0.4400) (0.2907,0.8893) (0.3363,1.8496)","LG+I{0.0088}+R4{0.1094,0.0672,0.2549,0.4400,0.2907,0.8893,0.3363,1.8496}"
HVO_2923,LG+I+R4,0.0000,,"(0.0363,0.1433) (0.3276,0.5747) (0.3546,1.0141) (0.2816,1.5872)","LG+I{0.0000}+R4{0.0363,0.1433,0.3276,0.5747,0.3546,1.0141,0.2816,1.5872}"
HVO_1562,LG+I+R4,0.0000,,"(0.0363,0.1433) (0.3276,0.5747) (0.3546,1.0141) (0.2816,1.5872)","LG+I{0.0000}+R4{0.0363,0.1433,0.3276,0.5747,0.3546,1.0141,0.2816,1.5872}"
HVO_1091,LG+I+R4,0.0000,,"(0.0363,0.1433) (0.3276,0.5747) (0.3546,1.0141) (0.2816,1.5872)","LG+I{0.0000}+R4{0.0363,0.1433,0.3276,0.5747,0.3546,1.0141,0.2816,1.5872}"
HVO_2559,LG+I+G4,0.0000,1.6585,,LG+I{0.0000}+G4{1.6585}
HVO_2554,LG+I+R4,0.0188,,"(0.1616,0.1591) (0.2660,0.4679) (0.2814,1.0493) (0.2721,2.0378)","LG+I{0.0188}+R4{0.1616,0.1591,0.2660,0.4679,0.2814,1.0493,0.2721,2.0378}"
HVO_1834,LG+I+R4,0.0056,,"(0.0408,0.0568) (0.1697,0.3507) (0.4112,0.8434) (0.3726,1.5870)","LG+I{0.0056}+R4{0.0408,0.0568,0.1697,0.3507,0.4112,0.8434,0.3726,1.5870}"
HVO_B0376,LG+I+R4,0.0006,,"(0.0307,0.0839) (0.2483,0.3775) (0.4727,0.9205) (0.2477,1.8917)","LG+I{0.0006}+R4{0.0307,0.0839,0.2483,0.3775,0.4727,0.9205,0.2477,1.8917}"
HVO_2663,LG+I+R4,0.0006,,"(0.0307,0.0839) (0.2483,0.3775) (0.4727,0.9205) (0.2477,1.8917)","LG+I{0.0006}+R4{0.0307,0.0839,0.2483,0.3775,0.4727,0.9205,0.2477,1.8917}"
HVO_0960,LG+I+R4,0.0006,,"(0.0307,0.0839) (0.2483,0.3775) (0.4727,0.9205) (0.2477,1.8917)","LG+I{0.0006}+R4{0.0307,0.0839,0.2483,0.3775,0.4727,0.9205,0.2477,1.8917}"
HVO_2231,LG+I+R4,0.0006,,"(0.0307,0.0839) (0.2483,0.3775) (0.4727,0.9205) (0.2477,1.8917)","LG+I{0.0006}+R4{0.0307,0.0839,0.2483,0.3775,0.4727,0.9205,0.2477,1.8917}"
HVO_0884,LG+I+R4,0.0006,,"(0.0307,0.0839) (0.2483,0.3775) (0.4727,0.9205) (0.2477,1.8917)","LG+I{0.0006}+R4{0.0307,0.0839,0.2483,0.3775,0.4727,0.9205,0.2477,1.8917}"
HVO_0757,LG+I+R4,0.0006,,"(0.0307,0.0839) (0.2483,0.3775) (0.4727,0.9205) (0.2477,1.8917)","LG+I{0.0006}+R4{0.0307,0.0839,0.2483,0.3775,0.4727,0.9205,0.2477,1.8917}"
HVO_1874,LG+I+R4,0.0006,,"(0.0307,0.0839) (0.2483,0.3775) (0.4727,0.9205) (0.2477,1.8917)","LG+I{0.0006}+R4{0.0307,0.0839,0.2483,0.3775,0.4727,0.9205,0.2477,1.8917}"
HVO_0585,LG+I+R4,0.0006,,"(0.0307,0.0839) (0.2483,0.3775) (0.4727,0.9205) (0.2477,1.8917)","LG+I{0.0006}+R4{0.0307,0.0839,0.2483,0.3775,0.4727,0.9205,0.2477,1.8917}"
HVO_2448,LG+I+R4,0.0006,,"(0.0307,0.0839) (0.2483,0.3775) (0.4727,0.9205) (0.2477,1.8917)","LG+I{0.0006}+R4{0.0307,0.0839,0.2483,0.3775,0.4727,0.9205,0.2477,1.8917}"
HVO_2115,LG+I+R4,0.0006,,"(0.0307,0.0839) (0.2483,0.3775) (0.4727,0.9205) (0.2477,1.8917)","LG+I{0.0006}+R4{0.0307,0.0839,0.2483,0.3775,0.4727,0.9205,0.2477,1.8917}"
HVO_2696,LG+I+R4,0.0006,,"(0.0307,0.0839) (0.2483,0.3775) (0.4727,0.9205) (0.2477,1.8917)","LG+I{0.0006}+R4{0.0307,0.0839,0.2483,0.3775,0.4727,0.9205,0.2477,1.8917}"
HVO_2622,LG+I+R4,0.0006,,"(0.0307,0.0839) (0.2483,0.3775) (0.4727,0.9205) (0.2477,1.8917)","LG+I{0.0006}+R4{0.0307,0.0839,0.2483,0.3775,0.4727,0.9205,0.2477,1.8917}"
HVO_1238,LG+I+R4,0.0006,,"(0.0307,0.0839) (0.2483,0.3775) (0.4727,0.9205) (0.2477,1.8917)","LG+I{0.0006}+R4{0.0307,0.0839,0.2483,0.3775,0.4727,0.9205,0.2477,1.8917}"
HVO_1009,LG+I+R4,0.0006,,"(0.0307,0.0839) (0.2483,0.3775) (0.4727,0.9205) (0.2477,1.8917)","LG+I{0.0006}+R4{0.0307,0.0839,0.2483,0.3775,0.4727,0.9205,0.2477,1.8917}"
HVO_0484,LG+I+R4,0.0058,,"(0.1434,0.1655) (0.2356,0.5463) (0.3648,1.0248) (0.2504,1.8920)","LG+I{0.0058}+R4{0.1434,0.1655,0.2356,0.5463,0.3648,1.0248,0.2504,1.8920}"
HVO_A0500,LG+I+G4,0.0000,2.0451,,LG+I{0.0000}+G4{2.0451}
HVO_1637,LG+I+G4,0.0000,2.0451,,LG+I{0.0000}+G4{2.0451}
HVO_1761,LG+I+G4,0.0000,2.0451,,LG+I{0.0000}+G4{2.0451}
HVO_B0146,LG+I+G4,0.0123,1.5996,,LG+I{0.0123}+G4{1.5996}
HVO_A0485,LG+I+G4,0.0123,1.5996,,LG+I{0.0123}+G4{1.5996}
HVO_A0635,LG+I+G4,0.0123,1.5996,,LG+I{0.0123}+G4{1.5996}
HVO_0109,LG+I+G4,0.0123,1.5996,,LG+I{0.0123}+G4{1.5996}
HVO_2671,LG+I+G4,0.0123,1.5996,,LG+I{0.0123}+G4{1.5996}
HVO_2401,LG+I+G4,0.0123,1.5996,,LG+I{0.0123}+G4{1.5996}
HVO_2661,LG+I+G4,0.0123,1.5996,,LG+I{0.0123}+G4{1.5996}
HVO_0971,LG+I+R4,0.0061,,"(0.0535,0.0482) (0.1219,0.3052) (0.3089,0.6667) (0.5096,1.4801)","LG+I{0.0061}+R4{0.0535,0.0482,0.1219,0.3052,0.3089,0.6667,0.5096,1.4801}"
HVO_0014,LG+I+R4,0.0061,,"(0.0535,0.0482) (0.1219,0.3052) (0.3089,0.6667) (0.5096,1.4801)","LG+I{0.0061}+R4{0.0535,0.0482,0.1219,0.3052,0.3089,0.6667,0.5096,1.4801}"
HVO_2766,LG+I+R4,0.0061,,"(0.0535,0.0482) (0.1219,0.3052) (0.3089,0.6667) (0.5096,1.4801)","LG+I{0.0061}+R4{0.0535,0.0482,0.1219,0.3052,0.3089,0.6667,0.5096,1.4801}"
HVO_3010,LG+I+R4,0.0061,,"(0.0535,0.0482) (0.1219,0.3052) (0.3089,0.6667) (0.5096,1.4801)","LG+I{0.0061}+R4{0.0535,0.0482,0.1219,0.3052,0.3089,0.6667,0.5096,1.4801}"
HVO_2955,LG+I+R4,0.0061,,"(0.0535,0.0482) (0.1219,0.3052) (0.3089,0.6667) (0.5096,1.4801)","LG+I{0.0061}+R4{0.0535,0.0482,0.1219,0.3052,0.3089,0.6667,0.5096,1.4801}"
HVO_0283,LG+I+R4,0.0061,,"(0.0535,0.0482) (0.1219,0.3052) (0.3089,0.6667) (0.5096,1.4801)","LG+I{0.0061}+R4{0.0535,0.0482,0.1219,0.3052,0.3089,0.6667,0.5096,1.4801}"
HVO_1703,LG+I+R4,0.0061,,"(0.0535,0.0482) (0.1219,0.3052) (0.3089,0.6667) (0.5096,1.4801)","LG+I{0.0061}+R4{0.0535,0.0482,0.1219,0.3052,0.3089,0.6667,0.5096,1.4801}"
HVO_1744,LG+I+R4,0.0061,,"(0.0535,0.0482) (0.1219,0.3052) (0.3089,0.6667) (0.5096,1.4801)","LG+I{0.0061}+R4{0.0535,0.0482,0.1219,0.3052,0.3089,0.6667,0.5096,1.4801}"
HVO_1333,LG+I+R4,0.0061,,"(0.0535,0.0482) (0.1219,0.3052) (0.3089,0.6667) (0.5096,1.4801)","LG+I{0.0061}+R4{0.0535,0.0482,0.1219,0.3052,0.3089,0.6667,0.5096,1.4801}"
HVO_C0042,LG+I+G4,0.0000,1.4044,,LG+I{0.0000}+G4{1.4044}
HVO_0029,LG+I+G4,0.0000,1.4044,,LG+I{0.0000}+G4{1.4044}
HVO_0971,LG+I+G4,0.0000,1.4044,,LG+I{0.0000}+G4{1.4044}
HVO_0014,LG+I+G4,0.0000,1.4044,,LG+I{0.0000}+G4{1.4044}
HVO_2766,LG+I+G4,0.0000,1.4044,,LG+I{0.0000}+G4{1.4044}
HVO_3010,LG+I+G4,0.0000,1.4044,,LG+I{0.0000}+G4{1.4044}
HVO_2955,LG+I+G4,0.0000,1.4044,,LG+I{0.0000}+G4{1.4044}
HVO_0283,LG+I+G4,0.0000,1.4044,,LG+I{0.0000}+G4{1.4044}
HVO_2269,LG+I+G4,0.0000,1.4044,,LG+I{0.0000}+G4{1.4044}
HVO_1703,LG+I+G4,0.0000,1.4044,,LG+I{0.0000}+G4{1.4044}
HVO_1744,LG+I+G4,0.0000,1.4044,,LG+I{0.0000}+G4{1.4044}
HVO_1333,LG+I+G4,0.0000,1.4044,,LG+I{0.0000}+G4{1.4044}
HVO_1098,LG+I+R4,0.0035,,"(0.1237,0.1157) (0.3059,0.4251) (0.1948,0.9431) (0.3722,1.8055)","LG+I{0.0035}+R4{0.1237,0.1157,0.3059,0.4251,0.1948,0.9431,0.3722,1.8055}"
HVO_2551,LG+I+G4,0.0000,1.3412,,LG+I{0.0000}+G4{1.3412}
HVO_B0045,LG+I+G4,0.0111,2.2232,,LG+I{0.0111}+G4{2.2232}
HVO_0811,LG+I+G4,0.0111,2.2232,,LG+I{0.0111}+G4{2.2232}
HVO_0466,LG+I+R4,0.0000,,"(0.1263,0.1312) (0.2373,0.4287) (0.2883,0.8641) (0.3481,1.8171)","LG+I{0.0000}+R4{0.1263,0.1312,0.2373,0.4287,0.2883,0.8641,0.3481,1.8171}"
HVO_2628,LG+I+R4,0.0000,,"(0.0780,0.0913) (0.2698,0.3933) (0.2931,0.8718) (0.3592,1.7577)","LG+I{0.0000}+R4{0.0780,0.0913,0.2698,0.3933,0.2931,0.8718,0.3592,1.7577}"
HVO_1487,LG+I+R4,0.0000,,"(0.0780,0.0913) (0.2698,0.3933) (0.2931,0.8718) (0.3592,1.7577)","LG+I{0.0000}+R4{0.0780,0.0913,0.2698,0.3933,0.2931,0.8718,0.3592,1.7577}"
HVO_1323,LG+I+R4,0.0000,,"(0.0780,0.0913) (0.2698,0.3933) (0.2931,0.8718) (0.3592,1.7577)","LG+I{0.0000}+R4{0.0780,0.0913,0.2698,0.3933,0.2931,0.8718,0.3592,1.7577}"
HVO_0675,LG+I+R4,0.0000,,"(0.0780,0.0913) (0.2698,0.3933) (0.2931,0.8718) (0.3592,1.7577)","LG+I{0.0000}+R4{0.0780,0.0913,0.2698,0.3933,0.2931,0.8718,0.3592,1.7577}"
HVO_2761,LG+I+R4,0.0000,,"(0.0780,0.0913) (0.2698,0.3933) (0.2931,0.8718) (0.3592,1.7577)","LG+I{0.0000}+R4{0.0780,0.0913,0.2698,0.3933,0.2931,0.8718,0.3592,1.7577}"
HVO_2338,LG+I+R4,0.0000,,"(0.0780,0.0913) (0.2698,0.3933) (0.2931,0.8718) (0.3592,1.7577)","LG+I{0.0000}+R4{0.0780,0.0913,0.2698,0.3933,0.2931,0.8718,0.3592,1.7577}"
HVO_2486,LG+I+G4,0.0106,1.1389,,LG+I{0.0106}+G4{1.1389}
HVO_0789,LG+I+G4,0.0204,1.5900,,LG+I{0.0204}+G4{1.5900}
HVO_0030,LG+F+I+R4,0.0000,,"(0.0269,0.0573) (0.1127,0.3063) (0.3787,0.7600) (0.4818,1.4034)","LG+F+I{0.0000}+R4{0.0269,0.0573,0.1127,0.3063,0.3787,0.7600,0.4818,1.4034}"
HVO_1391,LG+F+I+R4,0.0000,,"(0.0269,0.0573) (0.1127,0.3063) (0.3787,0.7600) (0.4818,1.4034)","LG+F+I{0.0000}+R4{0.0269,0.0573,0.1127,0.3063,0.3787,0.7600,0.4818,1.4034}"
HVO_1948,LG+F+I+R4,0.0000,,"(0.0269,0.0573) (0.1127,0.3063) (0.3787,0.7600) (0.4818,1.4034)","LG+F+I{0.0000}+R4{0.0269,0.0573,0.1127,0.3063,0.3787,0.7600,0.4818,1.4034}"
HVO_0762,LG+F+I+R4,0.0000,,"(0.0269,0.0573) (0.1127,0.3063) (0.3787,0.7600) (0.4818,1.4034)","LG+F+I{0.0000}+R4{0.0269,0.0573,0.1127,0.3063,0.3787,0.7600,0.4818,1.4034}"
HVO_1247,LG+F+I+R4,0.0000,,"(0.0269,0.0573) (0.1127,0.3063) (0.3787,0.7600) (0.4818,1.4034)","LG+F+I{0.0000}+R4{0.0269,0.0573,0.1127,0.3063,0.3787,0.7600,0.4818,1.4034}"
HVO_1934,LG+F+I+R4,0.0000,,"(0.0269,0.0573) (0.1127,0.3063) (0.3787,0.7600) (0.4818,1.4034)","LG+F+I{0.0000}+R4{0.0269,0.0573,0.1127,0.3063,0.3787,0.7600,0.4818,1.4034}"
HVO_0509,LG+F+I+R4,0.0000,,"(0.0269,0.0573) (0.1127,0.3063) (0.3787,0.7600) (0.4818,1.4034)","LG+F+I{0.0000}+R4{0.0269,0.0573,0.1127,0.3063,0.3787,0.7600,0.4818,1.4034}"
HVO_1574,LG+F+I+R4,0.0000,,"(0.0269,0.0573) (0.1127,0.3063) (0.3787,0.7600) (0.4818,1.4034)","LG+F+I{0.0000}+R4{0.0269,0.0573,0.1127,0.3063,0.3787,0.7600,0.4818,1.4034}"
HVO_2060,LG+F+I+R4,0.0000,,"(0.0269,0.0573) (0.1127,0.3063) (0.3787,0.7600) (0.4818,1.4034)","LG+F+I{0.0000}+R4{0.0269,0.0573,0.1127,0.3063,0.3787,0.7600,0.4818,1.4034}"
HVO_1996,LG+F+I+R4,0.0000,,"(0.0269,0.0573) (0.1127,0.3063) (0.3787,0.7600) (0.4818,1.4034)","LG+F+I{0.0000}+R4{0.0269,0.0573,0.1127,0.3063,0.3787,0.7600,0.4818,1.4034}"
HVO_1051,LG+F+I+R4,0.0000,,"(0.0269,0.0573) (0.1127,0.3063) (0.3787,0.7600) (0.4818,1.4034)","LG+F+I{0.0000}+R4{0.0269,0.0573,0.1127,0.3063,0.3787,0.7600,0.4818,1.4034}"
HVO_2506,LG+F+I+R4,0.0000,,"(0.0269,0.0573) (0.1127,0.3063) (0.3787,0.7600) (0.4818,1.4034)","LG+F+I{0.0000}+R4{0.0269,0.0573,0.1127,0.3063,0.3787,0.7600,0.4818,1.4034}"
HVO_A0328,LG+I+R4,0.0053,,"(0.0513,0.1442) (0.2099,0.4174) (0.3967,0.9064) (0.3368,1.6192)","LG+I{0.0053}+R4{0.0513,0.1442,0.2099,0.4174,0.3967,0.9064,0.3368,1.6192}"
HVO_1500,LG+I+R4,0.0053,,"(0.0513,0.1442) (0.2099,0.4174) (0.3967,0.9064) (0.3368,1.6192)","LG+I{0.0053}+R4{0.0513,0.1442,0.2099,0.4174,0.3967,0.9064,0.3368,1.6192}"
HVO_0549,LG+I+R4,0.0053,,"(0.0513,0.1442) (0.2099,0.4174) (0.3967,0.9064) (0.3368,1.6192)","LG+I{0.0053}+R4{0.0513,0.1442,0.2099,0.4174,0.3967,0.9064,0.3368,1.6192}"
HVO_2612,LG+I+R4,0.0053,,"(0.0513,0.1442) (0.2099,0.4174) (0.3967,0.9064) (0.3368,1.6192)","LG+I{0.0053}+R4{0.0513,0.1442,0.2099,0.4174,0.3967,0.9064,0.3368,1.6192}"
HVO_B0342,LG+F+I+R3,0.0000,,"(0.0850,0.2203) (0.2646,0.5804) (0.6503,1.2727)","LG+F+I{0.0000}+R3{0.0850,0.2203,0.2646,0.5804,0.6503,1.2727}"
HVO_B0127,LG+F+I+R3,0.0000,,"(0.0850,0.2203) (0.2646,0.5804) (0.6503,1.2727)","LG+F+I{0.0000}+R3{0.0850,0.2203,0.2646,0.5804,0.6503,1.2727}"
HVO_B0113,LG+F+I+R3,0.0000,,"(0.0850,0.2203) (0.2646,0.5804) (0.6503,1.2727)","LG+F+I{0.0000}+R3{0.0850,0.2203,0.2646,0.5804,0.6503,1.2727}"
HVO_B0268,LG+F+I+R3,0.0000,,"(0.0850,0.2203) (0.2646,0.5804) (0.6503,1.2727)","LG+F+I{0.0000}+R3{0.0850,0.2203,0.2646,0.5804,0.6503,1.2727}"
HVO_A0517,LG+F+I+R3,0.0000,,"(0.0850,0.2203) (0.2646,0.5804) (0.6503,1.2727)","LG+F+I{0.0000}+R3{0.0850,0.2203,0.2646,0.5804,0.6503,1.2727}"
HVO_A0295A,LG+F+I+R3,0.0000,,"(0.0850,0.2203) (0.2646,0.5804) (0.6503,1.2727)","LG+F+I{0.0000}+R3{0.0850,0.2203,0.2646,0.5804,0.6503,1.2727}"
HVO_A0572,LG+F+I+R3,0.0000,,"(0.0850,0.2203) (0.2646,0.5804) (0.6503,1.2727)","LG+F+I{0.0000}+R3{0.0850,0.2203,0.2646,0.5804,0.6503,1.2727}"
HVO_1937,LG+F+I+R3,0.0000,,"(0.0850,0.2203) (0.2646,0.5804) (0.6503,1.2727)","LG+F+I{0.0000}+R3{0.0850,0.2203,0.2646,0.5804,0.6503,1.2727}"
HVO_2758,LG+I+R4,0.0079,,"(0.1228,0.2305) (0.2019,0.5279) (0.2496,0.9032) (0.4178,1.5313)","LG+I{0.0079}+R4{0.1228,0.2305,0.2019,0.5279,0.2496,0.9032,0.4178,1.5313}"
HVO_0189,LG+F+I+R4,0.0000,,"(0.0888,0.0708) (0.1608,0.3452) (0.3038,0.7876) (0.4466,1.5651)","LG+F+I{0.0000}+R4{0.0888,0.0708,0.1608,0.3452,0.3038,0.7876,0.4466,1.5651}"
HVO_0113,LG+F+I+R4,0.0000,,"(0.0888,0.0708) (0.1608,0.3452) (0.3038,0.7876) (0.4466,1.5651)","LG+F+I{0.0000}+R4{0.0888,0.0708,0.1608,0.3452,0.3038,0.7876,0.4466,1.5651}"
HVO_2918,LG+I+R4,0.0145,,"(0.1561,0.0818) (0.2640,0.3954) (0.2335,0.9660) (0.3320,1.9801)","LG+I{0.0145}+R4{0.1561,0.0818,0.2640,0.3954,0.2335,0.9660,0.3320,1.9801}"
HVO_0869,LG+I+G4,0.0978,0.9927,,LG+I{0.0978}+G4{0.9927}
HVO_1148,LG+I+R4,0.0000,,"(0.2035,0.1546) (0.3332,0.5427) (0.3150,1.3617) (0.1482,2.4202)","LG+I{0.0000}+R4{0.2035,0.1546,0.3332,0.5427,0.3150,1.3617,0.1482,2.4202}"
HVO_A0615,LG+I+G4,0.0398,1.0858,,LG+I{0.0398}+G4{1.0858}
HVO_1992,LG+I+G4,0.0398,1.0858,,LG+I{0.0398}+G4{1.0858}
HVO_0498,LG+I+G4,0.0398,1.0858,,LG+I{0.0398}+G4{1.0858}
HVO_1233,LG+I+G4,0.0398,1.0858,,LG+I{0.0398}+G4{1.0858}
HVO_0497,LG+I+G4,0.0398,1.0858,,LG+I{0.0398}+G4{1.0858}
HVO_1446,LG+I+G4,0.1051,2.2745,,LG+I{0.1051}+G4{2.2745}
HVO_2131,LG+I+G4,0.1051,2.2745,,LG+I{0.1051}+G4{2.2745}
HVO_2452,LG+I+R4,0.0000,,"(0.1316,0.1715) (0.2283,0.4023) (0.3054,0.8857) (0.3347,1.8379)","LG+I{0.0000}+R4{0.1316,0.1715,0.2283,0.4023,0.3054,0.8857,0.3347,1.8379}"
HVO_B0067,LG+F+I+G4,0.0000,3.1480,,LG+F+I{0.0000}+G4{3.1480}
HVO_A0175,LG+F+I+G4,0.0000,3.1480,,LG+F+I{0.0000}+G4{3.1480}
HVO_2295,LG+F+I+G4,0.0000,3.1480,,LG+F+I{0.0000}+G4{3.1480}
HVO_0829,LG+F+I+R4,0.0111,,"(0.0977,0.2318) (0.4634,0.6663) (0.3208,1.1526) (0.1070,2.7938)","LG+F+I{0.0111}+R4{0.0977,0.2318,0.4634,0.6663,0.3208,1.1526,0.1070,2.7938}"
HVO_2543,LG+I+R4,0.0000,,"(0.1941,0.3205) (0.3314,0.6890) (0.3606,1.2749) (0.1139,2.1923)","LG+I{0.0000}+R4{0.1941,0.3205,0.3314,0.6890,0.3606,1.2749,0.1139,2.1923}"
HVO_0968,LG+I+R4,0.0000,,"(0.0533,0.0914) (0.1628,0.3453) (0.4183,0.7388) (0.3656,1.7227)","LG+I{0.0000}+R4{0.0533,0.0914,0.1628,0.3453,0.4183,0.7388,0.3656,1.7227}"
HVO_0980,LG+I+R4,0.0000,,"(0.0533,0.0914) (0.1628,0.3453) (0.4183,0.7388) (0.3656,1.7227)","LG+I{0.0000}+R4{0.0533,0.0914,0.1628,0.3453,0.4183,0.7388,0.3656,1.7227}"
HVO_2544,LG+I+G4,0.0000,1.0980,,LG+I{0.0000}+G4{1.0980}
HVO_2740,LG+I+R4,0.0061,,"(0.0647,0.0463) (0.2655,0.3445) (0.4100,0.8564) (0.2537,2.1852)","LG+I{0.0061}+R4{0.0647,0.0463,0.2655,0.3445,0.4100,0.8564,0.2537,2.1852}"
HVO_1392,LG+I+R4,0.0000,,"(0.1892,0.4315) (0.4073,0.7591) (0.3122,1.2709) (0.0913,2.3266)","LG+I{0.0000}+R4{0.1892,0.4315,0.4073,0.7591,0.3122,1.2709,0.0913,2.3266}"
HVO_0360,LG+I+R4,0.0000,,"(0.1892,0.4315) (0.4073,0.7591) (0.3122,1.2709) (0.0913,2.3266)","LG+I{0.0000}+R4{0.1892,0.4315,0.4073,0.7591,0.3122,1.2709,0.0913,2.3266}"
HVO_1967,LG+I+G4,0.0785,1.0918,,LG+I{0.0785}+G4{1.0918}
HVO_2548,LG+I+G4,0.0000,1.8482,,LG+I{0.0000}+G4{1.8482}
HVO_2548,LG+I+G4,0.0000,1.8482,,LG+I{0.0000}+G4{1.8482}
HVO_2725,LG+I+R4,0.0174,,"(0.0959,0.1153) (0.2689,0.4469) (0.2759,0.9835) (0.3419,1.7476)","LG+I{0.0174}+R4{0.0959,0.1153,0.2689,0.4469,0.2759,0.9835,0.3419,1.7476}"
HVO_0303,LG+I+R4,0.0174,,"(0.0959,0.1153) (0.2689,0.4469) (0.2759,0.9835) (0.3419,1.7476)","LG+I{0.0174}+R4{0.0959,0.1153,0.2689,0.4469,0.2759,0.9835,0.3419,1.7476}"
HVO_B0382,LG+I+R4,0.0085,,"(0.1501,0.2396) (0.4000,0.6159) (0.2559,1.2978) (0.1855,2.0780)","LG+I{0.0085}+R4{0.1501,0.2396,0.4000,0.6159,0.2559,1.2978,0.1855,2.0780}"
HVO_B0382,LG+I+R4,0.0085,,"(0.1501,0.2396) (0.4000,0.6159) (0.2559,1.2978) (0.1855,2.0780)","LG+I{0.0085}+R4{0.1501,0.2396,0.4000,0.6159,0.2559,1.2978,0.1855,2.0780}"
HVO_0158,LG+I+R4,0.0085,,"(0.1501,0.2396) (0.4000,0.6159) (0.2559,1.2978) (0.1855,2.0780)","LG+I{0.0085}+R4{0.1501,0.2396,0.4000,0.6159,0.2559,1.2978,0.1855,2.0780}"
HVO_0158,LG+I+R4,0.0085,,"(0.1501,0.2396) (0.4000,0.6159) (0.2559,1.2978) (0.1855,2.0780)","LG+I{0.0085}+R4{0.1501,0.2396,0.4000,0.6159,0.2559,1.2978,0.1855,2.0780}"
HVO_2268,LG+I+R4,0.0085,,"(0.1501,0.2396) (0.4000,0.6159) (0.2559,1.2978) (0.1855,2.0780)","LG+I{0.0085}+R4{0.1501,0.2396,0.4000,0.6159,0.2559,1.2978,0.1855,2.0780}"
HVO_2268,LG+I+R4,0.0085,,"(0.1501,0.2396) (0.4000,0.6159) (0.2559,1.2978) (0.1855,2.0780)","LG+I{0.0085}+R4{0.1501,0.2396,0.4000,0.6159,0.2559,1.2978,0.1855,2.0780}"
HVO_1727,LG+I+R4,0.0085,,"(0.1501,0.2396) (0.4000,0.6159) (0.2559,1.2978) (0.1855,2.0780)","LG+I{0.0085}+R4{0.1501,0.2396,0.4000,0.6159,0.2559,1.2978,0.1855,2.0780}"
HVO_1727,LG+I+R4,0.0085,,"(0.1501,0.2396) (0.4000,0.6159) (0.2559,1.2978) (0.1855,2.0780)","LG+I{0.0085}+R4{0.1501,0.2396,0.4000,0.6159,0.2559,1.2978,0.1855,2.0780}"
HVO_B0009,LG+I+G4,0.0293,4.0384,,LG+I{0.0293}+G4{4.0384}
HVO_B0161,LG+I+G4,0.0293,4.0384,,LG+I{0.0293}+G4{4.0384}
HVO_A0083,LG+I+G4,0.0293,4.0384,,LG+I{0.0293}+G4{4.0384}
HVO_2655,LG+I+G4,0.0293,4.0384,,LG+I{0.0293}+G4{4.0384}
HVO_0707,LG+I+G4,0.0293,4.0384,,LG+I{0.0293}+G4{4.0384}
HVO_0920,LG+I+G4,0.0293,4.0384,,LG+I{0.0293}+G4{4.0384}
HVO_2102,LG+F+I+R4,0.0056,,"(0.1004,0.2363) (0.2313,0.5085) (0.3616,1.0220) (0.3011,1.6245)","LG+F+I{0.0056}+R4{0.1004,0.2363,0.2313,0.5085,0.3616,1.0220,0.3011,1.6245}"
HVO_1498,LG+F+I+R4,0.0056,,"(0.1004,0.2363) (0.2313,0.5085) (0.3616,1.0220) (0.3011,1.6245)","LG+F+I{0.0056}+R4{0.1004,0.2363,0.2313,0.5085,0.3616,1.0220,0.3011,1.6245}"
HVO_1066,LG+F+I+G4,0.0039,1.7309,,LG+F+I{0.0039}+G4{1.7309}
HVO_0986,LG+F+I+G4,0.0039,1.7309,,LG+F+I{0.0039}+G4{1.7309}
HVO_0988,LG+F+I+G4,0.0039,1.7309,,LG+F+I{0.0039}+G4{1.7309}
HVO_2411,LG+F+I+G4,0.0039,1.7309,,LG+F+I{0.0039}+G4{1.7309}
HVO_1069,LG+F+I+G4,0.0039,1.7309,,LG+F+I{0.0039}+G4{1.7309}
HVO_0987,LG+F+I+G4,0.0039,1.7309,,LG+F+I{0.0039}+G4{1.7309}
HVO_0666,LG+I+G4,0.0239,2.1384,,LG+I{0.0239}+G4{2.1384}
HVO_2486,LG+I+G4,0.0239,2.1384,,LG+I{0.0239}+G4{2.1384}
HVO_2960,LG+I+G4,0.0239,2.1384,,LG+I{0.0239}+G4{2.1384}
HVO_2597,LG+I+G4,0.0239,2.1384,,LG+I{0.0239}+G4{2.1384}
HVO_2555,LG+I+R4,0.0000,,"(0.2356,0.1644) (0.3041,0.5528) (0.2134,1.2264) (0.2469,2.1528)","LG+I{0.0000}+R4{0.2356,0.1644,0.3041,0.5528,0.2134,1.2264,0.2469,2.1528}"
HVO_A0276,LG+I+G4,0.0008,2.3729,,LG+I{0.0008}+G4{2.3729}
HVO_1541,LG+I+G4,0.0008,2.3729,,LG+I{0.0008}+G4{2.3729}
HVO_2109,LG+I+G4,0.0008,2.3729,,LG+I{0.0008}+G4{2.3729}
HVO_A0525,LG+I+G4,0.0128,2.0171,,LG+I{0.0128}+G4{2.0171}
HVO_A0097,LG+I+G4,0.0128,2.0171,,LG+I{0.0128}+G4{2.0171}
HVO_A0505,LG+I+G4,0.0128,2.0171,,LG+I{0.0128}+G4{2.0171}
HVO_1387,LG+I+G4,0.0128,2.0171,,LG+I{0.0128}+G4{2.0171}
HVO_1879,LG+I+G4,0.0128,2.0171,,LG+I{0.0128}+G4{2.0171}
HVO_1465,LG+I+G4,0.0128,2.0171,,LG+I{0.0128}+G4{2.0171}
HVO_1460,LG+I+G4,0.0128,2.0171,,LG+I{0.0128}+G4{2.0171}
HVO_2815,LG+I+G4,0.0128,2.0171,,LG+I{0.0128}+G4{2.0171}
HVO_1497,LG+I+R4,0.0000,,"(0.1233,0.1648) (0.3132,0.4869) (0.1899,0.9475) (0.3737,1.7321)","LG+I{0.0000}+R4{0.1233,0.1648,0.3132,0.4869,0.1899,0.9475,0.3737,1.7321}"
HVO_1543,LG+I+R4,0.0000,,"(0.1233,0.1648) (0.3132,0.4869) (0.1899,0.9475) (0.3737,1.7321)","LG+I{0.0000}+R4{0.1233,0.1648,0.3132,0.4869,0.1899,0.9475,0.3737,1.7321}"
HVO_2101,LG+I+R4,0.0000,,"(0.1233,0.1648) (0.3132,0.4869) (0.1899,0.9475) (0.3737,1.7321)","LG+I{0.0000}+R4{0.1233,0.1648,0.3132,0.4869,0.1899,0.9475,0.3737,1.7321}"
HVO_B0285,LG+I+R2,0.0101,,"(0.2978,0.3989) (0.6921,1.2733)","LG+I{0.0101}+R2{0.2978,0.3989,0.6921,1.2733}"
HVO_B0285,LG+I+R2,0.0101,,"(0.2978,0.3989) (0.6921,1.2733)","LG+I{0.0101}+R2{0.2978,0.3989,0.6921,1.2733}"
HVO_A0448,LG+I+R2,0.0101,,"(0.2978,0.3989) (0.6921,1.2733)","LG+I{0.0101}+R2{0.2978,0.3989,0.6921,1.2733}"
HVO_A0448,LG+I+R2,0.0101,,"(0.2978,0.3989) (0.6921,1.2733)","LG+I{0.0101}+R2{0.2978,0.3989,0.6921,1.2733}"
HVO_A0137,LG+I+R2,0.0101,,"(0.2978,0.3989) (0.6921,1.2733)","LG+I{0.0101}+R2{0.2978,0.3989,0.6921,1.2733}"
HVO_A0137,LG+I+R2,0.0101,,"(0.2978,0.3989) (0.6921,1.2733)","LG+I{0.0101}+R2{0.2978,0.3989,0.6921,1.2733}"
HVO_A0375,LG+I+R2,0.0101,,"(0.2978,0.3989) (0.6921,1.2733)","LG+I{0.0101}+R2{0.2978,0.3989,0.6921,1.2733}"
HVO_A0026,LG+I+R2,0.0101,,"(0.2978,0.3989) (0.6921,1.2733)","LG+I{0.0101}+R2{0.2978,0.3989,0.6921,1.2733}"
HVO_A0026,LG+I+R2,0.0101,,"(0.2978,0.3989) (0.6921,1.2733)","LG+I{0.0101}+R2{0.2978,0.3989,0.6921,1.2733}"
HVO_0226,LG+I+R2,0.0101,,"(0.2978,0.3989) (0.6921,1.2733)","LG+I{0.0101}+R2{0.2978,0.3989,0.6921,1.2733}"
HVO_0226,LG+I+R2,0.0101,,"(0.2978,0.3989) (0.6921,1.2733)","LG+I{0.0101}+R2{0.2978,0.3989,0.6921,1.2733}"
HVO_1478,LG+I+R2,0.0101,,"(0.2978,0.3989) (0.6921,1.2733)","LG+I{0.0101}+R2{0.2978,0.3989,0.6921,1.2733}"
HVO_1478,LG+I+R2,0.0101,,"(0.2978,0.3989) (0.6921,1.2733)","LG+I{0.0101}+R2{0.2978,0.3989,0.6921,1.2733}"
HVO_1676,LG+I+R2,0.0101,,"(0.2978,0.3989) (0.6921,1.2733)","LG+I{0.0101}+R2{0.2978,0.3989,0.6921,1.2733}"
HVO_1676,LG+I+R2,0.0101,,"(0.2978,0.3989) (0.6921,1.2733)","LG+I{0.0101}+R2{0.2978,0.3989,0.6921,1.2733}"
HVO_1052,LG+I+R2,0.0101,,"(0.2978,0.3989) (0.6921,1.2733)","LG+I{0.0101}+R2{0.2978,0.3989,0.6921,1.2733}"
HVO_1052,LG+I+R2,0.0101,,"(0.2978,0.3989) (0.6921,1.2733)","LG+I{0.0101}+R2{0.2978,0.3989,0.6921,1.2733}"
HVO_0733,LG+I+R2,0.0101,,"(0.2978,0.3989) (0.6921,1.2733)","LG+I{0.0101}+R2{0.2978,0.3989,0.6921,1.2733}"
HVO_0733,LG+I+R2,0.0101,,"(0.2978,0.3989) (0.6921,1.2733)","LG+I{0.0101}+R2{0.2978,0.3989,0.6921,1.2733}"
HVO_0795,LG+I+R2,0.0101,,"(0.2978,0.3989) (0.6921,1.2733)","LG+I{0.0101}+R2{0.2978,0.3989,0.6921,1.2733}"
HVO_0795,LG+I+R2,0.0101,,"(0.2978,0.3989) (0.6921,1.2733)","LG+I{0.0101}+R2{0.2978,0.3989,0.6921,1.2733}"
HVO_1664,LG+I+R2,0.0101,,"(0.2978,0.3989) (0.6921,1.2733)","LG+I{0.0101}+R2{0.2978,0.3989,0.6921,1.2733}"
HVO_1581,LG+I+R4,0.0117,,"(0.0509,0.0730) (0.2496,0.4026) (0.4958,0.9131) (0.1920,2.3081)","LG+I{0.0117}+R4{0.0509,0.0730,0.2496,0.4026,0.4958,0.9131,0.1920,2.3081}"
HVO_B0235,LG+I+G4,0.0077,3.2774,,LG+I{0.0077}+G4{3.2774}
HVO_B0164,LG+I+G4,0.0077,3.2774,,LG+I{0.0077}+G4{3.2774}
HVO_B0363,LG+I+G4,0.0077,3.2774,,LG+I{0.0077}+G4{3.2774}
HVO_1908,LG+I+G4,0.0077,3.2774,,LG+I{0.0077}+G4{3.2774}
HVO_0935,LG+I+G4,0.0077,3.2774,,LG+I{0.0077}+G4{3.2774}
HVO_B0264,LG+I+R4,0.0027,,"(0.1292,0.2707) (0.3974,0.6639) (0.3173,1.2061) (0.1533,2.0773)","LG+I{0.0027}+R4{0.1292,0.2707,0.3974,0.6639,0.3173,1.2061,0.1533,2.0773}"
HVO_2648,LG+I+R4,0.0027,,"(0.1292,0.2707) (0.3974,0.6639) (0.3173,1.2061) (0.1533,2.0773)","LG+I{0.0027}+R4{0.1292,0.2707,0.3974,0.6639,0.3173,1.2061,0.1533,2.0773}"
HVO_2968,LG+I+R4,0.0027,,"(0.1292,0.2707) (0.3974,0.6639) (0.3173,1.2061) (0.1533,2.0773)","LG+I{0.0027}+R4{0.1292,0.2707,0.3974,0.6639,0.3173,1.2061,0.1533,2.0773}"
HVO_0122,LG+I+R4,0.0027,,"(0.1292,0.2707) (0.3974,0.6639) (0.3173,1.2061) (0.1533,2.0773)","LG+I{0.0027}+R4{0.1292,0.2707,0.3974,0.6639,0.3173,1.2061,0.1533,2.0773}"
HVO_1932,LG+I+R4,0.0027,,"(0.1292,0.2707) (0.3974,0.6639) (0.3173,1.2061) (0.1533,2.0773)","LG+I{0.0027}+R4{0.1292,0.2707,0.3974,0.6639,0.3173,1.2061,0.1533,2.0773}"
HVO_2158,LG+I+G4,0.0412,1.3111,,LG+I{0.0412}+G4{1.3111}
HVO_2436,LG+I+G4,0.0412,1.3111,,LG+I{0.0412}+G4{1.3111}
HVO_0806,LG+I+G4,0.0000,1.0608,,LG+I{0.0000}+G4{1.0608}
HVO_1496,LG+I+G4,0.0000,1.0608,,LG+I{0.0000}+G4{1.0608}
HVO_0812,LG+I+G4,0.0000,1.0608,,LG+I{0.0000}+G4{1.0608}
HVO_1830,LG+I+R4,0.0120,,"(0.2446,0.1061) (0.2721,0.5148) (0.2581,1.1600) (0.2133,2.5069)","LG+I{0.0120}+R4{0.2446,0.1061,0.2721,0.5148,0.2581,1.1600,0.2133,2.5069}"
HVO_2746,LG+I+G4,0.0002,2.3075,,LG+I{0.0002}+G4{2.3075}
HVO_A0624,LG+I+G4,0.0000,2.6232,,LG+I{0.0000}+G4{2.6232}
HVO_A0624,LG+I+G4,0.0000,2.6232,,LG+I{0.0000}+G4{2.6232}
HVO_1751,LG+I+G4,0.0000,2.6232,,LG+I{0.0000}+G4{2.6232}
HVO_1751,LG+I+G4,0.0000,2.6232,,LG+I{0.0000}+G4{2.6232}
HVO_0940,LG+I+G4,0.0000,2.6232,,LG+I{0.0000}+G4{2.6232}
HVO_1753,LG+I+G4,0.0000,2.6232,,LG+I{0.0000}+G4{2.6232}
HVO_2496,LG+I+G4,0.0784,1.8829,,LG+I{0.0784}+G4{1.8829}
HVO_A0602,LG+I+G4,0.0102,1.3449,,LG+I{0.0102}+G4{1.3449}
HVO_0199,LG+I+G4,0.0102,1.3449,,LG+I{0.0102}+G4{1.3449}
HVO_1402,LG+I+G4,0.0102,1.3449,,LG+I{0.0102}+G4{1.3449}
HVO_2989,LG+I+G4,0.0102,1.3449,,LG+I{0.0102}+G4{1.3449}
HVO_2549,LG+I+G4,0.0206,1.0090,,LG+I{0.0206}+G4{1.0090}
HVO_2454,LG+I+R4,0.0157,,"(0.1332,0.1092) (0.2327,0.4459) (0.2518,0.9257) (0.3666,1.7691)","LG+I{0.0157}+R4{0.1332,0.1092,0.2327,0.4459,0.2518,0.9257,0.3666,1.7691}"
HVO_0710,LG+I+R4,0.0157,,"(0.1332,0.1092) (0.2327,0.4459) (0.2518,0.9257) (0.3666,1.7691)","LG+I{0.0157}+R4{0.1332,0.1092,0.2327,0.4459,0.2518,0.9257,0.3666,1.7691}"
HVO_1470,LG+I+R4,0.0157,,"(0.1332,0.1092) (0.2327,0.4459) (0.2518,0.9257) (0.3666,1.7691)","LG+I{0.0157}+R4{0.1332,0.1092,0.2327,0.4459,0.2518,0.9257,0.3666,1.7691}"
HVO_2385,LG+I+G4,0.0321,1.1461,,LG+I{0.0321}+G4{1.1461}
HVO_0620,LG+I+G4,0.0321,1.1461,,LG+I{0.0321}+G4{1.1461}
HVO_1217,LG+I+G4,0.0321,1.1461,,LG+I{0.0321}+G4{1.1461}
HVO_1034,LG+I+G4,0.0321,1.1461,,LG+I{0.0321}+G4{1.1461}
HVO_1160,LG+I+G4,0.0321,1.1461,,LG+I{0.0321}+G4{1.1461}
HVO_0421,LG+I+G4,0.0321,1.1461,,LG+I{0.0321}+G4{1.1461}
HVO_0748,LG+I+G4,0.0321,1.1461,,LG+I{0.0321}+G4{1.1461}
HVO_A0545,LG+I+R4,0.0000,,"(0.2433,0.2850) (0.2569,0.6138) (0.3337,1.2204) (0.1661,2.2020)","LG+I{0.0000}+R4{0.2433,0.2850,0.2569,0.6138,0.3337,1.2204,0.1661,2.2020}"
HVO_A0616,LG+I+R4,0.0000,,"(0.2433,0.2850) (0.2569,0.6138) (0.3337,1.2204) (0.1661,2.2020)","LG+I{0.0000}+R4{0.2433,0.2850,0.2569,0.6138,0.3337,1.2204,0.1661,2.2020}"
HVO_A0465,LG+I+R4,0.0000,,"(0.2433,0.2850) (0.2569,0.6138) (0.3337,1.2204) (0.1661,2.2020)","LG+I{0.0000}+R4{0.2433,0.2850,0.2569,0.6138,0.3337,1.2204,0.1661,2.2020}"
HVO_A0161,LG+I+R4,0.0000,,"(0.2433,0.2850) (0.2569,0.6138) (0.3337,1.2204) (0.1661,2.2020)","LG+I{0.0000}+R4{0.2433,0.2850,0.2569,0.6138,0.3337,1.2204,0.1661,2.2020}"
HVO_2341,LG+I+R4,0.0000,,"(0.2433,0.2850) (0.2569,0.6138) (0.3337,1.2204) (0.1661,2.2020)","LG+I{0.0000}+R4{0.2433,0.2850,0.2569,0.6138,0.3337,1.2204,0.1661,2.2020}"
HVO_2067,LG+I+R4,0.0000,,"(0.2433,0.2850) (0.2569,0.6138) (0.3337,1.2204) (0.1661,2.2020)","LG+I{0.0000}+R4{0.2433,0.2850,0.2569,0.6138,0.3337,1.2204,0.1661,2.2020}"
HVO_A0096,LG+F+I+R4,0.0105,,"(0.0328,0.1031) (0.3367,0.5207) (0.4309,1.0167) (0.1890,2.0270)","LG+F+I{0.0105}+R4{0.0328,0.1031,0.3367,0.5207,0.4309,1.0167,0.1890,2.0270}"
HVO_A0092,LG+F+I+R4,0.0105,,"(0.0328,0.1031) (0.3367,0.5207) (0.4309,1.0167) (0.1890,2.0270)","LG+F+I{0.0105}+R4{0.0328,0.1031,0.3367,0.5207,0.4309,1.0167,0.1890,2.0270}"
HVO_1140,LG+F+I+R4,0.0105,,"(0.0328,0.1031) (0.3367,0.5207) (0.4309,1.0167) (0.1890,2.0270)","LG+F+I{0.0105}+R4{0.0328,0.1031,0.3367,0.5207,0.4309,1.0167,0.1890,2.0270}"
HVO_0209,LG+F+I+R4,0.0105,,"(0.0328,0.1031) (0.3367,0.5207) (0.4309,1.0167) (0.1890,2.0270)","LG+F+I{0.0105}+R4{0.0328,0.1031,0.3367,0.5207,0.4309,1.0167,0.1890,2.0270}"
HVO_2716,LG+F+I+R4,0.0105,,"(0.0328,0.1031) (0.3367,0.5207) (0.4309,1.0167) (0.1890,2.0270)","LG+F+I{0.0105}+R4{0.0328,0.1031,0.3367,0.5207,0.4309,1.0167,0.1890,2.0270}"
HVO_1373,LG+F+I+R4,0.0105,,"(0.0328,0.1031) (0.3367,0.5207) (0.4309,1.0167) (0.1890,2.0270)","LG+F+I{0.0105}+R4{0.0328,0.1031,0.3367,0.5207,0.4309,1.0167,0.1890,2.0270}"
HVO_1199,LG+F+I+R4,0.0105,,"(0.0328,0.1031) (0.3367,0.5207) (0.4309,1.0167) (0.1890,2.0270)","LG+F+I{0.0105}+R4{0.0328,0.1031,0.3367,0.5207,0.4309,1.0167,0.1890,2.0270}"
HVO_0120,LG+I+R4,0.0133,,"(0.1157,0.0758) (0.3171,0.4973) (0.4244,1.2427) (0.1296,2.3626)","LG+I{0.0133}+R4{0.1157,0.0758,0.3171,0.4973,0.4244,1.2427,0.1296,2.3626}"
HVO_0123,LG+I+R4,0.0133,,"(0.1157,0.0758) (0.3171,0.4973) (0.4244,1.2427) (0.1296,2.3626)","LG+I{0.0133}+R4{0.1157,0.0758,0.3171,0.4973,0.4244,1.2427,0.1296,2.3626}"
HVO_0148,LG+I+G4,0.1136,1.3014,,LG+I{0.1136}+G4{1.3014}
HVO_1501,LG+I+G4,0.0000,1.4534,,LG+I{0.0000}+G4{1.4534}
HVO_1081,LG+I+R4,0.0123,,"(0.1579,0.2613) (0.2247,0.5197) (0.3023,0.9951) (0.3028,1.7872)","LG+I{0.0123}+R4{0.1579,0.2613,0.2247,0.5197,0.3023,0.9951,0.3028,1.7872}"
HVO_B0004,LG+I+G4,0.0794,1.2058,,LG+I{0.0794}+G4{1.2058}
HVO_2862,LG+I+G4,0.0794,1.2058,,LG+I{0.0794}+G4{1.2058}
HVO_A0584,LG+I+R4,0.0237,,"(0.1676,0.0682) (0.2847,0.3868) (0.2534,1.0652) (0.2706,2.2486)","LG+I{0.0237}+R4{0.1676,0.0682,0.2847,0.3868,0.2534,1.0652,0.2706,2.2486}"
HVO_1273,LG+I+R4,0.0237,,"(0.1676,0.0682) (0.2847,0.3868) (0.2534,1.0652) (0.2706,2.2486)","LG+I{0.0237}+R4{0.1676,0.0682,0.2847,0.3868,0.2534,1.0652,0.2706,2.2486}"
HVO_1159,LG+F+I+R4,0.0000,,"(0.1480,0.4150) (0.3088,0.6470) (0.3169,1.0722) (0.2263,1.7631)","LG+F+I{0.0000}+R4{0.1480,0.4150,0.3088,0.6470,0.3169,1.0722,0.2263,1.7631}"
HVO_1159,LG+F+I+R4,0.0000,,"(0.1480,0.4150) (0.3088,0.6470) (0.3169,1.0722) (0.2263,1.7631)","LG+F+I{0.0000}+R4{0.1480,0.4150,0.3088,0.6470,0.3169,1.0722,0.2263,1.7631}"
HVO_1033,LG+F+I+R4,0.0000,,"(0.1480,0.4150) (0.3088,0.6470) (0.3169,1.0722) (0.2263,1.7631)","LG+F+I{0.0000}+R4{0.1480,0.4150,0.3088,0.6470,0.3169,1.0722,0.2263,1.7631}"
HVO_1033,LG+F+I+R4,0.0000,,"(0.1480,0.4150) (0.3088,0.6470) (0.3169,1.0722) (0.2263,1.7631)","LG+F+I{0.0000}+R4{0.1480,0.4150,0.3088,0.6470,0.3169,1.0722,0.2263,1.7631}"
HVO_2386,LG+F+I+R4,0.0000,,"(0.1480,0.4150) (0.3088,0.6470) (0.3169,1.0722) (0.2263,1.7631)","LG+F+I{0.0000}+R4{0.1480,0.4150,0.3088,0.6470,0.3169,1.0722,0.2263,1.7631}"
HVO_2386,LG+F+I+R4,0.0000,,"(0.1480,0.4150) (0.3088,0.6470) (0.3169,1.0722) (0.2263,1.7631)","LG+F+I{0.0000}+R4{0.1480,0.4150,0.3088,0.6470,0.3169,1.0722,0.2263,1.7631}"
HVO_1218,LG+F+I+R4,0.0000,,"(0.1480,0.4150) (0.3088,0.6470) (0.3169,1.0722) (0.2263,1.7631)","LG+F+I{0.0000}+R4{0.1480,0.4150,0.3088,0.6470,0.3169,1.0722,0.2263,1.7631}"
HVO_0619,LG+F+I+R4,0.0000,,"(0.1480,0.4150) (0.3088,0.6470) (0.3169,1.0722) (0.2263,1.7631)","LG+F+I{0.0000}+R4{0.1480,0.4150,0.3088,0.6470,0.3169,1.0722,0.2263,1.7631}"
HVO_0952,LG+I+R4,0.0259,,"(0.1568,0.1657) (0.2868,0.4749) (0.2749,1.0593) (0.2557,2.1381)","LG+I{0.0259}+R4{0.1568,0.1657,0.2868,0.4749,0.2749,1.0593,0.2557,2.1381}"
HVO_2797,LG+I+G4,0.0292,3.2801,,LG+I{0.0292}+G4{3.2801}
HVO_1940,LG+I+G4,0.0788,0.9158,,LG+I{0.0788}+G4{0.9158}
HVO_0191,LG+I+G4,0.0788,0.9158,,LG+I{0.0788}+G4{0.9158}
HVO_0552,LG+I+G4,0.0788,0.9158,,LG+I{0.0788}+G4{0.9158}
HVO_0087,LG+I+R4,0.0306,,"(0.1764,0.0743) (0.1777,0.3374) (0.3134,0.8588) (0.3019,2.1789)","LG+I{0.0306}+R4{0.1764,0.0743,0.1777,0.3374,0.3134,0.8588,0.3019,2.1789}"
HVO_A0561,LG+I+R4,0.0069,,"(0.0897,0.0998) (0.2737,0.4473) (0.3252,0.9475) (0.3045,1.8407)","LG+I{0.0069}+R4{0.0897,0.0998,0.2737,0.4473,0.3252,0.9475,0.3045,1.8407}"
HVO_1575,LG+I+R4,0.0069,,"(0.0897,0.0998) (0.2737,0.4473) (0.3252,0.9475) (0.3045,1.8407)","LG+I{0.0069}+R4{0.0897,0.0998,0.2737,0.4473,0.3252,0.9475,0.3045,1.8407}"
HVO_2299,LG+I+R4,0.0069,,"(0.0897,0.0998) (0.2737,0.4473) (0.3252,0.9475) (0.3045,1.8407)","LG+I{0.0069}+R4{0.0897,0.0998,0.2737,0.4473,0.3252,0.9475,0.3045,1.8407}"
HVO_0220,LG+I+G4,0.0063,0.8071,,LG+I{0.0063}+G4{0.8071}
HVO_1139,LG+F+I+R4,0.0000,,"(0.1005,0.1849) (0.1979,0.4479) (0.2649,0.8661) (0.4367,1.5190)","LG+F+I{0.0000}+R4{0.1005,0.1849,0.1979,0.4479,0.2649,0.8661,0.4367,1.5190}"
HVO_2524,LG+F+I+R4,0.0000,,"(0.1005,0.1849) (0.1979,0.4479) (0.2649,0.8661) (0.4367,1.5190)","LG+F+I{0.0000}+R4{0.1005,0.1849,0.1979,0.4479,0.2649,0.8661,0.4367,1.5190}"
HVO_C0075,LG+F+I+R4,0.0000,,"(0.0639,0.1751) (0.1569,0.4655) (0.4183,0.9094) (0.3608,1.4837)","LG+F+I{0.0000}+R4{0.0639,0.1751,0.1569,0.4655,0.4183,0.9094,0.3608,1.4837}"
HVO_B0021,LG+F+I+R4,0.0000,,"(0.0639,0.1751) (0.1569,0.4655) (0.4183,0.9094) (0.3608,1.4837)","LG+F+I{0.0000}+R4{0.0639,0.1751,0.1569,0.4655,0.4183,0.9094,0.3608,1.4837}"
HVO_B0093,LG+F+I+R4,0.0000,,"(0.0639,0.1751) (0.1569,0.4655) (0.4183,0.9094) (0.3608,1.4837)","LG+F+I{0.0000}+R4{0.0639,0.1751,0.1569,0.4655,0.4183,0.9094,0.3608,1.4837}"
HVO_B0328,LG+F+I+R4,0.0000,,"(0.0639,0.1751) (0.1569,0.4655) (0.4183,0.9094) (0.3608,1.4837)","LG+F+I{0.0000}+R4{0.0639,0.1751,0.1569,0.4655,0.4183,0.9094,0.3608,1.4837}"
HVO_B0184,LG+F+I+R4,0.0000,,"(0.0639,0.1751) (0.1569,0.4655) (0.4183,0.9094) (0.3608,1.4837)","LG+F+I{0.0000}+R4{0.0639,0.1751,0.1569,0.4655,0.4183,0.9094,0.3608,1.4837}"
HVO_B0082,LG+F+I+R4,0.0000,,"(0.0639,0.1751) (0.1569,0.4655) (0.4183,0.9094) (0.3608,1.4837)","LG+F+I{0.0000}+R4{0.0639,0.1751,0.1569,0.4655,0.4183,0.9094,0.3608,1.4837}"
HVO_B0122,LG+F+I+R4,0.0000,,"(0.0639,0.1751) (0.1569,0.4655) (0.4183,0.9094) (0.3608,1.4837)","LG+F+I{0.0000}+R4{0.0639,0.1751,0.1569,0.4655,0.4183,0.9094,0.3608,1.4837}"
HVO_A0339,LG+F+I+R4,0.0000,,"(0.0639,0.1751) (0.1569,0.4655) (0.4183,0.9094) (0.3608,1.4837)","LG+F+I{0.0000}+R4{0.0639,0.1751,0.1569,0.4655,0.4183,0.9094,0.3608,1.4837}"
HVO_A0380,LG+F+I+R4,0.0000,,"(0.0639,0.1751) (0.1569,0.4655) (0.4183,0.9094) (0.3608,1.4837)","LG+F+I{0.0000}+R4{0.0639,0.1751,0.1569,0.4655,0.4183,0.9094,0.3608,1.4837}"
HVO_A0428,LG+F+I+R4,0.0000,,"(0.0639,0.1751) (0.1569,0.4655) (0.4183,0.9094) (0.3608,1.4837)","LG+F+I{0.0000}+R4{0.0639,0.1751,0.1569,0.4655,0.4183,0.9094,0.3608,1.4837}"
HVO_0062,LG+F+I+R4,0.0000,,"(0.0639,0.1751) (0.1569,0.4655) (0.4183,0.9094) (0.3608,1.4837)","LG+F+I{0.0000}+R4{0.0639,0.1751,0.1569,0.4655,0.4183,0.9094,0.3608,1.4837}"
HVO_0628,LG+F+I+R4,0.0000,,"(0.0639,0.1751) (0.1569,0.4655) (0.4183,0.9094) (0.3608,1.4837)","LG+F+I{0.0000}+R4{0.0639,0.1751,0.1569,0.4655,0.4183,0.9094,0.3608,1.4837}"
HVO_2126,LG+F+I+R4,0.0000,,"(0.0639,0.1751) (0.1569,0.4655) (0.4183,0.9094) (0.3608,1.4837)","LG+F+I{0.0000}+R4{0.0639,0.1751,0.1569,0.4655,0.4183,0.9094,0.3608,1.4837}"
HVO_2432,LG+F+I+R4,0.0022,,"(0.0594,0.2564) (0.2360,0.5098) (0.3393,0.8883) (0.3631,1.5507)","LG+F+I{0.0022}+R4{0.0594,0.2564,0.2360,0.5098,0.3393,0.8883,0.3631,1.5507}"
HVO_1138,LG+F+I+G4,0.1309,1.3957,,LG+F+I{0.1309}+G4{1.3957}
HVO_1645,LG+F+I+G4,0.1309,1.3957,,LG+F+I{0.1309}+G4{1.3957}
HVO_B0154,LG+F+I+G4,0.0000,1.2587,,LG+F+I{0.0000}+G4{1.2587}
HVO_B0273,LG+F+I+G4,0.0000,1.2587,,LG+F+I{0.0000}+G4{1.2587}
HVO_B0143,LG+F+I+G4,0.0000,1.2587,,LG+F+I{0.0000}+G4{1.2587}
HVO_A0550,LG+F+I+G4,0.0000,1.2587,,LG+F+I{0.0000}+G4{1.2587}
HVO_A0160,LG+F+I+G4,0.0000,1.2587,,LG+F+I{0.0000}+G4{1.2587}
HVO_1713,LG+F+I+G4,0.0000,1.2587,,LG+F+I{0.0000}+G4{1.2587}
HVO_2835,LG+F+I+G4,0.0000,1.2587,,LG+F+I{0.0000}+G4{1.2587}
HVO_2660,LG+F+I+G4,0.0000,1.2587,,LG+F+I{0.0000}+G4{1.2587}
HVO_0204,LG+F+I+G4,0.0000,1.2587,,LG+F+I{0.0000}+G4{1.2587}
HVO_0301,LG+F+I+G4,0.0000,1.2587,,LG+F+I{0.0000}+G4{1.2587}
HVO_2195,LG+F+I+G4,0.0000,1.2587,,LG+F+I{0.0000}+G4{1.2587}
HVO_2339,LG+F+I+G4,0.0000,1.2587,,LG+F+I{0.0000}+G4{1.2587}
HVO_1811,LG+F+I+G4,0.0000,1.2587,,LG+F+I{0.0000}+G4{1.2587}
HVO_0110,LG+F+I+G4,0.0000,1.2587,,LG+F+I{0.0000}+G4{1.2587}
HVO_2030,LG+F+I+G4,0.0000,1.2587,,LG+F+I{0.0000}+G4{1.2587}
HVO_1201,LG+F+I+G4,0.0000,1.2587,,LG+F+I{0.0000}+G4{1.2587}
HVO_1456,LG+F+I+G4,0.0000,1.2587,,LG+F+I{0.0000}+G4{1.2587}
HVO_1397,LG+F+I+G4,0.0000,1.2587,,LG+F+I{0.0000}+G4{1.2587}
HVO_1573,LG+I+R4,0.0267,,"(0.1271,0.1503) (0.2188,0.4414) (0.3198,0.9012) (0.3075,1.9383)","LG+I{0.0267}+R4{0.1271,0.1503,0.2188,0.4414,0.3198,0.9012,0.3075,1.9383}"
HVO_3000,LG+I+G4,0.0000,3.3166,,LG+I{0.0000}+G4{3.3166}
HVO_A0194,LG+I+R4,0.0000,,"(0.0423,0.1058) (0.2221,0.3593) (0.3803,0.8705) (0.3552,1.6459)","LG+I{0.0000}+R4{0.0423,0.1058,0.2221,0.3593,0.3803,0.8705,0.3552,1.6459}"
HVO_1528,LG+I+R4,0.0000,,"(0.0423,0.1058) (0.2221,0.3593) (0.3803,0.8705) (0.3552,1.6459)","LG+I{0.0000}+R4{0.0423,0.1058,0.2221,0.3593,0.3803,0.8705,0.3552,1.6459}"
HVO_0798,LG+I+R4,0.0000,,"(0.0423,0.1058) (0.2221,0.3593) (0.3803,0.8705) (0.3552,1.6459)","LG+I{0.0000}+R4{0.0423,0.1058,0.2221,0.3593,0.3803,0.8705,0.3552,1.6459}"
HVO_2049,LG+I+R4,0.0000,,"(0.0423,0.1058) (0.2221,0.3593) (0.3803,0.8705) (0.3552,1.6459)","LG+I{0.0000}+R4{0.0423,0.1058,0.2221,0.3593,0.3803,0.8705,0.3552,1.6459}"
HVO_1529,LG+I+R4,0.0000,,"(0.0423,0.1058) (0.2221,0.3593) (0.3803,0.8705) (0.3552,1.6459)","LG+I{0.0000}+R4{0.0423,0.1058,0.2221,0.3593,0.3803,0.8705,0.3552,1.6459}"
HVO_0704,LG+I+R4,0.0000,,"(0.0423,0.1058) (0.2221,0.3593) (0.3803,0.8705) (0.3552,1.6459)","LG+I{0.0000}+R4{0.0423,0.1058,0.2221,0.3593,0.3803,0.8705,0.3552,1.6459}"
HVO_2061,LG+I+R4,0.0000,,"(0.0423,0.1058) (0.2221,0.3593) (0.3803,0.8705) (0.3552,1.6459)","LG+I{0.0000}+R4{0.0423,0.1058,0.2221,0.3593,0.3803,0.8705,0.3552,1.6459}"
HVO_1517,LG+I+R4,0.0000,,"(0.0423,0.1058) (0.2221,0.3593) (0.3803,0.8705) (0.3552,1.6459)","LG+I{0.0000}+R4{0.0423,0.1058,0.2221,0.3593,0.3803,0.8705,0.3552,1.6459}"
HVO_0774,LG+I+R4,0.0000,,"(0.0423,0.1058) (0.2221,0.3593) (0.3803,0.8705) (0.3552,1.6459)","LG+I{0.0000}+R4{0.0423,0.1058,0.2221,0.3593,0.3803,0.8705,0.3552,1.6459}"
HVO_1523A,LG+I+R4,0.0000,,"(0.0423,0.1058) (0.2221,0.3593) (0.3803,0.8705) (0.3552,1.6459)","LG+I{0.0000}+R4{0.0423,0.1058,0.2221,0.3593,0.3803,0.8705,0.3552,1.6459}"
HVO_1613,LG+I+R4,0.0000,,"(0.0423,0.1058) (0.2221,0.3593) (0.3803,0.8705) (0.3552,1.6459)","LG+I{0.0000}+R4{0.0423,0.1058,0.2221,0.3593,0.3803,0.8705,0.3552,1.6459}"
HVO_0083,LG+I+R4,0.0154,,"(0.0750,0.1555) (0.3586,0.5071) (0.3320,1.0994) (0.2191,2.0158)","LG+I{0.0154}+R4{0.0750,0.1555,0.3586,0.5071,0.3320,1.0994,0.2191,2.0158}"
HVO_0085,LG+I+R4,0.0154,,"(0.0750,0.1555) (0.3586,0.5071) (0.3320,1.0994) (0.2191,2.0158)","LG+I{0.0154}+R4{0.0750,0.1555,0.3586,0.5071,0.3320,1.0994,0.2191,2.0158}"
HVO_0149,LG+I+G4,0.0379,1.2113,,LG+I{0.0379}+G4{1.2113}
HVO_2464,LG+I+G4,0.0136,1.9319,,LG+I{0.0136}+G4{1.9319}
HVO_2465,LG+I+G4,0.0136,1.9319,,LG+I{0.0136}+G4{1.9319}
HVO_2191,LG+I+G4,0.0144,2.4268,,LG+I{0.0144}+G4{2.4268}
HVO_1085,LG+I+G4,0.0144,2.4268,,LG+I{0.0144}+G4{2.4268}
HVO_B0267,LG+I+R4,0.0000,,"(0.0725,0.1813) (0.1945,0.4521) (0.2893,0.8443) (0.4437,1.4754)","LG+I{0.0000}+R4{0.0725,0.1813,0.1945,0.4521,0.2893,0.8443,0.4437,1.4754}"
HVO_A0535,LG+I+R4,0.0000,,"(0.0725,0.1813) (0.1945,0.4521) (0.2893,0.8443) (0.4437,1.4754)","LG+I{0.0000}+R4{0.0725,0.1813,0.1945,0.4521,0.2893,0.8443,0.4437,1.4754}"
HVO_A0376,LG+I+R4,0.0000,,"(0.0725,0.1813) (0.1945,0.4521) (0.2893,0.8443) (0.4437,1.4754)","LG+I{0.0000}+R4{0.0725,0.1813,0.1945,0.4521,0.2893,0.8443,0.4437,1.4754}"
HVO_1309,LG+I+R4,0.0000,,"(0.0725,0.1813) (0.1945,0.4521) (0.2893,0.8443) (0.4437,1.4754)","LG+I{0.0000}+R4{0.0725,0.1813,0.1945,0.4521,0.2893,0.8443,0.4437,1.4754}"
HVO_0414,LG+I+R4,0.0000,,"(0.0725,0.1813) (0.1945,0.4521) (0.2893,0.8443) (0.4437,1.4754)","LG+I{0.0000}+R4{0.0725,0.1813,0.1945,0.4521,0.2893,0.8443,0.4437,1.4754}"
HVO_2435,LG+I+R4,0.0000,,"(0.0725,0.1813) (0.1945,0.4521) (0.2893,0.8443) (0.4437,1.4754)","LG+I{0.0000}+R4{0.0725,0.1813,0.1945,0.4521,0.2893,0.8443,0.4437,1.4754}"
HVO_2600,LG+I+R4,0.0000,,"(0.0725,0.1813) (0.1945,0.4521) (0.2893,0.8443) (0.4437,1.4754)","LG+I{0.0000}+R4{0.0725,0.1813,0.1945,0.4521,0.2893,0.8443,0.4437,1.4754}"
HVO_0997,LG+I+R4,0.0000,,"(0.0725,0.1813) (0.1945,0.4521) (0.2893,0.8443) (0.4437,1.4754)","LG+I{0.0000}+R4{0.0725,0.1813,0.1945,0.4521,0.2893,0.8443,0.4437,1.4754}"
HVO_2501,LG+I+R4,0.0000,,"(0.0269,0.0847) (0.1063,0.3260) (0.3584,0.6423) (0.5085,1.4414)","LG+I{0.0000}+R4{0.0269,0.0847,0.1063,0.3260,0.3584,0.6423,0.5085,1.4414}"
HVO_2998,LG+I+R4,0.0000,,"(0.0269,0.0847) (0.1063,0.3260) (0.3584,0.6423) (0.5085,1.4414)","LG+I{0.0000}+R4{0.0269,0.0847,0.1063,0.3260,0.3584,0.6423,0.5085,1.4414}"
HVO_2895,LG+I+R4,0.0000,,"(0.0269,0.0847) (0.1063,0.3260) (0.3584,0.6423) (0.5085,1.4414)","LG+I{0.0000}+R4{0.0269,0.0847,0.1063,0.3260,0.3584,0.6423,0.5085,1.4414}"
HVO_0348,LG+I+R4,0.0145,,"(0.1712,0.0889) (0.2749,0.3325) (0.3022,0.7913) (0.2372,2.7581)","LG+I{0.0145}+R4{0.1712,0.0889,0.2749,0.3325,0.3022,0.7913,0.2372,2.7581}"
HVO_1477,LG+I+G4,0.0221,1.7040,,LG+I{0.0221}+G4{1.7040}
HVO_A0229,LG+I+R4,0.0000,,"(0.1129,0.3539) (0.1216,0.6125) (0.3585,0.9104) (0.4071,1.3738)","LG+I{0.0000}+R4{0.1129,0.3539,0.1216,0.6125,0.3585,0.9104,0.4071,1.3738}"
HVO_A0229,LG+I+R4,0.0000,,"(0.1129,0.3539) (0.1216,0.6125) (0.3585,0.9104) (0.4071,1.3738)","LG+I{0.0000}+R4{0.1129,0.3539,0.1216,0.6125,0.3585,0.9104,0.4071,1.3738}"
HVO_A0171,LG+I+R4,0.0000,,"(0.1129,0.3539) (0.1216,0.6125) (0.3585,0.9104) (0.4071,1.3738)","LG+I{0.0000}+R4{0.1129,0.3539,0.1216,0.6125,0.3585,0.9104,0.4071,1.3738}"
HVO_A0171,LG+I+R4,0.0000,,"(0.1129,0.3539) (0.1216,0.6125) (0.3585,0.9104) (0.4071,1.3738)","LG+I{0.0000}+R4{0.1129,0.3539,0.1216,0.6125,0.3585,0.9104,0.4071,1.3738}"
HVO_A0049,LG+I+R4,0.0000,,"(0.1129,0.3539) (0.1216,0.6125) (0.3585,0.9104) (0.4071,1.3738)","LG+I{0.0000}+R4{0.1129,0.3539,0.1216,0.6125,0.3585,0.9104,0.4071,1.3738}"
HVO_A0049,LG+I+R4,0.0000,,"(0.1129,0.3539) (0.1216,0.6125) (0.3585,0.9104) (0.4071,1.3738)","LG+I{0.0000}+R4{0.1129,0.3539,0.1216,0.6125,0.3585,0.9104,0.4071,1.3738}"
HVO_1698,LG+I+R4,0.0000,,"(0.1129,0.3539) (0.1216,0.6125) (0.3585,0.9104) (0.4071,1.3738)","LG+I{0.0000}+R4{0.1129,0.3539,0.1216,0.6125,0.3585,0.9104,0.4071,1.3738}"
HVO_1698,LG+I+R4,0.0000,,"(0.1129,0.3539) (0.1216,0.6125) (0.3585,0.9104) (0.4071,1.3738)","LG+I{0.0000}+R4{0.1129,0.3539,0.1216,0.6125,0.3585,0.9104,0.4071,1.3738}"
HVO_1559,LG+I+R4,0.0000,,"(0.1129,0.3539) (0.1216,0.6125) (0.3585,0.9104) (0.4071,1.3738)","LG+I{0.0000}+R4{0.1129,0.3539,0.1216,0.6125,0.3585,0.9104,0.4071,1.3738}"
HVO_1559,LG+I+R4,0.0000,,"(0.1129,0.3539) (0.1216,0.6125) (0.3585,0.9104) (0.4071,1.3738)","LG+I{0.0000}+R4{0.1129,0.3539,0.1216,0.6125,0.3585,0.9104,0.4071,1.3738}"
HVO_0991,LG+I+R4,0.0000,,"(0.1129,0.3539) (0.1216,0.6125) (0.3585,0.9104) (0.4071,1.3738)","LG+I{0.0000}+R4{0.1129,0.3539,0.1216,0.6125,0.3585,0.9104,0.4071,1.3738}"
HVO_0991,LG+I+R4,0.0000,,"(0.1129,0.3539) (0.1216,0.6125) (0.3585,0.9104) (0.4071,1.3738)","LG+I{0.0000}+R4{0.1129,0.3539,0.1216,0.6125,0.3585,0.9104,0.4071,1.3738}"
HVO_2384,LG+I+R4,0.0000,,"(0.1129,0.3539) (0.1216,0.6125) (0.3585,0.9104) (0.4071,1.3738)","LG+I{0.0000}+R4{0.1129,0.3539,0.1216,0.6125,0.3585,0.9104,0.4071,1.3738}"
HVO_2384,LG+I+R4,0.0000,,"(0.1129,0.3539) (0.1216,0.6125) (0.3585,0.9104) (0.4071,1.3738)","LG+I{0.0000}+R4{0.1129,0.3539,0.1216,0.6125,0.3585,0.9104,0.4071,1.3738}"
HVO_2384,LG+I+R4,0.0000,,"(0.1129,0.3539) (0.1216,0.6125) (0.3585,0.9104) (0.4071,1.3738)","LG+I{0.0000}+R4{0.1129,0.3539,0.1216,0.6125,0.3585,0.9104,0.4071,1.3738}"
HVO_2384,LG+I+R4,0.0000,,"(0.1129,0.3539) (0.1216,0.6125) (0.3585,0.9104) (0.4071,1.3738)","LG+I{0.0000}+R4{0.1129,0.3539,0.1216,0.6125,0.3585,0.9104,0.4071,1.3738}"
HVO_2461,LG+I+R4,0.0000,,"(0.1129,0.3539) (0.1216,0.6125) (0.3585,0.9104) (0.4071,1.3738)","LG+I{0.0000}+R4{0.1129,0.3539,0.1216,0.6125,0.3585,0.9104,0.4071,1.3738}"
HVO_2461,LG+I+R4,0.0000,,"(0.1129,0.3539) (0.1216,0.6125) (0.3585,0.9104) (0.4071,1.3738)","LG+I{0.0000}+R4{0.1129,0.3539,0.1216,0.6125,0.3585,0.9104,0.4071,1.3738}"
HVO_0055,LG+I+R4,0.0000,,"(0.1129,0.3539) (0.1216,0.6125) (0.3585,0.9104) (0.4071,1.3738)","LG+I{0.0000}+R4{0.1129,0.3539,0.1216,0.6125,0.3585,0.9104,0.4071,1.3738}"
HVO_0055,LG+I+R4,0.0000,,"(0.1129,0.3539) (0.1216,0.6125) (0.3585,0.9104) (0.4071,1.3738)","LG+I{0.0000}+R4{0.1129,0.3539,0.1216,0.6125,0.3585,0.9104,0.4071,1.3738}"
HVO_0055,LG+I+R4,0.0000,,"(0.1129,0.3539) (0.1216,0.6125) (0.3585,0.9104) (0.4071,1.3738)","LG+I{0.0000}+R4{0.1129,0.3539,0.1216,0.6125,0.3585,0.9104,0.4071,1.3738}"
HVO_0250,LG+I+R4,0.0000,,"(0.1129,0.3539) (0.1216,0.6125) (0.3585,0.9104) (0.4071,1.3738)","LG+I{0.0000}+R4{0.1129,0.3539,0.1216,0.6125,0.3585,0.9104,0.4071,1.3738}"
HVO_0250,LG+I+R4,0.0000,,"(0.1129,0.3539) (0.1216,0.6125) (0.3585,0.9104) (0.4071,1.3738)","LG+I{0.0000}+R4{0.1129,0.3539,0.1216,0.6125,0.3585,0.9104,0.4071,1.3738}"
HVO_2521,LG+I+R4,0.0000,,"(0.1129,0.3539) (0.1216,0.6125) (0.3585,0.9104) (0.4071,1.3738)","LG+I{0.0000}+R4{0.1129,0.3539,0.1216,0.6125,0.3585,0.9104,0.4071,1.3738}"
HVO_0285,LG+I+R4,0.0000,,"(0.1129,0.3539) (0.1216,0.6125) (0.3585,0.9104) (0.4071,1.3738)","LG+I{0.0000}+R4{0.1129,0.3539,0.1216,0.6125,0.3585,0.9104,0.4071,1.3738}"
HVO_0285,LG+I+R4,0.0000,,"(0.1129,0.3539) (0.1216,0.6125) (0.3585,0.9104) (0.4071,1.3738)","LG+I{0.0000}+R4{0.1129,0.3539,0.1216,0.6125,0.3585,0.9104,0.4071,1.3738}"
HVO_0996,LG+I+R4,0.0000,,"(0.1129,0.3539) (0.1216,0.6125) (0.3585,0.9104) (0.4071,1.3738)","LG+I{0.0000}+R4{0.1129,0.3539,0.1216,0.6125,0.3585,0.9104,0.4071,1.3738}"
HVO_0996,LG+I+R4,0.0000,,"(0.1129,0.3539) (0.1216,0.6125) (0.3585,0.9104) (0.4071,1.3738)","LG+I{0.0000}+R4{0.1129,0.3539,0.1216,0.6125,0.3585,0.9104,0.4071,1.3738}"
HVO_1273,LG+I+R4,0.0000,,"(0.1129,0.3539) (0.1216,0.6125) (0.3585,0.9104) (0.4071,1.3738)","LG+I{0.0000}+R4{0.1129,0.3539,0.1216,0.6125,0.3585,0.9104,0.4071,1.3738}"
HVO_1273,LG+I+R4,0.0000,,"(0.1129,0.3539) (0.1216,0.6125) (0.3585,0.9104) (0.4071,1.3738)","LG+I{0.0000}+R4{0.1129,0.3539,0.1216,0.6125,0.3585,0.9104,0.4071,1.3738}"
HVO_0699,LG+I+G4,0.0000,3.0469,,LG+I{0.0000}+G4{3.0469}
HVO_2889,LG+I+G4,0.0000,3.0469,,LG+I{0.0000}+G4{3.0469}
HVO_1899,LG+I+G4,0.0000,3.0469,,LG+I{0.0000}+G4{3.0469}
HVO_1018,LG+I+G4,0.0000,3.0469,,LG+I{0.0000}+G4{3.0469}
HVO_B0299,LG+I+R4,0.0098,,"(0.1195,0.0571) (0.1629,0.2386) (0.3171,0.8569) (0.3906,1.7474)","LG+I{0.0098}+R4{0.1195,0.0571,0.1629,0.2386,0.3171,0.8569,0.3906,1.7474}"
HVO_1163,LG+I+R4,0.0000,,"(0.0297,0.1141) (0.2104,0.3936) (0.2914,0.7156) (0.4685,1.5053)","LG+I{0.0000}+R4{0.0297,0.1141,0.2104,0.3936,0.2914,0.7156,0.4685,1.5053}"
HVO_1250,LG+I+R4,0.0000,,"(0.0297,0.1141) (0.2104,0.3936) (0.2914,0.7156) (0.4685,1.5053)","LG+I{0.0000}+R4{0.0297,0.1141,0.2104,0.3936,0.2914,0.7156,0.4685,1.5053}"
HVO_0252,LG+I+R4,0.0000,,"(0.0297,0.1141) (0.2104,0.3936) (0.2914,0.7156) (0.4685,1.5053)","LG+I{0.0000}+R4{0.0297,0.1141,0.2104,0.3936,0.2914,0.7156,0.4685,1.5053}"
HVO_2699,LG+I+R4,0.0000,,"(0.0297,0.1141) (0.2104,0.3936) (0.2914,0.7156) (0.4685,1.5053)","LG+I{0.0000}+R4{0.0297,0.1141,0.2104,0.3936,0.2914,0.7156,0.4685,1.5053}"
HVO_0415,LG+F+I+R4,0.0078,,"(0.0592,0.0370) (0.1430,0.1990) (0.3033,0.6359) (0.4867,1.5954)","LG+F+I{0.0078}+R4{0.0592,0.0370,0.1430,0.1990,0.3033,0.6359,0.4867,1.5954}"
HVO_2827,LG+F+I+R4,0.0078,,"(0.0592,0.0370) (0.1430,0.1990) (0.3033,0.6359) (0.4867,1.5954)","LG+F+I{0.0078}+R4{0.0592,0.0370,0.1430,0.1990,0.3033,0.6359,0.4867,1.5954}"
HVO_0025,LG+I+R4,0.0000,,"(0.0375,0.1030) (0.1887,0.3598) (0.3493,0.8189) (0.4244,1.5132)","LG+I{0.0000}+R4{0.0375,0.1030,0.1887,0.3598,0.3493,0.8189,0.4244,1.5132}"
HVO_0025,LG+I+R4,0.0000,,"(0.0375,0.1030) (0.1887,0.3598) (0.3493,0.8189) (0.4244,1.5132)","LG+I{0.0000}+R4{0.0375,0.1030,0.1887,0.3598,0.3493,0.8189,0.4244,1.5132}"
HVO_0024,LG+I+R4,0.0000,,"(0.0375,0.1030) (0.1887,0.3598) (0.3493,0.8189) (0.4244,1.5132)","LG+I{0.0000}+R4{0.0375,0.1030,0.1887,0.3598,0.3493,0.8189,0.4244,1.5132}"
HVO_0024,LG+I+R4,0.0000,,"(0.0375,0.1030) (0.1887,0.3598) (0.3493,0.8189) (0.4244,1.5132)","LG+I{0.0000}+R4{0.0375,0.1030,0.1887,0.3598,0.3493,0.8189,0.4244,1.5132}"
HVO_0559,LG+I+R4,0.0000,,"(0.0375,0.1030) (0.1887,0.3598) (0.3493,0.8189) (0.4244,1.5132)","LG+I{0.0000}+R4{0.0375,0.1030,0.1887,0.3598,0.3493,0.8189,0.4244,1.5132}"
HVO_1365,LG+I+R4,0.0000,,"(0.0375,0.1030) (0.1887,0.3598) (0.3493,0.8189) (0.4244,1.5132)","LG+I{0.0000}+R4{0.0375,0.1030,0.1887,0.3598,0.3493,0.8189,0.4244,1.5132}"
HVO_2772,LG+I+R4,0.0000,,"(0.0375,0.1030) (0.1887,0.3598) (0.3493,0.8189) (0.4244,1.5132)","LG+I{0.0000}+R4{0.0375,0.1030,0.1887,0.3598,0.3493,0.8189,0.4244,1.5132}"
HVO_1483,LG+I+R4,0.0000,,"(0.0375,0.1030) (0.1887,0.3598) (0.3493,0.8189) (0.4244,1.5132)","LG+I{0.0000}+R4{0.0375,0.1030,0.1887,0.3598,0.3493,0.8189,0.4244,1.5132}"
HVO_1947,LG+I+R4,0.0000,,"(0.0375,0.1030) (0.1887,0.3598) (0.3493,0.8189) (0.4244,1.5132)","LG+I{0.0000}+R4{0.0375,0.1030,0.1887,0.3598,0.3493,0.8189,0.4244,1.5132}"
HVO_B0344,LG+I+G4,0.0000,1.4513,,LG+I{0.0000}+G4{1.4513}
HVO_B0095,LG+I+G4,0.0000,1.4513,,LG+I{0.0000}+G4{1.4513}
HVO_A0153,LG+I+G4,0.0000,1.4513,,LG+I{0.0000}+G4{1.4513}
HVO_A0496,LG+I+G4,0.0000,1.4513,,LG+I{0.0000}+G4{1.4513}
HVO_A0496,LG+I+G4,0.0000,1.4513,,LG+I{0.0000}+G4{1.4513}
HVO_A0175,LG+I+G4,0.0000,1.4513,,LG+I{0.0000}+G4{1.4513}
HVO_A0175,LG+I+G4,0.0000,1.4513,,LG+I{0.0000}+G4{1.4513}
HVO_A0452,LG+I+G4,0.0000,1.4513,,LG+I{0.0000}+G4{1.4513}
HVO_A0452,LG+I+G4,0.0000,1.4513,,LG+I{0.0000}+G4{1.4513}
HVO_A0043,LG+I+G4,0.0000,1.4513,,LG+I{0.0000}+G4{1.4513}
HVO_A0086,LG+I+G4,0.0000,1.4513,,LG+I{0.0000}+G4{1.4513}
HVO_A0047,LG+I+G4,0.0000,1.4513,,LG+I{0.0000}+G4{1.4513}
HVO_A0047,LG+I+G4,0.0000,1.4513,,LG+I{0.0000}+G4{1.4513}
HVO_1481,LG+I+G4,0.0000,1.4513,,LG+I{0.0000}+G4{1.4513}
HVO_2366,LG+I+G4,0.0000,1.4513,,LG+I{0.0000}+G4{1.4513}
HVO_0033,LG+I+G4,0.0000,1.4513,,LG+I{0.0000}+G4{1.4513}
HVO_0904,LG+I+G4,0.0000,1.4513,,LG+I{0.0000}+G4{1.4513}
HVO_0932,LG+I+G4,0.0000,1.4513,,LG+I{0.0000}+G4{1.4513}
HVO_2500,LG+I+G4,0.0000,1.4513,,LG+I{0.0000}+G4{1.4513}
HVO_2500,LG+I+G4,0.0000,1.4513,,LG+I{0.0000}+G4{1.4513}
HVO_0428,LG+I+G4,0.0000,1.4513,,LG+I{0.0000}+G4{1.4513}
HVO_1823,LG+I+G4,0.0000,1.4513,,LG+I{0.0000}+G4{1.4513}
HVO_1087,LG+I+G4,0.0000,1.4513,,LG+I{0.0000}+G4{1.4513}
HVO_2615,LG+I+G4,0.0000,1.4513,,LG+I{0.0000}+G4{1.4513}
HVO_2239,LG+I+G4,0.0000,1.4513,,LG+I{0.0000}+G4{1.4513}
HVO_0938,LG+I+G4,0.0000,1.4513,,LG+I{0.0000}+G4{1.4513}
HVO_1267,LG+I+G4,0.0000,1.4513,,LG+I{0.0000}+G4{1.4513}
HVO_0948,LG+I+G4,0.0000,1.4513,,LG+I{0.0000}+G4{1.4513}
HVO_1198,LG+I+G4,0.0000,1.4513,,LG+I{0.0000}+G4{1.4513}
HVO_1822,LG+I+G4,0.0000,1.4513,,LG+I{0.0000}+G4{1.4513}
HVO_1820,LG+I+G4,0.0000,1.4513,,LG+I{0.0000}+G4{1.4513}
HVO_2499,LG+I+G4,0.0000,1.4513,,LG+I{0.0000}+G4{1.4513}
HVO_0401,LG+I+G4,0.0000,1.4513,,LG+I{0.0000}+G4{1.4513}
HVO_2534,LG+I+G4,0.0000,1.4513,,LG+I{0.0000}+G4{1.4513}
HVO_3009,LG+I+G4,0.0000,1.4513,,LG+I{0.0000}+G4{1.4513}
HVO_2788,LG+I+G4,0.0000,1.4513,,LG+I{0.0000}+G4{1.4513}
HVO_2684,LG+I+G4,0.0000,1.4513,,LG+I{0.0000}+G4{1.4513}
HVO_1853,LG+I+G4,0.0000,1.4513,,LG+I{0.0000}+G4{1.4513}
HVO_0612,LG+I+G4,0.0000,1.4513,,LG+I{0.0000}+G4{1.4513}
HVO_2156,LG+I+G4,0.0000,1.4513,,LG+I{0.0000}+G4{1.4513}
HVO_2156,LG+I+G4,0.0000,1.4513,,LG+I{0.0000}+G4{1.4513}
HVO_0931,LG+I+G4,0.0000,1.4513,,LG+I{0.0000}+G4{1.4513}
HVO_0176,LG+I+G4,0.0000,1.4513,,LG+I{0.0000}+G4{1.4513}
HVO_2337,LG+I+G4,0.0000,1.4513,,LG+I{0.0000}+G4{1.4513}
HVO_2484,LG+I+G4,0.0000,1.4513,,LG+I{0.0000}+G4{1.4513}
HVO_A0486,LG+I+R4,0.0000,,"(0.1036,0.1642) (0.3657,0.4800) (0.2050,0.9003) (0.3257,1.9122)","LG+I{0.0000}+R4{0.1036,0.1642,0.3657,0.4800,0.2050,0.9003,0.3257,1.9122}"
HVO_2502,LG+I+R4,0.0000,,"(0.1036,0.1642) (0.3657,0.4800) (0.2050,0.9003) (0.3257,1.9122)","LG+I{0.0000}+R4{0.1036,0.1642,0.3657,0.4800,0.2050,0.9003,0.3257,1.9122}"
HVO_1557,LG+I+R4,0.0000,,"(0.1036,0.1642) (0.3657,0.4800) (0.2050,0.9003) (0.3257,1.9122)","LG+I{0.0000}+R4{0.1036,0.1642,0.3657,0.4800,0.2050,0.9003,0.3257,1.9122}"
HVO_1861,LG+I+R4,0.0000,,"(0.1036,0.1642) (0.3657,0.4800) (0.2050,0.9003) (0.3257,1.9122)","LG+I{0.0000}+R4{0.1036,0.1642,0.3657,0.4800,0.2050,0.9003,0.3257,1.9122}"
HVO_1048,LG+I+R4,0.0000,,"(0.1036,0.1642) (0.3657,0.4800) (0.2050,0.9003) (0.3257,1.9122)","LG+I{0.0000}+R4{0.1036,0.1642,0.3657,0.4800,0.2050,0.9003,0.3257,1.9122}"
HVO_1048,LG+I+R4,0.0000,,"(0.1036,0.1642) (0.3657,0.4800) (0.2050,0.9003) (0.3257,1.9122)","LG+I{0.0000}+R4{0.1036,0.1642,0.3657,0.4800,0.2050,0.9003,0.3257,1.9122}"
HVO_0054,LG+I+G4,0.0212,3.9774,,LG+I{0.0212}+G4{3.9774}
HVO_0870,LG+I+G4,0.0212,3.9774,,LG+I{0.0212}+G4{3.9774}
HVO_1921,LG+I+G4,0.0212,3.9774,,LG+I{0.0212}+G4{3.9774}
HVO_1684,LG+I+G4,0.0212,3.9774,,LG+I{0.0212}+G4{3.9774}
HVO_B0061,LG+I+R4,0.0037,,"(0.1341,0.2625) (0.2731,0.5805) (0.3203,1.0949) (0.2690,1.6942)","LG+I{0.0037}+R4{0.1341,0.2625,0.2731,0.5805,0.3203,1.0949,0.2690,1.6942}"
HVO_B0048,LG+I+R4,0.0037,,"(0.1341,0.2625) (0.2731,0.5805) (0.3203,1.0949) (0.2690,1.6942)","LG+I{0.0037}+R4{0.1341,0.2625,0.2731,0.5805,0.3203,1.0949,0.2690,1.6942}"
HVO_B0060,LG+I+R4,0.0037,,"(0.1341,0.2625) (0.2731,0.5805) (0.3203,1.0949) (0.2690,1.6942)","LG+I{0.0037}+R4{0.1341,0.2625,0.2731,0.5805,0.3203,1.0949,0.2690,1.6942}"
HVO_B0057,LG+I+R4,0.0037,,"(0.1341,0.2625) (0.2731,0.5805) (0.3203,1.0949) (0.2690,1.6942)","LG+I{0.0037}+R4{0.1341,0.2625,0.2731,0.5805,0.3203,1.0949,0.2690,1.6942}"
HVO_B0058,LG+I+R4,0.0037,,"(0.1341,0.2625) (0.2731,0.5805) (0.3203,1.0949) (0.2690,1.6942)","LG+I{0.0037}+R4{0.1341,0.2625,0.2731,0.5805,0.3203,1.0949,0.2690,1.6942}"
HVO_0916,LG+I+R4,0.0037,,"(0.1341,0.2625) (0.2731,0.5805) (0.3203,1.0949) (0.2690,1.6942)","LG+I{0.0037}+R4{0.1341,0.2625,0.2731,0.5805,0.3203,1.0949,0.2690,1.6942}"
HVO_0077,LG+I+R4,0.0037,,"(0.1341,0.2625) (0.2731,0.5805) (0.3203,1.0949) (0.2690,1.6942)","LG+I{0.0037}+R4{0.1341,0.2625,0.2731,0.5805,0.3203,1.0949,0.2690,1.6942}"
HVO_2456,LG+I+G4,0.0213,1.6359,,LG+I{0.0213}+G4{1.6359}
HVO_2226,LG+I+G4,0.0213,1.6359,,LG+I{0.0213}+G4{1.6359}
HVO_0965,LG+I+G4,0.0213,1.6359,,LG+I{0.0213}+G4{1.6359}
HVO_A0268,LG+I+R4,0.0000,,"(0.0436,0.0786) (0.2278,0.4316) (0.3154,0.8186) (0.4131,1.5494)","LG+I{0.0000}+R4{0.0436,0.0786,0.2278,0.4316,0.3154,0.8186,0.4131,1.5494}"
HVO_A0268,LG+I+R4,0.0000,,"(0.0436,0.0786) (0.2278,0.4316) (0.3154,0.8186) (0.4131,1.5494)","LG+I{0.0000}+R4{0.0436,0.0786,0.2278,0.4316,0.3154,0.8186,0.4131,1.5494}"
HVO_0349,LG+I+G4,0.0038,0.6930,,LG+I{0.0038}+G4{0.6930}
HVO_0986,LG+I+R4,0.0000,,"(0.1232,0.1125) (0.2744,0.3780) (0.4769,1.2254) (0.1256,2.3738)","LG+I{0.0000}+R4{0.1232,0.1125,0.2744,0.3780,0.4769,1.2254,0.1256,2.3738}"
HVO_2411,LG+I+R4,0.0000,,"(0.1232,0.1125) (0.2744,0.3780) (0.4769,1.2254) (0.1256,2.3738)","LG+I{0.0000}+R4{0.1232,0.1125,0.2744,0.3780,0.4769,1.2254,0.1256,2.3738}"
HVO_1069,LG+I+R4,0.0000,,"(0.1232,0.1125) (0.2744,0.3780) (0.4769,1.2254) (0.1256,2.3738)","LG+I{0.0000}+R4{0.1232,0.1125,0.2744,0.3780,0.4769,1.2254,0.1256,2.3738}"
HVO_0167,LG+I+G4,0.1251,1.3162,,LG+I{0.1251}+G4{1.3162}
HVO_0554,LG+F+I+R4,0.0000,,"(0.0274,0.1149) (0.2289,0.4512) (0.3209,0.8372) (0.4228,1.4781)","LG+F+I{0.0000}+R4{0.0274,0.1149,0.2289,0.4512,0.3209,0.8372,0.4228,1.4781}"
HVO_0554,LG+F+I+R4,0.0000,,"(0.0274,0.1149) (0.2289,0.4512) (0.3209,0.8372) (0.4228,1.4781)","LG+F+I{0.0000}+R4{0.0274,0.1149,0.2289,0.4512,0.3209,0.8372,0.4228,1.4781}"
HVO_0969,LG+F+I+R4,0.0000,,"(0.0274,0.1149) (0.2289,0.4512) (0.3209,0.8372) (0.4228,1.4781)","LG+F+I{0.0000}+R4{0.0274,0.1149,0.2289,0.4512,0.3209,0.8372,0.4228,1.4781}"
HVO_0420,LG+F+I+R4,0.0000,,"(0.0274,0.1149) (0.2289,0.4512) (0.3209,0.8372) (0.4228,1.4781)","LG+F+I{0.0000}+R4{0.0274,0.1149,0.2289,0.4512,0.3209,0.8372,0.4228,1.4781}"
HVO_2462,LG+F+I+R4,0.0000,,"(0.0274,0.1149) (0.2289,0.4512) (0.3209,0.8372) (0.4228,1.4781)","LG+F+I{0.0000}+R4{0.0274,0.1149,0.2289,0.4512,0.3209,0.8372,0.4228,1.4781}"
HVO_2462,LG+F+I+R4,0.0000,,"(0.0274,0.1149) (0.2289,0.4512) (0.3209,0.8372) (0.4228,1.4781)","LG+F+I{0.0000}+R4{0.0274,0.1149,0.2289,0.4512,0.3209,0.8372,0.4228,1.4781}"
HVO_2214,LG+F+I+R4,0.0000,,"(0.0274,0.1149) (0.2289,0.4512) (0.3209,0.8372) (0.4228,1.4781)","LG+F+I{0.0000}+R4{0.0274,0.1149,0.2289,0.4512,0.3209,0.8372,0.4228,1.4781}"
HVO_2551,LG+I+G4,0.0034,1.3382,,LG+I{0.0034}+G4{1.3382}
HVO_2595,LG+I+G4,0.0202,2.0193,,LG+I{0.0202}+G4{2.0193}
HVO_2958,LG+I+G4,0.0202,2.0193,,LG+I{0.0202}+G4{2.0193}
HVO_0669,LG+I+G4,0.0202,2.0193,,LG+I{0.0202}+G4{2.0193}
HVO_2209,LG+I+G4,0.0202,2.0193,,LG+I{0.0202}+G4{2.0193}
HVO_0409,LG+I+R4,0.0155,,"(0.0964,0.0415) (0.2294,0.2639) (0.2525,0.8200) (0.4062,1.7933)","LG+I{0.0155}+R4{0.0964,0.0415,0.2294,0.2639,0.2525,0.8200,0.4062,1.7933}"
HVO_0409,LG+I+R4,0.0155,,"(0.0964,0.0415) (0.2294,0.2639) (0.2525,0.8200) (0.4062,1.7933)","LG+I{0.0155}+R4{0.0964,0.0415,0.2294,0.2639,0.2525,0.8200,0.4062,1.7933}"
HVO_0356,LG+I+G4,0.0109,2.4270,,LG+I{0.0109}+G4{2.4270}
HVO_A0568,LG+I+G4,0.0145,1.7357,,LG+I{0.0145}+G4{1.7357}
HVO_A0489,LG+I+G4,0.0145,1.7357,,LG+I{0.0145}+G4{1.7357}
HVO_1510,LG+I+G4,0.0145,1.7357,,LG+I{0.0145}+G4{1.7357}
HVO_0644,LG+I+G4,0.0145,1.7357,,LG+I{0.0145}+G4{1.7357}
HVO_1589,LG+I+R4,0.0544,,"(0.0970,0.0404) (0.0729,0.4116) (0.3713,0.8300) (0.4044,1.6269)","LG+I{0.0544}+R4{0.0970,0.0404,0.0729,0.4116,0.3713,0.8300,0.4044,1.6269}"
HVO_2757,LG+F+I+R4,0.0000,,"(0.0728,0.2430) (0.2674,0.5298) (0.4096,0.9510) (0.2502,1.8028)","LG+F+I{0.0000}+R4{0.0728,0.2430,0.2674,0.5298,0.4096,0.9510,0.2502,1.8028}"
HVO_0933,LG+I+R4,0.0265,,"(0.0561,0.1315) (0.1407,0.3953) (0.3370,0.7494) (0.4398,1.5565)","LG+I{0.0265}+R4{0.0561,0.1315,0.1407,0.3953,0.3370,0.7494,0.4398,1.5565}"
HVO_A0566,LG+I+G4,0.0537,1.4177,,LG+I{0.0537}+G4{1.4177}
HVO_1955,LG+I+G4,0.0537,1.4177,,LG+I{0.0537}+G4{1.4177}
HVO_1503,LG+I+G4,0.0537,1.4177,,LG+I{0.0537}+G4{1.4177}
HVO_0541,LG+I+G4,0.0537,1.4177,,LG+I{0.0537}+G4{1.4177}
HVO_2455,LG+I+G4,0.0300,1.5789,,LG+I{0.0300}+G4{1.5789}
HVO_0147,LG+I+R4,0.0247,,"(0.2611,0.0855) (0.2014,0.4115) (0.2163,1.0206) (0.2965,2.2733)","LG+I{0.0247}+R4{0.2611,0.0855,0.2014,0.4115,0.2163,1.0206,0.2965,2.2733}"
HVO_B0097,LG+I+G4,0.0010,1.8286,,LG+I{0.0010}+G4{1.8286}
HVO_B0348,LG+I+G4,0.0010,1.8286,,LG+I{0.0010}+G4{1.8286}
HVO_2114,LG+I+G4,0.0010,1.8286,,LG+I{0.0010}+G4{1.8286}
HVO_1101,LG+I+G4,0.0010,1.8286,,LG+I{0.0010}+G4{1.8286}
HVO_A0624,LG+I+R4,0.0000,,"(0.0198,0.0479) (0.1412,0.2916) (0.2760,0.6898) (0.5630,1.3632)","LG+I{0.0000}+R4{0.0198,0.0479,0.1412,0.2916,0.2760,0.6898,0.5630,1.3632}"
HVO_0431,LG+I+R4,0.0000,,"(0.0198,0.0479) (0.1412,0.2916) (0.2760,0.6898) (0.5630,1.3632)","LG+I{0.0000}+R4{0.0198,0.0479,0.1412,0.2916,0.2760,0.6898,0.5630,1.3632}"
HVO_2389,LG+I+R4,0.0000,,"(0.0198,0.0479) (0.1412,0.2916) (0.2760,0.6898) (0.5630,1.3632)","LG+I{0.0000}+R4{0.0198,0.0479,0.1412,0.2916,0.2760,0.6898,0.5630,1.3632}"
HVO_0933,LG+I+R4,0.0000,,"(0.0198,0.0479) (0.1412,0.2916) (0.2760,0.6898) (0.5630,1.3632)","LG+I{0.0000}+R4{0.0198,0.0479,0.1412,0.2916,0.2760,0.6898,0.5630,1.3632}"
HVO_0586,LG+I+R4,0.0000,,"(0.0198,0.0479) (0.1412,0.2916) (0.2760,0.6898) (0.5630,1.3632)","LG+I{0.0000}+R4{0.0198,0.0479,0.1412,0.2916,0.2760,0.6898,0.5630,1.3632}"
HVO_1415,LG+I+R4,0.0000,,"(0.0198,0.0479) (0.1412,0.2916) (0.2760,0.6898) (0.5630,1.3632)","LG+I{0.0000}+R4{0.0198,0.0479,0.1412,0.2916,0.2760,0.6898,0.5630,1.3632}"
HVO_1751,LG+I+R4,0.0000,,"(0.0198,0.0479) (0.1412,0.2916) (0.2760,0.6898) (0.5630,1.3632)","LG+I{0.0000}+R4{0.0198,0.0479,0.1412,0.2916,0.2760,0.6898,0.5630,1.3632}"
HVO_0940,LG+I+R4,0.0000,,"(0.0198,0.0479) (0.1412,0.2916) (0.2760,0.6898) (0.5630,1.3632)","LG+I{0.0000}+R4{0.0198,0.0479,0.1412,0.2916,0.2760,0.6898,0.5630,1.3632}"
HVO_0175,LG+I,0.0784,,,LG+I{0.0784}
HVO_1403,LG+I+R4,0.0000,,"(0.1266,0.0625) (0.1732,0.3551) (0.3345,0.9764) (0.3657,1.6515)","LG+I{0.0000}+R4{0.1266,0.0625,0.1732,0.3551,0.3345,0.9764,0.3657,1.6515}"
HVO_1132,LG+I+R4,0.0081,,"(0.1383,0.0504) (0.2110,0.3574) (0.2617,0.8437) (0.3809,1.8295)","LG+I{0.0081}+R4{0.1383,0.0504,0.2110,0.3574,0.2617,0.8437,0.3809,1.8295}"
HVO_A0302,LG+I+R4,0.0008,,"(0.0933,0.0876) (0.2525,0.3923) (0.2891,0.8663) (0.3643,1.7631)","LG+I{0.0008}+R4{0.0933,0.0876,0.2525,0.3923,0.2891,0.8663,0.3643,1.7631}"
HVO_2511,LG+I+R4,0.0008,,"(0.0933,0.0876) (0.2525,0.3923) (0.2891,0.8663) (0.3643,1.7631)","LG+I{0.0008}+R4{0.0933,0.0876,0.2525,0.3923,0.2891,0.8663,0.3643,1.7631}"
HVO_0729,LG+I+R4,0.0047,,"(0.1430,0.0999) (0.2898,0.4786) (0.3160,1.0105) (0.2465,2.1407)","LG+I{0.0047}+R4{0.1430,0.0999,0.2898,0.4786,0.3160,1.0105,0.2465,2.1407}"
HVO_0004,LG+I+G4,0.0057,1.6455,,LG+I{0.0057}+G4{1.6455}
HVO_1022,LG+I+G4,0.0057,1.6455,,LG+I{0.0057}+G4{1.6455}
HVO_A0097,LG+I+G4,0.0087,1.7917,,LG+I{0.0087}+G4{1.7917}
HVO_A0097,LG+I+G4,0.0087,1.7917,,LG+I{0.0087}+G4{1.7917}
HVO_A0524,LG+I+G4,0.0087,1.7917,,LG+I{0.0087}+G4{1.7917}
HVO_1444,LG+I+G4,0.0087,1.7917,,LG+I{0.0087}+G4{1.7917}
HVO_2815,LG+I+G4,0.0087,1.7917,,LG+I{0.0087}+G4{1.7917}
HVO_2815,LG+I+G4,0.0087,1.7917,,LG+I{0.0087}+G4{1.7917}
HVO_0848,LG+I+G4,0.0000,2.2922,,LG+I{0.0000}+G4{2.2922}
HVO_0878,LG+I+G4,0.0000,2.2922,,LG+I{0.0000}+G4{2.2922}
HVO_2834,LG+I+G4,0.0000,2.2922,,LG+I{0.0000}+G4{2.2922}
HVO_1681,LG+I+G4,0.0000,2.2922,,LG+I{0.0000}+G4{2.2922}
HVO_2814,LG+I+G4,0.0000,2.2922,,LG+I{0.0000}+G4{2.2922}
HVO_2896,LG+I+G4,0.0000,2.2922,,LG+I{0.0000}+G4{2.2922}
HVO_0197,LG+I+R4,0.0118,,"(0.2697,0.0958) (0.2797,0.4765) (0.2004,1.2507) (0.2384,2.4757)","LG+I{0.0118}+R4{0.2697,0.0958,0.2797,0.4765,0.2004,1.2507,0.2384,2.4757}"
HVO_0977,LG+I+R4,0.0118,,"(0.2697,0.0958) (0.2797,0.4765) (0.2004,1.2507) (0.2384,2.4757)","LG+I{0.0118}+R4{0.2697,0.0958,0.2797,0.4765,0.2004,1.2507,0.2384,2.4757}"
HVO_1294,LG+I+G4,0.0153,1.8554,,LG+I{0.0153}+G4{1.8554}
HVO_A0200,LG+F+I+R4,0.0038,,"(0.0755,0.1093) (0.2073,0.3855) (0.2900,0.8065) (0.4234,1.6014)","LG+F+I{0.0038}+R4{0.0755,0.1093,0.2073,0.3855,0.2900,0.8065,0.4234,1.6014}"
HVO_0190,LG+F+I+R4,0.0038,,"(0.0755,0.1093) (0.2073,0.3855) (0.2900,0.8065) (0.4234,1.6014)","LG+F+I{0.0038}+R4{0.0755,0.1093,0.2073,0.3855,0.2900,0.8065,0.4234,1.6014}"
HVO_1050,LG+F+I+R4,0.0038,,"(0.0755,0.1093) (0.2073,0.3855) (0.2900,0.8065) (0.4234,1.6014)","LG+F+I{0.0038}+R4{0.0755,0.1093,0.2073,0.3855,0.2900,0.8065,0.4234,1.6014}"
HVO_1050,LG+F+I+R4,0.0038,,"(0.0755,0.1093) (0.2073,0.3855) (0.2900,0.8065) (0.4234,1.6014)","LG+F+I{0.0038}+R4{0.0755,0.1093,0.2073,0.3855,0.2900,0.8065,0.4234,1.6014}"
HVO_2752,LG+I+G4,0.0000,2.6287,,LG+I{0.0000}+G4{2.6287}
HVO_0358,LG+I+R4,0.0058,,"(0.1017,0.0801) (0.2309,0.3741) (0.2217,0.8044) (0.4399,1.6530)","LG+I{0.0058}+R4{0.1017,0.0801,0.2309,0.3741,0.2217,0.8044,0.4399,1.6530}"
HVO_0601,LG+I+R4,0.0058,,"(0.1017,0.0801) (0.2309,0.3741) (0.2217,0.8044) (0.4399,1.6530)","LG+I{0.0058}+R4{0.1017,0.0801,0.2309,0.3741,0.2217,0.8044,0.4399,1.6530}"
HVO_2311,LG+F+I+G4,0.0000,2.2979,,LG+F+I{0.0000}+G4{2.2979}
HVO_2726,LG+I+G4,0.0279,1.7638,,LG+I{0.0279}+G4{1.7638}
HVO_0324,LG+I+G4,0.0526,2.1719,,LG+I{0.0526}+G4{2.1719}
HVO_0771,LG+I+R4,0.0000,,"(0.0328,0.0315) (0.1591,0.3258) (0.3991,0.7791) (0.4091,1.5553)","LG+I{0.0000}+R4{0.0328,0.0315,0.1591,0.3258,0.3991,0.7791,0.4091,1.5553}"
HVO_0144,LG+I+R4,0.0000,,"(0.0328,0.0315) (0.1591,0.3258) (0.3991,0.7791) (0.4091,1.5553)","LG+I{0.0000}+R4{0.0328,0.0315,0.1591,0.3258,0.3991,0.7791,0.4091,1.5553}"
HVO_1365,LG+I+R4,0.0000,,"(0.0328,0.0315) (0.1591,0.3258) (0.3991,0.7791) (0.4091,1.5553)","LG+I{0.0000}+R4{0.0328,0.0315,0.1591,0.3258,0.3991,0.7791,0.4091,1.5553}"
HVO_2917,LG+I+R4,0.0000,,"(0.0328,0.0315) (0.1591,0.3258) (0.3991,0.7791) (0.4091,1.5553)","LG+I{0.0000}+R4{0.0328,0.0315,0.1591,0.3258,0.3991,0.7791,0.4091,1.5553}"
HVO_2772,LG+I+R4,0.0000,,"(0.0328,0.0315) (0.1591,0.3258) (0.3991,0.7791) (0.4091,1.5553)","LG+I{0.0000}+R4{0.0328,0.0315,0.1591,0.3258,0.3991,0.7791,0.4091,1.5553}"
HVO_1483,LG+I+R4,0.0000,,"(0.0328,0.0315) (0.1591,0.3258) (0.3991,0.7791) (0.4091,1.5553)","LG+I{0.0000}+R4{0.0328,0.0315,0.1591,0.3258,0.3991,0.7791,0.4091,1.5553}"
HVO_0874,LG+I+R4,0.0000,,"(0.0328,0.0315) (0.1591,0.3258) (0.3991,0.7791) (0.4091,1.5553)","LG+I{0.0000}+R4{0.0328,0.0315,0.1591,0.3258,0.3991,0.7791,0.4091,1.5553}"
HVO_1041,LG+I+R4,0.0000,,"(0.0328,0.0315) (0.1591,0.3258) (0.3991,0.7791) (0.4091,1.5553)","LG+I{0.0000}+R4{0.0328,0.0315,0.1591,0.3258,0.3991,0.7791,0.4091,1.5553}"
HVO_1797,LG+I+R4,0.0000,,"(0.0328,0.0315) (0.1591,0.3258) (0.3991,0.7791) (0.4091,1.5553)","LG+I{0.0000}+R4{0.0328,0.0315,0.1591,0.3258,0.3991,0.7791,0.4091,1.5553}"
HVO_0441,LG+I+R4,0.0000,,"(0.0328,0.0315) (0.1591,0.3258) (0.3991,0.7791) (0.4091,1.5553)","LG+I{0.0000}+R4{0.0328,0.0315,0.1591,0.3258,0.3991,0.7791,0.4091,1.5553}"
HVO_0609,LG+I+R4,0.0000,,"(0.0328,0.0315) (0.1591,0.3258) (0.3991,0.7791) (0.4091,1.5553)","LG+I{0.0000}+R4{0.0328,0.0315,0.1591,0.3258,0.3991,0.7791,0.4091,1.5553}"
HVO_0613,LG+I+R4,0.0000,,"(0.0328,0.0315) (0.1591,0.3258) (0.3991,0.7791) (0.4091,1.5553)","LG+I{0.0000}+R4{0.0328,0.0315,0.1591,0.3258,0.3991,0.7791,0.4091,1.5553}"
HVO_1918,LG+I+R4,0.0000,,"(0.0328,0.0315) (0.1591,0.3258) (0.3991,0.7791) (0.4091,1.5553)","LG+I{0.0000}+R4{0.0328,0.0315,0.1591,0.3258,0.3991,0.7791,0.4091,1.5553}"
HVO_1039,LG+I+R4,0.0000,,"(0.0328,0.0315) (0.1591,0.3258) (0.3991,0.7791) (0.4091,1.5553)","LG+I{0.0000}+R4{0.0328,0.0315,0.1591,0.3258,0.3991,0.7791,0.4091,1.5553}"
HVO_1368,LG+I+R4,0.0000,,"(0.0328,0.0315) (0.1591,0.3258) (0.3991,0.7791) (0.4091,1.5553)","LG+I{0.0000}+R4{0.0328,0.0315,0.1591,0.3258,0.3991,0.7791,0.4091,1.5553}"
HVO_2865,LG+I+R4,0.0047,,"(0.1615,0.1234) (0.2270,0.4296) (0.2452,0.9481) (0.3617,1.7973)","LG+I{0.0047}+R4{0.1615,0.1234,0.2270,0.4296,0.2452,0.9481,0.3617,1.7973}"
HVO_0049,LG+I+G4,0.0940,2.1188,,LG+I{0.0940}+G4{2.1188}
HVO_2731,LG+I+R4,0.0000,,"(0.2006,0.1271) (0.2302,0.4450) (0.3276,1.0723) (0.2415,2.1562)","LG+I{0.0000}+R4{0.2006,0.1271,0.2302,0.4450,0.3276,1.0723,0.2415,2.1562}"
HVO_0304,LG+I+R4,0.0000,,"(0.2006,0.1271) (0.2302,0.4450) (0.3276,1.0723) (0.2415,2.1562)","LG+I{0.0000}+R4{0.2006,0.1271,0.2302,0.4450,0.3276,1.0723,0.2415,2.1562}"
HVO_0388,LG+I+R4,0.0028,,"(0.0932,0.1252) (0.1536,0.3499) (0.2754,0.7878) (0.4749,1.5109)","LG+I{0.0028}+R4{0.0932,0.1252,0.1536,0.3499,0.2754,0.7878,0.4749,1.5109}"
HVO_2099,LG+I+G4,0.0235,2.0033,,LG+I{0.0235}+G4{2.0033}
HVO_0520,LG+I+R2,0.0000,,"(0.4250,0.4633) (0.5750,1.3967)","LG+I{0.0000}+R2{0.4250,0.4633,0.5750,1.3967}"
HVO_0520,LG+I+R2,0.0000,,"(0.4250,0.4633) (0.5750,1.3967)","LG+I{0.0000}+R2{0.4250,0.4633,0.5750,1.3967}"
HVO_1088,LG+I+G4,0.0243,1.5263,,LG+I{0.0243}+G4{1.5263}
HVO_2908,LG+I+G4,0.0243,1.5263,,LG+I{0.0243}+G4{1.5263}
HVO_2542,LG+F+I+R4,0.0000,,"(0.1027,0.1489) (0.2054,0.5335) (0.3877,1.0288) (0.3042,1.5655)","LG+F+I{0.0000}+R4{0.1027,0.1489,0.2054,0.5335,0.3877,1.0288,0.3042,1.5655}"
HVO_B0009,LG+F+I+R3,0.0235,,"(0.0479,0.1319) (0.3082,0.6167) (0.6204,1.2953)","LG+F+I{0.0235}+R3{0.0479,0.1319,0.3082,0.6167,0.6204,1.2953}"
HVO_0522,LG+I+R4,0.0219,,"(0.0729,0.0944) (0.2552,0.4047) (0.2879,0.8696) (0.3622,1.7658)","LG+I{0.0219}+R4{0.0729,0.0944,0.2552,0.4047,0.2879,0.8696,0.3622,1.7658}"
HVO_A0571,LG+I+R4,0.0043,,"(0.0574,0.1543) (0.2066,0.3993) (0.3484,0.7828) (0.3832,1.6594)","LG+I{0.0043}+R4{0.0574,0.1543,0.2066,0.3993,0.3484,0.7828,0.3832,1.6594}"
HVO_1809,LG+I+R4,0.0043,,"(0.0574,0.1543) (0.2066,0.3993) (0.3484,0.7828) (0.3832,1.6594)","LG+I{0.0043}+R4{0.0574,0.1543,0.2066,0.3993,0.3484,0.7828,0.3832,1.6594}"
HVO_2328,LG+I+R4,0.0043,,"(0.0574,0.1543) (0.2066,0.3993) (0.3484,0.7828) (0.3832,1.6594)","LG+I{0.0043}+R4{0.0574,0.1543,0.2066,0.3993,0.3484,0.7828,0.3832,1.6594}"
HVO_2843,LG+F+I+R4,0.0054,,"(0.0846,0.1836) (0.2287,0.5180) (0.4396,0.9617) (0.2417,1.8336)","LG+F+I{0.0054}+R4{0.0846,0.1836,0.2287,0.5180,0.4396,0.9617,0.2417,1.8336}"
HVO_2911,LG+F+I+R4,0.0054,,"(0.0846,0.1836) (0.2287,0.5180) (0.4396,0.9617) (0.2417,1.8336)","LG+F+I{0.0054}+R4{0.0846,0.1836,0.2287,0.5180,0.4396,0.9617,0.2417,1.8336}"
HVO_2365,LG+I+R4,0.0000,,"(0.0595,0.1408) (0.2138,0.3747) (0.3706,0.7366) (0.3561,1.7930)","LG+I{0.0000}+R4{0.0595,0.1408,0.2138,0.3747,0.3706,0.7366,0.3561,1.7930}"
HVO_1775,LG+I+R4,0.0000,,"(0.0595,0.1408) (0.2138,0.3747) (0.3706,0.7366) (0.3561,1.7930)","LG+I{0.0000}+R4{0.0595,0.1408,0.2138,0.3747,0.3706,0.7366,0.3561,1.7930}"
HVO_0641,LG+I+R4,0.0000,,"(0.0595,0.1408) (0.2138,0.3747) (0.3706,0.7366) (0.3561,1.7930)","LG+I{0.0000}+R4{0.0595,0.1408,0.2138,0.3747,0.3706,0.7366,0.3561,1.7930}"
HVO_0974,LG+I+R4,0.0000,,"(0.1347,0.1420) (0.3160,0.4926) (0.2743,1.0249) (0.2750,1.9782)","LG+I{0.0000}+R4{0.1347,0.1420,0.3160,0.4926,0.2743,1.0249,0.2750,1.9782}"
HVO_B0276,LG+F+I+G4,0.0000,3.2403,,LG+F+I{0.0000}+G4{3.2403}
HVO_B0276,LG+F+I+G4,0.0000,3.2403,,LG+F+I{0.0000}+G4{3.2403}
HVO_A0617,LG+F+I+G4,0.0000,3.2403,,LG+F+I{0.0000}+G4{3.2403}
HVO_A0617,LG+F+I+G4,0.0000,3.2403,,LG+F+I{0.0000}+G4{3.2403}
HVO_A0473,LG+F+I+G4,0.0000,3.2403,,LG+F+I{0.0000}+G4{3.2403}
HVO_A0473,LG+F+I+G4,0.0000,3.2403,,LG+F+I{0.0000}+G4{3.2403}
HVO_1251,LG+F+I+G4,0.0000,3.2403,,LG+F+I{0.0000}+G4{3.2403}
HVO_2446,LG+F+I+G4,0.0000,3.2403,,LG+F+I{0.0000}+G4{3.2403}
HVO_2446,LG+F+I+G4,0.0000,3.2403,,LG+F+I{0.0000}+G4{3.2403}
HVO_1855,LG+F+I+G4,0.0000,3.2403,,LG+F+I{0.0000}+G4{3.2403}
HVO_1855,LG+F+I+G4,0.0000,3.2403,,LG+F+I{0.0000}+G4{3.2403}
HVO_0625,LG+F+I+G4,0.0000,3.2403,,LG+F+I{0.0000}+G4{3.2403}
HVO_1980,LG+F+I+G4,0.0000,3.2403,,LG+F+I{0.0000}+G4{3.2403}
HVO_1980,LG+F+I+G4,0.0000,3.2403,,LG+F+I{0.0000}+G4{3.2403}
HVO_1790,LG+F+I+G4,0.0000,3.2403,,LG+F+I{0.0000}+G4{3.2403}
HVO_1790,LG+F+I+G4,0.0000,3.2403,,LG+F+I{0.0000}+G4{3.2403}
HVO_1714,LG+F+I+G4,0.0000,3.2403,,LG+F+I{0.0000}+G4{3.2403}
HVO_1714,LG+F+I+G4,0.0000,3.2403,,LG+F+I{0.0000}+G4{3.2403}
HVO_1791,LG+F+I+G4,0.0000,3.2403,,LG+F+I{0.0000}+G4{3.2403}
HVO_1791,LG+F+I+G4,0.0000,3.2403,,LG+F+I{0.0000}+G4{3.2403}
HVO_0558,LG+I+R4,0.0056,,"(0.0647,0.0621) (0.2880,0.1728) (0.3778,0.4920) (0.2638,2.8817)","LG+I{0.0056}+R4{0.0647,0.0621,0.2880,0.1728,0.3778,0.4920,0.2638,2.8817}"
HVO_A0564,LG+F+I+R4,0.0000,,"(0.0602,0.2193) (0.1954,0.4941) (0.3620,0.8637) (0.3824,1.5104)","LG+F+I{0.0000}+R4{0.0602,0.2193,0.1954,0.4941,0.3620,0.8637,0.3824,1.5104}"
HVO_A0470,LG+F+I+R4,0.0000,,"(0.0602,0.2193) (0.1954,0.4941) (0.3620,0.8637) (0.3824,1.5104)","LG+F+I{0.0000}+R4{0.0602,0.2193,0.1954,0.4941,0.3620,0.8637,0.3824,1.5104}"
HVO_A0470,LG+F+I+R4,0.0000,,"(0.0602,0.2193) (0.1954,0.4941) (0.3620,0.8637) (0.3824,1.5104)","LG+F+I{0.0000}+R4{0.0602,0.2193,0.1954,0.4941,0.3620,0.8637,0.3824,1.5104}"
HVO_A0630,LG+F+I+R4,0.0000,,"(0.0602,0.2193) (0.1954,0.4941) (0.3620,0.8637) (0.3824,1.5104)","LG+F+I{0.0000}+R4{0.0602,0.2193,0.1954,0.4941,0.3620,0.8637,0.3824,1.5104}"
HVO_0914,LG+F+I+R4,0.0000,,"(0.0602,0.2193) (0.1954,0.4941) (0.3620,0.8637) (0.3824,1.5104)","LG+F+I{0.0000}+R4{0.0602,0.2193,0.1954,0.4941,0.3620,0.8637,0.3824,1.5104}"
HVO_0914,LG+F+I+R4,0.0000,,"(0.0602,0.2193) (0.1954,0.4941) (0.3620,0.8637) (0.3824,1.5104)","LG+F+I{0.0000}+R4{0.0602,0.2193,0.1954,0.4941,0.3620,0.8637,0.3824,1.5104}"
HVO_0425,LG+F+I+R4,0.0000,,"(0.0602,0.2193) (0.1954,0.4941) (0.3620,0.8637) (0.3824,1.5104)","LG+F+I{0.0000}+R4{0.0602,0.2193,0.1954,0.4941,0.3620,0.8637,0.3824,1.5104}"
HVO_0425,LG+F+I+R4,0.0000,,"(0.0602,0.2193) (0.1954,0.4941) (0.3620,0.8637) (0.3824,1.5104)","LG+F+I{0.0000}+R4{0.0602,0.2193,0.1954,0.4941,0.3620,0.8637,0.3824,1.5104}"
HVO_0212,LG+F+I+R4,0.0000,,"(0.0602,0.2193) (0.1954,0.4941) (0.3620,0.8637) (0.3824,1.5104)","LG+F+I{0.0000}+R4{0.0602,0.2193,0.1954,0.4941,0.3620,0.8637,0.3824,1.5104}"
HVO_2662,LG+F+I+R4,0.0000,,"(0.0602,0.2193) (0.1954,0.4941) (0.3620,0.8637) (0.3824,1.5104)","LG+F+I{0.0000}+R4{0.0602,0.2193,0.1954,0.4941,0.3620,0.8637,0.3824,1.5104}"
HVO_2662,LG+F+I+R4,0.0000,,"(0.0602,0.2193) (0.1954,0.4941) (0.3620,0.8637) (0.3824,1.5104)","LG+F+I{0.0000}+R4{0.0602,0.2193,0.1954,0.4941,0.3620,0.8637,0.3824,1.5104}"
HVO_2056,LG+I+R4,0.0087,,"(0.1358,0.0620) (0.2031,0.3404) (0.2986,0.8860) (0.3539,1.8589)","LG+I{0.0087}+R4{0.1358,0.0620,0.2031,0.3404,0.2986,0.8860,0.3539,1.8589}"
HVO_2646,LG+I+R4,0.0245,,"(0.1193,0.0923) (0.2918,0.4260) (0.2730,0.8989) (0.2914,2.1252)","LG+I{0.0245}+R4{0.1193,0.0923,0.2918,0.4260,0.2730,0.8989,0.2914,2.1252}"
HVO_1659,LG+I+G4,0.0135,2.0690,,LG+I{0.0135}+G4{2.0690}
HVO_0108,LG+I+G4,0.0135,2.0690,,LG+I{0.0135}+G4{2.0690}
HVO_2685,LG+I+G4,0.0135,2.0690,,LG+I{0.0135}+G4{2.0690}
HVO_2745,LG+I+G4,0.0135,2.0690,,LG+I{0.0135}+G4{2.0690}
HVO_0352,LG+I+G4,0.0135,2.0690,,LG+I{0.0135}+G4{2.0690}
HVO_1165,LG+I+G4,0.0135,2.0690,,LG+I{0.0135}+G4{2.0690}
HVO_2887,LG+I+G4,0.0135,2.0690,,LG+I{0.0135}+G4{2.0690}
HVO_1230,LG+I+G4,0.0135,2.0690,,LG+I{0.0135}+G4{2.0690}
HVO_1682,LG+I+G4,0.0135,2.0690,,LG+I{0.0135}+G4{2.0690}
HVO_1477,LG+F+I+R4,0.0000,,"(0.0113,0.0488) (0.1153,0.3560) (0.3847,0.7420) (0.4887,1.3770)","LG+F+I{0.0000}+R4{0.0113,0.0488,0.1153,0.3560,0.3847,0.7420,0.4887,1.3770}"
HVO_2088,LG+I+G4,0.0094,1.7658,,LG+I{0.0094}+G4{1.7658}
HVO_2087,LG+I+G4,0.0094,1.7658,,LG+I{0.0094}+G4{1.7658}
HVO_B0310,LG+I+R4,0.0078,,"(0.0749,0.1456) (0.3346,0.4583) (0.2860,0.9885) (0.2967,1.8637)","LG+I{0.0078}+R4{0.0749,0.1456,0.3346,0.4583,0.2860,0.9885,0.2967,1.8637}"
HVO_2625,LG+I+G4,0.0634,0.9087,,LG+I{0.0634}+G4{0.9087}
HVO_0889,LG+I+G4,0.0000,1.3772,,LG+I{0.0000}+G4{1.3772}
HVO_A0219,LG+I+G4,0.0000,0.9767,,LG+I{0.0000}+G4{0.9767}
HVO_1531,LG+I+G4,0.0000,0.9767,,LG+I{0.0000}+G4{0.9767}
HVO_2508,LG+I+R4,0.0061,,"(0.1441,0.0492) (0.2128,0.3204) (0.2808,0.7263) (0.3562,2.0237)","LG+I{0.0061}+R4{0.1441,0.0492,0.2128,0.3204,0.2808,0.7263,0.3562,2.0237}"
HVO_B0154,LG+I+G4,0.0000,3.0907,,LG+I{0.0000}+G4{3.0907}
HVO_A0629,LG+I+G4,0.0000,3.0907,,LG+I{0.0000}+G4{3.0907}
HVO_0555,LG+I+G4,0.0000,3.0907,,LG+I{0.0000}+G4{3.0907}
HVO_1953,LG+I+G4,0.0000,3.0907,,LG+I{0.0000}+G4{3.0907}
HVO_2660,LG+I+G4,0.0000,3.0907,,LG+I{0.0000}+G4{3.0907}
HVO_0204,LG+I+G4,0.0000,3.0907,,LG+I{0.0000}+G4{3.0907}
HVO_2339,LG+I+G4,0.0000,3.0907,,LG+I{0.0000}+G4{3.0907}
HVO_1811,LG+I+G4,0.0000,3.0907,,LG+I{0.0000}+G4{3.0907}
HVO_1201,LG+I+G4,0.0000,3.0907,,LG+I{0.0000}+G4{3.0907}
HVO_0632,LG+I+G4,0.0000,3.0907,,LG+I{0.0000}+G4{3.0907}
HVO_2304,LG+I+R4,0.0000,,"(0.0628,0.1100) (0.1806,0.4022) (0.3664,0.8062) (0.3902,1.6018)","LG+I{0.0000}+R4{0.0628,0.1100,0.1806,0.4022,0.3664,0.8062,0.3902,1.6018}"
HVO_2305,LG+I+R4,0.0000,,"(0.0628,0.1100) (0.1806,0.4022) (0.3664,0.8062) (0.3902,1.6018)","LG+I{0.0000}+R4{0.0628,0.1100,0.1806,0.4022,0.3664,0.8062,0.3902,1.6018}"
HVO_0286,LG+I+R4,0.0000,,"(0.0628,0.1100) (0.1806,0.4022) (0.3664,0.8062) (0.3902,1.6018)","LG+I{0.0000}+R4{0.0628,0.1100,0.1806,0.4022,0.3664,0.8062,0.3902,1.6018}"
HVO_1177,LG+I+R4,0.0000,,"(0.0628,0.1100) (0.1806,0.4022) (0.3664,0.8062) (0.3902,1.6018)","LG+I{0.0000}+R4{0.0628,0.1100,0.1806,0.4022,0.3664,0.8062,0.3902,1.6018}"
HVO_2645,LG+I+R4,0.0000,,"(0.0628,0.1100) (0.1806,0.4022) (0.3664,0.8062) (0.3902,1.6018)","LG+I{0.0000}+R4{0.0628,0.1100,0.1806,0.4022,0.3664,0.8062,0.3902,1.6018}"
HVO_1916,LG+F+I+R4,0.0000,,"(0.0776,0.1954) (0.2347,0.4493) (0.3649,0.9156) (0.3228,1.6892)","LG+F+I{0.0000}+R4{0.0776,0.1954,0.2347,0.4493,0.3649,0.9156,0.3228,1.6892}"
HVO_0051,LG+F+I+R4,0.0000,,"(0.0776,0.1954) (0.2347,0.4493) (0.3649,0.9156) (0.3228,1.6892)","LG+F+I{0.0000}+R4{0.0776,0.1954,0.2347,0.4493,0.3649,0.9156,0.3228,1.6892}"
HVO_2781,LG+I+G4,0.0047,2.1116,,LG+I{0.0047}+G4{2.1116}
HVO_2730,LG+I+R4,0.0000,,"(0.0754,0.3072) (0.2863,0.5832) (0.3050,0.9615) (0.3332,1.5502)","LG+I{0.0000}+R4{0.0754,0.3072,0.2863,0.5832,0.3050,0.9615,0.3332,1.5502}"
HVO_0305,LG+I+R4,0.0000,,"(0.0754,0.3072) (0.2863,0.5832) (0.3050,0.9615) (0.3332,1.5502)","LG+I{0.0000}+R4{0.0754,0.3072,0.2863,0.5832,0.3050,0.9615,0.3332,1.5502}"
HVO_2731,LG+I+R4,0.0000,,"(0.0754,0.3072) (0.2863,0.5832) (0.3050,0.9615) (0.3332,1.5502)","LG+I{0.0000}+R4{0.0754,0.3072,0.2863,0.5832,0.3050,0.9615,0.3332,1.5502}"
HVO_0304,LG+I+R4,0.0000,,"(0.0754,0.3072) (0.2863,0.5832) (0.3050,0.9615) (0.3332,1.5502)","LG+I{0.0000}+R4{0.0754,0.3072,0.2863,0.5832,0.3050,0.9615,0.3332,1.5502}"
HVO_B0300,LG+I+R4,0.0000,,"(0.0803,0.1573) (0.3307,0.4475) (0.2993,0.9324) (0.2897,1.9343)","LG+I{0.0000}+R4{0.0803,0.1573,0.3307,0.4475,0.2993,0.9324,0.2897,1.9343}"
HVO_B0300,LG+I+R4,0.0000,,"(0.0803,0.1573) (0.3307,0.4475) (0.2993,0.9324) (0.2897,1.9343)","LG+I{0.0000}+R4{0.0803,0.1573,0.3307,0.4475,0.2993,0.9324,0.2897,1.9343}"
HVO_0439,JTT+R2,,,"(0.8253,0.5734) (0.1747,3.0148)","JTT+R2{0.8253,0.5734,0.1747,3.0148}"
HVO_2002,LG+I+G4,0.0000,1.7965,,LG+I{0.0000}+G4{1.7965}
HVO_2514,LG+I+G4,0.0000,1.7965,,LG+I{0.0000}+G4{1.7965}
HVO_2236,LG+I+G4,0.0000,1.7965,,LG+I{0.0000}+G4{1.7965}
HVO_1766,LG+I+G4,0.0000,1.7965,,LG+I{0.0000}+G4{1.7965}
HVO_B0211,LG+I+R4,0.0086,,"(0.0551,0.0808) (0.2112,0.4331) (0.3110,0.8469) (0.4140,1.5474)","LG+I{0.0086}+R4{0.0551,0.0808,0.2112,0.4331,0.3110,0.8469,0.4140,1.5474}"
HVO_2416,LG+I+R4,0.0086,,"(0.0551,0.0808) (0.2112,0.4331) (0.3110,0.8469) (0.4140,1.5474)","LG+I{0.0086}+R4{0.0551,0.0808,0.2112,0.4331,0.3110,0.8469,0.4140,1.5474}"
HVO_0786,LG+I+R4,0.0000,,"(0.1675,0.1098) (0.2252,0.4665) (0.2829,1.0599) (0.3244,1.7777)","LG+I{0.0000}+R4{0.1675,0.1098,0.2252,0.4665,0.2829,1.0599,0.3244,1.7777}"
HVO_0791,LG+I+R4,0.0000,,"(0.1675,0.1098) (0.2252,0.4665) (0.2829,1.0599) (0.3244,1.7777)","LG+I{0.0000}+R4{0.1675,0.1098,0.2252,0.4665,0.2829,1.0599,0.3244,1.7777}"
HVO_B0066,LG+I+R4,0.0000,,"(0.0576,0.2209) (0.2582,0.4860) (0.2738,0.7955) (0.4103,1.5693)","LG+I{0.0000}+R4{0.0576,0.2209,0.2582,0.4860,0.2738,0.7955,0.4103,1.5693}"
HVO_A0307,LG+I+R4,0.0000,,"(0.0576,0.2209) (0.2582,0.4860) (0.2738,0.7955) (0.4103,1.5693)","LG+I{0.0000}+R4{0.0576,0.2209,0.2582,0.4860,0.2738,0.7955,0.4103,1.5693}"
HVO_A0388,LG+I+R4,0.0000,,"(0.0576,0.2209) (0.2582,0.4860) (0.2738,0.7955) (0.4103,1.5693)","LG+I{0.0000}+R4{0.0576,0.2209,0.2582,0.4860,0.2738,0.7955,0.4103,1.5693}"
HVO_2212,LG+I+R4,0.0000,,"(0.0576,0.2209) (0.2582,0.4860) (0.2738,0.7955) (0.4103,1.5693)","LG+I{0.0000}+R4{0.0576,0.2209,0.2582,0.4860,0.2738,0.7955,0.4103,1.5693}"
HVO_2210,LG+I+R4,0.0000,,"(0.0576,0.2209) (0.2582,0.4860) (0.2738,0.7955) (0.4103,1.5693)","LG+I{0.0000}+R4{0.0576,0.2209,0.2582,0.4860,0.2738,0.7955,0.4103,1.5693}"
HVO_2507,LG+I+R4,0.0000,,"(0.0576,0.2209) (0.2582,0.4860) (0.2738,0.7955) (0.4103,1.5693)","LG+I{0.0000}+R4{0.0576,0.2209,0.2582,0.4860,0.2738,0.7955,0.4103,1.5693}"
HVO_2029,LG+I+R4,0.0000,,"(0.0576,0.2209) (0.2582,0.4860) (0.2738,0.7955) (0.4103,1.5693)","LG+I{0.0000}+R4{0.0576,0.2209,0.2582,0.4860,0.2738,0.7955,0.4103,1.5693}"
HVO_1303,LG+I+R4,0.0000,,"(0.0576,0.2209) (0.2582,0.4860) (0.2738,0.7955) (0.4103,1.5693)","LG+I{0.0000}+R4{0.0576,0.2209,0.2582,0.4860,0.2738,0.7955,0.4103,1.5693}"
HVO_1265,LG+I+R4,0.0000,,"(0.0576,0.2209) (0.2582,0.4860) (0.2738,0.7955) (0.4103,1.5693)","LG+I{0.0000}+R4{0.0576,0.2209,0.2582,0.4860,0.2738,0.7955,0.4103,1.5693}"
HVO_0240,LG+I+R4,0.0000,,"(0.0576,0.2209) (0.2582,0.4860) (0.2738,0.7955) (0.4103,1.5693)","LG+I{0.0000}+R4{0.0576,0.2209,0.2582,0.4860,0.2738,0.7955,0.4103,1.5693}"
HVO_2858,LG+I+R4,0.0000,,"(0.0576,0.2209) (0.2582,0.4860) (0.2738,0.7955) (0.4103,1.5693)","LG+I{0.0000}+R4{0.0576,0.2209,0.2582,0.4860,0.2738,0.7955,0.4103,1.5693}"
HVO_1792,LG+I+R4,0.0000,,"(0.0576,0.2209) (0.2582,0.4860) (0.2738,0.7955) (0.4103,1.5693)","LG+I{0.0000}+R4{0.0576,0.2209,0.2582,0.4860,0.2738,0.7955,0.4103,1.5693}"
HVO_A0217,LG+I+G4,0.0089,1.7487,,LG+I{0.0089}+G4{1.7487}
HVO_B0238,LG+I+G4,0.0102,1.9404,,LG+I{0.0102}+G4{1.9404}
HVO_B0258,LG+I+G4,0.0102,1.9404,,LG+I{0.0102}+G4{1.9404}
HVO_A0289,LG+I+G4,0.0102,1.9404,,LG+I{0.0102}+G4{1.9404}
HVO_1621,LG+I+G4,0.0102,1.9404,,LG+I{0.0102}+G4{1.9404}
HVO_0459,LG+I+G4,0.0102,1.9404,,LG+I{0.0102}+G4{1.9404}
HVO_1579,LG+I+R4,0.0000,,"(0.0457,0.1622) (0.2514,0.4417) (0.2721,0.8489) (0.4309,1.5099)","LG+I{0.0000}+R4{0.0457,0.1622,0.2514,0.4417,0.2721,0.8489,0.4309,1.5099}"
HVO_0692,LG+I+R4,0.0000,,"(0.0457,0.1622) (0.2514,0.4417) (0.2721,0.8489) (0.4309,1.5099)","LG+I{0.0000}+R4{0.0457,0.1622,0.2514,0.4417,0.2721,0.8489,0.4309,1.5099}"
HVO_2614,LG+I+R4,0.0000,,"(0.0457,0.1622) (0.2514,0.4417) (0.2721,0.8489) (0.4309,1.5099)","LG+I{0.0000}+R4{0.0457,0.1622,0.2514,0.4417,0.2721,0.8489,0.4309,1.5099}"
HVO_2750,LG+I+R4,0.0095,,"(0.1117,0.0912) (0.2846,0.5008) (0.4247,1.1329) (0.1694,2.1613)","LG+I{0.0095}+R4{0.1117,0.0912,0.2846,0.5008,0.4247,1.1329,0.1694,2.1613}"
HVO_2997,LG+I+R4,0.0095,,"(0.1117,0.0912) (0.2846,0.5008) (0.4247,1.1329) (0.1694,2.1613)","LG+I{0.0095}+R4{0.1117,0.0912,0.2846,0.5008,0.4247,1.1329,0.1694,2.1613}"
HVO_2999,LG+I+R4,0.0095,,"(0.1117,0.0912) (0.2846,0.5008) (0.4247,1.1329) (0.1694,2.1613)","LG+I{0.0095}+R4{0.1117,0.0912,0.2846,0.5008,0.4247,1.1329,0.1694,2.1613}"
HVO_2946,LG+I+R4,0.0095,,"(0.1117,0.0912) (0.2846,0.5008) (0.4247,1.1329) (0.1694,2.1613)","LG+I{0.0095}+R4{0.1117,0.0912,0.2846,0.5008,0.4247,1.1329,0.1694,2.1613}"
HVO_0979,LG+I+R4,0.0132,,"(0.0760,0.1894) (0.2383,0.5480) (0.3373,0.9406) (0.3351,1.6046)","LG+I{0.0132}+R4{0.0760,0.1894,0.2383,0.5480,0.3373,0.9406,0.3351,1.6046}"
HVO_A0176,LG+F+I+R4,0.0000,,"(0.1046,0.3922) (0.3822,0.7223) (0.2938,1.0498) (0.2194,1.7065)","LG+F+I{0.0000}+R4{0.1046,0.3922,0.3822,0.7223,0.2938,1.0498,0.2194,1.7065}"
HVO_1005,LG+F+I+R4,0.0000,,"(0.1046,0.3922) (0.3822,0.7223) (0.2938,1.0498) (0.2194,1.7065)","LG+F+I{0.0000}+R4{0.1046,0.3922,0.3822,0.7223,0.2938,1.0498,0.2194,1.7065}"
HVO_1986,LG+F+I+R4,0.0000,,"(0.1046,0.3922) (0.3822,0.7223) (0.2938,1.0498) (0.2194,1.7065)","LG+F+I{0.0000}+R4{0.1046,0.3922,0.3822,0.7223,0.2938,1.0498,0.2194,1.7065}"
HVO_0708,LG+I+R4,0.0000,,"(0.0916,0.1661) (0.2854,0.5268) (0.2748,0.9413) (0.3482,1.6535)","LG+I{0.0000}+R4{0.0916,0.1661,0.2854,0.5268,0.2748,0.9413,0.3482,1.6535}"
HVO_0329,LG+I+R4,0.0000,,"(0.0916,0.1661) (0.2854,0.5268) (0.2748,0.9413) (0.3482,1.6535)","LG+I{0.0000}+R4{0.0916,0.1661,0.2854,0.5268,0.2748,0.9413,0.3482,1.6535}"
HVO_1565,LG+I+R4,0.0163,,"(0.0858,0.0544) (0.1332,0.3461) (0.4492,0.8455) (0.3155,1.8045)","LG+I{0.0163}+R4{0.0858,0.0544,0.1332,0.3461,0.4492,0.8455,0.3155,1.8045}"
HVO_1657,LG+I+G4,0.0417,1.1490,,LG+I{0.0417}+G4{1.1490}
HVO_2530,LG+I+G4,0.0417,1.1490,,LG+I{0.0417}+G4{1.1490}
HVO_B0051,LG+I+G4,0.0494,0.9186,,LG+I{0.0494}+G4{0.9186}
HVO_0783,LG+I+G4,0.0494,0.9186,,LG+I{0.0494}+G4{0.9186}
HVO_A0329,LG+I,0.0672,,,LG+I{0.0672}
HVO_A0290,LG+I,0.0672,,,LG+I{0.0672}
HVO_0950,LG+I,0.0672,,,LG+I{0.0672}
HVO_2632,LG+I+R3,0.0584,,"(0.1044,0.0464) (0.2999,0.4939) (0.5373,1.5764)","LG+I{0.0584}+R3{0.1044,0.0464,0.2999,0.4939,0.5373,1.5764}"
HVO_1385,LG+I+R3,0.0584,,"(0.1044,0.0464) (0.2999,0.4939) (0.5373,1.5764)","LG+I{0.0584}+R3{0.1044,0.0464,0.2999,0.4939,0.5373,1.5764}"
HVO_2589,LG+I+G4,0.0272,1.0729,,LG+I{0.0272}+G4{1.0729}
HVO_1100,LG+I+R4,0.0160,,"(0.0715,0.0624) (0.1688,0.3507) (0.3520,0.7606) (0.3917,1.7069)","LG+I{0.0160}+R4{0.0715,0.0624,0.1688,0.3507,0.3520,0.7606,0.3917,1.7069}"
HVO_0478,LG+I+R4,0.0160,,"(0.0715,0.0624) (0.1688,0.3507) (0.3520,0.7606) (0.3917,1.7069)","LG+I{0.0160}+R4{0.0715,0.0624,0.1688,0.3507,0.3520,0.7606,0.3917,1.7069}"
HVO_1494,LG+F+I+R4,0.0096,,"(0.0866,0.0890) (0.2266,0.3954) (0.3190,0.8536) (0.3582,1.7600)","LG+F+I{0.0096}+R4{0.0866,0.0890,0.2266,0.3954,0.3190,0.8536,0.3582,1.7600}"
HVO_2487,LG+I+R4,0.0059,,"(0.0968,0.1311) (0.2458,0.3617) (0.2797,0.9209) (0.3719,1.7233)","LG+I{0.0059}+R4{0.0968,0.1311,0.2458,0.3617,0.2797,0.9209,0.3719,1.7233}"
HVO_0045,LG+I+R4,0.0059,,"(0.0968,0.1311) (0.2458,0.3617) (0.2797,0.9209) (0.3719,1.7233)","LG+I{0.0059}+R4{0.0968,0.1311,0.2458,0.3617,0.2797,0.9209,0.3719,1.7233}"
HVO_0427,LG+I+R4,0.0047,,"(0.0952,0.1266) (0.2952,0.4907) (0.2907,0.9798) (0.3143,1.7767)","LG+I{0.0047}+R4{0.0952,0.1266,0.2952,0.4907,0.2907,0.9798,0.3143,1.7767}"
HVO_0141,LG+F+I+G4,0.0000,3.4268,,LG+F+I{0.0000}+G4{3.4268}
HVO_0801,LG+F+I+G4,0.0000,3.4268,,LG+F+I{0.0000}+G4{3.4268}
HVO_0035,LG+F+I+G4,0.0000,3.4268,,LG+F+I{0.0000}+G4{3.4268}
HVO_1661,LG+I+G4,0.0170,2.0651,,LG+I{0.0170}+G4{2.0651}
HVO_2419,LG+I,0.2592,,,LG+I{0.2592}
HVO_0426,LG+I+R4,0.0000,,"(0.0204,0.0322) (0.2088,0.3475) (0.3459,0.7629) (0.4249,1.5600)","LG+I{0.0000}+R4{0.0204,0.0322,0.2088,0.3475,0.3459,0.7629,0.4249,1.5600}"
HVO_1197,LG+I+G4,0.0392,1.3805,,LG+I{0.0392}+G4{1.3805}
HVO_0135,LG+I+G4,0.0392,1.3805,,LG+I{0.0392}+G4{1.3805}
HVO_0569,LG+I+G4,0.0392,1.3805,,LG+I{0.0392}+G4{1.3805}
HVO_0156,LG+I+G4,0.0009,1.4739,,LG+I{0.0009}+G4{1.4739}
HVO_1344,LG+I+R4,0.0000,,"(0.0515,0.0888) (0.4072,0.5539) (0.4213,1.2102) (0.1200,2.1665)","LG+I{0.0000}+R4{0.0515,0.0888,0.4072,0.5539,0.4213,1.2102,0.1200,2.1665}"
HVO_0436,LG+I,0.1700,,,LG+I{0.1700}
HVO_A0562,LG+I+G4,0.0432,0.9298,,LG+I{0.0432}+G4{0.9298}
HVO_A0637,LG+I+G4,0.0000,1.9551,,LG+I{0.0000}+G4{1.9551}
HVO_0136,LG+I+G4,0.0000,1.9551,,LG+I{0.0000}+G4{1.9551}
HVO_2943,LG+I+G4,0.0226,1.4382,,LG+I{0.0226}+G4{1.4382}
HVO_1594,LG+I+G4,0.0208,1.2640,,LG+I{0.0208}+G4{1.2640}
HVO_0346,LG+I+G4,0.0111,1.4107,,LG+I{0.0111}+G4{1.4107}
HVO_2781,LG+F+I+R4,0.0000,,"(0.1572,0.1664) (0.1990,0.4270) (0.3846,1.0064) (0.2592,1.9362)","LG+F+I{0.0000}+R4{0.1572,0.1664,0.1990,0.4270,0.3846,1.0064,0.2592,1.9362}"
HVO_2776,LG+I+G4,0.0140,0.9539,,LG+I{0.0140}+G4{0.9539}
HVO_1366,LG+I+R4,0.0000,,"(0.0675,0.1440) (0.2768,0.4964) (0.2982,0.8751) (0.3575,1.6556)","LG+I{0.0000}+R4{0.0675,0.1440,0.2768,0.4964,0.2982,0.8751,0.3575,1.6556}"
HVO_2478,LG+I+G4,0.0254,1.6148,,LG+I{0.0254}+G4{1.6148}
HVO_0243,LG+F+I+R4,0.0009,,"(0.1075,0.0971) (0.2959,0.4760) (0.3945,1.0635) (0.2012,2.1330)","LG+F+I{0.0009}+R4{0.1075,0.0971,0.2959,0.4760,0.3945,1.0635,0.2012,2.1330}"
HVO_0009,LG+F+I+R4,0.0009,,"(0.1075,0.0971) (0.2959,0.4760) (0.3945,1.0635) (0.2012,2.1330)","LG+F+I{0.0009}+R4{0.1075,0.0971,0.2959,0.4760,0.3945,1.0635,0.2012,2.1330}"
HVO_2601,LG+I+G4,0.0174,2.5394,,LG+I{0.0174}+G4{2.5394}
HVO_0230,LG+I+G4,0.0174,2.5394,,LG+I{0.0174}+G4{2.5394}
HVO_1718,LG+I+R4,0.0046,,"(0.0474,0.0530) (0.1535,0.2665) (0.3213,0.6905) (0.4731,1.5529)","LG+I{0.0046}+R4{0.0474,0.0530,0.1535,0.2665,0.3213,0.6905,0.4731,1.5529}"
HVO_1282,LG+I+R4,0.0046,,"(0.0474,0.0530) (0.1535,0.2665) (0.3213,0.6905) (0.4731,1.5529)","LG+I{0.0046}+R4{0.0474,0.0530,0.1535,0.2665,0.3213,0.6905,0.4731,1.5529}"
HVO_B0378,LG+I+G4,0.0000,3.2897,,LG+I{0.0000}+G4{3.2897}
HVO_2739,LG+I+G4,0.0062,1.3806,,LG+I{0.0062}+G4{1.3806}
HVO_2737,LG+I+G4,0.0095,4.7742,,LG+I{0.0095}+G4{4.7742}
HVO_B0284,LG+I+R4,0.0000,,"(0.0895,0.1651) (0.2590,0.4948) (0.2865,0.9175) (0.3650,1.6280)","LG+I{0.0000}+R4{0.0895,0.1651,0.2590,0.4948,0.2865,0.9175,0.3650,1.6280}"
HVO_1946,LG+I+R4,0.0000,,"(0.0895,0.1651) (0.2590,0.4948) (0.2865,0.9175) (0.3650,1.6280)","LG+I{0.0000}+R4{0.0895,0.1651,0.2590,0.4948,0.2865,0.9175,0.3650,1.6280}"
HVO_1348,LG+I+G4,0.0317,2.1636,,LG+I{0.0317}+G4{2.1636}
HVO_2193,LG+I+R4,0.0305,,"(0.1281,0.0667) (0.2850,0.4372) (0.2584,1.0221) (0.2980,2.0229)","LG+I{0.0305}+R4{0.1281,0.0667,0.2850,0.4372,0.2584,1.0221,0.2980,2.0229}"
HVO_B0179,LG+F+I+R4,0.0000,,"(0.0206,0.1167) (0.1830,0.4492) (0.3509,0.8177) (0.4456,1.4106)","LG+F+I{0.0000}+R4{0.0206,0.1167,0.1830,0.4492,0.3509,0.8177,0.4456,1.4106}"
HVO_B0208,LG+F+I+R4,0.0000,,"(0.0206,0.1167) (0.1830,0.4492) (0.3509,0.8177) (0.4456,1.4106)","LG+F+I{0.0000}+R4{0.0206,0.1167,0.1830,0.4492,0.3509,0.8177,0.4456,1.4106}"
HVO_B0210,LG+F+I+R4,0.0000,,"(0.0206,0.1167) (0.1830,0.4492) (0.3509,0.8177) (0.4456,1.4106)","LG+F+I{0.0000}+R4{0.0206,0.1167,0.1830,0.4492,0.3509,0.8177,0.4456,1.4106}"
HVO_2708,LG+F+I+R4,0.0000,,"(0.0206,0.1167) (0.1830,0.4492) (0.3509,0.8177) (0.4456,1.4106)","LG+F+I{0.0000}+R4{0.0206,0.1167,0.1830,0.4492,0.3509,0.8177,0.4456,1.4106}"
HVO_0573,LG+F+I+R4,0.0000,,"(0.0206,0.1167) (0.1830,0.4492) (0.3509,0.8177) (0.4456,1.4106)","LG+F+I{0.0000}+R4{0.0206,0.1167,0.1830,0.4492,0.3509,0.8177,0.4456,1.4106}"
HVO_2322,LG+F+I+R4,0.0000,,"(0.0206,0.1167) (0.1830,0.4492) (0.3509,0.8177) (0.4456,1.4106)","LG+F+I{0.0000}+R4{0.0206,0.1167,0.1830,0.4492,0.3509,0.8177,0.4456,1.4106}"
HVO_C0077,LG+F+I+R4,0.0010,,"(0.0564,0.2349) (0.1743,0.4846) (0.2930,0.8462) (0.4753,1.3767)","LG+F+I{0.0010}+R4{0.0564,0.2349,0.1743,0.4846,0.2930,0.8462,0.4753,1.3767}"
HVO_C0067,LG+F+I+R4,0.0010,,"(0.0564,0.2349) (0.1743,0.4846) (0.2930,0.8462) (0.4753,1.3767)","LG+F+I{0.0010}+R4{0.0564,0.2349,0.1743,0.4846,0.2930,0.8462,0.4753,1.3767}"
HVO_B0014,LG+F+I+R4,0.0010,,"(0.0564,0.2349) (0.1743,0.4846) (0.2930,0.8462) (0.4753,1.3767)","LG+F+I{0.0010}+R4{0.0564,0.2349,0.1743,0.4846,0.2930,0.8462,0.4753,1.3767}"
HVO_B0011,LG+F+I+R4,0.0010,,"(0.0564,0.2349) (0.1743,0.4846) (0.2930,0.8462) (0.4753,1.3767)","LG+F+I{0.0010}+R4{0.0564,0.2349,0.1743,0.4846,0.2930,0.8462,0.4753,1.3767}"
HVO_A0269,LG+F+I+R4,0.0010,,"(0.0564,0.2349) (0.1743,0.4846) (0.2930,0.8462) (0.4753,1.3767)","LG+F+I{0.0010}+R4{0.0564,0.2349,0.1743,0.4846,0.2930,0.8462,0.4753,1.3767}"
HVO_0765,LG+F+I+R4,0.0010,,"(0.0564,0.2349) (0.1743,0.4846) (0.2930,0.8462) (0.4753,1.3767)","LG+F+I{0.0010}+R4{0.0564,0.2349,0.1743,0.4846,0.2930,0.8462,0.4753,1.3767}"
HVO_1538,LG+F+I+R4,0.0010,,"(0.0564,0.2349) (0.1743,0.4846) (0.2930,0.8462) (0.4753,1.3767)","LG+F+I{0.0010}+R4{0.0564,0.2349,0.1743,0.4846,0.2930,0.8462,0.4753,1.3767}"
HVO_2949,LG+F+I+R4,0.0010,,"(0.0564,0.2349) (0.1743,0.4846) (0.2930,0.8462) (0.4753,1.3767)","LG+F+I{0.0010}+R4{0.0564,0.2349,0.1743,0.4846,0.2930,0.8462,0.4753,1.3767}"
HVO_2949,LG+F+I+R4,0.0010,,"(0.0564,0.2349) (0.1743,0.4846) (0.2930,0.8462) (0.4753,1.3767)","LG+F+I{0.0010}+R4{0.0564,0.2349,0.1743,0.4846,0.2930,0.8462,0.4753,1.3767}"
HVO_1669,LG+I+G4,0.0886,1.4051,,LG+I{0.0886}+G4{1.4051}
HVO_2546,LG+I+G4,0.0000,1.8229,,LG+I{0.0000}+G4{1.8229}
HVO_0253,LG+I+R4,0.0000,,"(0.0717,0.0767) (0.2777,0.4127) (0.3312,0.8844) (0.3194,1.8377)","LG+I{0.0000}+R4{0.0717,0.0767,0.2777,0.4127,0.3312,0.8844,0.3194,1.8377}"
HVO_B0256,LG+F+I+R4,0.0038,,"(0.1151,0.1874) (0.2078,0.5076) (0.3374,0.9911) (0.3360,1.6031)","LG+F+I{0.0038}+R4{0.1151,0.1874,0.2078,0.5076,0.3374,0.9911,0.3360,1.6031}"
HVO_B0244,LG+F+I+R4,0.0038,,"(0.1151,0.1874) (0.2078,0.5076) (0.3374,0.9911) (0.3360,1.6031)","LG+F+I{0.0038}+R4{0.1151,0.1874,0.2078,0.5076,0.3374,0.9911,0.3360,1.6031}"
HVO_2183,LG+F+I+R4,0.0038,,"(0.1151,0.1874) (0.2078,0.5076) (0.3374,0.9911) (0.3360,1.6031)","LG+F+I{0.0038}+R4{0.1151,0.1874,0.2078,0.5076,0.3374,0.9911,0.3360,1.6031}"
HVO_B0309,LG+I+G4,0.0238,1.6554,,LG+I{0.0238}+G4{1.6554}
HVO_B0267,LG+I+R4,0.0000,,"(0.0642,0.1730) (0.1875,0.4763) (0.3373,0.8027) (0.4111,1.5299)","LG+I{0.0000}+R4{0.0642,0.1730,0.1875,0.4763,0.3373,0.8027,0.4111,1.5299}"
HVO_A0535,LG+I+R4,0.0000,,"(0.0642,0.1730) (0.1875,0.4763) (0.3373,0.8027) (0.4111,1.5299)","LG+I{0.0000}+R4{0.0642,0.1730,0.1875,0.4763,0.3373,0.8027,0.4111,1.5299}"
HVO_A0376,LG+I+R4,0.0000,,"(0.0642,0.1730) (0.1875,0.4763) (0.3373,0.8027) (0.4111,1.5299)","LG+I{0.0000}+R4{0.0642,0.1730,0.1875,0.4763,0.3373,0.8027,0.4111,1.5299}"
HVO_1309,LG+I+R4,0.0000,,"(0.0642,0.1730) (0.1875,0.4763) (0.3373,0.8027) (0.4111,1.5299)","LG+I{0.0000}+R4{0.0642,0.1730,0.1875,0.4763,0.3373,0.8027,0.4111,1.5299}"
HVO_0997,LG+I+R4,0.0000,,"(0.0642,0.1730) (0.1875,0.4763) (0.3373,0.8027) (0.4111,1.5299)","LG+I{0.0000}+R4{0.0642,0.1730,0.1875,0.4763,0.3373,0.8027,0.4111,1.5299}"
HVO_2592,LG+I+R3,0.0000,,"(0.0338,0.0833) (0.4299,0.5800) (0.5363,1.3943)","LG+I{0.0000}+R3{0.0338,0.0833,0.4299,0.5800,0.5363,1.3943}"
HVO_0819,LG+I+G4,0.0000,2.1701,,LG+I{0.0000}+G4{2.1701}
HVO_0863,LG+I+G4,0.0000,2.1701,,LG+I{0.0000}+G4{2.1701}
HVO_0538,LG+I+G4,0.0000,2.1701,,LG+I{0.0000}+G4{2.1701}
HVO_2309,LG+I+R4,0.0155,,"(0.1323,0.1712) (0.2974,0.4904) (0.2435,1.0457) (0.3114,1.8527)","LG+I{0.0155}+R4{0.1323,0.1712,0.2974,0.4904,0.2435,1.0457,0.3114,1.8527}"
HVO_0677,LG+I+G4,0.0000,3.0924,,LG+I{0.0000}+G4{3.0924}
HVO_2889,LG+I+G4,0.0000,3.0924,,LG+I{0.0000}+G4{3.0924}
HVO_1018,LG+I+G4,0.0000,3.0924,,LG+I{0.0000}+G4{3.0924}
HVO_0519,LG+I+G4,0.0000,3.0924,,LG+I{0.0000}+G4{3.0924}
HVO_0519,LG+I+G4,0.0000,3.0924,,LG+I{0.0000}+G4{3.0924}
HVO_1224,LG+I+R4,0.0000,,"(0.1045,0.1200) (0.2846,0.4368) (0.2684,0.8805) (0.3426,1.8299)","LG+I{0.0000}+R4{0.1045,0.1200,0.2846,0.4368,0.2684,0.8805,0.3426,1.8299}"
HVO_0637,LG+I+R4,0.0000,,"(0.0772,0.1732) (0.2165,0.5160) (0.3948,0.9425) (0.3115,1.6141)","LG+I{0.0000}+R4{0.0772,0.1732,0.2165,0.5160,0.3948,0.9425,0.3115,1.6141}"
HVO_1978,LG+I+G4,0.0436,1.3010,,LG+I{0.0436}+G4{1.3010}
HVO_A0623,LG+I+G4,0.0830,3.7153,,LG+I{0.0830}+G4{3.7153}
HVO_2659,LG+I+G4,0.0070,4.6406,,LG+I{0.0070}+G4{4.6406}
HVO_0756,LG+I+R4,0.0018,,"(0.0507,0.1014) (0.1390,0.3271) (0.3152,0.7223) (0.4932,1.4633)","LG+I{0.0018}+R4{0.0507,0.1014,0.1390,0.3271,0.3152,0.7223,0.4932,1.4633}"
HVO_1690,LG+I+R4,0.0018,,"(0.0507,0.1014) (0.1390,0.3271) (0.3152,0.7223) (0.4932,1.4633)","LG+I{0.0018}+R4{0.0507,0.1014,0.1390,0.3271,0.3152,0.7223,0.4932,1.4633}"
HVO_0990,LG+I+R4,0.0018,,"(0.0507,0.1014) (0.1390,0.3271) (0.3152,0.7223) (0.4932,1.4633)","LG+I{0.0018}+R4{0.0507,0.1014,0.1390,0.3271,0.3152,0.7223,0.4932,1.4633}"
HVO_0078,LG+I+R4,0.0026,,"(0.0964,0.0388) (0.2176,0.3289) (0.2516,0.7686) (0.4318,1.6937)","LG+I{0.0026}+R4{0.0964,0.0388,0.2176,0.3289,0.2516,0.7686,0.4318,1.6937}"
HVO_0078,LG+I+R4,0.0026,,"(0.0964,0.0388) (0.2176,0.3289) (0.2516,0.7686) (0.4318,1.6937)","LG+I{0.0026}+R4{0.0964,0.0388,0.2176,0.3289,0.2516,0.7686,0.4318,1.6937}"
HVO_A0594,LG+I+G4,0.0000,4.9892,,LG+I{0.0000}+G4{4.9892}
HVO_A0594,LG+I+G4,0.0000,4.9892,,LG+I{0.0000}+G4{4.9892}
HVO_A0313,LG+I+G4,0.0000,1.9179,,LG+I{0.0000}+G4{1.9179}
HVO_1559,LG+I+G4,0.0000,1.9179,,LG+I{0.0000}+G4{1.9179}
HVO_0338,LG+I+G4,0.0000,1.9179,,LG+I{0.0000}+G4{1.9179}
HVO_2962,LG+I+G4,0.0000,1.9179,,LG+I{0.0000}+G4{1.9179}
HVO_0662,LG+I+G4,0.0000,1.9179,,LG+I{0.0000}+G4{1.9179}
HVO_1299,LG+I+G4,0.0000,1.9179,,LG+I{0.0000}+G4{1.9179}
HVO_0681,LG+I+G4,0.1171,2.9001,,LG+I{0.1171}+G4{2.9001}
HVO_0681,LG+I+G4,0.1171,2.9001,,LG+I{0.1171}+G4{2.9001}
HVO_2953,LG+I+G4,0.1171,2.9001,,LG+I{0.1171}+G4{2.9001}
HVO_C0060,LG+I+G4,0.0000,3.4338,,LG+I{0.0000}+G4{3.4338}
HVO_B0151,LG+I+G4,0.0000,3.4338,,LG+I{0.0000}+G4{3.4338}
HVO_A0539,LG+I+G4,0.0000,3.4338,,LG+I{0.0000}+G4{3.4338}
HVO_0582,LG+I+G4,0.0000,3.4338,,LG+I{0.0000}+G4{3.4338}
HVO_0583,LG+I+G4,0.0000,3.4338,,LG+I{0.0000}+G4{3.4338}
HVO_0290,LG+I+G4,0.0000,3.4338,,LG+I{0.0000}+G4{3.4338}
HVO_2409,LG+I+G4,0.0000,3.4338,,LG+I{0.0000}+G4{3.4338}
HVO_0381,LG+I+G4,0.0000,3.4338,,LG+I{0.0000}+G4{3.4338}
HVO_0184,LG+I+G4,0.0000,3.4338,,LG+I{0.0000}+G4{3.4338}
HVO_1125,LG+I+G4,0.1006,1.3250,,LG+I{0.1006}+G4{1.3250}
HVO_C0069,LG+I+R3,0.0064,,"(0.0464,0.1146) (0.4446,0.6145) (0.5026,1.4356)","LG+I{0.0064}+R3{0.0464,0.1146,0.4446,0.6145,0.5026,1.4356}"
HVO_B0334,LG+I+R3,0.0064,,"(0.0464,0.1146) (0.4446,0.6145) (0.5026,1.4356)","LG+I{0.0064}+R3{0.0464,0.1146,0.4446,0.6145,0.5026,1.4356}"
HVO_B0323,LG+I+R3,0.0064,,"(0.0464,0.1146) (0.4446,0.6145) (0.5026,1.4356)","LG+I{0.0064}+R3{0.0464,0.1146,0.4446,0.6145,0.5026,1.4356}"
HVO_B0333,LG+I+R3,0.0064,,"(0.0464,0.1146) (0.4446,0.6145) (0.5026,1.4356)","LG+I{0.0064}+R3{0.0464,0.1146,0.4446,0.6145,0.5026,1.4356}"
HVO_B0028,LG+I+R3,0.0064,,"(0.0464,0.1146) (0.4446,0.6145) (0.5026,1.4356)","LG+I{0.0064}+R3{0.0464,0.1146,0.4446,0.6145,0.5026,1.4356}"
HVO_B0029,LG+I+R3,0.0064,,"(0.0464,0.1146) (0.4446,0.6145) (0.5026,1.4356)","LG+I{0.0064}+R3{0.0464,0.1146,0.4446,0.6145,0.5026,1.4356}"
HVO_B0103,LG+I+R3,0.0064,,"(0.0464,0.1146) (0.4446,0.6145) (0.5026,1.4356)","LG+I{0.0064}+R3{0.0464,0.1146,0.4446,0.6145,0.5026,1.4356}"
HVO_B0321,LG+I+R3,0.0064,,"(0.0464,0.1146) (0.4446,0.6145) (0.5026,1.4356)","LG+I{0.0064}+R3{0.0464,0.1146,0.4446,0.6145,0.5026,1.4356}"
HVO_B0347,LG+I+R3,0.0064,,"(0.0464,0.1146) (0.4446,0.6145) (0.5026,1.4356)","LG+I{0.0064}+R3{0.0464,0.1146,0.4446,0.6145,0.5026,1.4356}"
HVO_A0218,LG+I+R3,0.0064,,"(0.0464,0.1146) (0.4446,0.6145) (0.5026,1.4356)","LG+I{0.0064}+R3{0.0464,0.1146,0.4446,0.6145,0.5026,1.4356}"
HVO_A0330,LG+I+R3,0.0064,,"(0.0464,0.1146) (0.4446,0.6145) (0.5026,1.4356)","LG+I{0.0064}+R3{0.0464,0.1146,0.4446,0.6145,0.5026,1.4356}"
HVO_2690,LG+I+R3,0.0064,,"(0.0464,0.1146) (0.4446,0.6145) (0.5026,1.4356)","LG+I{0.0064}+R3{0.0464,0.1146,0.4446,0.6145,0.5026,1.4356}"
HVO_1008,LG+I+R3,0.0064,,"(0.0464,0.1146) (0.4446,0.6145) (0.5026,1.4356)","LG+I{0.0064}+R3{0.0464,0.1146,0.4446,0.6145,0.5026,1.4356}"
HVO_2707,LG+I+R3,0.0064,,"(0.0464,0.1146) (0.4446,0.6145) (0.5026,1.4356)","LG+I{0.0064}+R3{0.0464,0.1146,0.4446,0.6145,0.5026,1.4356}"
HVO_2948,LG+I+G4,0.0136,1.2685,,LG+I{0.0136}+G4{1.2685}
HVO_1852,LG+I+R4,0.0056,,"(0.0984,0.1113) (0.2351,0.3580) (0.2869,0.8008) (0.3740,1.8052)","LG+I{0.0056}+R4{0.0984,0.1113,0.2351,0.3580,0.2869,0.8008,0.3740,1.8052}"
HVO_2271,LG+F+I+R3,0.0000,,"(0.0277,0.1500) (0.4875,0.6368) (0.4848,1.4138)","LG+F+I{0.0000}+R3{0.0277,0.1500,0.4875,0.6368,0.4848,1.4138}"
HVO_2271,LG+F+I+R3,0.0000,,"(0.0277,0.1500) (0.4875,0.6368) (0.4848,1.4138)","LG+F+I{0.0000}+R3{0.0277,0.1500,0.4875,0.6368,0.4848,1.4138}"
HVO_2723,LG+I+G4,0.0000,1.2487,,LG+I{0.0000}+G4{1.2487}
HVO_1054,LG+I+R4,0.0086,,"(0.0500,0.1090) (0.2075,0.3204) (0.3510,0.8322) (0.3829,1.6608)","LG+I{0.0086}+R4{0.0500,0.1090,0.2075,0.3204,0.3510,0.8322,0.3829,1.6608}"
HVO_0727,LG+I+R4,0.0380,,"(0.0903,0.0127) (0.1981,0.5014) (0.4498,1.0738) (0.2238,1.8611)","LG+I{0.0380}+R4{0.0903,0.0127,0.1981,0.5014,0.4498,1.0738,0.2238,1.8611}"
HVO_A0045,LG+I+R3,0.0203,,"(0.0621,0.0869) (0.2431,0.5124) (0.6744,1.2900)","LG+I{0.0203}+R3{0.0621,0.0869,0.2431,0.5124,0.6744,1.2900}"
HVO_2904,LG+I+R3,0.0203,,"(0.0621,0.0869) (0.2431,0.5124) (0.6744,1.2900)","LG+I{0.0203}+R3{0.0621,0.0869,0.2431,0.5124,0.6744,1.2900}"
HVO_0102,LG+I+R3,0.0203,,"(0.0621,0.0869) (0.2431,0.5124) (0.6744,1.2900)","LG+I{0.0203}+R3{0.0621,0.0869,0.2431,0.5124,0.6744,1.2900}"
HVO_1506,LG+I+G4,0.0250,0.9140,,LG+I{0.0250}+G4{0.9140}
HVO_0177,LG+I+G4,0.0300,2.2056,,LG+I{0.0300}+G4{2.2056}
HVO_0861,LG+F+I+R4,0.0039,,"(0.1620,0.2093) (0.2054,0.4850) (0.3570,0.9788) (0.2717,1.9028)","LG+F+I{0.0039}+R4{0.1620,0.2093,0.2054,0.4850,0.3570,0.9788,0.2717,1.9028}"
HVO_0860,LG+F+I+R4,0.0039,,"(0.1620,0.2093) (0.2054,0.4850) (0.3570,0.9788) (0.2717,1.9028)","LG+F+I{0.0039}+R4{0.1620,0.2093,0.2054,0.4850,0.3570,0.9788,0.2717,1.9028}"
HVO_1015,LG+I+R4,0.0000,,"(0.0425,0.0580) (0.1035,0.2960) (0.2303,0.6445) (0.6237,1.3123)","LG+I{0.0000}+R4{0.0425,0.0580,0.1035,0.2960,0.2303,0.6445,0.6237,1.3123}"
HVO_1666,LG+I+R4,0.0000,,"(0.0425,0.0580) (0.1035,0.2960) (0.2303,0.6445) (0.6237,1.3123)","LG+I{0.0000}+R4{0.0425,0.0580,0.1035,0.2960,0.2303,0.6445,0.6237,1.3123}"
HVO_0782,LG+I+R4,0.0000,,"(0.0425,0.0580) (0.1035,0.2960) (0.2303,0.6445) (0.6237,1.3123)","LG+I{0.0000}+R4{0.0425,0.0580,0.1035,0.2960,0.2303,0.6445,0.6237,1.3123}"
HVO_2783,LG+I+G4,0.0000,2.1232,,LG+I{0.0000}+G4{2.1232}
HVO_0603,LG+I+R4,0.0000,,"(0.1473,0.1521) (0.2933,0.5236) (0.2738,1.0505) (0.2856,1.8781)","LG+I{0.0000}+R4{0.1473,0.1521,0.2933,0.5236,0.2738,1.0505,0.2856,1.8781}"
HVO_0602,LG+I+R4,0.0000,,"(0.1473,0.1521) (0.2933,0.5236) (0.2738,1.0505) (0.2856,1.8781)","LG+I{0.0000}+R4{0.1473,0.1521,0.2933,0.5236,0.2738,1.0505,0.2856,1.8781}"
HVO_B0150,LG+I+G4,0.0033,2.6664,,LG+I{0.0033}+G4{2.6664}
HVO_B0047,LG+I+G4,0.0033,2.6664,,LG+I{0.0033}+G4{2.6664}
HVO_B0144,LG+I+G4,0.0033,2.6664,,LG+I{0.0033}+G4{2.6664}
HVO_A0557,LG+I+G4,0.0033,2.6664,,LG+I{0.0033}+G4{2.6664}
HVO_A0558,LG+I+G4,0.0033,2.6664,,LG+I{0.0033}+G4{2.6664}
HVO_2094,LG+I+G4,0.0033,2.6664,,LG+I{0.0033}+G4{2.6664}
HVO_1991,LG+I+G4,0.0033,2.6664,,LG+I{0.0033}+G4{2.6664}
HVO_0796,LG+I+G4,0.0033,2.6664,,LG+I{0.0033}+G4{2.6664}
HVO_1464,LG+I+G4,0.0033,2.6664,,LG+I{0.0033}+G4{2.6664}
HVO_2038,LG+I+G4,0.0033,2.6664,,LG+I{0.0033}+G4{2.6664}
HVO_1110,LG+I+G4,0.0033,2.6664,,LG+I{0.0033}+G4{2.6664}
HVO_1079,LG+I+G4,0.0129,1.7543,,LG+I{0.0129}+G4{1.7543}
HVO_1079,LG+I+G4,0.0129,1.7543,,LG+I{0.0129}+G4{1.7543}
HVO_2493,LG+I+R4,0.0204,,"(0.1376,0.0844) (0.1897,0.3776) (0.3287,0.9622) (0.3235,1.8557)","LG+I{0.0204}+R4{0.1376,0.0844,0.1897,0.3776,0.3287,0.9622,0.3235,1.8557}"
HVO_B0236,LG+I+R4,0.0064,,"(0.1021,0.1238) (0.3188,0.4963) (0.2778,1.0045) (0.2948,1.8655)","LG+I{0.0064}+R4{0.1021,0.1238,0.3188,0.4963,0.2778,1.0045,0.2948,1.8655}"
HVO_0667,LG+I+G4,0.0110,1.7568,,LG+I{0.0110}+G4{1.7568}
HVO_2363,LG+I+G4,0.0110,1.7568,,LG+I{0.0110}+G4{1.7568}
HVO_1179,LG+I+G4,0.0110,1.7568,,LG+I{0.0110}+G4{1.7568}
HVO_2676,LG+I+R4,0.0000,,"(0.0669,0.1749) (0.3657,0.5071) (0.2645,1.0230) (0.3030,1.7570)","LG+I{0.0000}+R4{0.0669,0.1749,0.3657,0.5071,0.2645,1.0230,0.3030,1.7570}"
HVO_3006,LG+I+R2,0.0192,,"(0.1389,0.2341) (0.8420,1.1491)","LG+I{0.0192}+R2{0.1389,0.2341,0.8420,1.1491}"
HVO_0198,LG+I+R2,0.0192,,"(0.1389,0.2341) (0.8420,1.1491)","LG+I{0.0192}+R2{0.1389,0.2341,0.8420,1.1491}"
HVO_A0279,LG+I+G4,0.0171,1.4591,,LG+I{0.0171}+G4{1.4591}
HVO_A0016,LG+I+G4,0.0171,1.4591,,LG+I{0.0171}+G4{1.4591}
HVO_A0014,LG+I+G4,0.0171,1.4591,,LG+I{0.0171}+G4{1.4591}
HVO_A0128,LG+I+G4,0.0171,1.4591,,LG+I{0.0171}+G4{1.4591}
HVO_0278,LG+I+G4,0.0171,1.4591,,LG+I{0.0171}+G4{1.4591}
HVO_2821,LG+I+G4,0.0171,1.4591,,LG+I{0.0171}+G4{1.4591}
HVO_0794,LG+F+I+R4,0.0021,,"(0.0434,0.0993) (0.0899,0.2738) (0.2751,0.5971) (0.5895,1.3687)","LG+F+I{0.0021}+R4{0.0434,0.0993,0.0899,0.2738,0.2751,0.5971,0.5895,1.3687}"
HVO_1589,LG+I+R4,0.0038,,"(0.0698,0.1619) (0.2759,0.5273) (0.3581,0.9992) (0.2925,1.6596)","LG+I{0.0038}+R4{0.0698,0.1619,0.2759,0.5273,0.3581,0.9992,0.2925,1.6596}"
HVO_B0027,LG+F+I+R4,0.0010,,"(0.0785,0.1348) (0.2204,0.3870) (0.3333,0.8300) (0.3669,1.7103)","LG+F+I{0.0010}+R4{0.0785,0.1348,0.2204,0.3870,0.3333,0.8300,0.3669,1.7103}"
HVO_B0115,LG+F+I+R4,0.0010,,"(0.0785,0.1348) (0.2204,0.3870) (0.3333,0.8300) (0.3669,1.7103)","LG+F+I{0.0010}+R4{0.0785,0.1348,0.2204,0.3870,0.3333,0.8300,0.3669,1.7103}"
HVO_A0087,LG+F+I+R4,0.0010,,"(0.0785,0.1348) (0.2204,0.3870) (0.3333,0.8300) (0.3669,1.7103)","LG+F+I{0.0010}+R4{0.0785,0.1348,0.2204,0.3870,0.3333,0.8300,0.3669,1.7103}"
HVO_1291,LG+F+I+R4,0.0010,,"(0.0785,0.1348) (0.2204,0.3870) (0.3333,0.8300) (0.3669,1.7103)","LG+F+I{0.0010}+R4{0.0785,0.1348,0.2204,0.3870,0.3333,0.8300,0.3669,1.7103}"
HVO_2244,LG+F+I+R4,0.0010,,"(0.0785,0.1348) (0.2204,0.3870) (0.3333,0.8300) (0.3669,1.7103)","LG+F+I{0.0010}+R4{0.0785,0.1348,0.2204,0.3870,0.3333,0.8300,0.3669,1.7103}"
HVO_0888,LG+I+G4,0.0000,2.0973,,LG+I{0.0000}+G4{2.0973}
HVO_1305,LG+I+G4,0.0000,2.0973,,LG+I{0.0000}+G4{2.0973}
HVO_B0357,LG+I+G4,0.0036,1.5369,,LG+I{0.0036}+G4{1.5369}
HVO_0255,LG+I+G4,0.0036,1.5369,,LG+I{0.0036}+G4{1.5369}
HVO_B0203,LG+I+R4,0.0000,,"(0.0988,0.2537) (0.3669,0.6136) (0.2782,1.1158) (0.2560,1.7160)","LG+I{0.0000}+R4{0.0988,0.2537,0.3669,0.6136,0.2782,1.1158,0.2560,1.7160}"
HVO_B0265,LG+I+R4,0.0000,,"(0.0988,0.2537) (0.3669,0.6136) (0.2782,1.1158) (0.2560,1.7160)","LG+I{0.0000}+R4{0.0988,0.2537,0.3669,0.6136,0.2782,1.1158,0.2560,1.7160}"
HVO_A0088,LG+I+R4,0.0000,,"(0.0988,0.2537) (0.3669,0.6136) (0.2782,1.1158) (0.2560,1.7160)","LG+I{0.0000}+R4{0.0988,0.2537,0.3669,0.6136,0.2782,1.1158,0.2560,1.7160}"
HVO_1697,LG+I+R4,0.0000,,"(0.0988,0.2537) (0.3669,0.6136) (0.2782,1.1158) (0.2560,1.7160)","LG+I{0.0000}+R4{0.0988,0.2537,0.3669,0.6136,0.2782,1.1158,0.2560,1.7160}"
HVO_2670,LG+I+R4,0.0000,,"(0.0988,0.2537) (0.3669,0.6136) (0.2782,1.1158) (0.2560,1.7160)","LG+I{0.0000}+R4{0.0988,0.2537,0.3669,0.6136,0.2782,1.1158,0.2560,1.7160}"
HVO_B0235,LG+I+G4,0.0000,2.1564,,LG+I{0.0000}+G4{2.1564}
HVO_B0164,LG+I+G4,0.0000,2.1564,,LG+I{0.0000}+G4{2.1564}
HVO_B0363,LG+I+G4,0.0000,2.1564,,LG+I{0.0000}+G4{2.1564}
HVO_1908,LG+I+G4,0.0000,2.1564,,LG+I{0.0000}+G4{2.1564}
HVO_0935,LG+I+G4,0.0000,2.1564,,LG+I{0.0000}+G4{2.1564}
HVO_B0014,LG+F+I+R4,0.0092,,"(0.1055,0.1621) (0.3608,0.5448) (0.2468,1.0571) (0.2777,1.8920)","LG+F+I{0.0092}+R4{0.1055,0.1621,0.3608,0.5448,0.2468,1.0571,0.2777,1.8920}"
HVO_0397,LG+F+I+R4,0.0092,,"(0.1055,0.1621) (0.3608,0.5448) (0.2468,1.0571) (0.2777,1.8920)","LG+F+I{0.0092}+R4{0.1055,0.1621,0.3608,0.5448,0.2468,1.0571,0.2777,1.8920}"
HVO_2404,LG+F+I+R4,0.0092,,"(0.1055,0.1621) (0.3608,0.5448) (0.2468,1.0571) (0.2777,1.8920)","LG+F+I{0.0092}+R4{0.1055,0.1621,0.3608,0.5448,0.2468,1.0571,0.2777,1.8920}"
HVO_A0519,LG+I+G4,0.0142,1.6756,,LG+I{0.0142}+G4{1.6756}
HVO_2905,LG+I+G4,0.0142,1.6756,,LG+I{0.0142}+G4{1.6756}
HVO_1450,LG+I+G4,0.0142,1.6756,,LG+I{0.0142}+G4{1.6756}
HVO_A0607,LG+I+G4,0.0000,2.5035,,LG+I{0.0000}+G4{2.5035}
HVO_1223,LG+I+G4,0.0000,2.5035,,LG+I{0.0000}+G4{2.5035}
HVO_1225,LG+I+G4,0.0000,2.5035,,LG+I{0.0000}+G4{2.5035}
HVO_0809,LG+I+G4,0.0098,1.6792,,LG+I{0.0098}+G4{1.6792}
HVO_B0154,LG+F+I+R4,0.0000,,"(0.0994,0.3078) (0.1588,0.5083) (0.3674,0.8690) (0.3744,1.5208)","LG+F+I{0.0000}+R4{0.0994,0.3078,0.1588,0.5083,0.3674,0.8690,0.3744,1.5208}"
HVO_A0587,LG+F+I+R4,0.0000,,"(0.0994,0.3078) (0.1588,0.5083) (0.3674,0.8690) (0.3744,1.5208)","LG+F+I{0.0000}+R4{0.0994,0.3078,0.1588,0.5083,0.3674,0.8690,0.3744,1.5208}"
HVO_1713,LG+F+I+R4,0.0000,,"(0.0994,0.3078) (0.1588,0.5083) (0.3674,0.8690) (0.3744,1.5208)","LG+F+I{0.0000}+R4{0.0994,0.3078,0.1588,0.5083,0.3674,0.8690,0.3744,1.5208}"
HVO_1953,LG+F+I+R4,0.0000,,"(0.0994,0.3078) (0.1588,0.5083) (0.3674,0.8690) (0.3744,1.5208)","LG+F+I{0.0000}+R4{0.0994,0.3078,0.1588,0.5083,0.3674,0.8690,0.3744,1.5208}"
HVO_2528,LG+F+I+R4,0.0014,,"(0.0526,0.1769) (0.1475,0.4530) (0.3985,0.8638) (0.3999,1.4493)","LG+F+I{0.0014}+R4{0.0526,0.1769,0.1475,0.4530,0.3985,0.8638,0.3999,1.4493}"
HVO_0817,LG+F+I+R4,0.0014,,"(0.0526,0.1769) (0.1475,0.4530) (0.3985,0.8638) (0.3999,1.4493)","LG+F+I{0.0014}+R4{0.0526,0.1769,0.1475,0.4530,0.3985,0.8638,0.3999,1.4493}"
HVO_2229,LG+F+I+R4,0.0014,,"(0.0526,0.1769) (0.1475,0.4530) (0.3985,0.8638) (0.3999,1.4493)","LG+F+I{0.0014}+R4{0.0526,0.1769,0.1475,0.4530,0.3985,0.8638,0.3999,1.4493}"
HVO_2340,LG+F+I+R4,0.0014,,"(0.0526,0.1769) (0.1475,0.4530) (0.3985,0.8638) (0.3999,1.4493)","LG+F+I{0.0014}+R4{0.0526,0.1769,0.1475,0.4530,0.3985,0.8638,0.3999,1.4493}"
HVO_A0049,LG+F+I+R4,0.0000,,"(0.0763,0.2013) (0.2266,0.4548) (0.3310,0.8638) (0.3660,1.6272)","LG+F+I{0.0000}+R4{0.0763,0.2013,0.2266,0.4548,0.3310,0.8638,0.3660,1.6272}"
HVO_0250,LG+F+I+R4,0.0000,,"(0.0763,0.2013) (0.2266,0.4548) (0.3310,0.8638) (0.3660,1.6272)","LG+F+I{0.0000}+R4{0.0763,0.2013,0.2266,0.4548,0.3310,0.8638,0.3660,1.6272}"
HVO_2521,LG+F+I+R4,0.0000,,"(0.0763,0.2013) (0.2266,0.4548) (0.3310,0.8638) (0.3660,1.6272)","LG+F+I{0.0000}+R4{0.0763,0.2013,0.2266,0.4548,0.3310,0.8638,0.3660,1.6272}"
HVO_0996,LG+F+I+R4,0.0000,,"(0.0763,0.2013) (0.2266,0.4548) (0.3310,0.8638) (0.3660,1.6272)","LG+F+I{0.0000}+R4{0.0763,0.2013,0.2266,0.4548,0.3310,0.8638,0.3660,1.6272}"
HVO_1381,LG+I,0.1472,,,LG+I{0.1472}
HVO_2403,LG+I+G4,0.0455,4.0338,,LG+I{0.0455}+G4{4.0338}
HVO_C0053,LG+F+I+R4,0.0021,,"(0.0100,0.0175) (0.0706,0.2518) (0.4135,0.6262) (0.5039,1.4351)","LG+F+I{0.0021}+R4{0.0100,0.0175,0.0706,0.2518,0.4135,0.6262,0.5039,1.4351}"
HVO_C0013,LG+F+I+R4,0.0021,,"(0.0100,0.0175) (0.0706,0.2518) (0.4135,0.6262) (0.5039,1.4351)","LG+F+I{0.0021}+R4{0.0100,0.0175,0.0706,0.2518,0.4135,0.6262,0.5039,1.4351}"
HVO_C0068,LG+F+I+R4,0.0021,,"(0.0100,0.0175) (0.0706,0.2518) (0.4135,0.6262) (0.5039,1.4351)","LG+F+I{0.0021}+R4{0.0100,0.0175,0.0706,0.2518,0.4135,0.6262,0.5039,1.4351}"
HVO_C0070,LG+F+I+R4,0.0021,,"(0.0100,0.0175) (0.0706,0.2518) (0.4135,0.6262) (0.5039,1.4351)","LG+F+I{0.0021}+R4{0.0100,0.0175,0.0706,0.2518,0.4135,0.6262,0.5039,1.4351}"
HVO_B0155,LG+F+I+R4,0.0021,,"(0.0100,0.0175) (0.0706,0.2518) (0.4135,0.6262) (0.5039,1.4351)","LG+F+I{0.0021}+R4{0.0100,0.0175,0.0706,0.2518,0.4135,0.6262,0.5039,1.4351}"
HVO_B0157,LG+F+I+R4,0.0021,,"(0.0100,0.0175) (0.0706,0.2518) (0.4135,0.6262) (0.5039,1.4351)","LG+F+I{0.0021}+R4{0.0100,0.0175,0.0706,0.2518,0.4135,0.6262,0.5039,1.4351}"
HVO_A0260,LG+F+I+R4,0.0021,,"(0.0100,0.0175) (0.0706,0.2518) (0.4135,0.6262) (0.5039,1.4351)","LG+F+I{0.0021}+R4{0.0100,0.0175,0.0706,0.2518,0.4135,0.6262,0.5039,1.4351}"
HVO_A0077,LG+F+I+R4,0.0021,,"(0.0100,0.0175) (0.0706,0.2518) (0.4135,0.6262) (0.5039,1.4351)","LG+F+I{0.0021}+R4{0.0100,0.0175,0.0706,0.2518,0.4135,0.6262,0.5039,1.4351}"
HVO_A0456,LG+F+I+R4,0.0021,,"(0.0100,0.0175) (0.0706,0.2518) (0.4135,0.6262) (0.5039,1.4351)","LG+F+I{0.0021}+R4{0.0100,0.0175,0.0706,0.2518,0.4135,0.6262,0.5039,1.4351}"
HVO_A0240,LG+F+I+R4,0.0021,,"(0.0100,0.0175) (0.0706,0.2518) (0.4135,0.6262) (0.5039,1.4351)","LG+F+I{0.0021}+R4{0.0100,0.0175,0.0706,0.2518,0.4135,0.6262,0.5039,1.4351}"
HVO_A0238,LG+F+I+R4,0.0021,,"(0.0100,0.0175) (0.0706,0.2518) (0.4135,0.6262) (0.5039,1.4351)","LG+F+I{0.0021}+R4{0.0100,0.0175,0.0706,0.2518,0.4135,0.6262,0.5039,1.4351}"
HVO_A0431,LG+F+I+R4,0.0021,,"(0.0100,0.0175) (0.0706,0.2518) (0.4135,0.6262) (0.5039,1.4351)","LG+F+I{0.0021}+R4{0.0100,0.0175,0.0706,0.2518,0.4135,0.6262,0.5039,1.4351}"
HVO_A0007,LG+F+I+R4,0.0021,,"(0.0100,0.0175) (0.0706,0.2518) (0.4135,0.6262) (0.5039,1.4351)","LG+F+I{0.0021}+R4{0.0100,0.0175,0.0706,0.2518,0.4135,0.6262,0.5039,1.4351}"
HVO_A0355,LG+F+I+R4,0.0021,,"(0.0100,0.0175) (0.0706,0.2518) (0.4135,0.6262) (0.5039,1.4351)","LG+F+I{0.0021}+R4{0.0100,0.0175,0.0706,0.2518,0.4135,0.6262,0.5039,1.4351}"
HVO_A0116,LG+F+I+R4,0.0021,,"(0.0100,0.0175) (0.0706,0.2518) (0.4135,0.6262) (0.5039,1.4351)","LG+F+I{0.0021}+R4{0.0100,0.0175,0.0706,0.2518,0.4135,0.6262,0.5039,1.4351}"
HVO_A0057,LG+F+I+R4,0.0021,,"(0.0100,0.0175) (0.0706,0.2518) (0.4135,0.6262) (0.5039,1.4351)","LG+F+I{0.0021}+R4{0.0100,0.0175,0.0706,0.2518,0.4135,0.6262,0.5039,1.4351}"
HVO_A0144,LG+F+I+R4,0.0021,,"(0.0100,0.0175) (0.0706,0.2518) (0.4135,0.6262) (0.5039,1.4351)","LG+F+I{0.0021}+R4{0.0100,0.0175,0.0706,0.2518,0.4135,0.6262,0.5039,1.4351}"
HVO_A0117,LG+F+I+R4,0.0021,,"(0.0100,0.0175) (0.0706,0.2518) (0.4135,0.6262) (0.5039,1.4351)","LG+F+I{0.0021}+R4{0.0100,0.0175,0.0706,0.2518,0.4135,0.6262,0.5039,1.4351}"
HVO_A0080,LG+F+I+R4,0.0021,,"(0.0100,0.0175) (0.0706,0.2518) (0.4135,0.6262) (0.5039,1.4351)","LG+F+I{0.0021}+R4{0.0100,0.0175,0.0706,0.2518,0.4135,0.6262,0.5039,1.4351}"
HVO_2051,LG+F+I+R4,0.0021,,"(0.0100,0.0175) (0.0706,0.2518) (0.4135,0.6262) (0.5039,1.4351)","LG+F+I{0.0021}+R4{0.0100,0.0175,0.0706,0.2518,0.4135,0.6262,0.5039,1.4351}"
HVO_0275,LG+F+I+R4,0.0021,,"(0.0100,0.0175) (0.0706,0.2518) (0.4135,0.6262) (0.5039,1.4351)","LG+F+I{0.0021}+R4{0.0100,0.0175,0.0706,0.2518,0.4135,0.6262,0.5039,1.4351}"
HVO_0276,LG+F+I+R4,0.0021,,"(0.0100,0.0175) (0.0706,0.2518) (0.4135,0.6262) (0.5039,1.4351)","LG+F+I{0.0021}+R4{0.0100,0.0175,0.0706,0.2518,0.4135,0.6262,0.5039,1.4351}"
HVO_0864,LG+F+I+R4,0.0021,,"(0.0100,0.0175) (0.0706,0.2518) (0.4135,0.6262) (0.5039,1.4351)","LG+F+I{0.0021}+R4{0.0100,0.0175,0.0706,0.2518,0.4135,0.6262,0.5039,1.4351}"
HVO_1835,LG+F+I+R4,0.0021,,"(0.0100,0.0175) (0.0706,0.2518) (0.4135,0.6262) (0.5039,1.4351)","LG+F+I{0.0021}+R4{0.0100,0.0175,0.0706,0.2518,0.4135,0.6262,0.5039,1.4351}"
HVO_0924,LG+F+I+R4,0.0021,,"(0.0100,0.0175) (0.0706,0.2518) (0.4135,0.6262) (0.5039,1.4351)","LG+F+I{0.0021}+R4{0.0100,0.0175,0.0706,0.2518,0.4135,0.6262,0.5039,1.4351}"
HVO_2830,LG+F+I+R4,0.0021,,"(0.0100,0.0175) (0.0706,0.2518) (0.4135,0.6262) (0.5039,1.4351)","LG+F+I{0.0021}+R4{0.0100,0.0175,0.0706,0.2518,0.4135,0.6262,0.5039,1.4351}"
HVO_1106,LG+F+I+R4,0.0021,,"(0.0100,0.0175) (0.0706,0.2518) (0.4135,0.6262) (0.5039,1.4351)","LG+F+I{0.0021}+R4{0.0100,0.0175,0.0706,0.2518,0.4135,0.6262,0.5039,1.4351}"
HVO_1409,LG+F+I+R4,0.0000,,"(0.0474,0.1956) (0.2349,0.4149) (0.2539,0.7859) (0.4639,1.4956)","LG+F+I{0.0000}+R4{0.0474,0.1956,0.2349,0.4149,0.2539,0.7859,0.4639,1.4956}"
HVO_C0076,LG+I+G4,0.0111,2.2762,,LG+I{0.0111}+G4{2.2762}
HVO_B0119,LG+I+G4,0.0111,2.2762,,LG+I{0.0111}+G4{2.2762}
HVO_B0040,LG+I+G4,0.0111,2.2762,,LG+I{0.0111}+G4{2.2762}
HVO_B0201,LG+I+G4,0.0111,2.2762,,LG+I{0.0111}+G4{2.2762}
HVO_B0255,LG+I+G4,0.0111,2.2762,,LG+I{0.0111}+G4{2.2762}
HVO_B0114,LG+I+G4,0.0111,2.2762,,LG+I{0.0111}+G4{2.2762}
HVO_B0319,LG+I+G4,0.0111,2.2762,,LG+I{0.0111}+G4{2.2762}
HVO_B0320,LG+I+G4,0.0111,2.2762,,LG+I{0.0111}+G4{2.2762}
HVO_B0101,LG+I+G4,0.0111,2.2762,,LG+I{0.0111}+G4{2.2762}
HVO_A0583,LG+I+G4,0.0111,2.2762,,LG+I{0.0111}+G4{2.2762}
HVO_A0093,LG+I+G4,0.0111,2.2762,,LG+I{0.0111}+G4{2.2762}
HVO_A0527,LG+I+G4,0.0111,2.2762,,LG+I{0.0111}+G4{2.2762}
HVO_A0280,LG+I+G4,0.0111,2.2762,,LG+I{0.0111}+G4{2.2762}
HVO_A0266,LG+I+G4,0.0111,2.2762,,LG+I{0.0111}+G4{2.2762}
HVO_A0082,LG+I+G4,0.0111,2.2762,,LG+I{0.0111}+G4{2.2762}
HVO_A0342,LG+I+G4,0.0111,2.2762,,LG+I{0.0111}+G4{2.2762}
HVO_A0332,LG+I+G4,0.0111,2.2762,,LG+I{0.0111}+G4{2.2762}
HVO_0605,LG+I+G4,0.0111,2.2762,,LG+I{0.0111}+G4{2.2762}
HVO_2108,LG+I+G4,0.0111,2.2762,,LG+I{0.0111}+G4{2.2762}
HVO_2130,LG+I+G4,0.0111,2.2762,,LG+I{0.0111}+G4{2.2762}
HVO_2092,LG+I+G4,0.0111,2.2762,,LG+I{0.0111}+G4{2.2762}
HVO_2110,LG+I+G4,0.0111,2.2762,,LG+I{0.0111}+G4{2.2762}
HVO_1940,LG+I+G4,0.0000,1.5477,,LG+I{0.0000}+G4{1.5477}
HVO_0552,LG+I+G4,0.0000,1.5477,,LG+I{0.0000}+G4{1.5477}
HVO_A0230,LG+I+R4,0.0161,,"(0.2233,0.1464) (0.2298,0.5179) (0.2771,1.0960) (0.2538,2.1464)","LG+I{0.0161}+R4{0.2233,0.1464,0.2298,0.5179,0.2771,1.0960,0.2538,2.1464}"
HVO_A0254,JTT+F+I+G4,0.0172,1.9949,,JTT+F+I{0.0172}+G4{1.9949}
HVO_A0589,LG+I+G4,0.0457,1.9184,,LG+I{0.0457}+G4{1.9184}
HVO_0576,LG+I+G4,0.0457,1.9184,,LG+I{0.0457}+G4{1.9184}
HVO_2234,LG+I+R4,0.0161,,"(0.2178,0.0590) (0.2409,0.3625) (0.2944,1.1605) (0.2307,2.4188)","LG+I{0.0161}+R4{0.2178,0.0590,0.2409,0.3625,0.2944,1.1605,0.2307,2.4188}"
HVO_0869,LG+I+G4,0.0479,1.5381,,LG+I{0.0479}+G4{1.5381}
HVO_3000,LG+I+G4,0.1152,1.5068,,LG+I{0.1152}+G4{1.5068}
HVO_A0553,LG+I+R4,0.0031,,"(0.0382,0.1133) (0.2329,0.4053) (0.3909,0.8638) (0.3349,1.6831)","LG+I{0.0031}+R4{0.0382,0.1133,0.2329,0.4053,0.3909,0.8638,0.3349,1.6831}"
HVO_A0487,LG+I+R4,0.0031,,"(0.0382,0.1133) (0.2329,0.4053) (0.3909,0.8638) (0.3349,1.6831)","LG+I{0.0031}+R4{0.0382,0.1133,0.2329,0.4053,0.3909,0.8638,0.3349,1.6831}"
HVO_1634,LG+I+R4,0.0031,,"(0.0382,0.1133) (0.2329,0.4053) (0.3909,0.8638) (0.3349,1.6831)","LG+I{0.0031}+R4{0.0382,0.1133,0.2329,0.4053,0.3909,0.8638,0.3349,1.6831}"
HVO_0322,LG+I+R4,0.0031,,"(0.0382,0.1133) (0.2329,0.4053) (0.3909,0.8638) (0.3349,1.6831)","LG+I{0.0031}+R4{0.0382,0.1133,0.2329,0.4053,0.3909,0.8638,0.3349,1.6831}"
HVO_0225,LG+I+R4,0.0031,,"(0.0382,0.1133) (0.2329,0.4053) (0.3909,0.8638) (0.3349,1.6831)","LG+I{0.0031}+R4{0.0382,0.1133,0.2329,0.4053,0.3909,0.8638,0.3349,1.6831}"
HVO_0595,LG+I+R4,0.0031,,"(0.0382,0.1133) (0.2329,0.4053) (0.3909,0.8638) (0.3349,1.6831)","LG+I{0.0031}+R4{0.0382,0.1133,0.2329,0.4053,0.3909,0.8638,0.3349,1.6831}"
HVO_0961,LG+I+G4,0.0000,1.3105,,LG+I{0.0000}+G4{1.3105}
HVO_1097,LG+I+G4,0.0000,1.2147,,LG+I{0.0000}+G4{1.2147}
HVO_1097,LG+I+G4,0.0000,1.2147,,LG+I{0.0000}+G4{1.2147}
HVO_2336,LG+I+G4,0.0955,0.8114,,LG+I{0.0955}+G4{0.8114}
HVO_A0447,LG+F+I+R4,0.0000,,"(0.0582,0.0592) (0.1971,0.3337) (0.3400,0.7900) (0.4047,1.6361)","LG+F+I{0.0000}+R4{0.0582,0.0592,0.1971,0.3337,0.3400,0.7900,0.4047,1.6361}"
HVO_1474,LG+F+I+R4,0.0000,,"(0.0582,0.0592) (0.1971,0.3337) (0.3400,0.7900) (0.4047,1.6361)","LG+F+I{0.0000}+R4{0.0582,0.0592,0.1971,0.3337,0.3400,0.7900,0.4047,1.6361}"
HVO_0727,LG+F+I+R4,0.0000,,"(0.0582,0.0592) (0.1971,0.3337) (0.3400,0.7900) (0.4047,1.6361)","LG+F+I{0.0000}+R4{0.0582,0.0592,0.1971,0.3337,0.3400,0.7900,0.4047,1.6361}"
HVO_2001,LG+I+R4,0.0032,,"(0.1939,0.1499) (0.2633,0.4809) (0.2045,1.0096) (0.3351,1.9033)","LG+I{0.0032}+R4{0.1939,0.1499,0.2633,0.4809,0.2045,1.0096,0.3351,1.9033}"
HVO_2008,LG+I+R4,0.0032,,"(0.1939,0.1499) (0.2633,0.4809) (0.2045,1.0096) (0.3351,1.9033)","LG+I{0.0032}+R4{0.1939,0.1499,0.2633,0.4809,0.2045,1.0096,0.3351,1.9033}"
HVO_2742,LG+I+G4,0.0015,0.7251,,LG+I{0.0015}+G4{0.7251}
HVO_1893,LG+I+R4,0.0022,,"(0.1069,0.0887) (0.1797,0.3997) (0.2187,0.8474) (0.4925,1.4890)","LG+I{0.0022}+R4{0.1069,0.0887,0.1797,0.3997,0.2187,0.8474,0.4925,1.4890}"
HVO_1893,LG+I+R4,0.0022,,"(0.1069,0.0887) (0.1797,0.3997) (0.2187,0.8474) (0.4925,1.4890)","LG+I{0.0022}+R4{0.1069,0.0887,0.1797,0.3997,0.2187,0.8474,0.4925,1.4890}"
HVO_1804,LG+I+G4,0.0264,1.4826,,LG+I{0.0264}+G4{1.4826}
HVO_2579,LG+I+G4,0.0264,1.4826,,LG+I{0.0264}+G4{1.4826}
HVO_2635,LG+I+G4,0.0250,2.2877,,LG+I{0.0250}+G4{2.2877}
HVO_1222,LG+I+G4,0.0053,1.1540,,LG+I{0.0053}+G4{1.1540}
HVO_0118,LG+I+G4,0.0000,1.5527,,LG+I{0.0000}+G4{1.5527}
HVO_2106,LG+I+G4,0.0147,2.5620,,LG+I{0.0147}+G4{2.5620}
HVO_0790,LG+I+G4,0.0147,2.5620,,LG+I{0.0147}+G4{2.5620}
HVO_2610,LG+I+G4,0.0147,2.5620,,LG+I{0.0147}+G4{2.5620}
HVO_0834,LG+F+I+G4,0.0000,2.1879,,LG+F+I{0.0000}+G4{2.1879}
HVO_1024,LG+F+I+G4,0.0000,2.1879,,LG+F+I{0.0000}+G4{2.1879}
HVO_B0308,LG+I+R4,0.0000,,"(0.1865,0.0928) (0.2903,0.4346) (0.1785,1.0269) (0.3447,1.9533)","LG+I{0.0000}+R4{0.1865,0.0928,0.2903,0.4346,0.1785,1.0269,0.3447,1.9533}"
HVO_1322,LG+F+I+R4,0.0000,,"(0.0457,0.0678) (0.1107,0.2865) (0.2016,0.6244) (0.6419,1.3075)","LG+F+I{0.0000}+R4{0.0457,0.0678,0.1107,0.2865,0.2016,0.6244,0.6419,1.3075}"
HVO_1943,LG+I+R4,0.0000,,"(0.0638,0.1244) (0.1758,0.3400) (0.3475,0.7742) (0.4129,1.6063)","LG+I{0.0000}+R4{0.0638,0.1244,0.1758,0.3400,0.3475,0.7742,0.4129,1.6063}"
HVO_0449,LG+I+G4,0.0000,2.3460,,LG+I{0.0000}+G4{2.3460}
HVO_A0188,LG+F+I+R4,0.0000,,"(0.0533,0.0931) (0.1661,0.3772) (0.3496,0.8199) (0.4310,1.4982)","LG+F+I{0.0000}+R4{0.0533,0.0931,0.1661,0.3772,0.3496,0.8199,0.4310,1.4982}"
HVO_0421,LG+F+I+R4,0.0000,,"(0.0533,0.0931) (0.1661,0.3772) (0.3496,0.8199) (0.4310,1.4982)","LG+F+I{0.0000}+R4{0.0533,0.0931,0.1661,0.3772,0.3496,0.8199,0.4310,1.4982}"
HVO_1341,LG+I+G4,0.0079,2.5569,,LG+I{0.0079}+G4{2.5569}
HVO_1094,LG+I+G4,0.0000,2.1400,,LG+I{0.0000}+G4{2.1400}
HVO_A0074,LG+I+G4,0.0000,1.6375,,LG+I{0.0000}+G4{1.6375}
HVO_A0205,LG+F+I+R4,0.0049,,"(0.0782,0.1396) (0.2652,0.4198) (0.3255,0.9393) (0.3262,1.7534)","LG+F+I{0.0049}+R4{0.0782,0.1396,0.2652,0.4198,0.3255,0.9393,0.3262,1.7534}"
HVO_1256,LG+F+I+G4,0.0273,1.6407,,LG+F+I{0.0273}+G4{1.6407}
HVO_2171,LG+F+I+G4,0.0273,1.6407,,LG+F+I{0.0273}+G4{1.6407}
HVO_0637,LG+F+I+G4,0.0273,1.6407,,LG+F+I{0.0273}+G4{1.6407}
HVO_B0170,LG+I+G4,0.0000,2.8036,,LG+I{0.0000}+G4{2.8036}
HVO_A0510,LG+I+G4,0.0000,2.8036,,LG+I{0.0000}+G4{2.8036}
HVO_2790,LG+I+G4,0.0000,2.8036,,LG+I{0.0000}+G4{2.8036}
HVO_0680,LG+I+G4,0.0135,1.8511,,LG+I{0.0135}+G4{1.8511}
HVO_1086,LG+I+G4,0.0135,1.8511,,LG+I{0.0135}+G4{1.8511}
HVO_0781,LG+I+R4,0.0047,,"(0.1302,0.1463) (0.2414,0.3840) (0.2375,0.8616) (0.3862,1.7702)","LG+I{0.0047}+R4{0.1302,0.1463,0.2414,0.3840,0.2375,0.8616,0.3862,1.7702}"
HVO_B0059,LG+I+R4,0.0089,,"(0.0978,0.1411) (0.1900,0.4548) (0.3337,0.8751) (0.3696,1.6446)","LG+I{0.0089}+R4{0.0978,0.1411,0.1900,0.4548,0.3337,0.8751,0.3696,1.6446}"
HVO_1473,LG+I+G4,0.0616,1.4436,,LG+I{0.0616}+G4{1.4436}
HVO_1355,LG+I+G4,0.0616,1.4436,,LG+I{0.0616}+G4{1.4436}
HVO_1679,LG+I+G4,0.0616,1.4436,,LG+I{0.0616}+G4{1.4436}
HVO_A0481,LG+I+R4,0.0000,,"(0.1462,0.2949) (0.2673,0.6056) (0.3220,1.0967) (0.2645,1.6707)","LG+I{0.0000}+R4{0.1462,0.2949,0.2673,0.6056,0.3220,1.0967,0.2645,1.6707}"
HVO_A0481,LG+I+R4,0.0000,,"(0.1462,0.2949) (0.2673,0.6056) (0.3220,1.0967) (0.2645,1.6707)","LG+I{0.0000}+R4{0.1462,0.2949,0.2673,0.6056,0.3220,1.0967,0.2645,1.6707}"
HVO_0467,LG+I+R4,0.0000,,"(0.1462,0.2949) (0.2673,0.6056) (0.3220,1.0967) (0.2645,1.6707)","LG+I{0.0000}+R4{0.1462,0.2949,0.2673,0.6056,0.3220,1.0967,0.2645,1.6707}"
HVO_0467,LG+I+R4,0.0000,,"(0.1462,0.2949) (0.2673,0.6056) (0.3220,1.0967) (0.2645,1.6707)","LG+I{0.0000}+R4{0.1462,0.2949,0.2673,0.6056,0.3220,1.0967,0.2645,1.6707}"
HVO_1181,LG+I+R4,0.0000,,"(0.1462,0.2949) (0.2673,0.6056) (0.3220,1.0967) (0.2645,1.6707)","LG+I{0.0000}+R4{0.1462,0.2949,0.2673,0.6056,0.3220,1.0967,0.2645,1.6707}"
HVO_2379,LG+I+R4,0.0000,,"(0.1462,0.2949) (0.2673,0.6056) (0.3220,1.0967) (0.2645,1.6707)","LG+I{0.0000}+R4{0.1462,0.2949,0.2673,0.6056,0.3220,1.0967,0.2645,1.6707}"
HVO_2379,LG+I+R4,0.0000,,"(0.1462,0.2949) (0.2673,0.6056) (0.3220,1.0967) (0.2645,1.6707)","LG+I{0.0000}+R4{0.1462,0.2949,0.2673,0.6056,0.3220,1.0967,0.2645,1.6707}"
HVO_2374,LG+I+R4,0.0000,,"(0.1462,0.2949) (0.2673,0.6056) (0.3220,1.0967) (0.2645,1.6707)","LG+I{0.0000}+R4{0.1462,0.2949,0.2673,0.6056,0.3220,1.0967,0.2645,1.6707}"
HVO_1077,LG+I,0.1363,,,LG+I{0.1363}
HVO_B0054,LG+I+G4,0.0000,1.2952,,LG+I{0.0000}+G4{1.2952}
HVO_B0054,LG+I+G4,0.0000,1.2952,,LG+I{0.0000}+G4{1.2952}
HVO_1128,LG+I+G4,0.0000,1.2952,,LG+I{0.0000}+G4{1.2952}
HVO_1128,LG+I+G4,0.0000,1.2952,,LG+I{0.0000}+G4{1.2952}
HVO_A0419,LG+I+R4,0.0128,,"(0.0251,0.0293) (0.0991,0.2442) (0.2943,0.7177) (0.5686,1.3433)","LG+I{0.0128}+R4{0.0251,0.0293,0.0991,0.2442,0.2943,0.7177,0.5686,1.3433}"
HVO_0521,LG+I+R4,0.0128,,"(0.0251,0.0293) (0.0991,0.2442) (0.2943,0.7177) (0.5686,1.3433)","LG+I{0.0128}+R4{0.0251,0.0293,0.0991,0.2442,0.2943,0.7177,0.5686,1.3433}"
HVO_2572,LG+I+G4,0.0099,1.8422,,LG+I{0.0099}+G4{1.8422}
HVO_2088,LG+F+I+R4,0.0013,,"(0.0504,0.0717) (0.1436,0.2347) (0.3227,0.5792) (0.4821,1.6092)","LG+F+I{0.0013}+R4{0.0504,0.0717,0.1436,0.2347,0.3227,0.5792,0.4821,1.6092}"
HVO_2087,LG+F+I+R4,0.0013,,"(0.0504,0.0717) (0.1436,0.2347) (0.3227,0.5792) (0.4821,1.6092)","LG+F+I{0.0013}+R4{0.0504,0.0717,0.1436,0.2347,0.3227,0.5792,0.4821,1.6092}"
HVO_B0182,LG+I+G4,0.0070,1.0075,,LG+I{0.0070}+G4{1.0075}
HVO_2297,LG+I+G4,0.0070,1.0075,,LG+I{0.0070}+G4{1.0075}
HVO_2395,LG+I+R4,0.0064,,"(0.0916,0.0478) (0.2490,0.3136) (0.2233,0.7809) (0.4296,1.7299)","LG+I{0.0064}+R4{0.0916,0.0478,0.2490,0.3136,0.2233,0.7809,0.4296,1.7299}"
HVO_0740,LG+I+G4,0.0341,1.3824,,LG+I{0.0341}+G4{1.3824}
HVO_1648,LG+I+R4,0.0047,,"(0.0707,0.1064) (0.0970,0.3354) (0.3307,0.7077) (0.4968,1.4611)","LG+I{0.0047}+R4{0.0707,0.1064,0.0970,0.3354,0.3307,0.7077,0.4968,1.4611}"
HVO_0797,LG+I+R4,0.0328,,"(0.0938,0.1300) (0.2164,0.3824) (0.2700,0.8829) (0.3870,1.7226)","LG+I{0.0328}+R4{0.0938,0.1300,0.2164,0.3824,0.2700,0.8829,0.3870,1.7226}"
HVO_0341,LG+I+R4,0.0111,,"(0.0310,0.0655) (0.2183,0.3675) (0.4583,0.9297) (0.2812,1.7482)","LG+I{0.0111}+R4{0.0310,0.0655,0.2183,0.3675,0.4583,0.9297,0.2812,1.7482}"
HVO_1301,LG+I+R4,0.0111,,"(0.0310,0.0655) (0.2183,0.3675) (0.4583,0.9297) (0.2812,1.7482)","LG+I{0.0111}+R4{0.0310,0.0655,0.2183,0.3675,0.4583,0.9297,0.2812,1.7482}"
HVO_2281,LG+I+R4,0.0111,,"(0.0310,0.0655) (0.2183,0.3675) (0.4583,0.9297) (0.2812,1.7482)","LG+I{0.0111}+R4{0.0310,0.0655,0.2183,0.3675,0.4583,0.9297,0.2812,1.7482}"
HVO_2367,LG+I+R4,0.0111,,"(0.0310,0.0655) (0.2183,0.3675) (0.4583,0.9297) (0.2812,1.7482)","LG+I{0.0111}+R4{0.0310,0.0655,0.2183,0.3675,0.4583,0.9297,0.2812,1.7482}"
HVO_2415,LG+I+R4,0.0000,,"(0.0689,0.1881) (0.3069,0.5130) (0.2857,0.9813) (0.3386,1.6224)","LG+I{0.0000}+R4{0.0689,0.1881,0.3069,0.5130,0.2857,0.9813,0.3386,1.6224}"
HVO_1102,LG+I+R4,0.0000,,"(0.0689,0.1881) (0.3069,0.5130) (0.2857,0.9813) (0.3386,1.6224)","LG+I{0.0000}+R4{0.0689,0.1881,0.3069,0.5130,0.2857,0.9813,0.3386,1.6224}"
HVO_B0287,LG+I+G4,0.0000,3.3703,,LG+I{0.0000}+G4{3.3703}
HVO_2605,LG+I+G4,0.0000,3.3703,,LG+I{0.0000}+G4{3.3703}
HVO_2242,LG+I+G4,0.0000,3.3703,,LG+I{0.0000}+G4{3.3703}
HVO_0298,LG+I+G4,0.0000,3.3703,,LG+I{0.0000}+G4{3.3703}
HVO_0180,LG+I+G4,0.0000,3.3703,,LG+I{0.0000}+G4{3.3703}
HVO_0769,LG+I+G4,0.0000,3.3703,,LG+I{0.0000}+G4{3.3703}
HVO_0486,LG+I,0.0697,,,LG+I{0.0697}
HVO_1455,LG+I+G4,0.0511,1.1914,,LG+I{0.0511}+G4{1.1914}
HVO_2710,LG+I+R4,0.0151,,"(0.0314,0.0808) (0.1801,0.2773) (0.3432,0.6283) (0.4301,1.7015)","LG+I{0.0151}+R4{0.0314,0.0808,0.1801,0.2773,0.3432,0.6283,0.4301,1.7015}"
HVO_2154,LG+I+R4,0.0563,,"(0.1917,0.1232) (0.2336,0.4703) (0.2279,1.0900) (0.2906,2.1269)","LG+I{0.0563}+R4{0.1917,0.1232,0.2336,0.4703,0.2279,1.0900,0.2906,2.1269}"
HVO_1073,LG+I+G4,0.0034,2.4089,,LG+I{0.0034}+G4{2.4089}
HVO_2912,LG+I+G4,0.0034,2.4089,,LG+I{0.0034}+G4{2.4089}
HVO_1287,LG+I+G4,0.0034,2.4089,,LG+I{0.0034}+G4{2.4089}
HVO_1347,LG+I+R4,0.0256,,"(0.1273,0.0315) (0.2369,0.2569) (0.1814,0.7577) (0.4288,1.8601)","LG+I{0.0256}+R4{0.1273,0.0315,0.2369,0.2569,0.1814,0.7577,0.4288,1.8601}"
HVO_2952,LG+I+G4,0.0000,2.1483,,LG+I{0.0000}+G4{2.1483}
HVO_A0228,LG+I+R4,0.0134,,"(0.0766,0.0617) (0.1555,0.2748) (0.2953,0.6971) (0.4592,1.6262)","LG+I{0.0134}+R4{0.0766,0.0617,0.1555,0.2748,0.2953,0.6971,0.4592,1.6262}"
HVO_1314,LG+I+R4,0.0134,,"(0.0766,0.0617) (0.1555,0.2748) (0.2953,0.6971) (0.4592,1.6262)","LG+I{0.0134}+R4{0.0766,0.0617,0.1555,0.2748,0.2953,0.6971,0.4592,1.6262}"
HVO_A0150,LG+I+G4,0.0000,1.9993,,LG+I{0.0000}+G4{1.9993}
HVO_A0249,LG+I+G4,0.0000,1.9993,,LG+I{0.0000}+G4{1.9993}
HVO_1272,LG+I+G4,0.0000,1.9993,,LG+I{0.0000}+G4{1.9993}
HVO_2073,LG+I+G4,0.0000,1.9993,,LG+I{0.0000}+G4{1.9993}
HVO_1667,LG+I+G4,0.0000,1.9993,,LG+I{0.0000}+G4{1.9993}
HVO_2970,LG+I+G4,0.0000,1.9993,,LG+I{0.0000}+G4{1.9993}
HVO_1070,LG+I+G4,0.0000,1.9993,,LG+I{0.0000}+G4{1.9993}
HVO_0169,LG+I+G4,0.0000,1.9993,,LG+I{0.0000}+G4{1.9993}
HVO_2688,LG+I+G4,0.0000,1.9993,,LG+I{0.0000}+G4{1.9993}
HVO_2035,LG+I+G4,0.0000,1.9993,,LG+I{0.0000}+G4{1.9993}
HVO_2349,LG+I+G4,0.0000,1.9993,,LG+I{0.0000}+G4{1.9993}
HVO_1360,LG+I+G4,0.0000,1.9993,,LG+I{0.0000}+G4{1.9993}
HVO_0568,LG+I+G4,0.0000,1.9993,,LG+I{0.0000}+G4{1.9993}
HVO_B0317,LG+I+R4,0.0000,,"(0.0342,0.1065) (0.2113,0.5022) (0.4607,0.8684) (0.2938,1.6687)","LG+I{0.0000}+R4{0.0342,0.1065,0.2113,0.5022,0.4607,0.8684,0.2938,1.6687}"
HVO_B0302,LG+I+R4,0.0000,,"(0.0342,0.1065) (0.2113,0.5022) (0.4607,0.8684) (0.2938,1.6687)","LG+I{0.0000}+R4{0.0342,0.1065,0.2113,0.5022,0.4607,0.8684,0.2938,1.6687}"
HVO_A0570,LG+I+R4,0.0000,,"(0.0342,0.1065) (0.2113,0.5022) (0.4607,0.8684) (0.2938,1.6687)","LG+I{0.0000}+R4{0.0342,0.1065,0.2113,0.5022,0.4607,0.8684,0.2938,1.6687}"
HVO_A0303,LG+I+R4,0.0000,,"(0.0342,0.1065) (0.2113,0.5022) (0.4607,0.8684) (0.2938,1.6687)","LG+I{0.0000}+R4{0.0342,0.1065,0.2113,0.5022,0.4607,0.8684,0.2938,1.6687}"
HVO_A0560,LG+I+R4,0.0000,,"(0.0342,0.1065) (0.2113,0.5022) (0.4607,0.8684) (0.2938,1.6687)","LG+I{0.0000}+R4{0.0342,0.1065,0.2113,0.5022,0.4607,0.8684,0.2938,1.6687}"
HVO_0165,LG+I+R4,0.0000,,"(0.0342,0.1065) (0.2113,0.5022) (0.4607,0.8684) (0.2938,1.6687)","LG+I{0.0000}+R4{0.0342,0.1065,0.2113,0.5022,0.4607,0.8684,0.2938,1.6687}"
HVO_2926,LG+I+R4,0.0000,,"(0.0342,0.1065) (0.2113,0.5022) (0.4607,0.8684) (0.2938,1.6687)","LG+I{0.0000}+R4{0.0342,0.1065,0.2113,0.5022,0.4607,0.8684,0.2938,1.6687}"
HVO_0148,LG+I+R4,0.0000,,"(0.0342,0.1065) (0.2113,0.5022) (0.4607,0.8684) (0.2938,1.6687)","LG+I{0.0000}+R4{0.0342,0.1065,0.2113,0.5022,0.4607,0.8684,0.2938,1.6687}"
HVO_2483,LG+I+R4,0.0000,,"(0.0342,0.1065) (0.2113,0.5022) (0.4607,0.8684) (0.2938,1.6687)","LG+I{0.0000}+R4{0.0342,0.1065,0.2113,0.5022,0.4607,0.8684,0.2938,1.6687}"
HVO_2929,LG+I+R4,0.0000,,"(0.0342,0.1065) (0.2113,0.5022) (0.4607,0.8684) (0.2938,1.6687)","LG+I{0.0000}+R4{0.0342,0.1065,0.2113,0.5022,0.4607,0.8684,0.2938,1.6687}"
HVO_1816,LG+I+R4,0.0000,,"(0.0342,0.1065) (0.2113,0.5022) (0.4607,0.8684) (0.2938,1.6687)","LG+I{0.0000}+R4{0.0342,0.1065,0.2113,0.5022,0.4607,0.8684,0.2938,1.6687}"
HVO_0326,LG+F+I+G4,0.0440,1.5932,,LG+F+I{0.0440}+G4{1.5932}
HVO_1166,LG+I+G4,0.0000,2.5010,,LG+I{0.0000}+G4{2.5010}
HVO_1174,LG+I,0.0000,,,LG+I{0.0000}
HVO_2360,LG+I+R4,0.0099,,"(0.0329,0.0379) (0.1890,0.3658) (0.3193,0.6873) (0.4488,1.5821)","LG+I{0.0099}+R4{0.0329,0.0379,0.1890,0.3658,0.3193,0.6873,0.4488,1.5821}"
HVO_B0215,LG+F+I+R3,0.0000,,"(0.0641,0.2422) (0.4431,0.7377) (0.4928,1.3344)","LG+F+I{0.0000}+R3{0.0641,0.2422,0.4431,0.7377,0.4928,1.3344}"
HVO_B0215,LG+F+I+R3,0.0000,,"(0.0641,0.2422) (0.4431,0.7377) (0.4928,1.3344)","LG+F+I{0.0000}+R3{0.0641,0.2422,0.4431,0.7377,0.4928,1.3344}"
HVO_A0451,LG+I+G4,0.0000,3.1402,,LG+I{0.0000}+G4{3.1402}
HVO_A0451,LG+I+G4,0.0000,3.1402,,LG+I{0.0000}+G4{3.1402}
HVO_1916,LG+I+G4,0.0000,3.1402,,LG+I{0.0000}+G4{3.1402}
HVO_0467,LG+I+G4,0.0000,3.1402,,LG+I{0.0000}+G4{3.1402}
HVO_0467,LG+I+G4,0.0000,3.1402,,LG+I{0.0000}+G4{3.1402}
HVO_1998,LG+I+G4,0.0000,3.1402,,LG+I{0.0000}+G4{3.1402}
HVO_0412,LG+I+G4,0.0000,3.1402,,LG+I{0.0000}+G4{3.1402}
HVO_2617,LG+I+G4,0.0000,3.1402,,LG+I{0.0000}+G4{3.1402}
HVO_0052,LG+I+G4,0.0000,3.1402,,LG+I{0.0000}+G4{3.1402}
HVO_2211,LG+I+G4,0.0000,3.1402,,LG+I{0.0000}+G4{3.1402}
HVO_0179,LG+I+G4,0.0000,3.1402,,LG+I{0.0000}+G4{3.1402}
HVO_1058,LG+I+G4,0.0000,3.1402,,LG+I{0.0000}+G4{3.1402}
HVO_1058,LG+I+G4,0.0000,3.1402,,LG+I{0.0000}+G4{3.1402}
HVO_1885,LG+I+G4,0.0000,3.1402,,LG+I{0.0000}+G4{3.1402}
HVO_0282,LG+I+G4,0.0000,3.1402,,LG+I{0.0000}+G4{3.1402}
HVO_1137,LG+I+G4,0.0000,3.1402,,LG+I{0.0000}+G4{3.1402}
HVO_1137,LG+I+G4,0.0000,3.1402,,LG+I{0.0000}+G4{3.1402}
HVO_1055,LG+I+G4,0.0000,3.1402,,LG+I{0.0000}+G4{3.1402}
HVO_A0588,LG+I+G4,0.0066,1.6034,,LG+I{0.0066}+G4{1.6034}
HVO_2667,LG+I+G4,0.0885,1.8261,,LG+I{0.0885}+G4{1.8261}
HVO_0876,LG+I+G4,0.0081,1.3407,,LG+I{0.0081}+G4{1.3407}
HVO_A0279A,LG+I+R2,0.1134,,"(0.1687,0.2574) (0.7180,1.3323)","LG+I{0.1134}+R2{0.1687,0.2574,0.7180,1.3323}"
HVO_1312,LG+I+G4,0.0186,2.5097,,LG+I{0.0186}+G4{2.5097}
HVO_0976,LG+I+G4,0.0497,1.2771,,LG+I{0.0497}+G4{1.2771}
HVO_2207,LG+I+G4,0.0121,1.9386,,LG+I{0.0121}+G4{1.9386}
HVO_1849,LG+I+R4,0.0000,,"(0.0808,0.1978) (0.2045,0.4736) (0.3162,0.9515) (0.3985,1.4712)","LG+I{0.0000}+R4{0.0808,0.1978,0.2045,0.4736,0.3162,0.9515,0.3985,1.4712}"
HVO_0836,LG+I+R4,0.0000,,"(0.0808,0.1978) (0.2045,0.4736) (0.3162,0.9515) (0.3985,1.4712)","LG+I{0.0000}+R4{0.0808,0.1978,0.2045,0.4736,0.3162,0.9515,0.3985,1.4712}"
HVO_A0471,LG+I+G4,0.0128,1.6443,,LG+I{0.0128}+G4{1.6443}
HVO_1632,LG+I+G4,0.0128,1.6443,,LG+I{0.0128}+G4{1.6443}
HVO_2485,LG+I+G4,0.0000,1.6995,,LG+I{0.0000}+G4{1.6995}
HVO_1916,LG+I+R4,0.0000,,"(0.1705,0.3509) (0.3174,0.6413) (0.1938,0.9751) (0.3183,1.7206)","LG+I{0.0000}+R4{0.1705,0.3509,0.3174,0.6413,0.1938,0.9751,0.3183,1.7206}"
HVO_1690,LG+I+R4,0.0000,,"(0.1705,0.3509) (0.3174,0.6413) (0.1938,0.9751) (0.3183,1.7206)","LG+I{0.0000}+R4{0.1705,0.3509,0.3174,0.6413,0.1938,0.9751,0.3183,1.7206}"
HVO_2616,LG+I+R4,0.0000,,"(0.1705,0.3509) (0.3174,0.6413) (0.1938,0.9751) (0.3183,1.7206)","LG+I{0.0000}+R4{0.1705,0.3509,0.3174,0.6413,0.1938,0.9751,0.3183,1.7206}"
HVO_2211,LG+I+R4,0.0000,,"(0.1705,0.3509) (0.3174,0.6413) (0.1938,0.9751) (0.3183,1.7206)","LG+I{0.0000}+R4{0.1705,0.3509,0.3174,0.6413,0.1938,0.9751,0.3183,1.7206}"
HVO_1058,LG+I+R4,0.0000,,"(0.1705,0.3509) (0.3174,0.6413) (0.1938,0.9751) (0.3183,1.7206)","LG+I{0.0000}+R4{0.1705,0.3509,0.3174,0.6413,0.1938,0.9751,0.3183,1.7206}"
HVO_1058,LG+I+R4,0.0000,,"(0.1705,0.3509) (0.3174,0.6413) (0.1938,0.9751) (0.3183,1.7206)","LG+I{0.0000}+R4{0.1705,0.3509,0.3174,0.6413,0.1938,0.9751,0.3183,1.7206}"
HVO_0990,LG+I+R4,0.0000,,"(0.1705,0.3509) (0.3174,0.6413) (0.1938,0.9751) (0.3183,1.7206)","LG+I{0.0000}+R4{0.1705,0.3509,0.3174,0.6413,0.1938,0.9751,0.3183,1.7206}"
HVO_1885,LG+I+R4,0.0000,,"(0.1705,0.3509) (0.3174,0.6413) (0.1938,0.9751) (0.3183,1.7206)","LG+I{0.0000}+R4{0.1705,0.3509,0.3174,0.6413,0.1938,0.9751,0.3183,1.7206}"
HVO_1137,LG+I+R4,0.0000,,"(0.1705,0.3509) (0.3174,0.6413) (0.1938,0.9751) (0.3183,1.7206)","LG+I{0.0000}+R4{0.1705,0.3509,0.3174,0.6413,0.1938,0.9751,0.3183,1.7206}"
HVO_1137,LG+I+R4,0.0000,,"(0.1705,0.3509) (0.3174,0.6413) (0.1938,0.9751) (0.3183,1.7206)","LG+I{0.0000}+R4{0.1705,0.3509,0.3174,0.6413,0.1938,0.9751,0.3183,1.7206}"
HVO_1055,LG+I+R4,0.0000,,"(0.1705,0.3509) (0.3174,0.6413) (0.1938,0.9751) (0.3183,1.7206)","LG+I{0.0000}+R4{0.1705,0.3509,0.3174,0.6413,0.1938,0.9751,0.3183,1.7206}"
HVO_0756,LG+I+G4,0.0069,2.4352,,LG+I{0.0069}+G4{2.4352}
HVO_0073,LG+I+G4,0.0069,2.4352,,LG+I{0.0069}+G4{2.4352}
HVO_0990,LG+I+G4,0.0069,2.4352,,LG+I{0.0069}+G4{2.4352}
HVO_0206,LG+I+G4,0.0069,2.4352,,LG+I{0.0069}+G4{2.4352}
HVO_2573,LG+I+G4,0.0187,1.3776,,LG+I{0.0187}+G4{1.3776}
HVO_1495,LG+I+R4,0.0000,,"(0.0497,0.1037) (0.2119,0.4281) (0.3718,0.8551) (0.3667,1.5988)","LG+I{0.0000}+R4{0.0497,0.1037,0.2119,0.4281,0.3718,0.8551,0.3667,1.5988}"
HVO_2104,LG+I+R4,0.0000,,"(0.0497,0.1037) (0.2119,0.4281) (0.3718,0.8551) (0.3667,1.5988)","LG+I{0.0000}+R4{0.0497,0.1037,0.2119,0.4281,0.3718,0.8551,0.3667,1.5988}"
HVO_0830,LG+I+R4,0.0000,,"(0.0417,0.1657) (0.3118,0.5402) (0.3662,0.9549) (0.2803,1.6945)","LG+I{0.0000}+R4{0.0417,0.1657,0.3118,0.5402,0.3662,0.9549,0.2803,1.6945}"
HVO_A0090,LG+F+I+R4,0.0059,,"(0.0369,0.1987) (0.2134,0.4883) (0.3780,0.8451) (0.3658,1.5556)","LG+F+I{0.0059}+R4{0.0369,0.1987,0.2134,0.4883,0.3780,0.8451,0.3658,1.5556}"
HVO_2402,LG+I+G4,0.0653,1.2953,,LG+I{0.0653}+G4{1.2953}
HVO_1975,LG+F+I+G4,0.0057,1.5017,,LG+F+I{0.0057}+G4{1.5017}
HVO_1976,LG+F+I+G4,0.0057,1.5017,,LG+F+I{0.0057}+G4{1.5017}
HVO_2700,LG+I+R4,0.0000,,"(0.0572,0.1600) (0.3422,0.4823) (0.3771,1.0388) (0.2236,1.9417)","LG+I{0.0000}+R4{0.0572,0.1600,0.3422,0.4823,0.3771,1.0388,0.2236,1.9417}"
HVO_1327,LG+I+R4,0.0000,,"(0.0572,0.1600) (0.3422,0.4823) (0.3771,1.0388) (0.2236,1.9417)","LG+I{0.0000}+R4{0.0572,0.1600,0.3422,0.4823,0.3771,1.0388,0.2236,1.9417}"
HVO_2380,LG+I+R4,0.0000,,"(0.0572,0.1600) (0.3422,0.4823) (0.3771,1.0388) (0.2236,1.9417)","LG+I{0.0000}+R4{0.0572,0.1600,0.3422,0.4823,0.3771,1.0388,0.2236,1.9417}"
HVO_2418,LG+I+R4,0.0073,,"(0.1467,0.2971) (0.3909,0.8071) (0.3935,1.2773) (0.0617,2.2424)","LG+I{0.0073}+R4{0.1467,0.2971,0.3909,0.8071,0.3935,1.2773,0.0617,2.2424}"
HVO_0724,LG+I+G4,0.0488,1.8819,,LG+I{0.0488}+G4{1.8819}
HVO_0724,LG+I+G4,0.0488,1.8819,,LG+I{0.0488}+G4{1.8819}
HVO_2977,LG+I+G4,0.0488,1.8819,,LG+I{0.0488}+G4{1.8819}
HVO_1921,LG+F+I+R4,0.0000,,"(0.0406,0.0603) (0.2012,0.3398) (0.3313,0.8263) (0.4268,1.5356)","LG+F+I{0.0000}+R4{0.0406,0.0603,0.2012,0.3398,0.3313,0.8263,0.4268,1.5356}"
HVO_1062,LG+I+G4,0.0000,1.6066,,LG+I{0.0000}+G4{1.6066}
HVO_1683,LG+F+I+R4,0.0097,,"(0.0820,0.0854) (0.2106,0.3552) (0.2712,0.8122) (0.4265,1.6364)","LG+F+I{0.0097}+R4{0.0820,0.0854,0.2106,0.3552,0.2712,0.8122,0.4265,1.6364}"
HVO_A0326,LG+I+G4,0.0040,1.3632,,LG+I{0.0040}+G4{1.3632}
HVO_0689,LG+F+I+R4,0.0081,,"(0.0468,0.0346) (0.1505,0.1294) (0.2569,0.3726) (0.5376,1.6427)","LG+F+I{0.0081}+R4{0.0468,0.0346,0.1505,0.1294,0.2569,0.3726,0.5376,1.6427}"
HVO_0929,LG+I+G4,0.0789,2.5428,,LG+I{0.0789}+G4{2.5428}
HVO_B0243,LG+I+R4,0.0113,,"(0.0749,0.0562) (0.1464,0.3005) (0.3359,0.6189) (0.4314,1.7244)","LG+I{0.0113}+R4{0.0749,0.0562,0.1464,0.3005,0.3359,0.6189,0.4314,1.7244}"
HVO_2979,LG+I+R4,0.0113,,"(0.0749,0.0562) (0.1464,0.3005) (0.3359,0.6189) (0.4314,1.7244)","LG+I{0.0113}+R4{0.0749,0.0562,0.1464,0.3005,0.3359,0.6189,0.4314,1.7244}"
HVO_0150,LG+I+R4,0.0113,,"(0.0749,0.0562) (0.1464,0.3005) (0.3359,0.6189) (0.4314,1.7244)","LG+I{0.0113}+R4{0.0749,0.0562,0.1464,0.3005,0.3359,0.6189,0.4314,1.7244}"
HVO_2598,LG+I+R4,0.0000,,"(0.1666,0.1868) (0.3511,0.5079) (0.1739,1.0320) (0.3083,1.9817)","LG+I{0.0000}+R4{0.1666,0.1868,0.3511,0.5079,0.1739,1.0320,0.3083,1.9817}"
HVO_1650,LG+I+R4,0.0000,,"(0.1666,0.1868) (0.3511,0.5079) (0.1739,1.0320) (0.3083,1.9817)","LG+I{0.0000}+R4{0.1666,0.1868,0.3511,0.5079,0.1739,1.0320,0.3083,1.9817}"
HVO_1530,LG+F+I+G4,0.0000,1.9770,,LG+F+I{0.0000}+G4{1.9770}
HVO_B0154,LG+I+R4,0.0000,,"(0.0867,0.2004) (0.2084,0.4736) (0.3091,0.8378) (0.3958,1.5790)","LG+I{0.0000}+R4{0.0867,0.2004,0.2084,0.4736,0.3091,0.8378,0.3958,1.5790}"
HVO_B0175,LG+I+R4,0.0000,,"(0.0867,0.2004) (0.2084,0.4736) (0.3091,0.8378) (0.3958,1.5790)","LG+I{0.0000}+R4{0.0867,0.2004,0.2084,0.4736,0.3091,0.8378,0.3958,1.5790}"
HVO_B0273,LG+I+R4,0.0000,,"(0.0867,0.2004) (0.2084,0.4736) (0.3091,0.8378) (0.3958,1.5790)","LG+I{0.0000}+R4{0.0867,0.2004,0.2084,0.4736,0.3091,0.8378,0.3958,1.5790}"
HVO_B0143,LG+I+R4,0.0000,,"(0.0867,0.2004) (0.2084,0.4736) (0.3091,0.8378) (0.3958,1.5790)","LG+I{0.0000}+R4{0.0867,0.2004,0.2084,0.4736,0.3091,0.8378,0.3958,1.5790}"
HVO_B0196,LG+I+R4,0.0000,,"(0.0867,0.2004) (0.2084,0.4736) (0.3091,0.8378) (0.3958,1.5790)","LG+I{0.0000}+R4{0.0867,0.2004,0.2084,0.4736,0.3091,0.8378,0.3958,1.5790}"
HVO_A0550,LG+I+R4,0.0000,,"(0.0867,0.2004) (0.2084,0.4736) (0.3091,0.8378) (0.3958,1.5790)","LG+I{0.0000}+R4{0.0867,0.2004,0.2084,0.4736,0.3091,0.8378,0.3958,1.5790}"
HVO_A0629,LG+I+R4,0.0000,,"(0.0867,0.2004) (0.2084,0.4736) (0.3091,0.8378) (0.3958,1.5790)","LG+I{0.0000}+R4{0.0867,0.2004,0.2084,0.4736,0.3091,0.8378,0.3958,1.5790}"
HVO_A0160,LG+I+R4,0.0000,,"(0.0867,0.2004) (0.2084,0.4736) (0.3091,0.8378) (0.3958,1.5790)","LG+I{0.0000}+R4{0.0867,0.2004,0.2084,0.4736,0.3091,0.8378,0.3958,1.5790}"
HVO_1223,LG+I+R4,0.0000,,"(0.0867,0.2004) (0.2084,0.4736) (0.3091,0.8378) (0.3958,1.5790)","LG+I{0.0000}+R4{0.0867,0.2004,0.2084,0.4736,0.3091,0.8378,0.3958,1.5790}"
HVO_0570,LG+I+R4,0.0000,,"(0.0867,0.2004) (0.2084,0.4736) (0.3091,0.8378) (0.3958,1.5790)","LG+I{0.0000}+R4{0.0867,0.2004,0.2084,0.4736,0.3091,0.8378,0.3958,1.5790}"
HVO_1414,LG+I+R4,0.0000,,"(0.0867,0.2004) (0.2084,0.4736) (0.3091,0.8378) (0.3958,1.5790)","LG+I{0.0000}+R4{0.0867,0.2004,0.2084,0.4736,0.3091,0.8378,0.3958,1.5790}"
HVO_2840,LG+I+R4,0.0000,,"(0.0867,0.2004) (0.2084,0.4736) (0.3091,0.8378) (0.3958,1.5790)","LG+I{0.0000}+R4{0.0867,0.2004,0.2084,0.4736,0.3091,0.8378,0.3958,1.5790}"
HVO_1959,LG+I+R4,0.0000,,"(0.0867,0.2004) (0.2084,0.4736) (0.3091,0.8378) (0.3958,1.5790)","LG+I{0.0000}+R4{0.0867,0.2004,0.2084,0.4736,0.3091,0.8378,0.3958,1.5790}"
HVO_2086,LG+I+R4,0.0000,,"(0.0867,0.2004) (0.2084,0.4736) (0.3091,0.8378) (0.3958,1.5790)","LG+I{0.0000}+R4{0.0867,0.2004,0.2084,0.4736,0.3091,0.8378,0.3958,1.5790}"
HVO_1713,LG+I+R4,0.0000,,"(0.0867,0.2004) (0.2084,0.4736) (0.3091,0.8378) (0.3958,1.5790)","LG+I{0.0000}+R4{0.0867,0.2004,0.2084,0.4736,0.3091,0.8378,0.3958,1.5790}"
HVO_0621,LG+I+R4,0.0000,,"(0.0867,0.2004) (0.2084,0.4736) (0.3091,0.8378) (0.3958,1.5790)","LG+I{0.0000}+R4{0.0867,0.2004,0.2084,0.4736,0.3091,0.8378,0.3958,1.5790}"
HVO_2835,LG+I+R4,0.0000,,"(0.0867,0.2004) (0.2084,0.4736) (0.3091,0.8378) (0.3958,1.5790)","LG+I{0.0000}+R4{0.0867,0.2004,0.2084,0.4736,0.3091,0.8378,0.3958,1.5790}"
HVO_1356,LG+I+R4,0.0000,,"(0.0867,0.2004) (0.2084,0.4736) (0.3091,0.8378) (0.3958,1.5790)","LG+I{0.0000}+R4{0.0867,0.2004,0.2084,0.4736,0.3091,0.8378,0.3958,1.5790}"
HVO_2660,LG+I+R4,0.0000,,"(0.0867,0.2004) (0.2084,0.4736) (0.3091,0.8378) (0.3958,1.5790)","LG+I{0.0000}+R4{0.0867,0.2004,0.2084,0.4736,0.3091,0.8378,0.3958,1.5790}"
HVO_0204,LG+I+R4,0.0000,,"(0.0867,0.2004) (0.2084,0.4736) (0.3091,0.8378) (0.3958,1.5790)","LG+I{0.0000}+R4{0.0867,0.2004,0.2084,0.4736,0.3091,0.8378,0.3958,1.5790}"
HVO_0301,LG+I+R4,0.0000,,"(0.0867,0.2004) (0.2084,0.4736) (0.3091,0.8378) (0.3958,1.5790)","LG+I{0.0000}+R4{0.0867,0.2004,0.2084,0.4736,0.3091,0.8378,0.3958,1.5790}"
HVO_2339,LG+I+R4,0.0000,,"(0.0867,0.2004) (0.2084,0.4736) (0.3091,0.8378) (0.3958,1.5790)","LG+I{0.0000}+R4{0.0867,0.2004,0.2084,0.4736,0.3091,0.8378,0.3958,1.5790}"
HVO_1811,LG+I+R4,0.0000,,"(0.0867,0.2004) (0.2084,0.4736) (0.3091,0.8378) (0.3958,1.5790)","LG+I{0.0000}+R4{0.0867,0.2004,0.2084,0.4736,0.3091,0.8378,0.3958,1.5790}"
HVO_0110,LG+I+R4,0.0000,,"(0.0867,0.2004) (0.2084,0.4736) (0.3091,0.8378) (0.3958,1.5790)","LG+I{0.0000}+R4{0.0867,0.2004,0.2084,0.4736,0.3091,0.8378,0.3958,1.5790}"
HVO_2030,LG+I+R4,0.0000,,"(0.0867,0.2004) (0.2084,0.4736) (0.3091,0.8378) (0.3958,1.5790)","LG+I{0.0000}+R4{0.0867,0.2004,0.2084,0.4736,0.3091,0.8378,0.3958,1.5790}"
HVO_1298,LG+I+R4,0.0000,,"(0.0867,0.2004) (0.2084,0.4736) (0.3091,0.8378) (0.3958,1.5790)","LG+I{0.0000}+R4{0.0867,0.2004,0.2084,0.4736,0.3091,0.8378,0.3958,1.5790}"
HVO_1201,LG+I+R4,0.0000,,"(0.0867,0.2004) (0.2084,0.4736) (0.3091,0.8378) (0.3958,1.5790)","LG+I{0.0000}+R4{0.0867,0.2004,0.2084,0.4736,0.3091,0.8378,0.3958,1.5790}"
HVO_0632,LG+I+R4,0.0000,,"(0.0867,0.2004) (0.2084,0.4736) (0.3091,0.8378) (0.3958,1.5790)","LG+I{0.0000}+R4{0.0867,0.2004,0.2084,0.4736,0.3091,0.8378,0.3958,1.5790}"
HVO_2196,LG+I+R4,0.0000,,"(0.0867,0.2004) (0.2084,0.4736) (0.3091,0.8378) (0.3958,1.5790)","LG+I{0.0000}+R4{0.0867,0.2004,0.2084,0.4736,0.3091,0.8378,0.3958,1.5790}"
HVO_1456,LG+I+R4,0.0000,,"(0.0867,0.2004) (0.2084,0.4736) (0.3091,0.8378) (0.3958,1.5790)","LG+I{0.0000}+R4{0.0867,0.2004,0.2084,0.4736,0.3091,0.8378,0.3958,1.5790}"
HVO_1572,LG+I+R4,0.0000,,"(0.0867,0.2004) (0.2084,0.4736) (0.3091,0.8378) (0.3958,1.5790)","LG+I{0.0000}+R4{0.0867,0.2004,0.2084,0.4736,0.3091,0.8378,0.3958,1.5790}"
HVO_1571,LG+I+R4,0.0000,,"(0.0867,0.2004) (0.2084,0.4736) (0.3091,0.8378) (0.3958,1.5790)","LG+I{0.0000}+R4{0.0867,0.2004,0.2084,0.4736,0.3091,0.8378,0.3958,1.5790}"
HVO_1397,LG+I+R4,0.0000,,"(0.0867,0.2004) (0.2084,0.4736) (0.3091,0.8378) (0.3958,1.5790)","LG+I{0.0000}+R4{0.0867,0.2004,0.2084,0.4736,0.3091,0.8378,0.3958,1.5790}"
HVO_1318,LG+F+I+R4,0.0077,,"(0.0498,0.0708) (0.1793,0.3630) (0.3386,0.7413) (0.4246,1.6023)","LG+F+I{0.0077}+R4{0.0498,0.0708,0.1793,0.3630,0.3386,0.7413,0.4246,1.6023}"
HVO_2625,LG+I+G4,0.0621,1.5999,,LG+I{0.0621}+G4{1.5999}
HVO_1878,LG+I+G4,0.0621,1.5999,,LG+I{0.0621}+G4{1.5999}
HVO_2976,LG+F+I+R4,0.0115,,"(0.1786,0.1071) (0.3462,0.4604) (0.3253,1.1350) (0.1384,3.2677)","LG+F+I{0.0115}+R4{0.1786,0.1071,0.3462,0.4604,0.3253,1.1350,0.1384,3.2677}"
HVO_2976,LG+F+I+R4,0.0115,,"(0.1786,0.1071) (0.3462,0.4604) (0.3253,1.1350) (0.1384,3.2677)","LG+F+I{0.0115}+R4{0.1786,0.1071,0.3462,0.4604,0.3253,1.1350,0.1384,3.2677}"
HVO_0068,LG+I+R4,0.0021,,"(0.0397,0.0576) (0.2794,0.3846) (0.3013,0.8271) (0.3776,1.6979)","LG+I{0.0021}+R4{0.0397,0.0576,0.2794,0.3846,0.3013,0.8271,0.3776,1.6979}"
HVO_A0488,LG+I+R4,0.0119,,"(0.1427,0.1017) (0.2214,0.4425) (0.3217,0.9817) (0.3023,1.8911)","LG+I{0.0119}+R4{0.1427,0.1017,0.2214,0.4425,0.3217,0.9817,0.3023,1.8911}"
HVO_1551,LG+I+R4,0.0000,,"(0.1690,0.1165) (0.1874,0.4517) (0.3396,0.9875) (0.3041,1.8429)","LG+I{0.0000}+R4{0.1690,0.1165,0.1874,0.4517,0.3396,0.9875,0.3041,1.8429}"
HVO_2668,LG+I+R4,0.0000,,"(0.1130,0.1301) (0.2907,0.4234) (0.2466,0.9905) (0.3498,1.7669)","LG+I{0.0000}+R4{0.1130,0.1301,0.2907,0.4234,0.2466,0.9905,0.3498,1.7669}"
HVO_A0555,LG+I+G4,0.0018,2.3157,,LG+I{0.0018}+G4{2.3157}
HVO_1692,LG+I+G4,0.0018,2.3157,,LG+I{0.0018}+G4{2.3157}
HVO_1693,LG+I+G4,0.0018,2.3157,,LG+I{0.0018}+G4{2.3157}
HVO_2619,LG+I+R4,0.0105,,"(0.0974,0.1674) (0.2179,0.4203) (0.2716,0.9465) (0.4025,1.5775)","LG+I{0.0105}+R4{0.0974,0.1674,0.2179,0.4203,0.2716,0.9465,0.4025,1.5775}"
HVO_2177,LG+I+R4,0.0105,,"(0.0974,0.1674) (0.2179,0.4203) (0.2716,0.9465) (0.4025,1.5775)","LG+I{0.0105}+R4{0.0974,0.1674,0.2179,0.4203,0.2716,0.9465,0.4025,1.5775}"
HVO_B0311,LG+I+R4,0.0000,,"(0.1257,0.1763) (0.2604,0.3971) (0.2173,0.9277) (0.3966,1.6966)","LG+I{0.0000}+R4{0.1257,0.1763,0.2604,0.3971,0.2173,0.9277,0.3966,1.6966}"
HVO_2464,LG+I+G4,0.0093,2.4997,,LG+I{0.0093}+G4{2.4997}
HVO_2893,LG+I+G4,0.0000,3.9029,,LG+I{0.0000}+G4{3.9029}
HVO_0684,LG+F+I+R4,0.0000,,"(0.0515,0.1715) (0.3221,0.4918) (0.3457,1.0327) (0.2807,1.6950)","LG+F+I{0.0000}+R4{0.0515,0.1715,0.3221,0.4918,0.3457,1.0327,0.2807,1.6950}"
HVO_2902,LG+F+I+R4,0.0000,,"(0.0515,0.1715) (0.3221,0.4918) (0.3457,1.0327) (0.2807,1.6950)","LG+F+I{0.0000}+R4{0.0515,0.1715,0.3221,0.4918,0.3457,1.0327,0.2807,1.6950}"
HVO_2084,LG+F+I+G4,0.0068,4.3054,,LG+F+I{0.0068}+G4{4.3054}
HVO_2164,LG+F+I+G4,0.0068,4.3054,,LG+F+I{0.0068}+G4{4.3054}
HVO_2165,LG+F+I+G4,0.0068,4.3054,,LG+F+I{0.0068}+G4{4.3054}
HVO_0041,LG+I+R4,0.0000,,"(0.1077,0.0434) (0.1579,0.3093) (0.4199,0.7487) (0.3145,2.0096)","LG+I{0.0000}+R4{0.1077,0.0434,0.1579,0.3093,0.4199,0.7487,0.3145,2.0096}"
HVO_1454,LG+I+R4,0.0000,,"(0.1077,0.0434) (0.1579,0.3093) (0.4199,0.7487) (0.3145,2.0096)","LG+I{0.0000}+R4{0.1077,0.0434,0.1579,0.3093,0.4199,0.7487,0.3145,2.0096}"
HVO_B0256,LG+I+R4,0.0000,,"(0.1176,0.1507) (0.2693,0.5287) (0.3048,0.9772) (0.3083,1.7583)","LG+I{0.0000}+R4{0.1176,0.1507,0.2693,0.5287,0.3048,0.9772,0.3083,1.7583}"
HVO_B0244,LG+I+R4,0.0000,,"(0.1176,0.1507) (0.2693,0.5287) (0.3048,0.9772) (0.3083,1.7583)","LG+I{0.0000}+R4{0.1176,0.1507,0.2693,0.5287,0.3048,0.9772,0.3083,1.7583}"
HVO_2183,LG+I+R4,0.0000,,"(0.1176,0.1507) (0.2693,0.5287) (0.3048,0.9772) (0.3083,1.7583)","LG+I{0.0000}+R4{0.1176,0.1507,0.2693,0.5287,0.3048,0.9772,0.3083,1.7583}"
HVO_1734A,LG+I+R4,0.0000,,"(0.0657,0.2207) (0.1488,0.4466) (0.3901,0.8395) (0.3955,1.4958)","LG+I{0.0000}+R4{0.0657,0.2207,0.1488,0.4466,0.3901,0.8395,0.3955,1.4958}"
HVO_3010,LG+I+R4,0.0000,,"(0.0657,0.2207) (0.1488,0.4466) (0.3901,0.8395) (0.3955,1.4958)","LG+I{0.0000}+R4{0.0657,0.2207,0.1488,0.4466,0.3901,0.8395,0.3955,1.4958}"
HVO_A0097,LG+I+R4,0.0263,,"(0.0667,0.0785) (0.1459,0.3160) (0.3807,0.8283) (0.3805,1.6647)","LG+I{0.0263}+R4{0.0667,0.0785,0.1459,0.3160,0.3807,0.8283,0.3805,1.6647}"
HVO_A0524,LG+I+R4,0.0263,,"(0.0667,0.0785) (0.1459,0.3160) (0.3807,0.8283) (0.3805,1.6647)","LG+I{0.0263}+R4{0.0667,0.0785,0.1459,0.3160,0.3807,0.8283,0.3805,1.6647}"
HVO_1444,LG+I+R4,0.0263,,"(0.0667,0.0785) (0.1459,0.3160) (0.3807,0.8283) (0.3805,1.6647)","LG+I{0.0263}+R4{0.0667,0.0785,0.1459,0.3160,0.3807,0.8283,0.3805,1.6647}"
HVO_2815,LG+I+R4,0.0263,,"(0.0667,0.0785) (0.1459,0.3160) (0.3807,0.8283) (0.3805,1.6647)","LG+I{0.0263}+R4{0.0667,0.0785,0.1459,0.3160,0.3807,0.8283,0.3805,1.6647}"
HVO_B0309,LG+F+I+R4,0.0079,,"(0.1014,0.1376) (0.2664,0.5526) (0.3913,1.0401) (0.2330,1.8534)","LG+F+I{0.0079}+R4{0.1014,0.1376,0.2664,0.5526,0.3913,1.0401,0.2330,1.8534}"
HVO_0819,LG+I+R4,0.0000,,"(0.1519,0.1477) (0.3473,0.4555) (0.2753,1.1367) (0.2255,2.2456)","LG+I{0.0000}+R4{0.1519,0.1477,0.3473,0.4555,0.2753,1.1367,0.2255,2.2456}"
HVO_0863,LG+I+R4,0.0000,,"(0.1519,0.1477) (0.3473,0.4555) (0.2753,1.1367) (0.2255,2.2456)","LG+I{0.0000}+R4{0.1519,0.1477,0.3473,0.4555,0.2753,1.1367,0.2255,2.2456}"
HVO_0969,LG+F+I+G4,0.0000,3.1453,,LG+F+I{0.0000}+G4{3.1453}
HVO_B0345,LG+I+G4,0.0473,4.2936,,LG+I{0.0473}+G4{4.2936}
HVO_B0038A,LG+I+G4,0.0473,4.2936,,LG+I{0.0473}+G4{4.2936}
HVO_B0087,LG+I+G4,0.0473,4.2936,,LG+I{0.0473}+G4{4.2936}
HVO_B0111,LG+I+G4,0.0473,4.2936,,LG+I{0.0473}+G4{4.2936}
HVO_B0346,LG+I+G4,0.0473,4.2936,,LG+I{0.0473}+G4{4.2936}
HVO_A0267,LG+I+G4,0.0473,4.2936,,LG+I{0.0473}+G4{4.2936}
HVO_A0287,LG+I+G4,0.0473,4.2936,,LG+I{0.0473}+G4{4.2936}
HVO_A0331,LG+I+G4,0.0473,4.2936,,LG+I{0.0473}+G4{4.2936}
HVO_A0429A,LG+I+G4,0.0473,4.2936,,LG+I{0.0473}+G4{4.2936}
HVO_2638,LG+I+G4,0.0473,4.2936,,LG+I{0.0473}+G4{4.2936}
HVO_1488,LG+I+G4,0.0473,4.2936,,LG+I{0.0473}+G4{4.2936}
HVO_0175,LG+I,0.0560,,,LG+I{0.0560}
HVO_1455,LG+I+G4,0.0909,1.4455,,LG+I{0.0909}+G4{1.4455}
HVO_1804,LG+I+R4,0.0000,,"(0.1118,0.0950) (0.3216,0.4904) (0.2407,1.0346) (0.3259,1.7876)","LG+I{0.0000}+R4{0.1118,0.0950,0.3216,0.4904,0.2407,1.0346,0.3259,1.7876}"
HVO_2579,LG+I+R4,0.0000,,"(0.1118,0.0950) (0.3216,0.4904) (0.2407,1.0346) (0.3259,1.7876)","LG+I{0.0000}+R4{0.1118,0.0950,0.3216,0.4904,0.2407,1.0346,0.3259,1.7876}"
HVO_B0203,LG+I+R4,0.0268,,"(0.0218,0.0455) (0.2541,0.4968) (0.4454,1.0159) (0.2520,1.6682)","LG+I{0.0268}+R4{0.0218,0.0455,0.2541,0.4968,0.4454,1.0159,0.2520,1.6682}"
HVO_B0265,LG+I+R4,0.0268,,"(0.0218,0.0455) (0.2541,0.4968) (0.4454,1.0159) (0.2520,1.6682)","LG+I{0.0268}+R4{0.0218,0.0455,0.2541,0.4968,0.4454,1.0159,0.2520,1.6682}"
HVO_A0088,LG+I+R4,0.0268,,"(0.0218,0.0455) (0.2541,0.4968) (0.4454,1.0159) (0.2520,1.6682)","LG+I{0.0268}+R4{0.0218,0.0455,0.2541,0.4968,0.4454,1.0159,0.2520,1.6682}"
HVO_A0271,LG+I+R4,0.0268,,"(0.0218,0.0455) (0.2541,0.4968) (0.4454,1.0159) (0.2520,1.6682)","LG+I{0.0268}+R4{0.0218,0.0455,0.2541,0.4968,0.4454,1.0159,0.2520,1.6682}"
HVO_A0271,LG+I+R4,0.0268,,"(0.0218,0.0455) (0.2541,0.4968) (0.4454,1.0159) (0.2520,1.6682)","LG+I{0.0268}+R4{0.0218,0.0455,0.2541,0.4968,0.4454,1.0159,0.2520,1.6682}"
HVO_0215,LG+I+R4,0.0268,,"(0.0218,0.0455) (0.2541,0.4968) (0.4454,1.0159) (0.2520,1.6682)","LG+I{0.0268}+R4{0.0218,0.0455,0.2541,0.4968,0.4454,1.0159,0.2520,1.6682}"
HVO_0215,LG+I+R4,0.0268,,"(0.0218,0.0455) (0.2541,0.4968) (0.4454,1.0159) (0.2520,1.6682)","LG+I{0.0268}+R4{0.0218,0.0455,0.2541,0.4968,0.4454,1.0159,0.2520,1.6682}"
HVO_1697,LG+I+R4,0.0268,,"(0.0218,0.0455) (0.2541,0.4968) (0.4454,1.0159) (0.2520,1.6682)","LG+I{0.0268}+R4{0.0218,0.0455,0.2541,0.4968,0.4454,1.0159,0.2520,1.6682}"
HVO_1540,LG+I+R4,0.0268,,"(0.0218,0.0455) (0.2541,0.4968) (0.4454,1.0159) (0.2520,1.6682)","LG+I{0.0268}+R4{0.0218,0.0455,0.2541,0.4968,0.4454,1.0159,0.2520,1.6682}"
HVO_1540,LG+I+R4,0.0268,,"(0.0218,0.0455) (0.2541,0.4968) (0.4454,1.0159) (0.2520,1.6682)","LG+I{0.0268}+R4{0.0218,0.0455,0.2541,0.4968,0.4454,1.0159,0.2520,1.6682}"
HVO_2670,LG+I+R4,0.0268,,"(0.0218,0.0455) (0.2541,0.4968) (0.4454,1.0159) (0.2520,1.6682)","LG+I{0.0268}+R4{0.0218,0.0455,0.2541,0.4968,0.4454,1.0159,0.2520,1.6682}"
HVO_A0486,LG+I+R4,0.0000,,"(0.0457,0.1209) (0.2049,0.3900) (0.3452,0.7741) (0.4042,1.6016)","LG+I{0.0000}+R4{0.0457,0.1209,0.2049,0.3900,0.3452,0.7741,0.4042,1.6016}"
HVO_2502,LG+I+R4,0.0000,,"(0.0457,0.1209) (0.2049,0.3900) (0.3452,0.7741) (0.4042,1.6016)","LG+I{0.0000}+R4{0.0457,0.1209,0.2049,0.3900,0.3452,0.7741,0.4042,1.6016}"
HVO_1557,LG+I+R4,0.0000,,"(0.0457,0.1209) (0.2049,0.3900) (0.3452,0.7741) (0.4042,1.6016)","LG+I{0.0000}+R4{0.0457,0.1209,0.2049,0.3900,0.3452,0.7741,0.4042,1.6016}"
HVO_1861,LG+I+R4,0.0000,,"(0.0457,0.1209) (0.2049,0.3900) (0.3452,0.7741) (0.4042,1.6016)","LG+I{0.0000}+R4{0.0457,0.1209,0.2049,0.3900,0.3452,0.7741,0.4042,1.6016}"
HVO_1048,LG+I+R4,0.0000,,"(0.0457,0.1209) (0.2049,0.3900) (0.3452,0.7741) (0.4042,1.6016)","LG+I{0.0000}+R4{0.0457,0.1209,0.2049,0.3900,0.3452,0.7741,0.4042,1.6016}"
HVO_1048,LG+I+R4,0.0000,,"(0.0457,0.1209) (0.2049,0.3900) (0.3452,0.7741) (0.4042,1.6016)","LG+I{0.0000}+R4{0.0457,0.1209,0.2049,0.3900,0.3452,0.7741,0.4042,1.6016}"
HVO_A0096,LG+I+G4,0.0082,2.0455,,LG+I{0.0082}+G4{2.0455}
HVO_A0092,LG+I+G4,0.0082,2.0455,,LG+I{0.0082}+G4{2.0455}
HVO_1140,LG+I+G4,0.0082,2.0455,,LG+I{0.0082}+G4{2.0455}
HVO_0209,LG+I+G4,0.0082,2.0455,,LG+I{0.0082}+G4{2.0455}
HVO_2716,LG+I+G4,0.0082,2.0455,,LG+I{0.0082}+G4{2.0455}
HVO_1373,LG+I+G4,0.0082,2.0455,,LG+I{0.0082}+G4{2.0455}
HVO_1199,LG+I+G4,0.0082,2.0455,,LG+I{0.0082}+G4{2.0455}
HVO_A0096,LG+F+I+G4,0.0000,2.4653,,LG+F+I{0.0000}+G4{2.4653}
HVO_A0092,LG+F+I+G4,0.0000,2.4653,,LG+F+I{0.0000}+G4{2.4653}
HVO_1140,LG+F+I+G4,0.0000,2.4653,,LG+F+I{0.0000}+G4{2.4653}
HVO_0209,LG+F+I+G4,0.0000,2.4653,,LG+F+I{0.0000}+G4{2.4653}
HVO_2716,LG+F+I+G4,0.0000,2.4653,,LG+F+I{0.0000}+G4{2.4653}
HVO_1373,LG+F+I+G4,0.0000,2.4653,,LG+F+I{0.0000}+G4{2.4653}
HVO_1199,LG+F+I+G4,0.0000,2.4653,,LG+F+I{0.0000}+G4{2.4653}
HVO_2487,LG+I+G4,0.0074,1.9701,,LG+I{0.0074}+G4{1.9701}
HVO_A0529,LG+I+G4,0.0000,1.6057,,LG+I{0.0000}+G4{1.6057}
HVO_0887,LG+I+G4,0.0000,1.6057,,LG+I{0.0000}+G4{1.6057}
HVO_1469,LG+I+G4,0.0000,1.6057,,LG+I{0.0000}+G4{1.6057}
HVO_1508,LG+I+G4,0.0000,1.6057,,LG+I{0.0000}+G4{1.6057}
HVO_1304,LG+I+G4,0.0000,1.6057,,LG+I{0.0000}+G4{1.6057}
HVO_A0529,LG+F+I+G4,0.0000,1.8693,,LG+F+I{0.0000}+G4{1.8693}
HVO_1469,LG+F+I+G4,0.0000,1.8693,,LG+F+I{0.0000}+G4{1.8693}
HVO_1508,LG+F+I+G4,0.0000,1.8693,,LG+F+I{0.0000}+G4{1.8693}
HVO_A0475,LG+I+R4,0.0000,,"(0.2078,0.1226) (0.3025,0.5076) (0.2436,1.2243) (0.2462,2.1235)","LG+I{0.0000}+R4{0.2078,0.1226,0.3025,0.5076,0.2436,1.2243,0.2462,2.1235}"
HVO_2913,LG+I+R4,0.0000,,"(0.2078,0.1226) (0.3025,0.5076) (0.2436,1.2243) (0.2462,2.1235)","LG+I{0.0000}+R4{0.2078,0.1226,0.3025,0.5076,0.2436,1.2243,0.2462,2.1235}"
HVO_2952,LG+I+G4,0.0463,2.2063,,LG+I{0.0463}+G4{2.2063}
HVO_2952,LG+I+G4,0.0463,2.2063,,LG+I{0.0463}+G4{2.2063}
HVO_2596,LG+F+I+R4,0.0031,,"(0.1219,0.1828) (0.4895,0.5561) (0.3090,1.3741) (0.0764,3.6766)","LG+F+I{0.0031}+R4{0.1219,0.1828,0.4895,0.5561,0.3090,1.3741,0.0764,3.6766}"
HVO_0668,LG+F+I+R4,0.0031,,"(0.1219,0.1828) (0.4895,0.5561) (0.3090,1.3741) (0.0764,3.6766)","LG+F+I{0.0031}+R4{0.1219,0.1828,0.4895,0.5561,0.3090,1.3741,0.0764,3.6766}"
HVO_2959,LG+F+I+R4,0.0031,,"(0.1219,0.1828) (0.4895,0.5561) (0.3090,1.3741) (0.0764,3.6766)","LG+F+I{0.0031}+R4{0.1219,0.1828,0.4895,0.5561,0.3090,1.3741,0.0764,3.6766}"
HVO_2596,LG+I+G4,0.0000,2.3113,,LG+I{0.0000}+G4{2.3113}
HVO_0668,LG+I+G4,0.0000,2.3113,,LG+I{0.0000}+G4{2.3113}
HVO_2959,LG+I+G4,0.0000,2.3113,,LG+I{0.0000}+G4{2.3113}
HVO_A0276,LG+I+R4,0.0079,,"(0.0588,0.1486) (0.4831,0.4743) (0.3571,1.0668) (0.0931,4.0953)","LG+I{0.0079}+R4{0.0588,0.1486,0.4831,0.4743,0.3571,1.0668,0.0931,4.0953}"
HVO_1541,LG+I+R4,0.0079,,"(0.0588,0.1486) (0.4831,0.4743) (0.3571,1.0668) (0.0931,4.0953)","LG+I{0.0079}+R4{0.0588,0.1486,0.4831,0.4743,0.3571,1.0668,0.0931,4.0953}"
HVO_1098,LG+I+G4,0.0415,2.2662,,LG+I{0.0415}+G4{2.2662}
HVO_2486,LG+I+G4,0.0342,1.2548,,LG+I{0.0342}+G4{1.2548}
HVO_2486,LG+I+G4,0.0220,1.3508,,LG+I{0.0220}+G4{1.3508}
HVO_2361,LG+I+G4,0.0220,1.3508,,LG+I{0.0220}+G4{1.3508}
HVO_2361,LG+I+G4,0.0220,1.3508,,LG+I{0.0220}+G4{1.3508}
HVO_2361,LG+I+R4,0.0000,,"(0.1456,0.1463) (0.2856,0.4764) (0.3106,1.0398) (0.2582,2.0129)","LG+I{0.0000}+R4{0.1456,0.1463,0.2856,0.4764,0.3106,1.0398,0.2582,2.0129}"
HVO_0970,LG+I+G4,0.0419,1.4686,,LG+I{0.0419}+G4{1.4686}
HVO_0481,LG+I+G4,0.0014,1.2430,,LG+I{0.0014}+G4{1.2430}
HVO_0478,LG+I+G4,0.0014,1.2430,,LG+I{0.0014}+G4{1.2430}
HVO_1914,LG+I+G4,0.0775,1.8048,,LG+I{0.0775}+G4{1.8048}
HVO_B0266,LG+I+G4,0.0070,1.1608,,LG+I{0.0070}+G4{1.1608}
HVO_1451,LG+I+G4,0.0070,1.1608,,LG+I{0.0070}+G4{1.1608}
HVO_1453,LG+I+G4,0.0070,1.1608,,LG+I{0.0070}+G4{1.1608}
HVO_0152,LG+I+G4,0.0000,1.3428,,LG+I{0.0000}+G4{1.3428}
HVO_1608,LG+I+G4,0.0000,2.8135,,LG+I{0.0000}+G4{2.8135}
HVO_2932,LG+I+G4,0.0000,2.8135,,LG+I{0.0000}+G4{2.8135}
HVO_1684,LG+I+G4,0.0000,2.8135,,LG+I{0.0000}+G4{2.8135}
HVO_0911,LG+I+G4,0.0000,2.8135,,LG+I{0.0000}+G4{2.8135}
HVO_B0264,LG+I+R4,0.0042,,"(0.0421,0.0554) (0.2139,0.3400) (0.3587,0.7965) (0.3811,1.6774)","LG+I{0.0042}+R4{0.0421,0.0554,0.2139,0.3400,0.3587,0.7965,0.3811,1.6774}"
HVO_2648,LG+I+R4,0.0042,,"(0.0421,0.0554) (0.2139,0.3400) (0.3587,0.7965) (0.3811,1.6774)","LG+I{0.0042}+R4{0.0421,0.0554,0.2139,0.3400,0.3587,0.7965,0.3811,1.6774}"
HVO_2968,LG+I+R4,0.0042,,"(0.0421,0.0554) (0.2139,0.3400) (0.3587,0.7965) (0.3811,1.6774)","LG+I{0.0042}+R4{0.0421,0.0554,0.2139,0.3400,0.3587,0.7965,0.3811,1.6774}"
HVO_0122,LG+I+R4,0.0042,,"(0.0421,0.0554) (0.2139,0.3400) (0.3587,0.7965) (0.3811,1.6774)","LG+I{0.0042}+R4{0.0421,0.0554,0.2139,0.3400,0.3587,0.7965,0.3811,1.6774}"
HVO_1932,LG+I+R4,0.0042,,"(0.0421,0.0554) (0.2139,0.3400) (0.3587,0.7965) (0.3811,1.6774)","LG+I{0.0042}+R4{0.0421,0.0554,0.2139,0.3400,0.3587,0.7965,0.3811,1.6774}"
HVO_1657,LG+I+R4,0.0070,,"(0.1308,0.0729) (0.1782,0.3170) (0.1830,0.7291) (0.5010,1.5980)","LG+I{0.0070}+R4{0.1308,0.0729,0.1782,0.3170,0.1830,0.7291,0.5010,1.5980}"
HVO_1657,LG+I+R4,0.0000,,"(0.1570,0.0942) (0.2481,0.4050) (0.2827,0.9839) (0.3122,1.9428)","LG+I{0.0000}+R4{0.1570,0.0942,0.2481,0.4050,0.2827,0.9839,0.3122,1.9428}"
HVO_A0618,LG+I+G4,0.0080,2.0725,,LG+I{0.0080}+G4{2.0725}
HVO_2961,LG+I+G4,0.0080,2.0725,,LG+I{0.0080}+G4{2.0725}
HVO_3007,LG+I+G4,0.0346,2.0279,,LG+I{0.0346}+G4{2.0279}
HVO_0214,LG+I+G4,0.0346,2.0279,,LG+I{0.0346}+G4{2.0279}
HVO_2683,LG+I+G4,0.0040,2.6645,,LG+I{0.0040}+G4{2.6645}
HVO_0317,LG+I+G4,0.0000,2.1952,,LG+I{0.0000}+G4{2.1952}
HVO_0316,LG+I+G4,0.0000,2.1952,,LG+I{0.0000}+G4{2.1952}
HVO_1088,LG+I+R4,0.0042,,"(0.1172,0.1443) (0.2152,0.4336) (0.2014,0.7994) (0.4620,1.5776)","LG+I{0.0042}+R4{0.1172,0.1443,0.2152,0.4336,0.2014,0.7994,0.4620,1.5776}"
HVO_A0602,LG+I+R4,0.0060,,"(0.0912,0.0957) (0.2634,0.3856) (0.2770,0.8518) (0.3625,1.8035)","LG+I{0.0060}+R4{0.0912,0.0957,0.2634,0.3856,0.2770,0.8518,0.3625,1.8035}"
HVO_0199,LG+I+R4,0.0060,,"(0.0912,0.0957) (0.2634,0.3856) (0.2770,0.8518) (0.3625,1.8035)","LG+I{0.0060}+R4{0.0912,0.0957,0.2634,0.3856,0.2770,0.8518,0.3625,1.8035}"
HVO_1402,LG+I+R4,0.0060,,"(0.0912,0.0957) (0.2634,0.3856) (0.2770,0.8518) (0.3625,1.8035)","LG+I{0.0060}+R4{0.0912,0.0957,0.2634,0.3856,0.2770,0.8518,0.3625,1.8035}"
HVO_2989,LG+I+R4,0.0060,,"(0.0912,0.0957) (0.2634,0.3856) (0.2770,0.8518) (0.3625,1.8035)","LG+I{0.0060}+R4{0.0912,0.0957,0.2634,0.3856,0.2770,0.8518,0.3625,1.8035}"
HVO_A0602,LG+I+R4,0.0000,,"(0.0395,0.0617) (0.1595,0.3382) (0.3930,0.7474) (0.4080,1.5929)","LG+I{0.0000}+R4{0.0395,0.0617,0.1595,0.3382,0.3930,0.7474,0.4080,1.5929}"
HVO_0199,LG+I+R4,0.0000,,"(0.0395,0.0617) (0.1595,0.3382) (0.3930,0.7474) (0.4080,1.5929)","LG+I{0.0000}+R4{0.0395,0.0617,0.1595,0.3382,0.3930,0.7474,0.4080,1.5929}"
HVO_1402,LG+I+R4,0.0000,,"(0.0395,0.0617) (0.1595,0.3382) (0.3930,0.7474) (0.4080,1.5929)","LG+I{0.0000}+R4{0.0395,0.0617,0.1595,0.3382,0.3930,0.7474,0.4080,1.5929}"
HVO_2989,LG+I+R4,0.0000,,"(0.0395,0.0617) (0.1595,0.3382) (0.3930,0.7474) (0.4080,1.5929)","LG+I{0.0000}+R4{0.0395,0.0617,0.1595,0.3382,0.3930,0.7474,0.4080,1.5929}"
HVO_A0602,LG+I+R4,0.0157,,"(0.1703,0.1325) (0.3033,0.5585) (0.2996,1.0809) (0.2112,2.2929)","LG+I{0.0157}+R4{0.1703,0.1325,0.3033,0.5585,0.2996,1.0809,0.2112,2.2929}"
HVO_0199,LG+I+R4,0.0157,,"(0.1703,0.1325) (0.3033,0.5585) (0.2996,1.0809) (0.2112,2.2929)","LG+I{0.0157}+R4{0.1703,0.1325,0.3033,0.5585,0.2996,1.0809,0.2112,2.2929}"
HVO_2989,LG+I+R4,0.0157,,"(0.1703,0.1325) (0.3033,0.5585) (0.2996,1.0809) (0.2112,2.2929)","LG+I{0.0157}+R4{0.1703,0.1325,0.3033,0.5585,0.2996,1.0809,0.2112,2.2929}"
HVO_0120,LG+I+R4,0.0000,,"(0.0228,0.0242) (0.2597,0.4361) (0.4847,0.9979) (0.2328,1.7291)","LG+I{0.0000}+R4{0.0228,0.0242,0.2597,0.4361,0.4847,0.9979,0.2328,1.7291}"
HVO_0123,LG+I+R4,0.0000,,"(0.0228,0.0242) (0.2597,0.4361) (0.4847,0.9979) (0.2328,1.7291)","LG+I{0.0000}+R4{0.0228,0.0242,0.2597,0.4361,0.4847,0.9979,0.2328,1.7291}"
HVO_2865,LG+I+G4,0.0405,1.1279,,LG+I{0.0405}+G4{1.1279}
HVO_2456,LG+I+R4,0.0000,,"(0.2032,0.2994) (0.3249,0.5885) (0.1795,1.0921) (0.2924,1.8877)","LG+I{0.0000}+R4{0.2032,0.2994,0.3249,0.5885,0.1795,1.0921,0.2924,1.8877}"
HVO_2226,LG+I+R4,0.0000,,"(0.2032,0.2994) (0.3249,0.5885) (0.1795,1.0921) (0.2924,1.8877)","LG+I{0.0000}+R4{0.2032,0.2994,0.3249,0.5885,0.1795,1.0921,0.2924,1.8877}"
HVO_0965,LG+I+R4,0.0000,,"(0.2032,0.2994) (0.3249,0.5885) (0.1795,1.0921) (0.2924,1.8877)","LG+I{0.0000}+R4{0.2032,0.2994,0.3249,0.5885,0.1795,1.0921,0.2924,1.8877}"
HVO_0806,LG+I+R4,0.0048,,"(0.2096,0.2828) (0.2893,0.6278) (0.2246,1.0843) (0.2718,1.8973)","LG+I{0.0048}+R4{0.2096,0.2828,0.2893,0.6278,0.2246,1.0843,0.2718,1.8973}"
HVO_1223,LG+I+G4,0.0000,1.1678,,LG+I{0.0000}+G4{1.1678}
HVO_1496,LG+I+G4,0.0587,2.0357,,LG+I{0.0587}+G4{2.0357}
HVO_0812,LG+I+G4,0.0587,2.0357,,LG+I{0.0587}+G4{2.0357}
HVO_0385,LG+I+G4,0.0000,2.1201,,LG+I{0.0000}+G4{2.1201}
HVO_1839,LG+I+G4,0.0000,2.1201,,LG+I{0.0000}+G4{2.1201}
HVO_2808,LG+I+R4,0.0057,,"(0.1095,0.0581) (0.2546,0.3961) (0.3201,0.9211) (0.3100,1.9288)","LG+I{0.0057}+R4{0.1095,0.0581,0.2546,0.3961,0.3201,0.9211,0.3100,1.9288}"
HVO_B0203,LG+F+I+R4,0.0027,,"(0.0507,0.0855) (0.1299,0.3355) (0.3439,0.7298) (0.4728,1.4828)","LG+F+I{0.0027}+R4{0.0507,0.0855,0.1299,0.3355,0.3439,0.7298,0.4728,1.4828}"
HVO_B0265,LG+F+I+R4,0.0027,,"(0.0507,0.0855) (0.1299,0.3355) (0.3439,0.7298) (0.4728,1.4828)","LG+F+I{0.0027}+R4{0.0507,0.0855,0.1299,0.3355,0.3439,0.7298,0.4728,1.4828}"
HVO_A0088,LG+F+I+R4,0.0027,,"(0.0507,0.0855) (0.1299,0.3355) (0.3439,0.7298) (0.4728,1.4828)","LG+F+I{0.0027}+R4{0.0507,0.0855,0.1299,0.3355,0.3439,0.7298,0.4728,1.4828}"
HVO_1697,LG+F+I+R4,0.0027,,"(0.0507,0.0855) (0.1299,0.3355) (0.3439,0.7298) (0.4728,1.4828)","LG+F+I{0.0027}+R4{0.0507,0.0855,0.1299,0.3355,0.3439,0.7298,0.4728,1.4828}"
HVO_2670,LG+F+I+R4,0.0027,,"(0.0507,0.0855) (0.1299,0.3355) (0.3439,0.7298) (0.4728,1.4828)","LG+F+I{0.0027}+R4{0.0507,0.0855,0.1299,0.3355,0.3439,0.7298,0.4728,1.4828}"
HVO_1651,LG+I+G4,0.0000,2.1913,,LG+I{0.0000}+G4{2.1913}
HVO_2700,LG+I+R3,0.0000,,"(0.0947,0.2516) (0.2546,0.6089) (0.6507,1.2620)","LG+I{0.0000}+R3{0.0947,0.2516,0.2546,0.6089,0.6507,1.2620}"
HVO_1327,LG+I+R3,0.0000,,"(0.0947,0.2516) (0.2546,0.6089) (0.6507,1.2620)","LG+I{0.0000}+R3{0.0947,0.2516,0.2546,0.6089,0.6507,1.2620}"
HVO_2380,LG+I+R3,0.0000,,"(0.0947,0.2516) (0.2546,0.6089) (0.6507,1.2620)","LG+I{0.0000}+R3{0.0947,0.2516,0.2546,0.6089,0.6507,1.2620}"
HVO_0684,LG+I+R4,0.0318,,"(0.1390,0.0924) (0.2282,0.3881) (0.2495,0.9110) (0.3515,1.9097)","LG+I{0.0318}+R4{0.1390,0.0924,0.2282,0.3881,0.2495,0.9110,0.3515,1.9097}"
HVO_2902,LG+I+R4,0.0318,,"(0.1390,0.0924) (0.2282,0.3881) (0.2495,0.9110) (0.3515,1.9097)","LG+I{0.0318}+R4{0.1390,0.0924,0.2282,0.3881,0.2495,0.9110,0.3515,1.9097}"
HVO_2902,LG+I+G4,0.0000,3.0440,,LG+I{0.0000}+G4{3.0440}
HVO_0123,LG+F+I+R4,0.0040,,"(0.0764,0.1012) (0.1192,0.3946) (0.2138,0.7759) (0.5866,1.3286)","LG+F+I{0.0040}+R4{0.0764,0.1012,0.1192,0.3946,0.2138,0.7759,0.5866,1.3286}"
HVO_A0520,LG+I+G4,0.0000,2.0569,,LG+I{0.0000}+G4{2.0569}
HVO_A0513,LG+I+G4,0.0000,2.0569,,LG+I{0.0000}+G4{2.0569}
HVO_1550,LG+I+G4,0.0000,2.0569,,LG+I{0.0000}+G4{2.0569}
HVO_0034,LG+I+G4,0.0000,2.0569,,LG+I{0.0000}+G4{2.0569}
HVO_1810,LG+I+G4,0.0000,2.0569,,LG+I{0.0000}+G4{2.0569}
HVO_2485,LG+I+G4,0.0122,1.9534,,LG+I{0.0122}+G4{1.9534}
HVO_2302,LG+I+R4,0.0000,,"(0.0647,0.0206) (0.1891,0.2972) (0.3718,0.7962) (0.3745,1.7265)","LG+I{0.0000}+R4{0.0647,0.0206,0.1891,0.2972,0.3718,0.7962,0.3745,1.7265}"
HVO_3000,LG+I+G4,0.0107,0.8796,,LG+I{0.0107}+G4{0.8796}
HVO_1854,LG+I+G4,0.0000,3.2668,,LG+I{0.0000}+G4{3.2668}
HVO_0054,LG+I+G4,0.0000,3.2668,,LG+I{0.0000}+G4{3.2668}
HVO_0870,LG+I+G4,0.0000,3.2668,,LG+I{0.0000}+G4{3.2668}
HVO_1684,LG+I+G4,0.0000,3.2668,,LG+I{0.0000}+G4{3.2668}
HVO_2575,LG+I+G4,0.0294,1.8611,,LG+I{0.0294}+G4{1.8611}
HVO_2413,LG+I+G4,0.0101,2.2932,,LG+I{0.0101}+G4{2.2932}
HVO_0356,LG+I+G4,0.0101,2.2932,,LG+I{0.0101}+G4{2.2932}
HVO_1963,LG+I+G4,0.0101,2.2932,,LG+I{0.0101}+G4{2.2932}
HVO_2575,LG+I+G4,0.0101,2.2932,,LG+I{0.0101}+G4{2.2932}
HVO_0359,LG+I+G4,0.0101,2.2932,,LG+I{0.0101}+G4{2.2932}
HVO_1901,LG+I+G4,0.0101,2.2932,,LG+I{0.0101}+G4{2.2932}
HVO_2792,LG+I+R4,0.0000,,"(0.0778,0.1738) (0.1636,0.4194) (0.3336,0.8020) (0.4251,1.5300)","LG+I{0.0000}+R4{0.0778,0.1738,0.1636,0.4194,0.3336,0.8020,0.4251,1.5300}"
HVO_0444,LG+I+R4,0.0000,,"(0.0778,0.1738) (0.1636,0.4194) (0.3336,0.8020) (0.4251,1.5300)","LG+I{0.0000}+R4{0.0778,0.1738,0.1636,0.4194,0.3336,0.8020,0.4251,1.5300}"
HVO_0231,LG+I+R4,0.0000,,"(0.0778,0.1738) (0.1636,0.4194) (0.3336,0.8020) (0.4251,1.5300)","LG+I{0.0000}+R4{0.0778,0.1738,0.1636,0.4194,0.3336,0.8020,0.4251,1.5300}"
HVO_1038,LG+I+R4,0.0000,,"(0.0778,0.1738) (0.1636,0.4194) (0.3336,0.8020) (0.4251,1.5300)","LG+I{0.0000}+R4{0.0778,0.1738,0.1636,0.4194,0.3336,0.8020,0.4251,1.5300}"
HVO_1184,LG+F+I+R4,0.0086,,"(0.0084,0.1184) (0.2433,0.5423) (0.4845,0.9737) (0.2551,1.5496)","LG+F+I{0.0086}+R4{0.0084,0.1184,0.2433,0.5423,0.4845,0.9737,0.2551,1.5496}"
HVO_2256,LG+F+I+R4,0.0000,,"(0.0324,0.0286) (0.0976,0.2281) (0.2663,0.6050) (0.6037,1.3512)","LG+F+I{0.0000}+R4{0.0324,0.0286,0.0976,0.2281,0.2663,0.6050,0.6037,1.3512}"
HVO_0831,LG+I+G4,0.0855,1.3768,,LG+I{0.0855}+G4{1.3768}
HVO_B0200,LG+I+G4,0.0279,3.4678,,LG+I{0.0279}+G4{3.4678}
HVO_1452,LG+I+G4,0.0279,3.4678,,LG+I{0.0279}+G4{3.4678}
HVO_2665,LG+I+G4,0.0279,3.4678,,LG+I{0.0279}+G4{3.4678}
HVO_2892A,LG+F+I+G4,0.0000,2.1083,,LG+F+I{0.0000}+G4{2.1083}
HVO_2843,LG+I+R4,0.0065,,"(0.1696,0.1097) (0.2647,0.4260) (0.2227,0.9960) (0.3364,1.9224)","LG+I{0.0065}+R4{0.1696,0.1097,0.2647,0.4260,0.2227,0.9960,0.3364,1.9224}"
HVO_2911,LG+I+R4,0.0065,,"(0.1696,0.1097) (0.2647,0.4260) (0.2227,0.9960) (0.3364,1.9224)","LG+I{0.0065}+R4{0.1696,0.1097,0.2647,0.4260,0.2227,0.9960,0.3364,1.9224}"
HVO_1577,LG+I+G4,0.0657,1.0028,,LG+I{0.0657}+G4{1.0028}
HVO_1830,LG+I+R4,0.0145,,"(0.0918,0.1152) (0.2750,0.4427) (0.3322,0.9490) (0.2865,1.9281)","LG+I{0.0145}+R4{0.0918,0.1152,0.2750,0.4427,0.3322,0.9490,0.2865,1.9281}"
HVO_B0310,LG+I+G4,0.0000,2.3759,,LG+I{0.0000}+G4{2.3759}
HVO_2304,LG+I+G4,0.0000,1.6501,,LG+I{0.0000}+G4{1.6501}
HVO_2305,LG+I+G4,0.0000,1.6501,,LG+I{0.0000}+G4{1.6501}
HVO_0780,LG+F+I+R4,0.0120,,"(0.0915,0.1455) (0.3096,0.5032) (0.3947,1.0041) (0.1923,2.2600)","LG+F+I{0.0120}+R4{0.0915,0.1455,0.3096,0.5032,0.3947,1.0041,0.1923,2.2600}"
HVO_0780,LG+F+I+R4,0.0120,,"(0.0915,0.1455) (0.3096,0.5032) (0.3947,1.0041) (0.1923,2.2600)","LG+F+I{0.0120}+R4{0.0915,0.1455,0.3096,0.5032,0.3947,1.0041,0.1923,2.2600}"
HVO_2880,LG+I+G4,0.0734,1.7326,,LG+I{0.0734}+G4{1.7326}
HVO_0321,LG+I+G4,0.0734,1.7326,,LG+I{0.0734}+G4{1.7326}
HVO_0321,LG+I+G4,0.0133,3.6420,,LG+I{0.0133}+G4{3.6420}
HVO_2880,LG+I+G4,0.0021,1.5978,,LG+I{0.0021}+G4{1.5978}
HVO_0321,LG+I+G4,0.0021,1.5978,,LG+I{0.0021}+G4{1.5978}
HVO_A0049,LG+F+I+R4,0.0000,,"(0.0578,0.1818) (0.1963,0.5215) (0.4173,0.9308) (0.3286,1.5176)","LG+F+I{0.0000}+R4{0.0578,0.1818,0.1963,0.5215,0.4173,0.9308,0.3286,1.5176}"
HVO_0250,LG+F+I+R4,0.0000,,"(0.0578,0.1818) (0.1963,0.5215) (0.4173,0.9308) (0.3286,1.5176)","LG+F+I{0.0000}+R4{0.0578,0.1818,0.1963,0.5215,0.4173,0.9308,0.3286,1.5176}"
HVO_1486,LG+F+I+R4,0.0000,,"(0.0514,0.0802) (0.1574,0.3709) (0.3210,0.7103) (0.4702,1.5090)","LG+F+I{0.0000}+R4{0.0514,0.0802,0.1574,0.3709,0.3210,0.7103,0.4702,1.5090}"
HVO_2924,LG+F+I+R4,0.0000,,"(0.0514,0.0802) (0.1574,0.3709) (0.3210,0.7103) (0.4702,1.5090)","LG+F+I{0.0000}+R4{0.0514,0.0802,0.1574,0.3709,0.3210,0.7103,0.4702,1.5090}"
HVO_2924,LG+I+G4,0.0531,2.3678,,LG+I{0.0531}+G4{2.3678}
HVO_B0130,LG+I+R4,0.0054,,"(0.0711,0.2304) (0.3543,0.5859) (0.2510,1.0047) (0.3183,1.6462)","LG+I{0.0054}+R4{0.0711,0.2304,0.3543,0.5859,0.2510,1.0047,0.3183,1.6462}"
HVO_0064,LG+I+R4,0.0054,,"(0.0711,0.2304) (0.3543,0.5859) (0.2510,1.0047) (0.3183,1.6462)","LG+I{0.0054}+R4{0.0711,0.2304,0.3543,0.5859,0.2510,1.0047,0.3183,1.6462}"
HVO_2947,LG+I+R4,0.0000,,"(0.0941,0.0591) (0.2858,0.4005) (0.2163,0.7959) (0.4037,1.7530)","LG+I{0.0000}+R4{0.0941,0.0591,0.2858,0.4005,0.2163,0.7959,0.4037,1.7530}"
HVO_0324,LG+I+G4,0.0000,1.2715,,LG+I{0.0000}+G4{1.2715}
HVO_A0416,LG+I+R3,0.0009,,"(0.1204,0.0938) (0.4760,0.6526) (0.4027,1.6838)","LG+I{0.0009}+R3{0.1204,0.0938,0.4760,0.6526,0.4027,1.6838}"
HVO_A0598,LG+I+R3,0.0009,,"(0.1204,0.0938) (0.4760,0.6526) (0.4027,1.6838)","LG+I{0.0009}+R3{0.1204,0.0938,0.4760,0.6526,0.4027,1.6838}"
HVO_A0118,LG+I+R3,0.0009,,"(0.1204,0.0938) (0.4760,0.6526) (0.4027,1.6838)","LG+I{0.0009}+R3{0.1204,0.0938,0.4760,0.6526,0.4027,1.6838}"
HVO_2869,LG+I+R3,0.0009,,"(0.1204,0.0938) (0.4760,0.6526) (0.4027,1.6838)","LG+I{0.0009}+R3{0.1204,0.0938,0.4760,0.6526,0.4027,1.6838}"
HVO_0730,LG+I+R3,0.0009,,"(0.1204,0.0938) (0.4760,0.6526) (0.4027,1.6838)","LG+I{0.0009}+R3{0.1204,0.0938,0.4760,0.6526,0.4027,1.6838}"
HVO_0548,LG+F+I+G4,0.0008,2.4304,,LG+F+I{0.0008}+G4{2.4304}
HVO_1605,LG+F+I+G4,0.0008,2.4304,,LG+F+I{0.0008}+G4{2.4304}
HVO_1262,LG+F+I+G4,0.0008,2.4304,,LG+F+I{0.0008}+G4{2.4304}
HVO_2093,LG+F+I+G4,0.0008,2.4304,,LG+F+I{0.0008}+G4{2.4304}
HVO_1394,LG+F+I+G4,0.0008,2.4304,,LG+F+I{0.0008}+G4{2.4304}
HVO_1394,LG+F+I+G4,0.0008,2.4304,,LG+F+I{0.0008}+G4{2.4304}
HVO_0653,LG+I,0.2597,,,LG+I{0.2597}
HVO_0736,LG+I+G4,0.0000,2.2254,,LG+I{0.0000}+G4{2.2254}
HVO_0430,LG+I+G4,0.0096,1.1828,,LG+I{0.0096}+G4{1.1828}
HVO_0953,LG+F+I+R3,0.0000,,"(0.0593,0.3452) (0.3228,0.6564) (0.6180,1.2423)","LG+F+I{0.0000}+R3{0.0593,0.3452,0.3228,0.6564,0.6180,1.2423}"
HVO_0953,LG+F+I+R3,0.0000,,"(0.0593,0.3452) (0.3228,0.6564) (0.6180,1.2423)","LG+F+I{0.0000}+R3{0.0593,0.3452,0.3228,0.6564,0.6180,1.2423}"
HVO_0953,LG+F+I+R3,0.0000,,"(0.0593,0.3452) (0.3228,0.6564) (0.6180,1.2423)","LG+F+I{0.0000}+R3{0.0593,0.3452,0.3228,0.6564,0.6180,1.2423}"
HVO_0954,LG+F+I+R3,0.0000,,"(0.0593,0.3452) (0.3228,0.6564) (0.6180,1.2423)","LG+F+I{0.0000}+R3{0.0593,0.3452,0.3228,0.6564,0.6180,1.2423}"
HVO_2078,LG+F+I+R3,0.0000,,"(0.0593,0.3452) (0.3228,0.6564) (0.6180,1.2423)","LG+F+I{0.0000}+R3{0.0593,0.3452,0.3228,0.6564,0.6180,1.2423}"
HVO_1263,LG+F+I+R3,0.0000,,"(0.0593,0.3452) (0.3228,0.6564) (0.6180,1.2423)","LG+F+I{0.0000}+R3{0.0593,0.3452,0.3228,0.6564,0.6180,1.2423}"
HVO_1264,LG+F+I+R3,0.0000,,"(0.0593,0.3452) (0.3228,0.6564) (0.6180,1.2423)","LG+F+I{0.0000}+R3{0.0593,0.3452,0.3228,0.6564,0.6180,1.2423}"
HVO_1222,LG+I+R4,0.0000,,"(0.1510,0.2355) (0.3115,0.5269) (0.3489,1.1525) (0.1887,2.1108)","LG+I{0.0000}+R4{0.1510,0.2355,0.3115,0.5269,0.3489,1.1525,0.1887,2.1108}"
HVO_2544,LG+I+G4,0.0000,1.7590,,LG+I{0.0000}+G4{1.7590}
HVO_A0219,LG+I+R4,0.0000,,"(0.0974,0.0987) (0.2774,0.4554) (0.2268,0.9354) (0.3985,1.6360)","LG+I{0.0000}+R4{0.0974,0.0987,0.2774,0.4554,0.2268,0.9354,0.3985,1.6360}"
HVO_1531,LG+I+R4,0.0000,,"(0.0974,0.0987) (0.2774,0.4554) (0.2268,0.9354) (0.3985,1.6360)","LG+I{0.0000}+R4{0.0974,0.0987,0.2774,0.4554,0.2268,0.9354,0.3985,1.6360}"
HVO_A0219,LG+I+G4,0.0468,1.8568,,LG+I{0.0468}+G4{1.8568}
HVO_1531,LG+I+G4,0.0468,1.8568,,LG+I{0.0468}+G4{1.8568}
HVO_A0278,LG+I+R4,0.0266,,"(0.0950,0.0829) (0.1349,0.3010) (0.3501,0.7980) (0.3933,1.7089)","LG+I{0.0266}+R4{0.0950,0.0829,0.1349,0.3010,0.3501,0.7980,0.3933,1.7089}"
HVO_0356,LG+I+G4,0.0066,1.9686,,LG+I{0.0066}+G4{1.9686}
HVO_0065,LG+I+G4,0.0792,0.8799,,LG+I{0.0792}+G4{0.8799}
HVO_1348,LG+I+G4,0.0000,1.1116,,LG+I{0.0000}+G4{1.1116}
HVO_1899,LG+I+G4,0.0000,3.6349,,LG+I{0.0000}+G4{3.6349}
HVO_0078,LG+I+G4,0.0229,2.4615,,LG+I{0.0229}+G4{2.4615}
HVO_2758,LG+I+G4,0.0000,1.3614,,LG+I{0.0000}+G4{1.3614}
HVO_2561,LG+I+R4,0.0123,,"(0.1995,0.1093) (0.2840,0.5486) (0.2712,1.1537) (0.2330,2.1870)","LG+I{0.0123}+R4{0.1995,0.1093,0.2840,0.5486,0.2712,1.1537,0.2330,2.1870}"
HVO_2158,LG+I+G4,0.0530,1.3892,,LG+I{0.0530}+G4{1.3892}
HVO_2436,LG+I+G4,0.0530,1.3892,,LG+I{0.0530}+G4{1.3892}
HVO_2726,LG+I+R4,0.0074,,"(0.0401,0.0763) (0.1729,0.3377) (0.4006,0.8427) (0.3790,1.5856)","LG+I{0.0074}+R4{0.0401,0.0763,0.1729,0.3377,0.4006,0.8427,0.3790,1.5856}"
HVO_0239,LG+I+R4,0.0062,,"(0.0565,0.0487) (0.1847,0.2958) (0.2359,0.6297) (0.5168,1.5366)","LG+I{0.0062}+R4{0.0565,0.0487,0.1847,0.2958,0.2359,0.6297,0.5168,1.5366}"
HVO_2774,LG+I+G4,0.0055,0.7776,,LG+I{0.0055}+G4{0.7776}
HVO_1131,LG+I+G4,0.0000,1.5244,,LG+I{0.0000}+G4{1.5244}
HVO_A0582,LG+I+R4,0.0000,,"(0.2208,0.2754) (0.4048,0.6485) (0.2086,1.3155) (0.1658,2.4263)","LG+I{0.0000}+R4{0.2208,0.2754,0.4048,0.6485,0.2086,1.3155,0.1658,2.4263}"
HVO_A0581,LG+I+R4,0.0000,,"(0.2208,0.2754) (0.4048,0.6485) (0.2086,1.3155) (0.1658,2.4263)","LG+I{0.0000}+R4{0.2208,0.2754,0.4048,0.6485,0.2086,1.3155,0.1658,2.4263}"
HVO_0074,LG+I+G4,0.0465,1.6495,,LG+I{0.0465}+G4{1.6495}
HVO_1871,LG+F+I+G4,0.0000,2.0943,,LG+F+I{0.0000}+G4{2.0943}
HVO_1181,LG+I+G4,0.0163,1.8639,,LG+I{0.0163}+G4{1.8639}
HVO_2374,LG+I+G4,0.0163,1.8639,,LG+I{0.0163}+G4{1.8639}
HVO_0819,LG+I+G4,0.0000,1.7528,,LG+I{0.0000}+G4{1.7528}
HVO_1923,LG+I+R4,0.0381,,"(0.2037,0.1528) (0.2227,0.5557) (0.3283,1.1724) (0.2073,2.2208)","LG+I{0.0381}+R4{0.2037,0.1528,0.2227,0.5557,0.3283,1.1724,0.2073,2.2208}"
HVO_B0289,LG+I+R4,0.0000,,"(0.0177,0.0586) (0.2179,0.4524) (0.3197,0.8153) (0.4447,1.4386)","LG+I{0.0000}+R4{0.0177,0.0586,0.2179,0.4524,0.3197,0.8153,0.4447,1.4386}"
HVO_2605,LG+I+R4,0.0000,,"(0.0177,0.0586) (0.2179,0.4524) (0.3197,0.8153) (0.4447,1.4386)","LG+I{0.0000}+R4{0.0177,0.0586,0.2179,0.4524,0.3197,0.8153,0.4447,1.4386}"
HVO_2888,LG+I+R4,0.0000,,"(0.0177,0.0586) (0.2179,0.4524) (0.3197,0.8153) (0.4447,1.4386)","LG+I{0.0000}+R4{0.0177,0.0586,0.2179,0.4524,0.3197,0.8153,0.4447,1.4386}"
HVO_2198,LG+I+R4,0.0000,,"(0.0177,0.0586) (0.2179,0.4524) (0.3197,0.8153) (0.4447,1.4386)","LG+I{0.0000}+R4{0.0177,0.0586,0.2179,0.4524,0.3197,0.8153,0.4447,1.4386}"
HVO_0300,LG+I+R4,0.0000,,"(0.0177,0.0586) (0.2179,0.4524) (0.3197,0.8153) (0.4447,1.4386)","LG+I{0.0000}+R4{0.0177,0.0586,0.2179,0.4524,0.3197,0.8153,0.4447,1.4386}"
HVO_2144,LG+I+R4,0.0000,,"(0.0177,0.0586) (0.2179,0.4524) (0.3197,0.8153) (0.4447,1.4386)","LG+I{0.0000}+R4{0.0177,0.0586,0.2179,0.4524,0.3197,0.8153,0.4447,1.4386}"
HVO_1121,LG+I+R4,0.0000,,"(0.0177,0.0586) (0.2179,0.4524) (0.3197,0.8153) (0.4447,1.4386)","LG+I{0.0000}+R4{0.0177,0.0586,0.2179,0.4524,0.3197,0.8153,0.4447,1.4386}"
HVO_0768,LG+I+R4,0.0000,,"(0.0177,0.0586) (0.2179,0.4524) (0.3197,0.8153) (0.4447,1.4386)","LG+I{0.0000}+R4{0.0177,0.0586,0.2179,0.4524,0.3197,0.8153,0.4447,1.4386}"
HVO_2789,LG+I+R4,0.0000,,"(0.0177,0.0586) (0.2179,0.4524) (0.3197,0.8153) (0.4447,1.4386)","LG+I{0.0000}+R4{0.0177,0.0586,0.2179,0.4524,0.3197,0.8153,0.4447,1.4386}"
HVO_1717,LG+I+R4,0.0000,,"(0.0177,0.0586) (0.2179,0.4524) (0.3197,0.8153) (0.4447,1.4386)","LG+I{0.0000}+R4{0.0177,0.0586,0.2179,0.4524,0.3197,0.8153,0.4447,1.4386}"
HVO_2957,LG+I+R4,0.0000,,"(0.0177,0.0586) (0.2179,0.4524) (0.3197,0.8153) (0.4447,1.4386)","LG+I{0.0000}+R4{0.0177,0.0586,0.2179,0.4524,0.3197,0.8153,0.4447,1.4386}"
HVO_2201,LG+I+R4,0.0000,,"(0.0177,0.0586) (0.2179,0.4524) (0.3197,0.8153) (0.4447,1.4386)","LG+I{0.0000}+R4{0.0177,0.0586,0.2179,0.4524,0.3197,0.8153,0.4447,1.4386}"
HVO_1062,LG+I+R4,0.0451,,"(0.1176,0.0609) (0.2308,0.3821) (0.2820,0.8993) (0.3245,2.0063)","LG+I{0.0451}+R4{0.1176,0.0609,0.2308,0.3821,0.2820,0.8993,0.3245,2.0063}"
HVO_0705,LG+F+I+R4,0.0000,,"(0.1024,0.1632) (0.1606,0.3974) (0.3332,0.8006) (0.4037,1.6166)","LG+F+I{0.0000}+R4{0.1024,0.1632,0.1606,0.3974,0.3332,0.8006,0.4037,1.6166}"
HVO_2476,LG+I+R4,0.0000,,"(0.0608,0.0397) (0.2320,0.3319) (0.3853,0.7631) (0.3218,1.9468)","LG+I{0.0000}+R4{0.0608,0.0397,0.2320,0.3319,0.3853,0.7631,0.3218,1.9468}"
HVO_2846,LG+I+G4,0.0684,0.9482,,LG+I{0.0684}+G4{0.9482}
HVO_2846,LG+I+G4,0.0684,0.9482,,LG+I{0.0684}+G4{0.9482}
HVO_B0338,LG+I+R4,0.0095,,"(0.0988,0.1152) (0.2327,0.3874) (0.2418,0.7625) (0.4172,1.7115)","LG+I{0.0095}+R4{0.0988,0.1152,0.2327,0.3874,0.2418,0.7625,0.4172,1.7115}"
HVO_A0215,LG+F+I+R4,0.0102,,"(0.0448,0.0523) (0.2087,0.3561) (0.4760,0.8956) (0.2603,1.9093)","LG+F+I{0.0102}+R4{0.0448,0.0523,0.2087,0.3561,0.4760,0.8956,0.2603,1.9093}"
HVO_0722,LG+F+I+R4,0.0102,,"(0.0448,0.0523) (0.2087,0.3561) (0.4760,0.8956) (0.2603,1.9093)","LG+F+I{0.0102}+R4{0.0448,0.0523,0.2087,0.3561,0.4760,0.8956,0.2603,1.9093}"
HVO_2422,LG+F+I+R4,0.0102,,"(0.0448,0.0523) (0.2087,0.3561) (0.4760,0.8956) (0.2603,1.9093)","LG+F+I{0.0102}+R4{0.0448,0.0523,0.2087,0.3561,0.4760,0.8956,0.2603,1.9093}"
HVO_1231,LG+F+I+R4,0.0102,,"(0.0448,0.0523) (0.2087,0.3561) (0.4760,0.8956) (0.2603,1.9093)","LG+F+I{0.0102}+R4{0.0448,0.0523,0.2087,0.3561,0.4760,0.8956,0.2603,1.9093}"
HVO_2162,LG+F+I+R4,0.0102,,"(0.0448,0.0523) (0.2087,0.3561) (0.4760,0.8956) (0.2603,1.9093)","LG+F+I{0.0102}+R4{0.0448,0.0523,0.2087,0.3561,0.4760,0.8956,0.2603,1.9093}"
HVO_1010,LG+F+I+R4,0.0102,,"(0.0448,0.0523) (0.2087,0.3561) (0.4760,0.8956) (0.2603,1.9093)","LG+F+I{0.0102}+R4{0.0448,0.0523,0.2087,0.3561,0.4760,0.8956,0.2603,1.9093}"
HVO_2058,LG+F+I+G4,0.0201,1.2934,,LG+F+I{0.0201}+G4{1.2934}
HVO_A0269,LG+I+G4,0.0625,4.3278,,LG+I{0.0625}+G4{4.3278}
HVO_1538,LG+I+G4,0.0625,4.3278,,LG+I{0.0625}+G4{4.3278}
HVO_1849,LG+I+R4,0.0170,,"(0.0497,0.0833) (0.1523,0.3682) (0.3363,0.7896) (0.4447,1.5161)","LG+I{0.0170}+R4{0.0497,0.0833,0.1523,0.3682,0.3363,0.7896,0.4447,1.5161}"
HVO_0836,LG+I+R4,0.0170,,"(0.0497,0.0833) (0.1523,0.3682) (0.3363,0.7896) (0.4447,1.5161)","LG+I{0.0170}+R4{0.0497,0.0833,0.1523,0.3682,0.3363,0.7896,0.4447,1.5161}"
HVO_1570,LG+I+R4,0.0122,,"(0.1000,0.1460) (0.3002,0.5417) (0.3710,1.0588) (0.2166,1.9853)","LG+I{0.0122}+R4{0.1000,0.1460,0.3002,0.5417,0.3710,1.0588,0.2166,1.9853}"
HVO_1108,LG+I+G4,0.0096,2.6034,,LG+I{0.0096}+G4{2.6034}
HVO_A0396,LG+I+G4,0.0738,1.4957,,LG+I{0.0738}+G4{1.4957}
HVO_A0102,LG+I+G4,0.0738,1.4957,,LG+I{0.0738}+G4{1.4957}
HVO_A0139,LG+I+G4,0.0738,1.4957,,LG+I{0.0738}+G4{1.4957}
HVO_0171,LG+I+G4,0.0738,1.4957,,LG+I{0.0738}+G4{1.4957}
HVO_0235,LG+I+G4,0.0738,1.4957,,LG+I{0.0738}+G4{1.4957}
HVO_1735,LG+I+G4,0.0738,1.4957,,LG+I{0.0738}+G4{1.4957}
HVO_1743,LG+I+G4,0.0738,1.4957,,LG+I{0.0738}+G4{1.4957}
HVO_0726,LG+I+R4,0.0434,,"(0.0719,0.0865) (0.2731,0.3784) (0.2841,0.9272) (0.3274,1.9150)","LG+I{0.0434}+R4{0.0719,0.0865,0.2731,0.3784,0.2841,0.9272,0.3274,1.9150}"
HVO_1206,LG+I+G4,0.0766,2.5480,,LG+I{0.0766}+G4{2.5480}
HVO_0348,LG+I+G4,0.0945,1.2311,,LG+I{0.0945}+G4{1.2311}
HVO_0347,LG+I+G4,0.0000,2.3802,,LG+I{0.0000}+G4{2.3802}
HVO_0347,LG+I+G4,0.0226,1.1630,,LG+I{0.0226}+G4{1.1630}
HVO_0348,LG+I+G4,0.0265,0.9826,,LG+I{0.0265}+G4{0.9826}
HVO_0348,LG+I+G4,0.0012,0.6485,,LG+I{0.0012}+G4{0.6485}
HVO_2454,LG+I+R4,0.0012,,"(0.0314,0.0691) (0.1636,0.3501) (0.3316,0.7465) (0.4722,1.4677)","LG+I{0.0012}+R4{0.0314,0.0691,0.1636,0.3501,0.3316,0.7465,0.4722,1.4677}"
HVO_0710,LG+I+R4,0.0012,,"(0.0314,0.0691) (0.1636,0.3501) (0.3316,0.7465) (0.4722,1.4677)","LG+I{0.0012}+R4{0.0314,0.0691,0.1636,0.3501,0.3316,0.7465,0.4722,1.4677}"
HVO_B0235,LG+I+R3,0.0593,,"(0.0544,0.2568) (0.4030,0.7610) (0.4834,1.4056)","LG+I{0.0593}+R3{0.0544,0.2568,0.4030,0.7610,0.4834,1.4056}"
HVO_B0363,LG+I+R3,0.0593,,"(0.0544,0.2568) (0.4030,0.7610) (0.4834,1.4056)","LG+I{0.0593}+R3{0.0544,0.2568,0.4030,0.7610,0.4834,1.4056}"
HVO_1908,LG+I+R3,0.0593,,"(0.0544,0.2568) (0.4030,0.7610) (0.4834,1.4056)","LG+I{0.0593}+R3{0.0544,0.2568,0.4030,0.7610,0.4834,1.4056}"
HVO_0935,LG+I+R3,0.0593,,"(0.0544,0.2568) (0.4030,0.7610) (0.4834,1.4056)","LG+I{0.0593}+R3{0.0544,0.2568,0.4030,0.7610,0.4834,1.4056}"
HVO_0660,LG+F+I+R4,0.0000,,"(0.0409,0.3107) (0.1931,0.5416) (0.4378,0.9082) (0.3282,1.4780)","LG+F+I{0.0000}+R4{0.0409,0.3107,0.1931,0.5416,0.4378,0.9082,0.3282,1.4780}"
HVO_2890,LG+F+I+R4,0.0000,,"(0.0409,0.3107) (0.1931,0.5416) (0.4378,0.9082) (0.3282,1.4780)","LG+F+I{0.0000}+R4{0.0409,0.3107,0.1931,0.5416,0.4378,0.9082,0.3282,1.4780}"
HVO_0869,LG+I+R4,0.0140,,"(0.0962,0.0622) (0.2201,0.3178) (0.2581,0.7507) (0.4116,1.7742)","LG+I{0.0140}+R4{0.0962,0.0622,0.2201,0.3178,0.2581,0.7507,0.4116,1.7742}"
HVO_B0105,LG+F+I+R4,0.0000,,"(0.0194,0.0959) (0.1176,0.3569) (0.3736,0.7279) (0.4895,1.3980)","LG+F+I{0.0000}+R4{0.0194,0.0959,0.1176,0.3569,0.3736,0.7279,0.4895,1.3980}"
HVO_A0095,LG+F+I+R4,0.0000,,"(0.0194,0.0959) (0.1176,0.3569) (0.3736,0.7279) (0.4895,1.3980)","LG+F+I{0.0000}+R4{0.0194,0.0959,0.1176,0.3569,0.3736,0.7279,0.4895,1.3980}"
HVO_A0084,LG+F+I+R4,0.0000,,"(0.0194,0.0959) (0.1176,0.3569) (0.3736,0.7279) (0.4895,1.3980)","LG+F+I{0.0000}+R4{0.0194,0.0959,0.1176,0.3569,0.3736,0.7279,0.4895,1.3980}"
HVO_A0503,LG+F+I+R4,0.0000,,"(0.0194,0.0959) (0.1176,0.3569) (0.3736,0.7279) (0.4895,1.3980)","LG+F+I{0.0000}+R4{0.0194,0.0959,0.1176,0.3569,0.3736,0.7279,0.4895,1.3980}"
HVO_0775,LG+F+I+R4,0.0000,,"(0.0194,0.0959) (0.1176,0.3569) (0.3736,0.7279) (0.4895,1.3980)","LG+F+I{0.0000}+R4{0.0194,0.0959,0.1176,0.3569,0.3736,0.7279,0.4895,1.3980}"
HVO_1417,LG+I+G4,0.0473,2.5237,,LG+I{0.0473}+G4{2.5237}
HVO_B0148,LG+I+G4,0.0000,1.3546,,LG+I{0.0000}+G4{1.3546}
HVO_B0072,LG+I+G4,0.0000,1.3546,,LG+I{0.0000}+G4{1.3546}
HVO_B0159,LG+I+G4,0.0000,1.3546,,LG+I{0.0000}+G4{1.3546}
HVO_B0137,LG+I+G4,0.0000,1.3546,,LG+I{0.0000}+G4{1.3546}
HVO_B0007,LG+I+G4,0.0000,1.3546,,LG+I{0.0000}+G4{1.3546}
HVO_B0361,LG+I+G4,0.0000,1.3546,,LG+I{0.0000}+G4{1.3546}
HVO_B0272,LG+I+G4,0.0000,1.3546,,LG+I{0.0000}+G4{1.3546}
HVO_B0020,LG+I+G4,0.0000,1.3546,,LG+I{0.0000}+G4{1.3546}
HVO_B0283,LG+I+G4,0.0000,1.3546,,LG+I{0.0000}+G4{1.3546}
HVO_A0424,LG+I+G4,0.0000,1.3546,,LG+I{0.0000}+G4{1.3546}
HVO_A0168,LG+I+G4,0.0000,1.3546,,LG+I{0.0000}+G4{1.3546}
HVO_A0413,LG+I+G4,0.0000,1.3546,,LG+I{0.0000}+G4{1.3546}
HVO_A0121,LG+I+G4,0.0000,1.3546,,LG+I{0.0000}+G4{1.3546}
HVO_A0506,LG+I+G4,0.0000,1.3546,,LG+I{0.0000}+G4{1.3546}
HVO_A0563,LG+I+G4,0.0000,1.3546,,LG+I{0.0000}+G4{1.3546}
HVO_A0157,LG+I+G4,0.0000,1.3546,,LG+I{0.0000}+G4{1.3546}
HVO_A0495,LG+I+G4,0.0000,1.3546,,LG+I{0.0000}+G4{1.3546}
HVO_0513,LG+I+G4,0.0000,1.3546,,LG+I{0.0000}+G4{1.3546}
HVO_0492,LG+I+G4,0.0000,1.3546,,LG+I{0.0000}+G4{1.3546}
HVO_1117,LG+I+G4,0.0000,1.3546,,LG+I{0.0000}+G4{1.3546}
HVO_2836,LG+I+G4,0.0000,1.3546,,LG+I{0.0000}+G4{1.3546}
HVO_2894,LG+I+G4,0.0000,1.3546,,LG+I{0.0000}+G4{1.3546}
HVO_2151,LG+I+G4,0.0000,1.3546,,LG+I{0.0000}+G4{1.3546}
HVO_1357,LG+I+G4,0.0000,1.3546,,LG+I{0.0000}+G4{1.3546}
HVO_1952,LG+I+G4,0.0000,1.3546,,LG+I{0.0000}+G4{1.3546}
HVO_2525,LG+I+G4,0.0000,1.3546,,LG+I{0.0000}+G4{1.3546}
HVO_2928,LG+I+G4,0.0000,1.3546,,LG+I{0.0000}+G4{1.3546}
HVO_1929,LG+I+G4,0.0000,1.3546,,LG+I{0.0000}+G4{1.3546}
HVO_1419,LG+I+G4,0.0000,1.3546,,LG+I{0.0000}+G4{1.3546}
HVO_0967,LG+I+G4,0.0000,1.3546,,LG+I{0.0000}+G4{1.3546}
HVO_0318,LG+I+G4,0.0000,1.3546,,LG+I{0.0000}+G4{1.3546}
HVO_1190,LG+I+G4,0.0000,1.3546,,LG+I{0.0000}+G4{1.3546}
HVO_0776,LG+I+G4,0.0000,1.3546,,LG+I{0.0000}+G4{1.3546}
HVO_2296,LG+I+G4,0.0000,1.3546,,LG+I{0.0000}+G4{1.3546}
HVO_0349,LG+F+I+R4,0.0000,,"(0.0617,0.1268) (0.2434,0.3167) (0.3886,0.7406) (0.3062,2.0483)","LG+F+I{0.0000}+R4{0.0617,0.1268,0.2434,0.3167,0.3886,0.7406,0.3062,2.0483}"
HVO_0349,LG+I+R4,0.0044,,"(0.0754,0.0679) (0.1751,0.3227) (0.4253,0.8205) (0.3198,1.8431)","LG+I{0.0044}+R4{0.0754,0.0679,0.1751,0.3227,0.4253,0.8205,0.3198,1.8431}"
HVO_0349,LG+F+I+R4,0.0128,,"(0.1334,0.0760) (0.2976,0.3431) (0.3940,1.0469) (0.1622,2.9297)","LG+F+I{0.0128}+R4{0.1334,0.0760,0.2976,0.3431,0.3940,1.0469,0.1622,2.9297}"
HVO_0350,LG+F+I+R4,0.0128,,"(0.1334,0.0760) (0.2976,0.3431) (0.3940,1.0469) (0.1622,2.9297)","LG+F+I{0.0128}+R4{0.1334,0.0760,0.2976,0.3431,0.3940,1.0469,0.1622,2.9297}"
HVO_0349,LG+I+R4,0.0000,,"(0.1064,0.0550) (0.1654,0.3300) (0.4358,0.8459) (0.2924,1.9526)","LG+I{0.0000}+R4{0.1064,0.0550,0.1654,0.3300,0.4358,0.8459,0.2924,1.9526}"
HVO_A0368,LG+F+I+R4,0.0000,,"(0.0721,0.2663) (0.2655,0.5009) (0.3671,0.9088) (0.2953,1.7414)","LG+F+I{0.0000}+R4{0.0721,0.2663,0.2655,0.5009,0.3671,0.9088,0.2953,1.7414}"
HVO_0865,LG+I+R4,0.0000,,"(0.0294,0.0760) (0.1245,0.2880) (0.2351,0.6711) (0.6110,1.3161)","LG+I{0.0000}+R4{0.0294,0.0760,0.1245,0.2880,0.2351,0.6711,0.6110,1.3161}"
HVO_1522,LG+I+R4,0.0000,,"(0.0294,0.0760) (0.1245,0.2880) (0.2351,0.6711) (0.6110,1.3161)","LG+I{0.0000}+R4{0.0294,0.0760,0.1245,0.2880,0.2351,0.6711,0.6110,1.3161}"
HVO_2736,LG+I+R4,0.0127,,"(0.0944,0.0448) (0.1635,0.3071) (0.2391,0.6747) (0.4902,1.5999)","LG+I{0.0127}+R4{0.0944,0.0448,0.1635,0.3071,0.2391,0.6747,0.4902,1.5999}"
HVO_A0509,LG+F+I+G4,0.0118,1.6179,,LG+F+I{0.0118}+G4{1.6179}
HVO_A0507,LG+F+I+G4,0.0118,1.6179,,LG+F+I{0.0118}+G4{1.6179}
HVO_1100,LG+I+R4,0.0106,,"(0.1261,0.0837) (0.2470,0.4184) (0.3064,0.9120) (0.3100,1.9571)","LG+I{0.0106}+R4{0.1261,0.0837,0.2470,0.4184,0.3064,0.9120,0.3100,1.9571}"
HVO_1475,LG+I+G4,0.0459,1.6553,,LG+I{0.0459}+G4{1.6553}
HVO_1940,LG+I+G4,0.0000,2.4383,,LG+I{0.0000}+G4{2.4383}
HVO_0552,LG+I+G4,0.0000,2.4383,,LG+I{0.0000}+G4{2.4383}
HVO_0427,LG+I+R4,0.0000,,"(0.2279,0.2847) (0.2329,0.5866) (0.3022,1.0325) (0.2369,2.0530)","LG+I{0.0000}+R4{0.2279,0.2847,0.2329,0.5866,0.3022,1.0325,0.2369,2.0530}"
HVO_1940,LG+I+G4,0.0000,3.5973,,LG+I{0.0000}+G4{3.5973}
HVO_0552,LG+I+G4,0.0000,3.5973,,LG+I{0.0000}+G4{3.5973}
HVO_2496,LG+I+G4,0.0355,0.8388,,LG+I{0.0355}+G4{0.8388}
HVO_1940,LG+F+I+R4,0.0000,,"(0.0492,0.1358) (0.2143,0.4448) (0.3907,0.8665) (0.3458,1.6177)","LG+F+I{0.0000}+R4{0.0492,0.1358,0.2143,0.4448,0.3907,0.8665,0.3458,1.6177}"
HVO_0552,LG+F+I+R4,0.0000,,"(0.0492,0.1358) (0.2143,0.4448) (0.3907,0.8665) (0.3458,1.6177)","LG+F+I{0.0000}+R4{0.0492,0.1358,0.2143,0.4448,0.3907,0.8665,0.3458,1.6177}"
HVO_1294,LG+I+G4,0.0000,1.1707,,LG+I{0.0000}+G4{1.1707}
HVO_2311,LG+F+I+R4,0.0077,,"(0.0694,0.0479) (0.2100,0.2997) (0.2627,0.7434) (0.4501,1.6406)","LG+F+I{0.0077}+R4{0.0694,0.0479,0.2100,0.2997,0.2627,0.7434,0.4501,1.6406}"
HVO_0167,LG+F+I+R4,0.0313,,"(0.2528,0.0607) (0.2123,0.4164) (0.2777,1.1147) (0.2259,2.5968)","LG+F+I{0.0313}+R4{0.2528,0.0607,0.2123,0.4164,0.2777,1.1147,0.2259,2.5968}"
HVO_1691,LG+I+R4,0.0000,,"(0.0348,0.1714) (0.1857,0.5210) (0.3309,0.9470) (0.4486,1.3016)","LG+I{0.0000}+R4{0.0348,0.1714,0.1857,0.5210,0.3309,0.9470,0.4486,1.3016}"
HVO_1964,LG+I+R4,0.0000,,"(0.0348,0.1714) (0.1857,0.5210) (0.3309,0.9470) (0.4486,1.3016)","LG+I{0.0000}+R4{0.0348,0.1714,0.1857,0.5210,0.3309,0.9470,0.4486,1.3016}"
HVO_2019,LG+I+R4,0.0000,,"(0.0348,0.1714) (0.1857,0.5210) (0.3309,0.9470) (0.4486,1.3016)","LG+I{0.0000}+R4{0.0348,0.1714,0.1857,0.5210,0.3309,0.9470,0.4486,1.3016}"
HVO_B0104,LG+I+R4,0.0213,,"(0.1842,0.2618) (0.2914,0.6854) (0.3628,1.2662) (0.1403,2.0857)","LG+I{0.0213}+R4{0.1842,0.2618,0.2914,0.6854,0.3628,1.2662,0.1403,2.0857}"
HVO_0783,LG+I+G4,0.1286,1.4256,,LG+I{0.1286}+G4{1.4256}
HVO_2883,LG+I+G4,0.0108,1.4813,,LG+I{0.0108}+G4{1.4813}
HVO_0324,LG+I+G4,0.0000,1.4909,,LG+I{0.0000}+G4{1.4909}
HVO_0543,LG+I+G4,0.0166,2.1864,,LG+I{0.0166}+G4{2.1864}
HVO_B0077,LG+I+R4,0.0095,,"(0.1107,0.1031) (0.1759,0.4538) (0.3861,0.9540) (0.3178,1.7009)","LG+I{0.0095}+R4{0.1107,0.1031,0.1759,0.4538,0.3861,0.9540,0.3178,1.7009}"
HVO_B0075,LG+I+R4,0.0095,,"(0.1107,0.1031) (0.1759,0.4538) (0.3861,0.9540) (0.3178,1.7009)","LG+I{0.0095}+R4{0.1107,0.1031,0.1759,0.4538,0.3861,0.9540,0.3178,1.7009}"
HVO_B0074,LG+I+R4,0.0095,,"(0.1107,0.1031) (0.1759,0.4538) (0.3861,0.9540) (0.3178,1.7009)","LG+I{0.0095}+R4{0.1107,0.1031,0.1759,0.4538,0.3861,0.9540,0.3178,1.7009}"
HVO_1771,LG+I+R4,0.0095,,"(0.1107,0.1031) (0.1759,0.4538) (0.3861,0.9540) (0.3178,1.7009)","LG+I{0.0095}+R4{0.1107,0.1031,0.1759,0.4538,0.3861,0.9540,0.3178,1.7009}"
HVO_1898,LG+I+G4,0.0559,1.3951,,LG+I{0.0559}+G4{1.3951}
HVO_2841,LG+F+I+R4,0.0056,,"(0.0277,0.0349) (0.0937,0.2397) (0.3423,0.6029) (0.5306,1.4514)","LG+F+I{0.0056}+R4{0.0277,0.0349,0.0937,0.2397,0.3423,0.6029,0.5306,1.4514}"
HVO_B0215,LG+I+R4,0.0042,,"(0.0533,0.0694) (0.3029,0.3808) (0.2562,0.8277) (0.3834,1.7446)","LG+I{0.0042}+R4{0.0533,0.0694,0.3029,0.3808,0.2562,0.8277,0.3834,1.7446}"
HVO_B0340,LG+I+R4,0.0042,,"(0.0533,0.0694) (0.3029,0.3808) (0.2562,0.8277) (0.3834,1.7446)","LG+I{0.0042}+R4{0.0533,0.0694,0.3029,0.3808,0.2562,0.8277,0.3834,1.7446}"
HVO_B0350,LG+I+R4,0.0042,,"(0.0533,0.0694) (0.3029,0.3808) (0.2562,0.8277) (0.3834,1.7446)","LG+I{0.0042}+R4{0.0533,0.0694,0.3029,0.3808,0.2562,0.8277,0.3834,1.7446}"
HVO_A0273,LG+I+R4,0.0042,,"(0.0533,0.0694) (0.3029,0.3808) (0.2562,0.8277) (0.3834,1.7446)","LG+I{0.0042}+R4{0.0533,0.0694,0.3029,0.3808,0.2562,0.8277,0.3834,1.7446}"
HVO_1459,LG+I+R4,0.0042,,"(0.0533,0.0694) (0.3029,0.3808) (0.2562,0.8277) (0.3834,1.7446)","LG+I{0.0042}+R4{0.0533,0.0694,0.3029,0.3808,0.2562,0.8277,0.3834,1.7446}"
HVO_2516,LG+I+R4,0.0400,,"(0.0850,0.0511) (0.2592,0.4028) (0.2515,0.8802) (0.3643,1.8386)","LG+I{0.0400}+R4{0.0850,0.0511,0.2592,0.4028,0.2515,0.8802,0.3643,1.8386}"
HVO_2624,LG+I+R4,0.0377,,"(0.2579,0.1067) (0.2752,0.5239) (0.2352,1.2255) (0.1940,2.7845)","LG+I{0.0377}+R4{0.2579,0.1067,0.2752,0.5239,0.2352,1.2255,0.1940,2.7845}"
HVO_2004,LG+F+I+G4,0.0167,1.0500,,LG+F+I{0.0167}+G4{1.0500}
HVO_2789,LG+I+R4,0.0227,,"(0.0843,0.0829) (0.3051,0.4514) (0.2766,0.9476) (0.3113,1.9057)","LG+I{0.0227}+R4{0.0843,0.0829,0.3051,0.4514,0.2766,0.9476,0.3113,1.9057}"
HVO_0689,LG+I+G4,0.0000,1.9374,,LG+I{0.0000}+G4{1.9374}
HVO_1716,LG+I+G4,0.0674,1.7133,,LG+I{0.0674}+G4{1.7133}
HVO_0633,LG+I+G4,0.0163,1.8830,,LG+I{0.0163}+G4{1.8830}
HVO_0633,LG+I+G4,0.0163,1.8830,,LG+I{0.0163}+G4{1.8830}
HVO_1212,LG+I+G4,0.0163,1.8830,,LG+I{0.0163}+G4{1.8830}
HVO_2364,LG+I+G4,0.0163,1.8830,,LG+I{0.0163}+G4{1.8830}
HVO_1216,LG+I+G4,0.0163,1.8830,,LG+I{0.0163}+G4{1.8830}
HVO_2232,LG+I+G4,0.0163,1.8830,,LG+I{0.0163}+G4{1.8830}
HVO_1871,LG+F+I+G4,0.0117,1.0398,,LG+F+I{0.0117}+G4{1.0398}
HVO_B0216,LG+I+G4,0.0212,1.1633,,LG+I{0.0212}+G4{1.1633}
HVO_2014,LG+I+R4,0.0000,,"(0.1532,0.0119) (0.1506,0.4792) (0.2919,0.8424) (0.4043,1.6822)","LG+I{0.0000}+R4{0.1532,0.0119,0.1506,0.4792,0.2919,0.8424,0.4043,1.6822}"
HVO_2993,LG+I+G4,0.0213,2.8219,,LG+I{0.0213}+G4{2.8219}
HVO_B0233,LG+F+I+R4,0.0046,,"(0.0449,0.0830) (0.1987,0.3123) (0.3253,0.8138) (0.4265,1.5697)","LG+F+I{0.0046}+R4{0.0449,0.0830,0.1987,0.3123,0.3253,0.8138,0.4265,1.5697}"
HVO_B0289,LG+I+R4,0.0000,,"(0.0784,0.0764) (0.2645,0.3703) (0.2516,0.7954) (0.4056,1.7160)","LG+I{0.0000}+R4{0.0784,0.0764,0.2645,0.3703,0.2516,0.7954,0.4056,1.7160}"
HVO_2112,LG+F+I+R4,0.0182,,"(0.1242,0.1272) (0.2601,0.3985) (0.2781,0.9045) (0.3194,1.9692)","LG+F+I{0.0182}+R4{0.1242,0.1272,0.2601,0.3985,0.2781,0.9045,0.3194,1.9692}"
HVO_0999,LG+I+G4,0.0000,2.2198,,LG+I{0.0000}+G4{2.2198}
HVO_A0528,LG+F+I+R3,0.0000,,"(0.1027,0.2382) (0.4882,0.7281) (0.4091,1.5157)","LG+F+I{0.0000}+R3{0.1027,0.2382,0.4882,0.7281,0.4091,1.5157}"
HVO_A0534,LG+F+I+R3,0.0000,,"(0.1027,0.2382) (0.4882,0.7281) (0.4091,1.5157)","LG+F+I{0.0000}+R3{0.1027,0.2382,0.4882,0.7281,0.4091,1.5157}"
HVO_A0534,LG+F+I+R3,0.0000,,"(0.1027,0.2382) (0.4882,0.7281) (0.4091,1.5157)","LG+F+I{0.0000}+R3{0.1027,0.2382,0.4882,0.7281,0.4091,1.5157}"
HVO_1223,LG+F+I+R4,0.0055,,"(0.0936,0.1876) (0.2910,0.4454) (0.3308,1.0165) (0.2791,1.8508)","LG+F+I{0.0055}+R4{0.0936,0.1876,0.2910,0.4454,0.3308,1.0165,0.2791,1.8508}"
HVO_B0241,LG+I+R4,0.0000,,"(0.1197,0.0988) (0.1976,0.4143) (0.3313,1.0226) (0.3514,1.6151)","LG+I{0.0000}+R4{0.1197,0.0988,0.1976,0.4143,0.3313,1.0226,0.3514,1.6151}"
HVO_A0066,LG+I+R4,0.0000,,"(0.1197,0.0988) (0.1976,0.4143) (0.3313,1.0226) (0.3514,1.6151)","LG+I{0.0000}+R4{0.1197,0.0988,0.1976,0.4143,0.3313,1.0226,0.3514,1.6151}"
HVO_A0008,LG+I+R4,0.0000,,"(0.1197,0.0988) (0.1976,0.4143) (0.3313,1.0226) (0.3514,1.6151)","LG+I{0.0000}+R4{0.1197,0.0988,0.1976,0.4143,0.3313,1.0226,0.3514,1.6151}"
HVO_A0018,LG+I+R4,0.0000,,"(0.1197,0.0988) (0.1976,0.4143) (0.3313,1.0226) (0.3514,1.6151)","LG+I{0.0000}+R4{0.1197,0.0988,0.1976,0.4143,0.3313,1.0226,0.3514,1.6151}"
HVO_2075,LG+I+R4,0.0000,,"(0.1197,0.0988) (0.1976,0.4143) (0.3313,1.0226) (0.3514,1.6151)","LG+I{0.0000}+R4{0.1197,0.0988,0.1976,0.4143,0.3313,1.0226,0.3514,1.6151}"
HVO_2434,LG+I+R4,0.0000,,"(0.1197,0.0988) (0.1976,0.4143) (0.3313,1.0226) (0.3514,1.6151)","LG+I{0.0000}+R4{0.1197,0.0988,0.1976,0.4143,0.3313,1.0226,0.3514,1.6151}"
HVO_1253,LG+F+I+G4,0.0000,2.7361,,LG+F+I{0.0000}+G4{2.7361}
HVO_0599,LG+F+I+G4,0.0000,2.7361,,LG+F+I{0.0000}+G4{2.7361}
HVO_2922,LG+I+G4,0.0000,1.3845,,LG+I{0.0000}+G4{1.3845}
HVO_1261,LG+F+I+G4,0.0000,1.5883,,LG+F+I{0.0000}+G4{1.5883}
HVO_0874,LG+I+G4,0.0093,2.8473,,LG+I{0.0093}+G4{2.8473}
HVO_2558,LG+I+G4,0.0093,2.8473,,LG+I{0.0093}+G4{2.8473}
HVO_A0079,LG+F+I+R4,0.0000,,"(0.0472,0.0616) (0.1674,0.3143) (0.2722,0.7261) (0.5131,1.4554)","LG+F+I{0.0000}+R4{0.0472,0.0616,0.1674,0.3143,0.2722,0.7261,0.5131,1.4554}"
HVO_A0094,LG+F+I+R4,0.0000,,"(0.1539,0.2975) (0.3063,0.5089) (0.2574,0.9246) (0.2825,1.9838)","LG+F+I{0.0000}+R4{0.1539,0.2975,0.3063,0.5089,0.2574,0.9246,0.2825,1.9838}"
HVO_A0085,LG+F+I+R4,0.0000,,"(0.1539,0.2975) (0.3063,0.5089) (0.2574,0.9246) (0.2825,1.9838)","LG+F+I{0.0000}+R4{0.1539,0.2975,0.3063,0.5089,0.2574,0.9246,0.2825,1.9838}"
HVO_B0243,LG+F+I+R4,0.0000,,"(0.0430,0.0564) (0.1995,0.4336) (0.3210,0.8671) (0.4366,1.4494)","LG+F+I{0.0000}+R4{0.0430,0.0564,0.1995,0.4336,0.3210,0.8671,0.4366,1.4494}"
HVO_2979,LG+F+I+R4,0.0000,,"(0.0430,0.0564) (0.1995,0.4336) (0.3210,0.8671) (0.4366,1.4494)","LG+F+I{0.0000}+R4{0.0430,0.0564,0.1995,0.4336,0.3210,0.8671,0.4366,1.4494}"
HVO_A0553,LG+I+R4,0.0096,,"(0.1400,0.1288) (0.2636,0.4779) (0.3789,1.1201) (0.2078,2.0764)","LG+I{0.0096}+R4{0.1400,0.1288,0.2636,0.4779,0.3789,1.1201,0.2078,2.0764}"
HVO_A0487,LG+I+R4,0.0096,,"(0.1400,0.1288) (0.2636,0.4779) (0.3789,1.1201) (0.2078,2.0764)","LG+I{0.0096}+R4{0.1400,0.1288,0.2636,0.4779,0.3789,1.1201,0.2078,2.0764}"
HVO_B0002,LG+I+R4,0.0000,,"(0.0747,0.1431) (0.1705,0.3843) (0.3890,0.8707) (0.3658,1.5995)","LG+I{0.0000}+R4{0.0747,0.1431,0.1705,0.3843,0.3890,0.8707,0.3658,1.5995}"
HVO_B0263,LG+I+R4,0.0000,,"(0.0747,0.1431) (0.1705,0.3843) (0.3890,0.8707) (0.3658,1.5995)","LG+I{0.0000}+R4{0.0747,0.1431,0.1705,0.3843,0.3890,0.8707,0.3658,1.5995}"
HVO_B0120,LG+I+R4,0.0000,,"(0.0747,0.1431) (0.1705,0.3843) (0.3890,0.8707) (0.3658,1.5995)","LG+I{0.0000}+R4{0.0747,0.1431,0.1705,0.3843,0.3890,0.8707,0.3658,1.5995}"
HVO_B0306,LG+I+R4,0.0000,,"(0.0747,0.1431) (0.1705,0.3843) (0.3890,0.8707) (0.3658,1.5995)","LG+I{0.0000}+R4{0.0747,0.1431,0.1705,0.3843,0.3890,0.8707,0.3658,1.5995}"
HVO_A0341,LG+I+R4,0.0000,,"(0.0747,0.1431) (0.1705,0.3843) (0.3890,0.8707) (0.3658,1.5995)","LG+I{0.0000}+R4{0.0747,0.1431,0.1705,0.3843,0.3890,0.8707,0.3658,1.5995}"
HVO_A0295,LG+I+R4,0.0000,,"(0.0747,0.1431) (0.1705,0.3843) (0.3890,0.8707) (0.3658,1.5995)","LG+I{0.0000}+R4{0.0747,0.1431,0.1705,0.3843,0.3890,0.8707,0.3658,1.5995}"
HVO_A0634,LG+I+R4,0.0000,,"(0.0747,0.1431) (0.1705,0.3843) (0.3890,0.8707) (0.3658,1.5995)","LG+I{0.0000}+R4{0.0747,0.1431,0.1705,0.3843,0.3890,0.8707,0.3658,1.5995}"
HVO_1096,LG+I+R4,0.0000,,"(0.0747,0.1431) (0.1705,0.3843) (0.3890,0.8707) (0.3658,1.5995)","LG+I{0.0000}+R4{0.0747,0.1431,0.1705,0.3843,0.3890,0.8707,0.3658,1.5995}"
HVO_2127,LG+I+R4,0.0000,,"(0.0747,0.1431) (0.1705,0.3843) (0.3890,0.8707) (0.3658,1.5995)","LG+I{0.0000}+R4{0.0747,0.1431,0.1705,0.3843,0.3890,0.8707,0.3658,1.5995}"
HVO_1784,LG+I+R4,0.0000,,"(0.0747,0.1431) (0.1705,0.3843) (0.3890,0.8707) (0.3658,1.5995)","LG+I{0.0000}+R4{0.0747,0.1431,0.1705,0.3843,0.3890,0.8707,0.3658,1.5995}"
HVO_0419,LG+I+R4,0.0000,,"(0.0747,0.1431) (0.1705,0.3843) (0.3890,0.8707) (0.3658,1.5995)","LG+I{0.0000}+R4{0.0747,0.1431,0.1705,0.3843,0.3890,0.8707,0.3658,1.5995}"
HVO_2128,LG+I+R4,0.0000,,"(0.0747,0.1431) (0.1705,0.3843) (0.3890,0.8707) (0.3658,1.5995)","LG+I{0.0000}+R4{0.0747,0.1431,0.1705,0.3843,0.3890,0.8707,0.3658,1.5995}"
HVO_1395,LG+I+R4,0.0000,,"(0.0747,0.1431) (0.1705,0.3843) (0.3890,0.8707) (0.3658,1.5995)","LG+I{0.0000}+R4{0.0747,0.1431,0.1705,0.3843,0.3890,0.8707,0.3658,1.5995}"
HVO_0687,LG+I+R4,0.0000,,"(0.0747,0.1431) (0.1705,0.3843) (0.3890,0.8707) (0.3658,1.5995)","LG+I{0.0000}+R4{0.0747,0.1431,0.1705,0.3843,0.3890,0.8707,0.3658,1.5995}"
HVO_2080,LG+I+R4,0.0097,,"(0.0606,0.0700) (0.1333,0.3945) (0.4366,0.7983) (0.3597,1.6532)","LG+I{0.0097}+R4{0.0606,0.0700,0.1333,0.3945,0.4366,0.7983,0.3597,1.6532}"
HVO_1215,LG+I+R4,0.0097,,"(0.0606,0.0700) (0.1333,0.3945) (0.4366,0.7983) (0.3597,1.6532)","LG+I{0.0097}+R4{0.0606,0.0700,0.1333,0.3945,0.4366,0.7983,0.3597,1.6532}"
HVO_2160,LG+I+R4,0.0097,,"(0.0606,0.0700) (0.1333,0.3945) (0.4366,0.7983) (0.3597,1.6532)","LG+I{0.0097}+R4{0.0606,0.0700,0.1333,0.3945,0.4366,0.7983,0.3597,1.6532}"
HVO_2160,LG+I+R4,0.0097,,"(0.0606,0.0700) (0.1333,0.3945) (0.4366,0.7983) (0.3597,1.6532)","LG+I{0.0097}+R4{0.0606,0.0700,0.1333,0.3945,0.4366,0.7983,0.3597,1.6532}"
HVO_1941,LG+I+G4,0.1996,1.0461,,LG+I{0.1996}+G4{1.0461}
HVO_1257,LG+I+G4,0.1996,1.0461,,LG+I{0.1996}+G4{1.0461}
HVO_2168,LG+I+G4,0.1996,1.0461,,LG+I{0.1996}+G4{1.0461}
HVO_0639,LG+I+G4,0.1996,1.0461,,LG+I{0.1996}+G4{1.0461}
HVO_A0074,LG+I+G4,0.0104,2.8005,,LG+I{0.0104}+G4{2.8005}
HVO_B0205,LG+I+R4,0.0050,,"(0.0751,0.1092) (0.1629,0.3902) (0.2895,0.7734) (0.4675,1.5066)","LG+I{0.0050}+R4{0.0751,0.1092,0.1629,0.3902,0.2895,0.7734,0.4675,1.5066}"
HVO_2153,LG+I+R4,0.0050,,"(0.0751,0.1092) (0.1629,0.3902) (0.2895,0.7734) (0.4675,1.5066)","LG+I{0.0050}+R4{0.0751,0.1092,0.1629,0.3902,0.2895,0.7734,0.4675,1.5066}"
HVO_B0205,LG+I+G4,0.0194,1.4852,,LG+I{0.0194}+G4{1.4852}
HVO_2153,LG+I+G4,0.0194,1.4852,,LG+I{0.0194}+G4{1.4852}
HVO_2141,LG+I+G4,0.0194,1.4852,,LG+I{0.0194}+G4{1.4852}
HVO_2753,JTT+G4,,0.8798,,JTT+G4{0.8798}
HVO_A0430,LG+I+G4,0.0065,1.6239,,LG+I{0.0065}+G4{1.6239}
HVO_2639,LG+I+G4,0.0065,1.6239,,LG+I{0.0065}+G4{1.6239}
HVO_0011,LG+I+G4,0.0596,1.5437,,LG+I{0.0596}+G4{1.5437}
HVO_0965,LG+I+G4,0.0357,1.9612,,LG+I{0.0357}+G4{1.9612}
HVO_1292,LG+F+I+R4,0.0000,,"(0.0740,0.0999) (0.2556,0.5030) (0.3660,0.9670) (0.3044,1.6758)","LG+F+I{0.0000}+R4{0.0740,0.0999,0.2556,0.5030,0.3660,0.9670,0.3044,1.6758}"
HVO_B0224,LG+I+R4,0.0000,,"(0.0324,0.0477) (0.1004,0.3206) (0.4182,0.7948) (0.4490,1.4118)","LG+I{0.0000}+R4{0.0324,0.0477,0.1004,0.3206,0.4182,0.7948,0.4490,1.4118}"
HVO_A0387,LG+I+R4,0.0000,,"(0.0324,0.0477) (0.1004,0.3206) (0.4182,0.7948) (0.4490,1.4118)","LG+I{0.0000}+R4{0.0324,0.0477,0.1004,0.3206,0.4182,0.7948,0.4490,1.4118}"
HVO_A0532,LG+I+R4,0.0000,,"(0.0324,0.0477) (0.1004,0.3206) (0.4182,0.7948) (0.4490,1.4118)","LG+I{0.0000}+R4{0.0324,0.0477,0.1004,0.3206,0.4182,0.7948,0.4490,1.4118}"
HVO_A0090,LG+I+R4,0.0000,,"(0.0324,0.0477) (0.1004,0.3206) (0.4182,0.7948) (0.4490,1.4118)","LG+I{0.0000}+R4{0.0324,0.0477,0.1004,0.3206,0.4182,0.7948,0.4490,1.4118}"
HVO_1036,LG+I+R4,0.0000,,"(0.0324,0.0477) (0.1004,0.3206) (0.4182,0.7948) (0.4490,1.4118)","LG+I{0.0000}+R4{0.0324,0.0477,0.1004,0.3206,0.4182,0.7948,0.4490,1.4118}"
HVO_2974,LG+I+R4,0.0000,,"(0.0324,0.0477) (0.1004,0.3206) (0.4182,0.7948) (0.4490,1.4118)","LG+I{0.0000}+R4{0.0324,0.0477,0.1004,0.3206,0.4182,0.7948,0.4490,1.4118}"
HVO_0284,LG+I+R4,0.0000,,"(0.0324,0.0477) (0.1004,0.3206) (0.4182,0.7948) (0.4490,1.4118)","LG+I{0.0000}+R4{0.0324,0.0477,0.1004,0.3206,0.4182,0.7948,0.4490,1.4118}"
HVO_2585,LG+I+R4,0.0000,,"(0.0324,0.0477) (0.1004,0.3206) (0.4182,0.7948) (0.4490,1.4118)","LG+I{0.0000}+R4{0.0324,0.0477,0.1004,0.3206,0.4182,0.7948,0.4490,1.4118}"
HVO_1588,LG+I+R4,0.0000,,"(0.0324,0.0477) (0.1004,0.3206) (0.4182,0.7948) (0.4490,1.4118)","LG+I{0.0000}+R4{0.0324,0.0477,0.1004,0.3206,0.4182,0.7948,0.4490,1.4118}"
HVO_2137,LG+I+R4,0.0000,,"(0.0324,0.0477) (0.1004,0.3206) (0.4182,0.7948) (0.4490,1.4118)","LG+I{0.0000}+R4{0.0324,0.0477,0.1004,0.3206,0.4182,0.7948,0.4490,1.4118}"
HVO_A0429,LG+F+I+R4,0.0033,,"(0.0289,0.1431) (0.1170,0.3892) (0.5427,0.8433) (0.3080,1.5993)","LG+F+I{0.0033}+R4{0.0289,0.1431,0.1170,0.3892,0.5427,0.8433,0.3080,1.5993}"
HVO_A0429,LG+F+I+R4,0.0033,,"(0.0289,0.1431) (0.1170,0.3892) (0.5427,0.8433) (0.3080,1.5993)","LG+F+I{0.0033}+R4{0.0289,0.1431,0.1170,0.3892,0.5427,0.8433,0.3080,1.5993}"
HVO_2582,LG+F+I+R4,0.0033,,"(0.0289,0.1431) (0.1170,0.3892) (0.5427,0.8433) (0.3080,1.5993)","LG+F+I{0.0033}+R4{0.0289,0.1431,0.1170,0.3892,0.5427,0.8433,0.3080,1.5993}"
HVO_2717,LG+I+G4,0.0000,0.8255,,LG+I{0.0000}+G4{0.8255}
HVO_1684,LG+I+G4,0.0000,0.8255,,LG+I{0.0000}+G4{0.8255}
HVO_0206,LG+I+G4,0.0000,0.8255,,LG+I{0.0000}+G4{0.8255}
HVO_0866,LG+I+G4,0.0000,0.8255,,LG+I{0.0000}+G4{0.8255}
HVO_A0618,LG+I+R4,0.0046,,"(0.0611,0.1372) (0.2185,0.4156) (0.3428,0.8861) (0.3730,1.6007)","LG+I{0.0046}+R4{0.0611,0.1372,0.2185,0.4156,0.3428,0.8861,0.3730,1.6007}"
HVO_A0472,LG+I+R4,0.0046,,"(0.0611,0.1372) (0.2185,0.4156) (0.3428,0.8861) (0.3730,1.6007)","LG+I{0.0046}+R4{0.0611,0.1372,0.2185,0.4156,0.3428,0.8861,0.3730,1.6007}"
HVO_1578,LG+I+R4,0.0046,,"(0.0611,0.1372) (0.2185,0.4156) (0.3428,0.8861) (0.3730,1.6007)","LG+I{0.0046}+R4{0.0611,0.1372,0.2185,0.4156,0.3428,0.8861,0.3730,1.6007}"
HVO_1758,LG+I+R4,0.0046,,"(0.0611,0.1372) (0.2185,0.4156) (0.3428,0.8861) (0.3730,1.6007)","LG+I{0.0046}+R4{0.0611,0.1372,0.2185,0.4156,0.3428,0.8861,0.3730,1.6007}"
HVO_2961,LG+I+R4,0.0046,,"(0.0611,0.1372) (0.2185,0.4156) (0.3428,0.8861) (0.3730,1.6007)","LG+I{0.0046}+R4{0.0611,0.1372,0.2185,0.4156,0.3428,0.8861,0.3730,1.6007}"
HVO_1061,LG+I+R4,0.0046,,"(0.0611,0.1372) (0.2185,0.4156) (0.3428,0.8861) (0.3730,1.6007)","LG+I{0.0046}+R4{0.0611,0.1372,0.2185,0.4156,0.3428,0.8861,0.3730,1.6007}"
HVO_1123,LG+I+R4,0.0046,,"(0.0611,0.1372) (0.2185,0.4156) (0.3428,0.8861) (0.3730,1.6007)","LG+I{0.0046}+R4{0.0611,0.1372,0.2185,0.4156,0.3428,0.8861,0.3730,1.6007}"
HVO_1413,LG+I+R4,0.0046,,"(0.0611,0.1372) (0.2185,0.4156) (0.3428,0.8861) (0.3730,1.6007)","LG+I{0.0046}+R4{0.0611,0.1372,0.2185,0.4156,0.3428,0.8861,0.3730,1.6007}"
HVO_1031,LG+I+R4,0.0046,,"(0.0611,0.1372) (0.2185,0.4156) (0.3428,0.8861) (0.3730,1.6007)","LG+I{0.0046}+R4{0.0611,0.1372,0.2185,0.4156,0.3428,0.8861,0.3730,1.6007}"
HVO_2345,LG+I+R4,0.0046,,"(0.0611,0.1372) (0.2185,0.4156) (0.3428,0.8861) (0.3730,1.6007)","LG+I{0.0046}+R4{0.0611,0.1372,0.2185,0.4156,0.3428,0.8861,0.3730,1.6007}"
HVO_0105,LG+I+R4,0.0046,,"(0.0611,0.1372) (0.2185,0.4156) (0.3428,0.8861) (0.3730,1.6007)","LG+I{0.0046}+R4{0.0611,0.1372,0.2185,0.4156,0.3428,0.8861,0.3730,1.6007}"
HVO_0161,LG+I+G4,0.0105,0.9231,,LG+I{0.0105}+G4{0.9231}
HVO_2493,LG+I+G4,0.0667,0.9849,,LG+I{0.0667}+G4{0.9849}
HVO_1148,LG+I+R4,0.0084,,"(0.1051,0.0195) (0.2513,0.3433) (0.4768,1.1502) (0.1585,2.2927)","LG+I{0.0084}+R4{0.1051,0.0195,0.2513,0.3433,0.4768,1.1502,0.1585,2.2927}"
HVO_2552,LG+I+G4,0.0419,1.9214,,LG+I{0.0419}+G4{1.9214}
HVO_1501,LG+I+G4,0.0680,3.1392,,LG+I{0.0680}+G4{3.1392}
HVO_B0025,LG+I+R4,0.0000,,"(0.0743,0.0720) (0.1792,0.3900) (0.2852,0.8272) (0.4612,1.4934)","LG+I{0.0000}+R4{0.0743,0.0720,0.1792,0.3900,0.2852,0.8272,0.4612,1.4934}"
HVO_B0071,LG+I+R4,0.0000,,"(0.0743,0.0720) (0.1792,0.3900) (0.2852,0.8272) (0.4612,1.4934)","LG+I{0.0000}+R4{0.0743,0.0720,0.1792,0.3900,0.2852,0.8272,0.4612,1.4934}"
HVO_B0239,LG+I+R4,0.0000,,"(0.0743,0.0720) (0.1792,0.3900) (0.2852,0.8272) (0.4612,1.4934)","LG+I{0.0000}+R4{0.0743,0.0720,0.1792,0.3900,0.2852,0.8272,0.4612,1.4934}"
HVO_B0110,LG+I+R4,0.0000,,"(0.0743,0.0720) (0.1792,0.3900) (0.2852,0.8272) (0.4612,1.4934)","LG+I{0.0000}+R4{0.0743,0.0720,0.1792,0.3900,0.2852,0.8272,0.4612,1.4934}"
HVO_1047,LG+I+R4,0.0000,,"(0.0743,0.0720) (0.1792,0.3900) (0.2852,0.8272) (0.4612,1.4934)","LG+I{0.0000}+R4{0.0743,0.0720,0.1792,0.3900,0.2852,0.8272,0.4612,1.4934}"
HVO_1083,LG+I+R4,0.0000,,"(0.0743,0.0720) (0.1792,0.3900) (0.2852,0.8272) (0.4612,1.4934)","LG+I{0.0000}+R4{0.0743,0.0720,0.1792,0.3900,0.2852,0.8272,0.4612,1.4934}"
HVO_2428,LG+I+R4,0.0000,,"(0.0743,0.0720) (0.1792,0.3900) (0.2852,0.8272) (0.4612,1.4934)","LG+I{0.0000}+R4{0.0743,0.0720,0.1792,0.3900,0.2852,0.8272,0.4612,1.4934}"
HVO_2643,LG+I+R4,0.0000,,"(0.0743,0.0720) (0.1792,0.3900) (0.2852,0.8272) (0.4612,1.4934)","LG+I{0.0000}+R4{0.0743,0.0720,0.1792,0.3900,0.2852,0.8272,0.4612,1.4934}"
HVO_2467,LG+I+R4,0.0000,,"(0.0743,0.0720) (0.1792,0.3900) (0.2852,0.8272) (0.4612,1.4934)","LG+I{0.0000}+R4{0.0743,0.0720,0.1792,0.3900,0.2852,0.8272,0.4612,1.4934}"
HVO_0608,LG+I+R4,0.0000,,"(0.0743,0.0720) (0.1792,0.3900) (0.2852,0.8272) (0.4612,1.4934)","LG+I{0.0000}+R4{0.0743,0.0720,0.1792,0.3900,0.2852,0.8272,0.4612,1.4934}"
HVO_2875,LG+I+R4,0.0000,,"(0.1052,0.1870) (0.2438,0.4728) (0.2811,0.9316) (0.3698,1.6309)","LG+I{0.0000}+R4{0.1052,0.1870,0.2438,0.4728,0.2811,0.9316,0.3698,1.6309}"
HVO_1534,LG+I+R4,0.0000,,"(0.1052,0.1870) (0.2438,0.4728) (0.2811,0.9316) (0.3698,1.6309)","LG+I{0.0000}+R4{0.1052,0.1870,0.2438,0.4728,0.2811,0.9316,0.3698,1.6309}"
HVO_0574,LG+I+R4,0.0000,,"(0.1052,0.1870) (0.2438,0.4728) (0.2811,0.9316) (0.3698,1.6309)","LG+I{0.0000}+R4{0.1052,0.1870,0.2438,0.4728,0.2811,0.9316,0.3698,1.6309}"
HVO_1715,LG+I+R4,0.0000,,"(0.1052,0.1870) (0.2438,0.4728) (0.2811,0.9316) (0.3698,1.6309)","LG+I{0.0000}+R4{0.1052,0.1870,0.2438,0.4728,0.2811,0.9316,0.3698,1.6309}"
HVO_0309,LG+I+R4,0.0000,,"(0.1052,0.1870) (0.2438,0.4728) (0.2811,0.9316) (0.3698,1.6309)","LG+I{0.0000}+R4{0.1052,0.1870,0.2438,0.4728,0.2811,0.9316,0.3698,1.6309}"
HVO_2664,LG+I+R4,0.0000,,"(0.1052,0.1870) (0.2438,0.4728) (0.2811,0.9316) (0.3698,1.6309)","LG+I{0.0000}+R4{0.1052,0.1870,0.2438,0.4728,0.2811,0.9316,0.3698,1.6309}"
HVO_0019,LG+I+R4,0.0000,,"(0.1052,0.1870) (0.2438,0.4728) (0.2811,0.9316) (0.3698,1.6309)","LG+I{0.0000}+R4{0.1052,0.1870,0.2438,0.4728,0.2811,0.9316,0.3698,1.6309}"
HVO_1088,LG+I+R4,0.0102,,"(0.0343,0.0359) (0.1870,0.2455) (0.3034,0.6768) (0.4651,1.6073)","LG+I{0.0102}+R4{0.0343,0.0359,0.1870,0.2455,0.3034,0.6768,0.4651,1.6073}"
HVO_1547,LG+I+G4,0.0000,2.8159,,LG+I{0.0000}+G4{2.8159}
HVO_2945,LG+I+G4,0.0000,2.8159,,LG+I{0.0000}+G4{2.8159}
HVO_0452,LG+I+G4,0.0000,2.8159,,LG+I{0.0000}+G4{2.8159}
HVO_2743,LG+F+I+R4,0.0215,,"(0.1206,0.0780) (0.2326,0.3981) (0.3322,0.9415) (0.2931,1.9966)","LG+F+I{0.0215}+R4{0.1206,0.0780,0.2326,0.3981,0.3322,0.9415,0.2931,1.9966}"
HVO_A0448,LG+I+G4,0.0743,1.7203,,LG+I{0.0743}+G4{1.7203}
HVO_A0137,LG+I+G4,0.0743,1.7203,,LG+I{0.0743}+G4{1.7203}
HVO_A0375,LG+I+G4,0.0743,1.7203,,LG+I{0.0743}+G4{1.7203}
HVO_A0098,LG+I+G4,0.0743,1.7203,,LG+I{0.0743}+G4{1.7203}
HVO_A0026,LG+I+G4,0.0743,1.7203,,LG+I{0.0743}+G4{1.7203}
HVO_0226,LG+I+G4,0.0743,1.7203,,LG+I{0.0743}+G4{1.7203}
HVO_1478,LG+I+G4,0.0743,1.7203,,LG+I{0.0743}+G4{1.7203}
HVO_1676,LG+I+G4,0.0743,1.7203,,LG+I{0.0743}+G4{1.7203}
HVO_1052,LG+I+G4,0.0743,1.7203,,LG+I{0.0743}+G4{1.7203}
HVO_0795,LG+I+G4,0.0743,1.7203,,LG+I{0.0743}+G4{1.7203}
HVO_A0419,LG+I+R3,0.0000,,"(0.3531,0.3224) (0.2105,0.7794) (0.4364,1.6546)","LG+I{0.0000}+R3{0.3531,0.3224,0.2105,0.7794,0.4364,1.6546}"
HVO_2485,LG+I+R3,0.0000,,"(0.3531,0.3224) (0.2105,0.7794) (0.4364,1.6546)","LG+I{0.0000}+R3{0.3531,0.3224,0.2105,0.7794,0.4364,1.6546}"
HVO_0383,LG+I+G4,0.0000,2.1161,,LG+I{0.0000}+G4{2.1161}
HVO_1536,LG+F+I+R4,0.0114,,"(0.0571,0.0625) (0.1803,0.3136) (0.3991,0.7893) (0.3521,1.7746)","LG+F+I{0.0114}+R4{0.0571,0.0625,0.1803,0.3136,0.3991,0.7893,0.3521,1.7746}"
HVO_1536,LG+F+I+R4,0.0114,,"(0.0571,0.0625) (0.1803,0.3136) (0.3991,0.7893) (0.3521,1.7746)","LG+F+I{0.0114}+R4{0.0571,0.0625,0.1803,0.3136,0.3991,0.7893,0.3521,1.7746}"
HVO_2848,LG+I+R2,0.0935,,"(0.7628,0.6696) (0.1438,3.4029)","LG+I{0.0935}+R2{0.7628,0.6696,0.1438,3.4029}"
HVO_2849,LG+I+R2,0.0935,,"(0.7628,0.6696) (0.1438,3.4029)","LG+I{0.0935}+R2{0.7628,0.6696,0.1438,3.4029}"
HVO_2736,LG+I+R4,0.0124,,"(0.0473,0.0989) (0.3577,0.4437) (0.3928,0.9762) (0.1899,2.3868)","LG+I{0.0124}+R4{0.0473,0.0989,0.3577,0.4437,0.3928,0.9762,0.1899,2.3868}"
HVO_2383,LG+I+G4,0.1311,1.3016,,LG+I{0.1311}+G4{1.3016}
HVO_0104,LG+I+G4,0.1311,1.3016,,LG+I{0.1311}+G4{1.3016}
HVO_0104,LG+I+G4,0.1311,1.3016,,LG+I{0.1311}+G4{1.3016}
HVO_1608,LG+I+R4,0.0189,,"(0.0936,0.0964) (0.1852,0.3517) (0.2445,0.7405) (0.4578,1.6269)","LG+I{0.0189}+R4{0.0936,0.0964,0.1852,0.3517,0.2445,0.7405,0.4578,1.6269}"
HVO_2932,LG+I+R4,0.0189,,"(0.0936,0.0964) (0.1852,0.3517) (0.2445,0.7405) (0.4578,1.6269)","LG+I{0.0189}+R4{0.0936,0.0964,0.1852,0.3517,0.2445,0.7405,0.4578,1.6269}"
HVO_2465,LG+I+G4,0.0901,1.7378,,LG+I{0.0901}+G4{1.7378}
HVO_0046,LG+I,0.0907,,,LG+I{0.0907}
HVO_2813,LG+I,0.0907,,,LG+I{0.0907}
HVO_0483,LG+I,0.0907,,,LG+I{0.0907}
HVO_B0154,LG+I+R4,0.0000,,"(0.0684,0.1834) (0.2354,0.6016) (0.3662,0.9526) (0.3300,1.5061)","LG+I{0.0000}+R4{0.0684,0.1834,0.2354,0.6016,0.3662,0.9526,0.3300,1.5061}"
HVO_0301,LG+I+R4,0.0000,,"(0.0684,0.1834) (0.2354,0.6016) (0.3662,0.9526) (0.3300,1.5061)","LG+I{0.0000}+R4{0.0684,0.1834,0.2354,0.6016,0.3662,0.9526,0.3300,1.5061}"
HVO_1811,LG+I+R4,0.0000,,"(0.0684,0.1834) (0.2354,0.6016) (0.3662,0.9526) (0.3300,1.5061)","LG+I{0.0000}+R4{0.0684,0.1834,0.2354,0.6016,0.3662,0.9526,0.3300,1.5061}"
HVO_1201,LG+I+R4,0.0000,,"(0.0684,0.1834) (0.2354,0.6016) (0.3662,0.9526) (0.3300,1.5061)","LG+I{0.0000}+R4{0.0684,0.1834,0.2354,0.6016,0.3662,0.9526,0.3300,1.5061}"
HVO_0632,LG+I+R4,0.0000,,"(0.0684,0.1834) (0.2354,0.6016) (0.3662,0.9526) (0.3300,1.5061)","LG+I{0.0000}+R4{0.0684,0.1834,0.2354,0.6016,0.3662,0.9526,0.3300,1.5061}"
HVO_B0154,LG+F+I+R3,0.0000,,"(0.0624,0.2096) (0.3636,0.6430) (0.5740,1.3120)","LG+F+I{0.0000}+R3{0.0624,0.2096,0.3636,0.6430,0.5740,1.3120}"
HVO_B0154,LG+F+I+R3,0.0000,,"(0.0624,0.2096) (0.3636,0.6430) (0.5740,1.3120)","LG+F+I{0.0000}+R3{0.0624,0.2096,0.3636,0.6430,0.5740,1.3120}"
HVO_B0154,LG+F+I+R3,0.0000,,"(0.0624,0.2096) (0.3636,0.6430) (0.5740,1.3120)","LG+F+I{0.0000}+R3{0.0624,0.2096,0.3636,0.6430,0.5740,1.3120}"
HVO_B0143,LG+F+I+R3,0.0000,,"(0.0624,0.2096) (0.3636,0.6430) (0.5740,1.3120)","LG+F+I{0.0000}+R3{0.0624,0.2096,0.3636,0.6430,0.5740,1.3120}"
HVO_B0143,LG+F+I+R3,0.0000,,"(0.0624,0.2096) (0.3636,0.6430) (0.5740,1.3120)","LG+F+I{0.0000}+R3{0.0624,0.2096,0.3636,0.6430,0.5740,1.3120}"
HVO_A0550,LG+F+I+R3,0.0000,,"(0.0624,0.2096) (0.3636,0.6430) (0.5740,1.3120)","LG+F+I{0.0000}+R3{0.0624,0.2096,0.3636,0.6430,0.5740,1.3120}"
HVO_A0550,LG+F+I+R3,0.0000,,"(0.0624,0.2096) (0.3636,0.6430) (0.5740,1.3120)","LG+F+I{0.0000}+R3{0.0624,0.2096,0.3636,0.6430,0.5740,1.3120}"
HVO_A0550,LG+F+I+R3,0.0000,,"(0.0624,0.2096) (0.3636,0.6430) (0.5740,1.3120)","LG+F+I{0.0000}+R3{0.0624,0.2096,0.3636,0.6430,0.5740,1.3120}"
HVO_A0587,LG+F+I+R3,0.0000,,"(0.0624,0.2096) (0.3636,0.6430) (0.5740,1.3120)","LG+F+I{0.0000}+R3{0.0624,0.2096,0.3636,0.6430,0.5740,1.3120}"
HVO_A0160,LG+F+I+R3,0.0000,,"(0.0624,0.2096) (0.3636,0.6430) (0.5740,1.3120)","LG+F+I{0.0000}+R3{0.0624,0.2096,0.3636,0.6430,0.5740,1.3120}"
HVO_A0160,LG+F+I+R3,0.0000,,"(0.0624,0.2096) (0.3636,0.6430) (0.5740,1.3120)","LG+F+I{0.0000}+R3{0.0624,0.2096,0.3636,0.6430,0.5740,1.3120}"
HVO_2025,LG+F+I+R3,0.0000,,"(0.0624,0.2096) (0.3636,0.6430) (0.5740,1.3120)","LG+F+I{0.0000}+R3{0.0624,0.2096,0.3636,0.6430,0.5740,1.3120}"
HVO_2836,LG+F+I+R3,0.0000,,"(0.0624,0.2096) (0.3636,0.6430) (0.5740,1.3120)","LG+F+I{0.0000}+R3{0.0624,0.2096,0.3636,0.6430,0.5740,1.3120}"
HVO_3005,LG+F+I+R3,0.0000,,"(0.0624,0.2096) (0.3636,0.6430) (0.5740,1.3120)","LG+F+I{0.0000}+R3{0.0624,0.2096,0.3636,0.6430,0.5740,1.3120}"
HVO_1713,LG+F+I+R3,0.0000,,"(0.0624,0.2096) (0.3636,0.6430) (0.5740,1.3120)","LG+F+I{0.0000}+R3{0.0624,0.2096,0.3636,0.6430,0.5740,1.3120}"
HVO_0621,LG+F+I+R3,0.0000,,"(0.0624,0.2096) (0.3636,0.6430) (0.5740,1.3120)","LG+F+I{0.0000}+R3{0.0624,0.2096,0.3636,0.6430,0.5740,1.3120}"
HVO_1953,LG+F+I+R3,0.0000,,"(0.0624,0.2096) (0.3636,0.6430) (0.5740,1.3120)","LG+F+I{0.0000}+R3{0.0624,0.2096,0.3636,0.6430,0.5740,1.3120}"
HVO_1356,LG+F+I+R3,0.0000,,"(0.0624,0.2096) (0.3636,0.6430) (0.5740,1.3120)","LG+F+I{0.0000}+R3{0.0624,0.2096,0.3636,0.6430,0.5740,1.3120}"
HVO_2660,LG+F+I+R3,0.0000,,"(0.0624,0.2096) (0.3636,0.6430) (0.5740,1.3120)","LG+F+I{0.0000}+R3{0.0624,0.2096,0.3636,0.6430,0.5740,1.3120}"
HVO_2195,LG+F+I+R3,0.0000,,"(0.0624,0.2096) (0.3636,0.6430) (0.5740,1.3120)","LG+F+I{0.0000}+R3{0.0624,0.2096,0.3636,0.6430,0.5740,1.3120}"
HVO_1811,LG+F+I+R3,0.0000,,"(0.0624,0.2096) (0.3636,0.6430) (0.5740,1.3120)","LG+F+I{0.0000}+R3{0.0624,0.2096,0.3636,0.6430,0.5740,1.3120}"
HVO_0110,LG+F+I+R3,0.0000,,"(0.0624,0.2096) (0.3636,0.6430) (0.5740,1.3120)","LG+F+I{0.0000}+R3{0.0624,0.2096,0.3636,0.6430,0.5740,1.3120}"
HVO_1298,LG+F+I+R3,0.0000,,"(0.0624,0.2096) (0.3636,0.6430) (0.5740,1.3120)","LG+F+I{0.0000}+R3{0.0624,0.2096,0.3636,0.6430,0.5740,1.3120}"
HVO_0632,LG+F+I+R3,0.0000,,"(0.0624,0.2096) (0.3636,0.6430) (0.5740,1.3120)","LG+F+I{0.0000}+R3{0.0624,0.2096,0.3636,0.6430,0.5740,1.3120}"
HVO_1456,LG+F+I+R3,0.0000,,"(0.0624,0.2096) (0.3636,0.6430) (0.5740,1.3120)","LG+F+I{0.0000}+R3{0.0624,0.2096,0.3636,0.6430,0.5740,1.3120}"
HVO_3006,LG+I+R4,0.0068,,"(0.0752,0.0613) (0.2000,0.2693) (0.3013,0.7248) (0.4167,1.7355)","LG+I{0.0068}+R4{0.0752,0.0613,0.2000,0.2693,0.3013,0.7248,0.4167,1.7355}"
HVO_0339,LG+I+G4,0.0285,1.4040,,LG+I{0.0285}+G4{1.4040}
HVO_0713,LG+I+R3,0.0285,,"(0.1223,0.0778) (0.2838,0.4273) (0.5653,1.5375)","LG+I{0.0285}+R3{0.1223,0.0778,0.2838,0.4273,0.5653,1.5375}"
HVO_0644,LG+I+G4,0.0111,1.5302,,LG+I{0.0111}+G4{1.5302}
HVO_A0326,LG+I+G4,0.0000,2.0152,,LG+I{0.0000}+G4{2.0152}
HVO_A0326,LG+I+G4,0.0168,4.4519,,LG+I{0.0168}+G4{4.4519}
HVO_1244,LG+I+R4,0.0000,,"(0.0176,0.1068) (0.2841,0.4827) (0.3960,0.9145) (0.3023,1.6503)","LG+I{0.0000}+R4{0.0176,0.1068,0.2841,0.4827,0.3960,0.9145,0.3023,1.6503}"
HVO_2419,LG+I+G4,0.0946,2.5436,,LG+I{0.0946}+G4{2.5436}
HVO_0203,LG+I+R4,0.0000,,"(0.0670,0.1735) (0.3872,0.5241) (0.2858,1.0433) (0.2600,1.8742)","LG+I{0.0000}+R4{0.0670,0.1735,0.3872,0.5241,0.2858,1.0433,0.2600,1.8742}"
HVO_0145,LG+I+R4,0.0000,,"(0.0670,0.1735) (0.3872,0.5241) (0.2858,1.0433) (0.2600,1.8742)","LG+I{0.0000}+R4{0.0670,0.1735,0.3872,0.5241,0.2858,1.0433,0.2600,1.8742}"
HVO_2628,LG+I+R4,0.0000,,"(0.0570,0.1635) (0.2461,0.4982) (0.3250,0.8682) (0.3719,1.5755)","LG+I{0.0000}+R4{0.0570,0.1635,0.2461,0.4982,0.3250,0.8682,0.3719,1.5755}"
HVO_1487,LG+I+R4,0.0000,,"(0.0570,0.1635) (0.2461,0.4982) (0.3250,0.8682) (0.3719,1.5755)","LG+I{0.0000}+R4{0.0570,0.1635,0.2461,0.4982,0.3250,0.8682,0.3719,1.5755}"
HVO_2761,LG+I+R4,0.0000,,"(0.0570,0.1635) (0.2461,0.4982) (0.3250,0.8682) (0.3719,1.5755)","LG+I{0.0000}+R4{0.0570,0.1635,0.2461,0.4982,0.3250,0.8682,0.3719,1.5755}"
HVO_2338,LG+I+R4,0.0000,,"(0.0570,0.1635) (0.2461,0.4982) (0.3250,0.8682) (0.3719,1.5755)","LG+I{0.0000}+R4{0.0570,0.1635,0.2461,0.4982,0.3250,0.8682,0.3719,1.5755}"
HVO_0068,LG+I+R4,0.0000,,"(0.0475,0.0887) (0.2041,0.3977) (0.3025,0.7748) (0.4459,1.5256)","LG+I{0.0000}+R4{0.0475,0.0887,0.2041,0.3977,0.3025,0.7748,0.4459,1.5256}"
HVO_0013,LG+I+R4,0.0000,,"(0.1254,0.1709) (0.2869,0.4512) (0.2606,0.9274) (0.3271,1.8572)","LG+I{0.0000}+R4{0.1254,0.1709,0.2869,0.4512,0.2606,0.9274,0.3271,1.8572}"
HVO_1357,LG+F+I+G4,0.0000,3.1670,,LG+F+I{0.0000}+G4{3.1670}
HVO_1271,LG+F+I+G4,0.0000,3.1670,,LG+F+I{0.0000}+G4{3.1670}
HVO_2838,LG+F+I+G4,0.0000,3.1670,,LG+F+I{0.0000}+G4{3.1670}
HVO_B0337,LG+I+G4,0.0000,2.4780,,LG+I{0.0000}+G4{2.4780}
HVO_B0014,LG+F+I+G4,0.0000,1.9376,,LG+F+I{0.0000}+G4{1.9376}
HVO_0397,LG+F+I+G4,0.0000,1.9376,,LG+F+I{0.0000}+G4{1.9376}
HVO_2404,LG+F+I+G4,0.0000,1.9376,,LG+F+I{0.0000}+G4{1.9376}
HVO_0551,LG+I+G4,0.0000,1.4135,,LG+I{0.0000}+G4{1.4135}
HVO_1939,LG+I+G4,0.0000,1.4135,,LG+I{0.0000}+G4{1.4135}
HVO_B0151,LG+I+R4,0.0000,,"(0.1609,0.2433) (0.3612,0.6690) (0.3210,1.1855) (0.1569,2.1582)","LG+I{0.0000}+R4{0.1609,0.2433,0.3612,0.6690,0.3210,1.1855,0.1569,2.1582}"
HVO_2409,LG+I+R4,0.0000,,"(0.1609,0.2433) (0.3612,0.6690) (0.3210,1.1855) (0.1569,2.1582)","LG+I{0.0000}+R4{0.1609,0.2433,0.3612,0.6690,0.3210,1.1855,0.1569,2.1582}"
HVO_A0547,LG+I+G4,0.0367,2.7216,,LG+I{0.0367}+G4{2.7216}
HVO_C0057,LG+I+G4,0.0000,2.9899,,LG+I{0.0000}+G4{2.9899}
HVO_B0001,LG+I+G4,0.0000,2.9899,,LG+I{0.0000}+G4{2.9899}
HVO_A0257,LG+I+G4,0.0000,2.9899,,LG+I{0.0000}+G4{2.9899}
HVO_A0001,LG+I+G4,0.0000,2.9899,,LG+I{0.0000}+G4{2.9899}
HVO_A0064,LG+I+G4,0.0000,2.9899,,LG+I{0.0000}+G4{2.9899}
HVO_2292,LG+I+G4,0.0000,2.9899,,LG+I{0.0000}+G4{2.9899}
HVO_0634,LG+I+G4,0.0000,2.9899,,LG+I{0.0000}+G4{2.9899}
HVO_0001,LG+I+G4,0.0000,2.9899,,LG+I{0.0000}+G4{2.9899}
HVO_2042,LG+I+G4,0.0000,2.9899,,LG+I{0.0000}+G4{2.9899}
HVO_1725,LG+I+G4,0.0000,2.9899,,LG+I{0.0000}+G4{2.9899}
HVO_0196,LG+I+G4,0.0111,3.1624,,LG+I{0.0111}+G4{3.1624}
HVO_1711,LG+F+I+R4,0.0000,,"(0.0931,0.1168) (0.2299,0.4421) (0.3604,0.8734) (0.3166,1.8088)","LG+F+I{0.0000}+R4{0.0931,0.1168,0.2299,0.4421,0.3604,0.8734,0.3166,1.8088}"
HVO_1901,LG+I+G4,0.0000,1.2620,,LG+I{0.0000}+G4{1.2620}
HVO_0870,LG+I+R4,0.0000,,"(0.1897,0.1575) (0.2298,0.4791) (0.3299,1.0725) (0.2505,2.0206)","LG+I{0.0000}+R4{0.1897,0.1575,0.2298,0.4791,0.3299,1.0725,0.2505,2.0206}"
HVO_2983,LG+I+G4,0.0000,2.6873,,LG+I{0.0000}+G4{2.6873}
HVO_1125,LG+I+G4,0.0146,1.1407,,LG+I{0.0146}+G4{1.1407}
HVO_0569,LG+I+G4,0.0656,2.4546,,LG+I{0.0656}+G4{2.4546}
HVO_1571,LG+I+G4,0.0417,1.7459,,LG+I{0.0417}+G4{1.7459}
HVO_0521,LG+I+G4,0.0802,1.1765,,LG+I{0.0802}+G4{1.1765}
HVO_B0204,LG+F+I+G4,0.0000,4.3982,,LG+F+I{0.0000}+G4{4.3982}
HVO_A0046,LG+F+I+G4,0.0000,4.3982,,LG+F+I{0.0000}+G4{4.3982}
HVO_2517,LG+F+I+G4,0.0000,4.3982,,LG+F+I{0.0000}+G4{4.3982}
HVO_0934,LG+F+I+G4,0.0000,4.3982,,LG+F+I{0.0000}+G4{4.3982}
HVO_1969,LG+F+I+G4,0.0000,4.3982,,LG+F+I{0.0000}+G4{4.3982}
HVO_C0076,LG+F+I+R3,0.0000,,"(0.3539,0.3969) (0.3238,0.8619) (0.3223,1.8011)","LG+F+I{0.0000}+R3{0.3539,0.3969,0.3238,0.8619,0.3223,1.8011}"
HVO_B0119,LG+F+I+R3,0.0000,,"(0.3539,0.3969) (0.3238,0.8619) (0.3223,1.8011)","LG+F+I{0.0000}+R3{0.3539,0.3969,0.3238,0.8619,0.3223,1.8011}"
HVO_B0040,LG+F+I+R3,0.0000,,"(0.3539,0.3969) (0.3238,0.8619) (0.3223,1.8011)","LG+F+I{0.0000}+R3{0.3539,0.3969,0.3238,0.8619,0.3223,1.8011}"
HVO_B0255,LG+F+I+R3,0.0000,,"(0.3539,0.3969) (0.3238,0.8619) (0.3223,1.8011)","LG+F+I{0.0000}+R3{0.3539,0.3969,0.3238,0.8619,0.3223,1.8011}"
HVO_B0114,LG+F+I+R3,0.0000,,"(0.3539,0.3969) (0.3238,0.8619) (0.3223,1.8011)","LG+F+I{0.0000}+R3{0.3539,0.3969,0.3238,0.8619,0.3223,1.8011}"
HVO_B0319,LG+F+I+R3,0.0000,,"(0.3539,0.3969) (0.3238,0.8619) (0.3223,1.8011)","LG+F+I{0.0000}+R3{0.3539,0.3969,0.3238,0.8619,0.3223,1.8011}"
HVO_B0320,LG+F+I+R3,0.0000,,"(0.3539,0.3969) (0.3238,0.8619) (0.3223,1.8011)","LG+F+I{0.0000}+R3{0.3539,0.3969,0.3238,0.8619,0.3223,1.8011}"
HVO_B0101,LG+F+I+R3,0.0000,,"(0.3539,0.3969) (0.3238,0.8619) (0.3223,1.8011)","LG+F+I{0.0000}+R3{0.3539,0.3969,0.3238,0.8619,0.3223,1.8011}"
HVO_A0436,LG+F+I+R3,0.0000,,"(0.3539,0.3969) (0.3238,0.8619) (0.3223,1.8011)","LG+F+I{0.0000}+R3{0.3539,0.3969,0.3238,0.8619,0.3223,1.8011}"
HVO_A0583,LG+F+I+R3,0.0000,,"(0.3539,0.3969) (0.3238,0.8619) (0.3223,1.8011)","LG+F+I{0.0000}+R3{0.3539,0.3969,0.3238,0.8619,0.3223,1.8011}"
HVO_A0093,LG+F+I+R3,0.0000,,"(0.3539,0.3969) (0.3238,0.8619) (0.3223,1.8011)","LG+F+I{0.0000}+R3{0.3539,0.3969,0.3238,0.8619,0.3223,1.8011}"
HVO_A0527,LG+F+I+R3,0.0000,,"(0.3539,0.3969) (0.3238,0.8619) (0.3223,1.8011)","LG+F+I{0.0000}+R3{0.3539,0.3969,0.3238,0.8619,0.3223,1.8011}"
HVO_A0280,LG+F+I+R3,0.0000,,"(0.3539,0.3969) (0.3238,0.8619) (0.3223,1.8011)","LG+F+I{0.0000}+R3{0.3539,0.3969,0.3238,0.8619,0.3223,1.8011}"
HVO_A0266,LG+F+I+R3,0.0000,,"(0.3539,0.3969) (0.3238,0.8619) (0.3223,1.8011)","LG+F+I{0.0000}+R3{0.3539,0.3969,0.3238,0.8619,0.3223,1.8011}"
HVO_A0011,LG+F+I+R3,0.0000,,"(0.3539,0.3969) (0.3238,0.8619) (0.3223,1.8011)","LG+F+I{0.0000}+R3{0.3539,0.3969,0.3238,0.8619,0.3223,1.8011}"
HVO_A0251,LG+F+I+R3,0.0000,,"(0.3539,0.3969) (0.3238,0.8619) (0.3223,1.8011)","LG+F+I{0.0000}+R3{0.3539,0.3969,0.3238,0.8619,0.3223,1.8011}"
HVO_A0082,LG+F+I+R3,0.0000,,"(0.3539,0.3969) (0.3238,0.8619) (0.3223,1.8011)","LG+F+I{0.0000}+R3{0.3539,0.3969,0.3238,0.8619,0.3223,1.8011}"
HVO_A0342,LG+F+I+R3,0.0000,,"(0.3539,0.3969) (0.3238,0.8619) (0.3223,1.8011)","LG+F+I{0.0000}+R3{0.3539,0.3969,0.3238,0.8619,0.3223,1.8011}"
HVO_A0332,LG+F+I+R3,0.0000,,"(0.3539,0.3969) (0.3238,0.8619) (0.3223,1.8011)","LG+F+I{0.0000}+R3{0.3539,0.3969,0.3238,0.8619,0.3223,1.8011}"
HVO_0605,LG+F+I+R3,0.0000,,"(0.3539,0.3969) (0.3238,0.8619) (0.3223,1.8011)","LG+F+I{0.0000}+R3{0.3539,0.3969,0.3238,0.8619,0.3223,1.8011}"
HVO_2108,LG+F+I+R3,0.0000,,"(0.3539,0.3969) (0.3238,0.8619) (0.3223,1.8011)","LG+F+I{0.0000}+R3{0.3539,0.3969,0.3238,0.8619,0.3223,1.8011}"
HVO_2130,LG+F+I+R3,0.0000,,"(0.3539,0.3969) (0.3238,0.8619) (0.3223,1.8011)","LG+F+I{0.0000}+R3{0.3539,0.3969,0.3238,0.8619,0.3223,1.8011}"
HVO_2092,LG+F+I+R3,0.0000,,"(0.3539,0.3969) (0.3238,0.8619) (0.3223,1.8011)","LG+F+I{0.0000}+R3{0.3539,0.3969,0.3238,0.8619,0.3223,1.8011}"
HVO_2110,LG+F+I+R3,0.0000,,"(0.3539,0.3969) (0.3238,0.8619) (0.3223,1.8011)","LG+F+I{0.0000}+R3{0.3539,0.3969,0.3238,0.8619,0.3223,1.8011}"
HVO_2806,LG+F+I+R3,0.0000,,"(0.3539,0.3969) (0.3238,0.8619) (0.3223,1.8011)","LG+F+I{0.0000}+R3{0.3539,0.3969,0.3238,0.8619,0.3223,1.8011}"
HVO_2833,LG+F+I+R3,0.0000,,"(0.3539,0.3969) (0.3238,0.8619) (0.3223,1.8011)","LG+F+I{0.0000}+R3{0.3539,0.3969,0.3238,0.8619,0.3223,1.8011}"
HVO_B0301,LG+F+I+R4,0.0138,,"(0.1107,0.1442) (0.2673,0.4763) (0.2918,1.0032) (0.3164,1.7826)","LG+F+I{0.0138}+R4{0.1107,0.1442,0.2673,0.4763,0.2918,1.0032,0.3164,1.7826}"
HVO_1703,LG+I+R4,0.0183,,"(0.0588,0.1333) (0.2697,0.4260) (0.2840,0.9295) (0.3692,1.6610)","LG+I{0.0183}+R4{0.0588,0.1333,0.2697,0.4260,0.2840,0.9295,0.3692,1.6610}"
HVO_1744,LG+I+R4,0.0183,,"(0.0588,0.1333) (0.2697,0.4260) (0.2840,0.9295) (0.3692,1.6610)","LG+I{0.0183}+R4{0.0588,0.1333,0.2697,0.4260,0.2840,0.9295,0.3692,1.6610}"
HVO_B0223,LG+I+G4,0.0475,1.0046,,LG+I{0.0475}+G4{1.0046}
HVO_2369,LG+F+I+R4,0.0038,,"(0.0543,0.1086) (0.2425,0.3700) (0.4639,0.8000) (0.2355,2.2640)","LG+F+I{0.0038}+R4{0.0543,0.1086,0.2425,0.3700,0.4639,0.8000,0.2355,2.2640}"
HVO_1344,LG+I+R4,0.0000,,"(0.1537,0.1031) (0.1596,0.2183) (0.2694,0.4475) (0.4174,1.9856)","LG+I{0.0000}+R4{0.1537,0.1031,0.1596,0.2183,0.2694,0.4475,0.4174,1.9856}"
HVO_B0166,LG+F+I+R2,0.0029,,"(0.3379,0.4096) (0.6592,1.3070)","LG+F+I{0.0029}+R2{0.3379,0.4096,0.6592,1.3070}"
HVO_B0166,LG+F+I+R2,0.0029,,"(0.3379,0.4096) (0.6592,1.3070)","LG+F+I{0.0029}+R2{0.3379,0.4096,0.6592,1.3070}"
HVO_A0406,LG+F+I+G4,0.0000,2.1003,,LG+F+I{0.0000}+G4{2.1003}
HVO_A0432,LG+F+I+G4,0.0000,2.1003,,LG+F+I{0.0000}+G4{2.1003}
HVO_1795,LG+F+I+G4,0.0000,2.1003,,LG+F+I{0.0000}+G4{2.1003}
HVO_0676,LG+F+I+G4,0.0000,2.1003,,LG+F+I{0.0000}+G4{2.1003}
HVO_1175,LG+I+G4,0.0047,2.0192,,LG+I{0.0047}+G4{2.0192}
HVO_B0170,LG+I+G4,0.0000,1.1829,,LG+I{0.0000}+G4{1.1829}
HVO_2134,LG+I+G4,0.0000,1.1829,,LG+I{0.0000}+G4{1.1829}
HVO_2143,LG+I+G4,0.0000,1.1829,,LG+I{0.0000}+G4{1.1829}
HVO_A0591,LG+I+G4,0.0000,1.6941,,LG+I{0.0000}+G4{1.6941}
HVO_2186,LG+I+G4,0.0000,1.6941,,LG+I{0.0000}+G4{1.6941}
HVO_0662,LG+F+I+R4,0.0000,,"(0.0857,0.1534) (0.2439,0.4109) (0.3182,0.8665) (0.3523,1.7343)","LG+F+I{0.0000}+R4{0.0857,0.1534,0.2439,0.4109,0.3182,0.8665,0.3523,1.7343}"
HVO_A0333,LG+I+G4,0.0189,1.0152,,LG+I{0.0189}+G4{1.0152}
HVO_1507,LG+I+G4,0.0000,1.6805,,LG+I{0.0000}+G4{1.6805}
HVO_B0115,LG+F+I+R4,0.0089,,"(0.0230,0.0561) (0.1199,0.2888) (0.2085,0.5700) (0.6396,1.3215)","LG+F+I{0.0089}+R4{0.0230,0.0561,0.1199,0.2888,0.2085,0.5700,0.6396,1.3215}"
HVO_C0036,LG+I+G4,0.0232,3.0927,,LG+I{0.0232}+G4{3.0927}
HVO_2278,LG+I+G4,0.0232,3.0927,,LG+I{0.0232}+G4{3.0927}
HVO_2900,LG+I+R4,0.0186,,"(0.1733,0.1567) (0.3190,0.5270) (0.3128,1.3152) (0.1762,2.2317)","LG+I{0.0186}+R4{0.1733,0.1567,0.3190,0.5270,0.3128,1.3152,0.1762,2.2317}"
HVO_2603,LG+I+G4,0.0098,1.2551,,LG+I{0.0098}+G4{1.2551}
HVO_1487,LG+I+G4,0.0000,0.8457,,LG+I{0.0000}+G4{0.8457}
HVO_2761,LG+I+G4,0.0000,0.8457,,LG+I{0.0000}+G4{0.8457}
HVO_A0174,LG+I+G4,0.0458,1.4659,,LG+I{0.0458}+G4{1.4659}
HVO_2541,LG+I+G4,0.0458,1.4659,,LG+I{0.0458}+G4{1.4659}
HVO_0848,LG+I+R3,0.1495,,"(0.1484,0.0233) (0.3200,0.8355) (0.3821,1.9085)","LG+I{0.1495}+R3{0.1484,0.0233,0.3200,0.8355,0.3821,1.9085}"
HVO_2834,LG+I+R3,0.1495,,"(0.1484,0.0233) (0.3200,0.8355) (0.3821,1.9085)","LG+I{0.1495}+R3{0.1484,0.0233,0.3200,0.8355,0.3821,1.9085}"
HVO_B0235,LG+I+R4,0.0154,,"(0.0923,0.0665) (0.3526,0.5937) (0.3085,0.9680) (0.2312,2.1015)","LG+I{0.0154}+R4{0.0923,0.0665,0.3526,0.5937,0.3085,0.9680,0.2312,2.1015}"
HVO_B0236,LG+I+R4,0.0167,,"(0.0908,0.0879) (0.2778,0.4348) (0.2786,0.8727) (0.3361,1.8687)","LG+I{0.0167}+R4{0.0908,0.0879,0.2778,0.4348,0.2786,0.8727,0.3361,1.8687}"
HVO_2070,LG+I+G4,0.0137,5.2254,,LG+I{0.0137}+G4{5.2254}
HVO_0874,LG+I+R4,0.0000,,"(0.1579,0.2070) (0.2195,0.4717) (0.2486,0.9568) (0.3740,1.6736)","LG+I{0.0000}+R4{0.1579,0.2070,0.2195,0.4717,0.2486,0.9568,0.3740,1.6736}"
HVO_1797,LG+I+R4,0.0000,,"(0.1579,0.2070) (0.2195,0.4717) (0.2486,0.9568) (0.3740,1.6736)","LG+I{0.0000}+R4{0.1579,0.2070,0.2195,0.4717,0.2486,0.9568,0.3740,1.6736}"
HVO_0472,LG+F+I+R4,0.0110,,"(0.0514,0.0846) (0.1871,0.3581) (0.4660,0.8283) (0.2846,1.9072)","LG+F+I{0.0110}+R4{0.0514,0.0846,0.1871,0.3581,0.4660,0.8283,0.2846,1.9072}"
HVO_2224,LG+F+I+R4,0.0110,,"(0.0514,0.0846) (0.1871,0.3581) (0.4660,0.8283) (0.2846,1.9072)","LG+F+I{0.0110}+R4{0.0514,0.0846,0.1871,0.3581,0.4660,0.8283,0.2846,1.9072}"
HVO_1126,LG+I+G4,0.0000,2.3125,,LG+I{0.0000}+G4{2.3125}
HVO_1484,LG+I+G4,0.0000,2.3125,,LG+I{0.0000}+G4{2.3125}
HVO_B0059,LG+I+G4,0.0000,1.1424,,LG+I{0.0000}+G4{1.1424}
HVO_1302,LG+I+R4,0.0000,,"(0.0719,0.2373) (0.2398,0.4799) (0.3134,0.9547) (0.3748,1.5170)","LG+I{0.0000}+R4{0.0719,0.2373,0.2398,0.4799,0.3134,0.9547,0.3748,1.5170}"
HVO_1710,LG+F+I+R4,0.0000,,"(0.0112,0.0396) (0.2398,0.4754) (0.3403,0.8694) (0.4087,1.4429)","LG+F+I{0.0000}+R4{0.0112,0.0396,0.2398,0.4754,0.3403,0.8694,0.4087,1.4429}"
HVO_B0343,LG+I+R4,0.0100,,"(0.1329,0.2120) (0.2825,0.5302) (0.2525,1.0082) (0.3221,1.7620)","LG+I{0.0100}+R4{0.1329,0.2120,0.2825,0.5302,0.2525,1.0082,0.3221,1.7620}"
HVO_1963,LG+I+R4,0.0000,,"(0.0882,0.0902) (0.2704,0.4558) (0.3107,0.9085) (0.3307,1.7735)","LG+I{0.0000}+R4{0.0882,0.0902,0.2704,0.4558,0.3107,0.9085,0.3307,1.7735}"
HVO_1568,LG+I+R4,0.0078,,"(0.0440,0.0828) (0.1822,0.3827) (0.4241,0.8716) (0.3419,1.6292)","LG+I{0.0078}+R4{0.0440,0.0828,0.1822,0.3827,0.4241,0.8716,0.3419,1.6292}"
HVO_2538,LG+I+R4,0.0078,,"(0.0440,0.0828) (0.1822,0.3827) (0.4241,0.8716) (0.3419,1.6292)","LG+I{0.0078}+R4{0.0440,0.0828,0.1822,0.3827,0.4241,0.8716,0.3419,1.6292}"
HVO_2834A,LG+F+I+R4,0.0000,,"(0.1301,0.2611) (0.2298,0.6655) (0.2700,1.0200) (0.3701,1.4530)","LG+F+I{0.0000}+R4{0.1301,0.2611,0.2298,0.6655,0.2700,1.0200,0.3701,1.4530}"
HVO_2270,LG+I+G4,0.0000,1.9065,,LG+I{0.0000}+G4{1.9065}
HVO_A0523,LG+I+R4,0.0000,,"(0.1295,0.0413) (0.0387,0.3695) (0.3724,0.7529) (0.4594,1.5236)","LG+I{0.0000}+R4{0.1295,0.0413,0.0387,0.3695,0.3724,0.7529,0.4594,1.5236}"
HVO_0581,LG+I+R2,0.0463,,"(0.5867,0.4667) (0.3670,1.9790)","LG+I{0.0463}+R2{0.5867,0.4667,0.3670,1.9790}"
HVO_0717,LG+I+R2,0.0463,,"(0.5867,0.4667) (0.3670,1.9790)","LG+I{0.0463}+R2{0.5867,0.4667,0.3670,1.9790}"
HVO_B0220,LG+I+R4,0.0134,,"(0.0950,0.0190) (0.2021,0.3028) (0.3274,0.9829) (0.3621,1.6990)","LG+I{0.0134}+R4{0.0950,0.0190,0.2021,0.3028,0.3274,0.9829,0.3621,1.6990}"
HVO_A0515,LG+I+R4,0.0134,,"(0.0950,0.0190) (0.2021,0.3028) (0.3274,0.9829) (0.3621,1.6990)","LG+I{0.0134}+R4{0.0950,0.0190,0.2021,0.3028,0.3274,0.9829,0.3621,1.6990}"
HVO_1195,LG+I+R4,0.0134,,"(0.0950,0.0190) (0.2021,0.3028) (0.3274,0.9829) (0.3621,1.6990)","LG+I{0.0134}+R4{0.0950,0.0190,0.2021,0.3028,0.3274,0.9829,0.3621,1.6990}"
HVO_0902,LG+I+R4,0.0134,,"(0.0950,0.0190) (0.2021,0.3028) (0.3274,0.9829) (0.3621,1.6990)","LG+I{0.0134}+R4{0.0950,0.0190,0.2021,0.3028,0.3274,0.9829,0.3621,1.6990}"
HVO_2801,LG+I+R4,0.0134,,"(0.0950,0.0190) (0.2021,0.3028) (0.3274,0.9829) (0.3621,1.6990)","LG+I{0.0134}+R4{0.0950,0.0190,0.2021,0.3028,0.3274,0.9829,0.3621,1.6990}"
HVO_2452,LG+I+R4,0.0000,,"(0.0304,0.1090) (0.3146,0.4301) (0.4178,1.0026) (0.2372,1.8658)","LG+I{0.0000}+R4{0.0304,0.1090,0.3146,0.4301,0.4178,1.0026,0.2372,1.8658}"
HVO_A0322,LG+F+I+R3,0.0000,,"(0.0378,0.0958) (0.4229,0.5031) (0.5393,1.4530)","LG+F+I{0.0000}+R3{0.0378,0.0958,0.4229,0.5031,0.5393,1.4530}"
HVO_0890,LG+F+I+R3,0.0000,,"(0.0378,0.0958) (0.4229,0.5031) (0.5393,1.4530)","LG+F+I{0.0000}+R3{0.0378,0.0958,0.4229,0.5031,0.5393,1.4530}"
HVO_3001,LG+F+I+R3,0.0000,,"(0.0378,0.0958) (0.4229,0.5031) (0.5393,1.4530)","LG+F+I{0.0000}+R3{0.0378,0.0958,0.4229,0.5031,0.5393,1.4530}"
HVO_A0574,LG+F+I+R4,0.0000,,"(0.0280,0.2611) (0.1979,0.6008) (0.3128,0.8992) (0.4613,1.2845)","LG+F+I{0.0000}+R4{0.0280,0.2611,0.1979,0.6008,0.3128,0.8992,0.4613,1.2845}"
HVO_1922,LG+F+I+R4,0.0000,,"(0.0280,0.2611) (0.1979,0.6008) (0.3128,0.8992) (0.4613,1.2845)","LG+F+I{0.0000}+R4{0.0280,0.2611,0.1979,0.6008,0.3128,0.8992,0.4613,1.2845}"
HVO_B0136,LG+F+I+R4,0.0000,,"(0.0171,0.0981) (0.1312,0.3634) (0.3686,0.7879) (0.4831,1.3666)","LG+F+I{0.0000}+R4{0.0171,0.0981,0.1312,0.3634,0.3686,0.7879,0.4831,1.3666}"
HVO_0832,LG+F+I+R4,0.0000,,"(0.0171,0.0981) (0.1312,0.3634) (0.3686,0.7879) (0.4831,1.3666)","LG+F+I{0.0000}+R4{0.0171,0.0981,0.1312,0.3634,0.3686,0.7879,0.4831,1.3666}"
HVO_2702,LG+F+I+R4,0.0000,,"(0.0171,0.0981) (0.1312,0.3634) (0.3686,0.7879) (0.4831,1.3666)","LG+F+I{0.0000}+R4{0.0171,0.0981,0.1312,0.3634,0.3686,0.7879,0.4831,1.3666}"
HVO_1591,LG+F+I+R4,0.0000,,"(0.0171,0.0981) (0.1312,0.3634) (0.3686,0.7879) (0.4831,1.3666)","LG+F+I{0.0000}+R4{0.0171,0.0981,0.1312,0.3634,0.3686,0.7879,0.4831,1.3666}"
HVO_0207,LG+F+I+R4,0.0000,,"(0.0171,0.0981) (0.1312,0.3634) (0.3686,0.7879) (0.4831,1.3666)","LG+F+I{0.0000}+R4{0.0171,0.0981,0.1312,0.3634,0.3686,0.7879,0.4831,1.3666}"
HVO_2084,LG+F+I+R4,0.0000,,"(0.0336,0.2003) (0.1370,0.4540) (0.3261,0.8310) (0.5033,1.3115)","LG+F+I{0.0000}+R4{0.0336,0.2003,0.1370,0.4540,0.3261,0.8310,0.5033,1.3115}"
HVO_2165,LG+F+I+R4,0.0000,,"(0.0336,0.2003) (0.1370,0.4540) (0.3261,0.8310) (0.5033,1.3115)","LG+F+I{0.0000}+R4{0.0336,0.2003,0.1370,0.4540,0.3261,0.8310,0.5033,1.3115}"
HVO_2827,LG+F+I+R4,0.0097,,"(0.0190,0.0253) (0.0666,0.2578) (0.2965,0.6349) (0.6083,1.3056)","LG+F+I{0.0097}+R4{0.0190,0.0253,0.0666,0.2578,0.2965,0.6349,0.6083,1.3056}"
HVO_A0372,LG+F+I+R4,0.0044,,"(0.0386,0.0806) (0.1267,0.3368) (0.3529,0.7097) (0.4774,1.4742)","LG+F+I{0.0044}+R4{0.0386,0.0806,0.1267,0.3368,0.3529,0.7097,0.4774,1.4742}"
HVO_1626,LG+F+I+R4,0.0044,,"(0.0386,0.0806) (0.1267,0.3368) (0.3529,0.7097) (0.4774,1.4742)","LG+F+I{0.0044}+R4{0.0386,0.0806,0.1267,0.3368,0.3529,0.7097,0.4774,1.4742}"
HVO_2724,LG+F+I+R4,0.0044,,"(0.0386,0.0806) (0.1267,0.3368) (0.3529,0.7097) (0.4774,1.4742)","LG+F+I{0.0044}+R4{0.0386,0.0806,0.1267,0.3368,0.3529,0.7097,0.4774,1.4742}"
HVO_2763,LG+F+I+R4,0.0044,,"(0.0386,0.0806) (0.1267,0.3368) (0.3529,0.7097) (0.4774,1.4742)","LG+F+I{0.0044}+R4{0.0386,0.0806,0.1267,0.3368,0.3529,0.7097,0.4774,1.4742}"
HVO_1290,LG+F+I+R4,0.0044,,"(0.0386,0.0806) (0.1267,0.3368) (0.3529,0.7097) (0.4774,1.4742)","LG+F+I{0.0044}+R4{0.0386,0.0806,0.1267,0.3368,0.3529,0.7097,0.4774,1.4742}"
HVO_1905,LG+F+I+R4,0.0044,,"(0.0386,0.0806) (0.1267,0.3368) (0.3529,0.7097) (0.4774,1.4742)","LG+F+I{0.0044}+R4{0.0386,0.0806,0.1267,0.3368,0.3529,0.7097,0.4774,1.4742}"
HVO_B0326,LG+I,0.2336,,,LG+I{0.2336}
HVO_2669,LG+I+G4,0.0042,1.7590,,LG+I{0.0042}+G4{1.7590}
HVO_C0064,LG+I+G4,0.0707,4.6945,,LG+I{0.0707}+G4{4.6945}
HVO_C0064,LG+I+G4,0.0045,2.3181,,LG+I{0.0045}+G4{2.3181}
HVO_A0258,LG+I+G4,0.0045,2.3181,,LG+I{0.0045}+G4{2.3181}
HVO_A0062,LG+I+G4,0.0045,2.3181,,LG+I{0.0045}+G4{2.3181}
HVO_B0245,LG+F+I+R4,0.0024,,"(0.0464,0.1317) (0.1416,0.4072) (0.2545,0.7701) (0.5551,1.3336)","LG+F+I{0.0024}+R4{0.0464,0.1317,0.1416,0.4072,0.2545,0.7701,0.5551,1.3336}"
HVO_B0368,LG+F+I+R4,0.0024,,"(0.0464,0.1317) (0.1416,0.4072) (0.2545,0.7701) (0.5551,1.3336)","LG+F+I{0.0024}+R4{0.0464,0.1317,0.1416,0.4072,0.2545,0.7701,0.5551,1.3336}"
HVO_B0313,LG+F+I+R4,0.0024,,"(0.0464,0.1317) (0.1416,0.4072) (0.2545,0.7701) (0.5551,1.3336)","LG+F+I{0.0024}+R4{0.0464,0.1317,0.1416,0.4072,0.2545,0.7701,0.5551,1.3336}"
HVO_0589,LG+F+I+R4,0.0024,,"(0.0464,0.1317) (0.1416,0.4072) (0.2545,0.7701) (0.5551,1.3336)","LG+F+I{0.0024}+R4{0.0464,0.1317,0.1416,0.4072,0.2545,0.7701,0.5551,1.3336}"
HVO_B0235,LG+I+R4,0.0096,,"(0.0366,0.0220) (0.2169,0.4122) (0.2822,0.7594) (0.4547,1.5296)","LG+I{0.0096}+R4{0.0366,0.0220,0.2169,0.4122,0.2822,0.7594,0.4547,1.5296}"
HVO_0982,LG+I+R4,0.0096,,"(0.0366,0.0220) (0.2169,0.4122) (0.2822,0.7594) (0.4547,1.5296)","LG+I{0.0096}+R4{0.0366,0.0220,0.2169,0.4122,0.2822,0.7594,0.4547,1.5296}"
HVO_0211,LG+I+R4,0.0096,,"(0.0366,0.0220) (0.2169,0.4122) (0.2822,0.7594) (0.4547,1.5296)","LG+I{0.0096}+R4{0.0366,0.0220,0.2169,0.4122,0.2822,0.7594,0.4547,1.5296}"
HVO_B0193,LG+I+G4,0.0000,3.0896,,LG+I{0.0000}+G4{3.0896}
HVO_A0317,LG+I+G4,0.0000,3.0896,,LG+I{0.0000}+G4{3.0896}
HVO_A0036,LG+I+G4,0.0000,3.0896,,LG+I{0.0000}+G4{3.0896}
HVO_A0593,LG+I+G4,0.0000,3.0896,,LG+I{0.0000}+G4{3.0896}
HVO_0326,LG+I+G4,0.0000,3.0896,,LG+I{0.0000}+G4{3.0896}
HVO_1622,LG+I+G4,0.0000,3.0896,,LG+I{0.0000}+G4{3.0896}
HVO_1331,LG+I+G4,0.0000,3.0896,,LG+I{0.0000}+G4{3.0896}
HVO_1552,LG+I+G4,0.0000,3.0896,,LG+I{0.0000}+G4{3.0896}
HVO_1350,LG+I+G4,0.0000,3.0896,,LG+I{0.0000}+G4{3.0896}
HVO_1209,LG+I+G4,0.0000,3.0896,,LG+I{0.0000}+G4{3.0896}
HVO_0488,LG+I+G4,0.0000,3.0896,,LG+I{0.0000}+G4{3.0896}
HVO_2152,LG+I+G4,0.0000,3.0896,,LG+I{0.0000}+G4{3.0896}
HVO_0246,LG+I+G4,0.0000,3.0896,,LG+I{0.0000}+G4{3.0896}
HVO_0962,LG+I+G4,0.0000,3.0896,,LG+I{0.0000}+G4{3.0896}
HVO_0493,LG+I+G4,0.0000,3.0896,,LG+I{0.0000}+G4{3.0896}
HVO_1116,LG+I+G4,0.0000,3.0896,,LG+I{0.0000}+G4{3.0896}
HVO_2839,LG+I+G4,0.0000,3.0896,,LG+I{0.0000}+G4{3.0896}
HVO_0479,LG+I+R4,0.0134,,"(0.0603,0.0431) (0.0851,0.2862) (0.3816,0.6698) (0.4596,1.5610)","LG+I{0.0134}+R4{0.0603,0.0431,0.0851,0.2862,0.3816,0.6698,0.4596,1.5610}"
HVO_1935,LG+I+R4,0.0134,,"(0.0603,0.0431) (0.0851,0.2862) (0.3816,0.6698) (0.4596,1.5610)","LG+I{0.0134}+R4{0.0603,0.0431,0.0851,0.2862,0.3816,0.6698,0.4596,1.5610}"
HVO_0010,LG+I+R4,0.0134,,"(0.0603,0.0431) (0.0851,0.2862) (0.3816,0.6698) (0.4596,1.5610)","LG+I{0.0134}+R4{0.0603,0.0431,0.0851,0.2862,0.3816,0.6698,0.4596,1.5610}"
HVO_0245,LG+I+R4,0.0134,,"(0.0603,0.0431) (0.0851,0.2862) (0.3816,0.6698) (0.4596,1.5610)","LG+I{0.0134}+R4{0.0603,0.0431,0.0851,0.2862,0.3816,0.6698,0.4596,1.5610}"
HVO_B0080,LG+F+I+R4,0.0000,,"(0.0952,0.2695) (0.1872,0.5959) (0.4001,0.9144) (0.3175,1.5651)","LG+F+I{0.0000}+R4{0.0952,0.2695,0.1872,0.5959,0.4001,0.9144,0.3175,1.5651}"
HVO_B0023,LG+F+I+R4,0.0000,,"(0.0952,0.2695) (0.1872,0.5959) (0.4001,0.9144) (0.3175,1.5651)","LG+F+I{0.0000}+R4{0.0952,0.2695,0.1872,0.5959,0.4001,0.9144,0.3175,1.5651}"
HVO_B0186,LG+F+I+R4,0.0000,,"(0.0952,0.2695) (0.1872,0.5959) (0.4001,0.9144) (0.3175,1.5651)","LG+F+I{0.0000}+R4{0.0952,0.2695,0.1872,0.5959,0.4001,0.9144,0.3175,1.5651}"
HVO_A0337,LG+F+I+R4,0.0000,,"(0.0952,0.2695) (0.1872,0.5959) (0.4001,0.9144) (0.3175,1.5651)","LG+F+I{0.0000}+R4{0.0952,0.2695,0.1872,0.5959,0.4001,0.9144,0.3175,1.5651}"
HVO_A0382,LG+F+I+R4,0.0000,,"(0.0952,0.2695) (0.1872,0.5959) (0.4001,0.9144) (0.3175,1.5651)","LG+F+I{0.0000}+R4{0.0952,0.2695,0.1872,0.5959,0.4001,0.9144,0.3175,1.5651}"
HVO_A0426A,LG+F+I+R4,0.0000,,"(0.0952,0.2695) (0.1872,0.5959) (0.4001,0.9144) (0.3175,1.5651)","LG+F+I{0.0000}+R4{0.0952,0.2695,0.1872,0.5959,0.4001,0.9144,0.3175,1.5651}"
HVO_2124,LG+F+I+R4,0.0000,,"(0.0952,0.2695) (0.1872,0.5959) (0.4001,0.9144) (0.3175,1.5651)","LG+F+I{0.0000}+R4{0.0952,0.2695,0.1872,0.5959,0.4001,0.9144,0.3175,1.5651}"
HVO_0630,LG+F+I+R4,0.0000,,"(0.0952,0.2695) (0.1872,0.5959) (0.4001,0.9144) (0.3175,1.5651)","LG+F+I{0.0000}+R4{0.0952,0.2695,0.1872,0.5959,0.4001,0.9144,0.3175,1.5651}"
HVO_0060,LG+F+I+R4,0.0000,,"(0.0952,0.2695) (0.1872,0.5959) (0.4001,0.9144) (0.3175,1.5651)","LG+F+I{0.0000}+R4{0.0952,0.2695,0.1872,0.5959,0.4001,0.9144,0.3175,1.5651}"
HVO_1768,LG+F+I+R4,0.0000,,"(0.0952,0.2695) (0.1872,0.5959) (0.4001,0.9144) (0.3175,1.5651)","LG+F+I{0.0000}+R4{0.0952,0.2695,0.1872,0.5959,0.4001,0.9144,0.3175,1.5651}"
HVO_A0140,LG+I+G4,0.0277,1.7570,,LG+I{0.0277}+G4{1.7570}
HVO_2809,LG+I+G4,0.0313,1.8004,,LG+I{0.0313}+G4{1.8004}
HVO_2767,LG+I+R4,0.0155,,"(0.0825,0.0878) (0.1700,0.2839) (0.3595,0.8258) (0.3724,1.7387)","LG+I{0.0155}+R4{0.0825,0.0878,0.1700,0.2839,0.3595,0.8258,0.3724,1.7387}"
HVO_2767,LG+I+R4,0.0155,,"(0.0825,0.0878) (0.1700,0.2839) (0.3595,0.8258) (0.3724,1.7387)","LG+I{0.0155}+R4{0.0825,0.0878,0.1700,0.2839,0.3595,0.8258,0.3724,1.7387}"
HVO_2767,LG+I+R4,0.0044,,"(0.0740,0.0373) (0.1747,0.2433) (0.1576,0.6337) (0.5893,1.4506)","LG+I{0.0044}+R4{0.0740,0.0373,0.1747,0.2433,0.1576,0.6337,0.5893,1.4506}"
HVO_2598,LG+I+R4,0.0000,,"(0.1851,0.0740) (0.2719,0.3650) (0.2816,1.0427) (0.2614,2.2703)","LG+I{0.0000}+R4{0.1851,0.0740,0.2719,0.3650,0.2816,1.0427,0.2614,2.2703}"
HVO_1650,LG+I+R4,0.0000,,"(0.1851,0.0740) (0.2719,0.3650) (0.2816,1.0427) (0.2614,2.2703)","LG+I{0.0000}+R4{0.1851,0.0740,0.2719,0.3650,0.2816,1.0427,0.2614,2.2703}"
HVO_2598,LG+I+G4,0.0505,1.1425,,LG+I{0.0505}+G4{1.1425}
HVO_1650,LG+I+G4,0.0505,1.1425,,LG+I{0.0505}+G4{1.1425}
HVO_C0044,LG+I+R4,0.0000,,"(0.0638,0.0964) (0.1931,0.4416) (0.4016,0.8739) (0.3415,1.6326)","LG+I{0.0000}+R4{0.0638,0.0964,0.1931,0.4416,0.4016,0.8739,0.3415,1.6326}"
HVO_A0078,LG+I+R4,0.0000,,"(0.0638,0.0964) (0.1931,0.4416) (0.4016,0.8739) (0.3415,1.6326)","LG+I{0.0000}+R4{0.0638,0.0964,0.1931,0.4416,0.4016,0.8739,0.3415,1.6326}"
HVO_1019,LG+I+R4,0.0000,,"(0.0638,0.0964) (0.1931,0.4416) (0.4016,0.8739) (0.3415,1.6326)","LG+I{0.0000}+R4{0.0638,0.0964,0.1931,0.4416,0.4016,0.8739,0.3415,1.6326}"
HVO_1019,LG+I+R4,0.0000,,"(0.0638,0.0964) (0.1931,0.4416) (0.4016,0.8739) (0.3415,1.6326)","LG+I{0.0000}+R4{0.0638,0.0964,0.1931,0.4416,0.4016,0.8739,0.3415,1.6326}"
HVO_1870,LG+I+G4,0.0098,2.2272,,LG+I{0.0098}+G4{2.2272}
HVO_B0203,LG+I+R4,0.0284,,"(0.0414,0.0441) (0.2059,0.4875) (0.4734,0.9329) (0.2510,1.8179)","LG+I{0.0284}+R4{0.0414,0.0441,0.2059,0.4875,0.4734,0.9329,0.2510,1.8179}"
HVO_B0265,LG+I+R4,0.0284,,"(0.0414,0.0441) (0.2059,0.4875) (0.4734,0.9329) (0.2510,1.8179)","LG+I{0.0284}+R4{0.0414,0.0441,0.2059,0.4875,0.4734,0.9329,0.2510,1.8179}"
HVO_A0088,LG+I+R4,0.0284,,"(0.0414,0.0441) (0.2059,0.4875) (0.4734,0.9329) (0.2510,1.8179)","LG+I{0.0284}+R4{0.0414,0.0441,0.2059,0.4875,0.4734,0.9329,0.2510,1.8179}"
HVO_A0271,LG+I+R4,0.0284,,"(0.0414,0.0441) (0.2059,0.4875) (0.4734,0.9329) (0.2510,1.8179)","LG+I{0.0284}+R4{0.0414,0.0441,0.2059,0.4875,0.4734,0.9329,0.2510,1.8179}"
HVO_1692,LG+I+R4,0.0284,,"(0.0414,0.0441) (0.2059,0.4875) (0.4734,0.9329) (0.2510,1.8179)","LG+I{0.0284}+R4{0.0414,0.0441,0.2059,0.4875,0.4734,0.9329,0.2510,1.8179}"
HVO_1697,LG+I+R4,0.0284,,"(0.0414,0.0441) (0.2059,0.4875) (0.4734,0.9329) (0.2510,1.8179)","LG+I{0.0284}+R4{0.0414,0.0441,0.2059,0.4875,0.4734,0.9329,0.2510,1.8179}"
HVO_2809,LG+I+R4,0.0284,,"(0.0414,0.0441) (0.2059,0.4875) (0.4734,0.9329) (0.2510,1.8179)","LG+I{0.0284}+R4{0.0414,0.0441,0.2059,0.4875,0.4734,0.9329,0.2510,1.8179}"
HVO_1540,LG+I+R4,0.0284,,"(0.0414,0.0441) (0.2059,0.4875) (0.4734,0.9329) (0.2510,1.8179)","LG+I{0.0284}+R4{0.0414,0.0441,0.2059,0.4875,0.4734,0.9329,0.2510,1.8179}"
HVO_2670,LG+I+R4,0.0284,,"(0.0414,0.0441) (0.2059,0.4875) (0.4734,0.9329) (0.2510,1.8179)","LG+I{0.0284}+R4{0.0414,0.0441,0.2059,0.4875,0.4734,0.9329,0.2510,1.8179}"
HVO_0351,LG+I+G4,0.0134,1.3178,,LG+I{0.0134}+G4{1.3178}
HVO_B0154,LG+F+I+G4,0.0000,2.9455,,LG+F+I{0.0000}+G4{2.9455}
HVO_B0202,LG+F+I+G4,0.0000,2.9455,,LG+F+I{0.0000}+G4{2.9455}
HVO_2836,LG+F+I+G4,0.0000,2.9455,,LG+F+I{0.0000}+G4{2.9455}
HVO_1356,LG+F+I+G4,0.0000,2.9455,,LG+F+I{0.0000}+G4{2.9455}
HVO_0204,LG+F+I+G4,0.0000,2.9455,,LG+F+I{0.0000}+G4{2.9455}
HVO_0204,LG+F+I+G4,0.0000,2.9455,,LG+F+I{0.0000}+G4{2.9455}
HVO_2195,LG+F+I+G4,0.0000,2.9455,,LG+F+I{0.0000}+G4{2.9455}
HVO_1811,LG+F+I+G4,0.0000,2.9455,,LG+F+I{0.0000}+G4{2.9455}
HVO_0318,LG+F+I+G4,0.0000,2.9455,,LG+F+I{0.0000}+G4{2.9455}
HVO_1121,LG+I+R4,0.0061,,"(0.0381,0.0076) (0.0566,0.2006) (0.2801,0.6192) (0.6191,1.3163)","LG+I{0.0061}+R4{0.0381,0.0076,0.0566,0.2006,0.2801,0.6192,0.6191,1.3163}"
HVO_B0273,LG+I+R4,0.0000,,"(0.0095,0.0270) (0.0793,0.3262) (0.3921,0.6157) (0.5191,1.4110)","LG+I{0.0000}+R4{0.0095,0.0270,0.0793,0.3262,0.3921,0.6157,0.5191,1.4110}"
HVO_A0540,LG+I+R4,0.0000,,"(0.0095,0.0270) (0.0793,0.3262) (0.3921,0.6157) (0.5191,1.4110)","LG+I{0.0000}+R4{0.0095,0.0270,0.0793,0.3262,0.3921,0.6157,0.5191,1.4110}"
HVO_2494,LG+I+G4,0.0000,1.8049,,LG+I{0.0000}+G4{1.8049}
HVO_2407,LG+F+I+R4,0.0000,,"(0.0718,0.0511) (0.1756,0.3689) (0.4542,0.9006) (0.2984,1.7509)","LG+F+I{0.0000}+R4{0.0718,0.0511,0.1756,0.3689,0.4542,0.9006,0.2984,1.7509}"
HVO_C0001,LG+F+I+R4,0.0000,,"(0.0274,0.0864) (0.1431,0.3947) (0.3871,0.8075) (0.4424,1.4209)","LG+F+I{0.0000}+R4{0.0274,0.0864,0.1431,0.3947,0.3871,0.8075,0.4424,1.4209}"
HVO_A0064,LG+F+I+R4,0.0000,,"(0.0274,0.0864) (0.1431,0.3947) (0.3871,0.8075) (0.4424,1.4209)","LG+F+I{0.0000}+R4{0.0274,0.0864,0.1431,0.3947,0.3871,0.8075,0.4424,1.4209}"
HVO_0194,LG+F+I+R4,0.0000,,"(0.0274,0.0864) (0.1431,0.3947) (0.3871,0.8075) (0.4424,1.4209)","LG+F+I{0.0000}+R4{0.0274,0.0864,0.1431,0.3947,0.3871,0.8075,0.4424,1.4209}"
HVO_0001,LG+F+I+R4,0.0000,,"(0.0274,0.0864) (0.1431,0.3947) (0.3871,0.8075) (0.4424,1.4209)","LG+F+I{0.0000}+R4{0.0274,0.0864,0.1431,0.3947,0.3871,0.8075,0.4424,1.4209}"
HVO_1537,LG+F+I+R4,0.0000,,"(0.0274,0.0864) (0.1431,0.3947) (0.3871,0.8075) (0.4424,1.4209)","LG+F+I{0.0000}+R4{0.0274,0.0864,0.1431,0.3947,0.3871,0.8075,0.4424,1.4209}"
HVO_2133,LG+F+I+R4,0.0000,,"(0.0274,0.0864) (0.1431,0.3947) (0.3871,0.8075) (0.4424,1.4209)","LG+F+I{0.0000}+R4{0.0274,0.0864,0.1431,0.3947,0.3871,0.8075,0.4424,1.4209}"
HVO_A0551,LG+I+R4,0.0000,,"(0.0638,0.1258) (0.3212,0.3770) (0.3578,0.9701) (0.2571,2.0369)","LG+I{0.0000}+R4{0.0638,0.1258,0.3212,0.3770,0.3578,0.9701,0.2571,2.0369}"
HVO_A0158,LG+I+R4,0.0000,,"(0.0638,0.1258) (0.3212,0.3770) (0.3578,0.9701) (0.2571,2.0369)","LG+I{0.0000}+R4{0.0638,0.1258,0.3212,0.3770,0.3578,0.9701,0.2571,2.0369}"
HVO_A0156,LG+I+R4,0.0000,,"(0.0638,0.1258) (0.3212,0.3770) (0.3578,0.9701) (0.2571,2.0369)","LG+I{0.0000}+R4{0.0638,0.1258,0.3212,0.3770,0.3578,0.9701,0.2571,2.0369}"
HVO_A0097A,LG+I+R4,0.0000,,"(0.0638,0.1258) (0.3212,0.3770) (0.3578,0.9701) (0.2571,2.0369)","LG+I{0.0000}+R4{0.0638,0.1258,0.3212,0.3770,0.3578,0.9701,0.2571,2.0369}"
HVO_0896,LG+I+R4,0.0000,,"(0.0638,0.1258) (0.3212,0.3770) (0.3578,0.9701) (0.2571,2.0369)","LG+I{0.0000}+R4{0.0638,0.1258,0.3212,0.3770,0.3578,0.9701,0.2571,2.0369}"
HVO_1375,LG+I+R4,0.0000,,"(0.0638,0.1258) (0.3212,0.3770) (0.3578,0.9701) (0.2571,2.0369)","LG+I{0.0000}+R4{0.0638,0.1258,0.3212,0.3770,0.3578,0.9701,0.2571,2.0369}"
HVO_1374,LG+I+R4,0.0000,,"(0.0638,0.1258) (0.3212,0.3770) (0.3578,0.9701) (0.2571,2.0369)","LG+I{0.0000}+R4{0.0638,0.1258,0.3212,0.3770,0.3578,0.9701,0.2571,2.0369}"
HVO_1585,LG+I+R4,0.0000,,"(0.0638,0.1258) (0.3212,0.3770) (0.3578,0.9701) (0.2571,2.0369)","LG+I{0.0000}+R4{0.0638,0.1258,0.3212,0.3770,0.3578,0.9701,0.2571,2.0369}"
HVO_1236,LG+I+R4,0.0000,,"(0.0638,0.1258) (0.3212,0.3770) (0.3578,0.9701) (0.2571,2.0369)","LG+I{0.0000}+R4{0.0638,0.1258,0.3212,0.3770,0.3578,0.9701,0.2571,2.0369}"
HVO_0894,LG+I+R4,0.0000,,"(0.0638,0.1258) (0.3212,0.3770) (0.3578,0.9701) (0.2571,2.0369)","LG+I{0.0000}+R4{0.0638,0.1258,0.3212,0.3770,0.3578,0.9701,0.2571,2.0369}"
HVO_2842,LG+F+I+G4,0.0000,1.1350,,LG+F+I{0.0000}+G4{1.1350}
HVO_0128,LG+I+R4,0.0000,,"(0.1138,0.1522) (0.2294,0.4672) (0.3302,1.0326) (0.3265,1.6370)","LG+I{0.0000}+R4{0.1138,0.1522,0.2294,0.4672,0.3302,1.0326,0.3265,1.6370}"
HVO_1296,LG+I+R4,0.0000,,"(0.0280,0.0393) (0.1393,0.3174) (0.3905,0.7492) (0.4423,1.4972)","LG+I{0.0000}+R4{0.0280,0.0393,0.1393,0.3174,0.3905,0.7492,0.4423,1.4972}"
HVO_2312,LG+I+R4,0.0000,,"(0.1443,0.1713) (0.2168,0.3988) (0.2673,0.8702) (0.3716,1.7658)","LG+I{0.0000}+R4{0.1443,0.1713,0.2168,0.3988,0.2673,0.8702,0.3716,1.7658}"
HVO_1286,LG+I+R4,0.0159,,"(0.1812,0.2017) (0.2075,0.5546) (0.2594,1.0514) (0.3361,1.7129)","LG+I{0.0159}+R4{0.1812,0.2017,0.2075,0.5546,0.2594,1.0514,0.3361,1.7129}"
HVO_1069,LG+F+I+R4,0.0000,,"(0.1604,0.1630) (0.4324,0.6521) (0.2681,1.3372) (0.1391,2.3960)","LG+F+I{0.0000}+R4{0.1604,0.1630,0.4324,0.6521,0.2681,1.3372,0.1391,2.3960}"
HVO_B0165,LG+I+G4,0.0174,1.0121,,LG+I{0.0174}+G4{1.0121}
HVO_B0364,LG+I+G4,0.0174,1.0121,,LG+I{0.0174}+G4{1.0121}
HVO_B0364,LG+I+G4,0.0174,1.0121,,LG+I{0.0174}+G4{1.0121}
HVO_2228,LG+I+G4,0.0156,0.8412,,LG+I{0.0156}+G4{0.8412}
HVO_0721,LG+I+G4,0.0156,0.8412,,LG+I{0.0156}+G4{0.8412}
HVO_1049,LG+I+G4,0.0156,0.8412,,LG+I{0.0156}+G4{0.8412}
HVO_1970,LG+I+G4,0.0156,0.8412,,LG+I{0.0156}+G4{0.8412}
HVO_1719,LG+I+G4,0.0000,2.6641,,LG+I{0.0000}+G4{2.6641}
HVO_0464,LG+I+G4,0.0120,2.3121,,LG+I{0.0120}+G4{2.3121}
HVO_2425,LG+F+I+R4,0.0000,,"(0.0237,0.0643) (0.1028,0.2977) (0.2892,0.6772) (0.5843,1.3213)","LG+F+I{0.0000}+R4{0.0237,0.0643,0.1028,0.2977,0.2892,0.6772,0.5843,1.3213}"
HVO_0039,LG+I+R4,0.0147,,"(0.0421,0.0609) (0.1640,0.2758) (0.3119,0.6777) (0.4673,1.5853)","LG+I{0.0147}+R4{0.0421,0.0609,0.1640,0.2758,0.3119,0.6777,0.4673,1.5853}"
HVO_1351,LG+I+R4,0.0147,,"(0.0421,0.0609) (0.1640,0.2758) (0.3119,0.6777) (0.4673,1.5853)","LG+I{0.0147}+R4{0.0421,0.0609,0.1640,0.2758,0.3119,0.6777,0.4673,1.5853}"
HVO_0099,LG+I+R4,0.0147,,"(0.0421,0.0609) (0.1640,0.2758) (0.3119,0.6777) (0.4673,1.5853)","LG+I{0.0147}+R4{0.0421,0.0609,0.1640,0.2758,0.3119,0.6777,0.4673,1.5853}"
HVO_1286,LG+I+R4,0.0059,,"(0.0488,0.1201) (0.2182,0.4203) (0.3538,0.8188) (0.3733,1.6412)","LG+I{0.0059}+R4{0.0488,0.1201,0.2182,0.4203,0.3538,0.8188,0.3733,1.6412}"
HVO_1121,LG+I+G4,0.0369,1.0032,,LG+I{0.0369}+G4{1.0032}
HVO_2789,LG+I+G4,0.0369,1.0032,,LG+I{0.0369}+G4{1.0032}
HVO_C0080,LG+I+R4,0.0000,,"(0.0416,0.0369) (0.1495,0.3107) (0.4016,0.8195) (0.4073,1.5292)","LG+I{0.0000}+R4{0.0416,0.0369,0.1495,0.3107,0.4016,0.8195,0.4073,1.5292}"
HVO_A0100,LG+I+R4,0.0000,,"(0.0416,0.0369) (0.1495,0.3107) (0.4016,0.8195) (0.4073,1.5292)","LG+I{0.0000}+R4{0.0416,0.0369,0.1495,0.3107,0.4016,0.8195,0.4073,1.5292}"
HVO_A0403,LG+I+R4,0.0000,,"(0.0416,0.0369) (0.1495,0.3107) (0.4016,0.8195) (0.4073,1.5292)","LG+I{0.0000}+R4{0.0416,0.0369,0.1495,0.3107,0.4016,0.8195,0.4073,1.5292}"
HVO_0415,LG+F+I+G4,0.0308,1.3957,,LG+F+I{0.0308}+G4{1.3957}
HVO_B0345,LG+F+I+R4,0.0036,,"(0.0748,0.1099) (0.1830,0.4457) (0.3536,0.8155) (0.3851,1.6151)","LG+F+I{0.0036}+R4{0.0748,0.1099,0.1830,0.4457,0.3536,0.8155,0.3851,1.6151}"
HVO_B0038A,LG+F+I+R4,0.0036,,"(0.0748,0.1099) (0.1830,0.4457) (0.3536,0.8155) (0.3851,1.6151)","LG+F+I{0.0036}+R4{0.0748,0.1099,0.1830,0.4457,0.3536,0.8155,0.3851,1.6151}"
HVO_B0087,LG+F+I+R4,0.0036,,"(0.0748,0.1099) (0.1830,0.4457) (0.3536,0.8155) (0.3851,1.6151)","LG+F+I{0.0036}+R4{0.0748,0.1099,0.1830,0.4457,0.3536,0.8155,0.3851,1.6151}"
HVO_B0111,LG+F+I+R4,0.0036,,"(0.0748,0.1099) (0.1830,0.4457) (0.3536,0.8155) (0.3851,1.6151)","LG+F+I{0.0036}+R4{0.0748,0.1099,0.1830,0.4457,0.3536,0.8155,0.3851,1.6151}"
HVO_B0346,LG+F+I+R4,0.0036,,"(0.0748,0.1099) (0.1830,0.4457) (0.3536,0.8155) (0.3851,1.6151)","LG+F+I{0.0036}+R4{0.0748,0.1099,0.1830,0.4457,0.3536,0.8155,0.3851,1.6151}"
HVO_A0267,LG+F+I+R4,0.0036,,"(0.0748,0.1099) (0.1830,0.4457) (0.3536,0.8155) (0.3851,1.6151)","LG+F+I{0.0036}+R4{0.0748,0.1099,0.1830,0.4457,0.3536,0.8155,0.3851,1.6151}"
HVO_A0287,LG+F+I+R4,0.0036,,"(0.0748,0.1099) (0.1830,0.4457) (0.3536,0.8155) (0.3851,1.6151)","LG+F+I{0.0036}+R4{0.0748,0.1099,0.1830,0.4457,0.3536,0.8155,0.3851,1.6151}"
HVO_A0331,LG+F+I+R4,0.0036,,"(0.0748,0.1099) (0.1830,0.4457) (0.3536,0.8155) (0.3851,1.6151)","LG+F+I{0.0036}+R4{0.0748,0.1099,0.1830,0.4457,0.3536,0.8155,0.3851,1.6151}"
HVO_A0429A,LG+F+I+R4,0.0036,,"(0.0748,0.1099) (0.1830,0.4457) (0.3536,0.8155) (0.3851,1.6151)","LG+F+I{0.0036}+R4{0.0748,0.1099,0.1830,0.4457,0.3536,0.8155,0.3851,1.6151}"
HVO_2638,LG+F+I+R4,0.0036,,"(0.0748,0.1099) (0.1830,0.4457) (0.3536,0.8155) (0.3851,1.6151)","LG+F+I{0.0036}+R4{0.0748,0.1099,0.1830,0.4457,0.3536,0.8155,0.3851,1.6151}"
HVO_1488,LG+F+I+R4,0.0036,,"(0.0748,0.1099) (0.1830,0.4457) (0.3536,0.8155) (0.3851,1.6151)","LG+F+I{0.0036}+R4{0.0748,0.1099,0.1830,0.4457,0.3536,0.8155,0.3851,1.6151}"
HVO_1461,LG+F+I+R4,0.0036,,"(0.0748,0.1099) (0.1830,0.4457) (0.3536,0.8155) (0.3851,1.6151)","LG+F+I{0.0036}+R4{0.0748,0.1099,0.1830,0.4457,0.3536,0.8155,0.3851,1.6151}"
HVO_1438,LG+I+R4,0.0000,,"(0.1048,0.2278) (0.3001,0.5106) (0.2418,0.9638) (0.3533,1.6697)","LG+I{0.0000}+R4{0.1048,0.2278,0.3001,0.5106,0.2418,0.9638,0.3533,1.6697}"
HVO_1000,LG+I+R4,0.0000,,"(0.1048,0.2278) (0.3001,0.5106) (0.2418,0.9638) (0.3533,1.6697)","LG+I{0.0000}+R4{0.1048,0.2278,0.3001,0.5106,0.2418,0.9638,0.3533,1.6697}"
HVO_C0045,LG+I+R4,0.0000,,"(0.0305,0.0293) (0.0650,0.1813) (0.3088,0.4776) (0.5958,1.4097)","LG+I{0.0000}+R4{0.0305,0.0293,0.0650,0.1813,0.3088,0.4776,0.5958,1.4097}"
HVO_0418,LG+I+R4,0.0000,,"(0.0305,0.0293) (0.0650,0.1813) (0.3088,0.4776) (0.5958,1.4097)","LG+I{0.0000}+R4{0.0305,0.0293,0.0650,0.1813,0.3088,0.4776,0.5958,1.4097}"
HVO_1074,LG+I+R4,0.0000,,"(0.0305,0.0293) (0.0650,0.1813) (0.3088,0.4776) (0.5958,1.4097)","LG+I{0.0000}+R4{0.0305,0.0293,0.0650,0.1813,0.3088,0.4776,0.5958,1.4097}"
HVO_1854,LG+F+I+R4,0.0062,,"(0.0994,0.0873) (0.2488,0.3665) (0.4066,0.8577) (0.2390,2.3067)","LG+F+I{0.0062}+R4{0.0994,0.0873,0.2488,0.3665,0.4066,0.8577,0.2390,2.3067}"
HVO_2512,LG+F+I+R4,0.0000,,"(0.0689,0.0930) (0.0810,0.4026) (0.5121,0.9257) (0.3380,1.4405)","LG+F+I{0.0000}+R4{0.0689,0.0930,0.0810,0.4026,0.5121,0.9257,0.3380,1.4405}"
HVO_C0057,LG+I+R4,0.0000,,"(0.0446,0.0852) (0.1528,0.3805) (0.3136,0.7431) (0.4890,1.4418)","LG+I{0.0000}+R4{0.0446,0.0852,0.1528,0.3805,0.3136,0.7431,0.4890,1.4418}"
HVO_B0001,LG+I+R4,0.0000,,"(0.0446,0.0852) (0.1528,0.3805) (0.3136,0.7431) (0.4890,1.4418)","LG+I{0.0000}+R4{0.0446,0.0852,0.1528,0.3805,0.3136,0.7431,0.4890,1.4418}"
HVO_A0257,LG+I+R4,0.0000,,"(0.0446,0.0852) (0.1528,0.3805) (0.3136,0.7431) (0.4890,1.4418)","LG+I{0.0000}+R4{0.0446,0.0852,0.1528,0.3805,0.3136,0.7431,0.4890,1.4418}"
HVO_A0001,LG+I+R4,0.0000,,"(0.0446,0.0852) (0.1528,0.3805) (0.3136,0.7431) (0.4890,1.4418)","LG+I{0.0000}+R4{0.0446,0.0852,0.1528,0.3805,0.3136,0.7431,0.4890,1.4418}"
HVO_A0072,LG+I+R4,0.0000,,"(0.0446,0.0852) (0.1528,0.3805) (0.3136,0.7431) (0.4890,1.4418)","LG+I{0.0000}+R4{0.0446,0.0852,0.1528,0.3805,0.3136,0.7431,0.4890,1.4418}"
HVO_0377,LG+I+R4,0.0000,,"(0.0446,0.0852) (0.1528,0.3805) (0.3136,0.7431) (0.4890,1.4418)","LG+I{0.0000}+R4{0.0446,0.0852,0.1528,0.3805,0.3136,0.7431,0.4890,1.4418}"
HVO_2292,LG+I+R4,0.0000,,"(0.0446,0.0852) (0.1528,0.3805) (0.3136,0.7431) (0.4890,1.4418)","LG+I{0.0000}+R4{0.0446,0.0852,0.1528,0.3805,0.3136,0.7431,0.4890,1.4418}"
HVO_0634,LG+I+R4,0.0000,,"(0.0446,0.0852) (0.1528,0.3805) (0.3136,0.7431) (0.4890,1.4418)","LG+I{0.0000}+R4{0.0446,0.0852,0.1528,0.3805,0.3136,0.7431,0.4890,1.4418}"
HVO_2042,LG+I+R4,0.0000,,"(0.0446,0.0852) (0.1528,0.3805) (0.3136,0.7431) (0.4890,1.4418)","LG+I{0.0000}+R4{0.0446,0.0852,0.1528,0.3805,0.3136,0.7431,0.4890,1.4418}"
HVO_1725,LG+I+R4,0.0000,,"(0.0446,0.0852) (0.1528,0.3805) (0.3136,0.7431) (0.4890,1.4418)","LG+I{0.0000}+R4{0.0446,0.0852,0.1528,0.3805,0.3136,0.7431,0.4890,1.4418}"
HVO_2293,LG+I+R4,0.0000,,"(0.0446,0.0852) (0.1528,0.3805) (0.3136,0.7431) (0.4890,1.4418)","LG+I{0.0000}+R4{0.0446,0.0852,0.1528,0.3805,0.3136,0.7431,0.4890,1.4418}"
HVO_B0073,LG+I+G4,0.0000,1.3690,,LG+I{0.0000}+G4{1.3690}
HVO_A0388,LG+I+G4,0.0000,1.3690,,LG+I{0.0000}+G4{1.3690}
HVO_1752,LG+I+G4,0.0000,1.3690,,LG+I{0.0000}+G4{1.3690}
HVO_2507,LG+I+G4,0.0000,1.3690,,LG+I{0.0000}+G4{1.3690}
HVO_0179,LG+I+G4,0.0000,1.3690,,LG+I{0.0000}+G4{1.3690}
HVO_0670,LG+F+I+R4,0.0070,,"(0.0208,0.1021) (0.1250,0.3251) (0.3291,0.7151) (0.5181,1.3933)","LG+F+I{0.0070}+R4{0.0208,0.1021,0.1250,0.3251,0.3291,0.7151,0.5181,1.3933}"
HVO_0670,LG+F+I+R4,0.0000,,"(0.0327,0.2351) (0.2061,0.4909) (0.3362,0.9091) (0.4250,1.3777)","LG+F+I{0.0000}+R4{0.0327,0.2351,0.2061,0.4909,0.3362,0.9091,0.4250,1.3777}"
HVO_B0066,LG+I+G4,0.0000,2.1195,,LG+I{0.0000}+G4{2.1195}
HVO_A0307,LG+I+G4,0.0000,2.1195,,LG+I{0.0000}+G4{2.1195}
HVO_2522,LG+I+G4,0.0000,2.1195,,LG+I{0.0000}+G4{2.1195}
HVO_0921,LG+I+G4,0.0000,2.1195,,LG+I{0.0000}+G4{2.1195}
HVO_2412,LG+I+G4,0.0000,2.1195,,LG+I{0.0000}+G4{2.1195}
HVO_2263,LG+I+G4,0.0000,2.1195,,LG+I{0.0000}+G4{2.1195}
HVO_0772,LG+I+G4,0.0000,2.1195,,LG+I{0.0000}+G4{2.1195}
HVO_2029,LG+I+G4,0.0000,2.1195,,LG+I{0.0000}+G4{2.1195}
HVO_1303,LG+I+G4,0.0000,2.1195,,LG+I{0.0000}+G4{2.1195}
HVO_1265,LG+I+G4,0.0000,2.1195,,LG+I{0.0000}+G4{2.1195}
HVO_0240,LG+I+G4,0.0000,2.1195,,LG+I{0.0000}+G4{2.1195}
HVO_0163,LG+I+G4,0.0000,2.1195,,LG+I{0.0000}+G4{2.1195}
HVO_0852,LG+I+G4,0.0000,2.1195,,LG+I{0.0000}+G4{2.1195}
HVO_2858,LG+I+G4,0.0000,2.1195,,LG+I{0.0000}+G4{2.1195}
HVO_1792,LG+I+G4,0.0000,2.1195,,LG+I{0.0000}+G4{2.1195}
HVO_0251,LG+I+R4,0.0000,,"(0.0585,0.0654) (0.1458,0.3633) (0.5000,0.8641) (0.2957,1.7288)","LG+I{0.0000}+R4{0.0585,0.0654,0.1458,0.3633,0.5000,0.8641,0.2957,1.7288}"
HVO_2396,LG+I+R4,0.0000,,"(0.0585,0.0654) (0.1458,0.3633) (0.5000,0.8641) (0.2957,1.7288)","LG+I{0.0000}+R4{0.0585,0.0654,0.1458,0.3633,0.5000,0.8641,0.2957,1.7288}"
HVO_0337,LG+I+R4,0.0000,,"(0.0585,0.0654) (0.1458,0.3633) (0.5000,0.8641) (0.2957,1.7288)","LG+I{0.0000}+R4{0.0585,0.0654,0.1458,0.3633,0.5000,0.8641,0.2957,1.7288}"
HVO_2930,LG+I+G4,0.0085,4.2475,,LG+I{0.0085}+G4{4.2475}
HVO_A0629,LG+I+R4,0.0000,,"(0.0231,0.1048) (0.2153,0.4952) (0.4589,0.8817) (0.3028,1.6063)","LG+I{0.0000}+R4{0.0231,0.1048,0.2153,0.4952,0.4589,0.8817,0.3028,1.6063}"
HVO_2025,LG+I+R4,0.0000,,"(0.0231,0.1048) (0.2153,0.4952) (0.4589,0.8817) (0.3028,1.6063)","LG+I{0.0000}+R4{0.0231,0.1048,0.2153,0.4952,0.4589,0.8817,0.3028,1.6063}"
HVO_0301,LG+I+R4,0.0000,,"(0.0231,0.1048) (0.2153,0.4952) (0.4589,0.8817) (0.3028,1.6063)","LG+I{0.0000}+R4{0.0231,0.1048,0.2153,0.4952,0.4589,0.8817,0.3028,1.6063}"
HVO_0318,LG+I+R4,0.0000,,"(0.0231,0.1048) (0.2153,0.4952) (0.4589,0.8817) (0.3028,1.6063)","LG+I{0.0000}+R4{0.0231,0.1048,0.2153,0.4952,0.4589,0.8817,0.3028,1.6063}"
HVO_2030,LG+I+R4,0.0000,,"(0.0231,0.1048) (0.2153,0.4952) (0.4589,0.8817) (0.3028,1.6063)","LG+I{0.0000}+R4{0.0231,0.1048,0.2153,0.4952,0.4589,0.8817,0.3028,1.6063}"
HVO_2030,LG+I+R4,0.0000,,"(0.0231,0.1048) (0.2153,0.4952) (0.4589,0.8817) (0.3028,1.6063)","LG+I{0.0000}+R4{0.0231,0.1048,0.2153,0.4952,0.4589,0.8817,0.3028,1.6063}"
HVO_2030,LG+I+R4,0.0000,,"(0.0231,0.1048) (0.2153,0.4952) (0.4589,0.8817) (0.3028,1.6063)","LG+I{0.0000}+R4{0.0231,0.1048,0.2153,0.4952,0.4589,0.8817,0.3028,1.6063}"
HVO_1298,LG+I+R4,0.0000,,"(0.0231,0.1048) (0.2153,0.4952) (0.4589,0.8817) (0.3028,1.6063)","LG+I{0.0000}+R4{0.0231,0.1048,0.2153,0.4952,0.4589,0.8817,0.3028,1.6063}"
HVO_0632,LG+I+R4,0.0000,,"(0.0231,0.1048) (0.2153,0.4952) (0.4589,0.8817) (0.3028,1.6063)","LG+I{0.0000}+R4{0.0231,0.1048,0.2153,0.4952,0.4589,0.8817,0.3028,1.6063}"
HVO_A0213,LG+F+I+R4,0.0030,,"(0.0804,0.1843) (0.1295,0.4119) (0.2324,0.7563) (0.5548,1.3629)","LG+F+I{0.0030}+R4{0.0804,0.1843,0.1295,0.4119,0.2324,0.7563,0.5548,1.3629}"
HVO_1340,LG+F+I+R4,0.0030,,"(0.0804,0.1843) (0.1295,0.4119) (0.2324,0.7563) (0.5548,1.3629)","LG+F+I{0.0030}+R4{0.0804,0.1843,0.1295,0.4119,0.2324,0.7563,0.5548,1.3629}"
HVO_0824,LG+F+I+R4,0.0030,,"(0.0804,0.1843) (0.1295,0.4119) (0.2324,0.7563) (0.5548,1.3629)","LG+F+I{0.0030}+R4{0.0804,0.1843,0.1295,0.4119,0.2324,0.7563,0.5548,1.3629}"
HVO_1281,LG+F+I+R4,0.0030,,"(0.0804,0.1843) (0.1295,0.4119) (0.2324,0.7563) (0.5548,1.3629)","LG+F+I{0.0030}+R4{0.0804,0.1843,0.1295,0.4119,0.2324,0.7563,0.5548,1.3629}"
HVO_2048,LG+F+I+R4,0.0030,,"(0.0804,0.1843) (0.1295,0.4119) (0.2324,0.7563) (0.5548,1.3629)","LG+F+I{0.0030}+R4{0.0804,0.1843,0.1295,0.4119,0.2324,0.7563,0.5548,1.3629}"
HVO_1169,LG+F+I+R4,0.0030,,"(0.0804,0.1843) (0.1295,0.4119) (0.2324,0.7563) (0.5548,1.3629)","LG+F+I{0.0030}+R4{0.0804,0.1843,0.1295,0.4119,0.2324,0.7563,0.5548,1.3629}"
HVO_1168,LG+F+I+R4,0.0030,,"(0.0804,0.1843) (0.1295,0.4119) (0.2324,0.7563) (0.5548,1.3629)","LG+F+I{0.0030}+R4{0.0804,0.1843,0.1295,0.4119,0.2324,0.7563,0.5548,1.3629}"
HVO_1294,LG+I+G4,0.0093,2.7494,,LG+I{0.0093}+G4{2.7494}
HVO_2229,LG+I+G4,0.0093,2.7494,,LG+I{0.0093}+G4{2.7494}
HVO_A0463,LG+I+G4,0.0000,1.9587,,LG+I{0.0000}+G4{1.9587}
HVO_0732,LG+I+G4,0.0000,1.9587,,LG+I{0.0000}+G4{1.9587}
HVO_B0056,LG+I+G4,0.0252,1.7202,,LG+I{0.0252}+G4{1.7202}
HVO_2218,LG+I+G4,0.0252,1.7202,,LG+I{0.0252}+G4{1.7202}
HVO_0015,LG+I+G4,0.0252,1.7202,,LG+I{0.0252}+G4{1.7202}
HVO_2096,LG+F+I+R4,0.0000,,"(0.1070,0.2013) (0.2150,0.4814) (0.3572,0.9964) (0.3207,1.6182)","LG+F+I{0.0000}+R4{0.1070,0.2013,0.2150,0.4814,0.3572,0.9964,0.3207,1.6182}"
HVO_2205,LG+F+I+R4,0.0000,,"(0.1070,0.2013) (0.2150,0.4814) (0.3572,0.9964) (0.3207,1.6182)","LG+F+I{0.0000}+R4{0.1070,0.2013,0.2150,0.4814,0.3572,0.9964,0.3207,1.6182}"
HVO_0096,LG+F+I+R4,0.0000,,"(0.1070,0.2013) (0.2150,0.4814) (0.3572,0.9964) (0.3207,1.6182)","LG+F+I{0.0000}+R4{0.1070,0.2013,0.2150,0.4814,0.3572,0.9964,0.3207,1.6182}"
HVO_2362,LG+F+I+R4,0.0000,,"(0.1070,0.2013) (0.2150,0.4814) (0.3572,0.9964) (0.3207,1.6182)","LG+F+I{0.0000}+R4{0.1070,0.2013,0.2150,0.4814,0.3572,0.9964,0.3207,1.6182}"
HVO_0575,LG+F+I+R4,0.0000,,"(0.1070,0.2013) (0.2150,0.4814) (0.3572,0.9964) (0.3207,1.6182)","LG+F+I{0.0000}+R4{0.1070,0.2013,0.2150,0.4814,0.3572,0.9964,0.3207,1.6182}"
HVO_1245,LG+I+G4,0.0202,2.9946,,LG+I{0.0202}+G4{2.9946}
HVO_2771,LG+F+I+R4,0.0033,,"(0.0285,0.0795) (0.1942,0.4051) (0.4820,0.9375) (0.2920,1.6001)","LG+F+I{0.0033}+R4{0.0285,0.0795,0.1942,0.4051,0.4820,0.9375,0.2920,1.6001}"
HVO_0516,LG+F+I+R4,0.0021,,"(0.0161,0.0279) (0.0986,0.3006) (0.2358,0.6754) (0.6474,1.2521)","LG+F+I{0.0021}+R4{0.0161,0.0279,0.0986,0.3006,0.2358,0.6754,0.6474,1.2521}"
HVO_B0118,LG+F+I+R4,0.0000,,"(0.0555,0.1076) (0.1354,0.4018) (0.4178,0.7391) (0.3913,1.6123)","LG+F+I{0.0000}+R4{0.0555,0.1076,0.1354,0.4018,0.4178,0.7391,0.3913,1.6123}"
HVO_0854,LG+F+I+R4,0.0000,,"(0.0555,0.1076) (0.1354,0.4018) (0.4178,0.7391) (0.3913,1.6123)","LG+F+I{0.0000}+R4{0.0555,0.1076,0.1354,0.4018,0.4178,0.7391,0.3913,1.6123}"
HVO_2175,LG+F+I+R4,0.0000,,"(0.0555,0.1076) (0.1354,0.4018) (0.4178,0.7391) (0.3913,1.6123)","LG+F+I{0.0000}+R4{0.0555,0.1076,0.1354,0.4018,0.4178,0.7391,0.3913,1.6123}"
HVO_B0311,LG+F+I+R4,0.0042,,"(0.0698,0.1284) (0.1785,0.3482) (0.2411,0.7078) (0.5063,1.4974)","LG+F+I{0.0042}+R4{0.0698,0.1284,0.1785,0.3482,0.2411,0.7078,0.5063,1.4974}"
HVO_B0377,LG+F+I+R4,0.0000,,"(0.0061,0.0387) (0.0795,0.3258) (0.4852,0.7455) (0.4292,1.4263)","LG+F+I{0.0000}+R4{0.0061,0.0387,0.0795,0.3258,0.4852,0.7455,0.4292,1.4263}"
HVO_A0225,LG+F+I+R4,0.0000,,"(0.0061,0.0387) (0.0795,0.3258) (0.4852,0.7455) (0.4292,1.4263)","LG+F+I{0.0000}+R4{0.0061,0.0387,0.0795,0.3258,0.4852,0.7455,0.4292,1.4263}"
HVO_A0224,LG+F+I+R4,0.0000,,"(0.0061,0.0387) (0.0795,0.3258) (0.4852,0.7455) (0.4292,1.4263)","LG+F+I{0.0000}+R4{0.0061,0.0387,0.0795,0.3258,0.4852,0.7455,0.4292,1.4263}"
HVO_1615,LG+I+R4,0.0044,,"(0.1321,0.1400) (0.2701,0.5276) (0.4813,1.2135) (0.1122,2.2726)","LG+I{0.0044}+R4{0.1321,0.1400,0.2701,0.5276,0.4813,1.2135,0.1122,2.2726}"
HVO_1567,LG+I+G4,0.0000,1.4952,,LG+I{0.0000}+G4{1.4952}
HVO_1313,LG+I+G4,0.0000,2.1025,,LG+I{0.0000}+G4{2.1025}
HVO_1620,LG+I+G4,0.0000,3.0497,,LG+I{0.0000}+G4{3.0497}
HVO_2259,LG+I+G4,0.0000,3.0497,,LG+I{0.0000}+G4{3.0497}
HVO_2273,LG+I+G4,0.0000,3.0497,,LG+I{0.0000}+G4{3.0497}
HVO_0999,LG+I+G4,0.0024,2.2701,,LG+I{0.0024}+G4{2.2701}
HVO_2188,LG+I+R4,0.0043,,"(0.1041,0.0680) (0.3162,0.3458) (0.2557,0.8472) (0.3197,2.0860)","LG+I{0.0043}+R4{0.1041,0.0680,0.3162,0.3458,0.2557,0.8472,0.3197,2.0860}"
HVO_0201,LG+F+I+R4,0.0000,,"(0.0676,0.1870) (0.0965,0.4706) (0.4056,0.8492) (0.4303,1.3887)","LG+F+I{0.0000}+R4{0.0676,0.1870,0.0965,0.4706,0.4056,0.8492,0.4303,1.3887}"
HVO_2604,LG+F+I+R4,0.0000,,"(0.0676,0.1870) (0.0965,0.4706) (0.4056,0.8492) (0.4303,1.3887)","LG+F+I{0.0000}+R4{0.0676,0.1870,0.0965,0.4706,0.4056,0.8492,0.4303,1.3887}"
HVO_2709,LG+F+I+R4,0.0000,,"(0.0676,0.1870) (0.0965,0.4706) (0.4056,0.8492) (0.4303,1.3887)","LG+F+I{0.0000}+R4{0.0676,0.1870,0.0965,0.4706,0.4056,0.8492,0.4303,1.3887}"
HVO_B0235,LG+I+G4,0.0000,1.6293,,LG+I{0.0000}+G4{1.6293}
HVO_B0051,LG+I+R4,0.0000,,"(0.0320,0.0885) (0.1171,0.3712) (0.2903,0.7223) (0.5606,1.3271)","LG+I{0.0000}+R4{0.0320,0.0885,0.1171,0.3712,0.2903,0.7223,0.5606,1.3271}"
HVO_1261,LG+I+R4,0.0000,,"(0.0320,0.0885) (0.1171,0.3712) (0.2903,0.7223) (0.5606,1.3271)","LG+I{0.0000}+R4{0.0320,0.0885,0.1171,0.3712,0.2903,0.7223,0.5606,1.3271}"
HVO_A0594,LG+I+G4,0.0056,1.3389,,LG+I{0.0056}+G4{1.3389}
HVO_B0043,LG+F+I+R4,0.0047,,"(0.0681,0.0937) (0.2057,0.4236) (0.4198,0.8926) (0.3017,1.7625)","LG+F+I{0.0047}+R4{0.0681,0.0937,0.2057,0.4236,0.4198,0.8926,0.3017,1.7625}"
HVO_2356,LG+I+G4,0.0000,2.0951,,LG+I{0.0000}+G4{2.0951}
HVO_2356,LG+F+I+R4,0.0000,,"(0.0402,0.1603) (0.2213,0.4601) (0.3061,0.8303) (0.4323,1.4746)","LG+F+I{0.0000}+R4{0.0402,0.1603,0.2213,0.4601,0.3061,0.8303,0.4323,1.4746}"
HVO_2721,LG+I+R4,0.0047,,"(0.1144,0.0605) (0.2886,0.3386) (0.2804,0.9282) (0.3120,2.0358)","LG+I{0.0047}+R4{0.1144,0.0605,0.2886,0.3386,0.2804,0.9282,0.3120,2.0358}"
HVO_1000,LG+I+R4,0.0033,,"(0.1141,0.1584) (0.3005,0.4637) (0.3115,0.9457) (0.2706,2.0252)","LG+I{0.0033}+R4{0.1141,0.1584,0.3005,0.4637,0.3115,0.9457,0.2706,2.0252}"
HVO_A0100,LG+I+G4,0.0000,5.6617,,LG+I{0.0000}+G4{5.6617}
HVO_A0403,LG+I+G4,0.0000,5.6617,,LG+I{0.0000}+G4{5.6617}
HVO_1943,LG+F+I+R4,0.0000,,"(0.0274,0.1384) (0.2702,0.4600) (0.3003,0.9260) (0.4022,1.4766)","LG+F+I{0.0000}+R4{0.0274,0.1384,0.2702,0.4600,0.3003,0.9260,0.4022,1.4766}"
HVO_0635,LG+F+I+R4,0.0000,,"(0.0274,0.1384) (0.2702,0.4600) (0.3003,0.9260) (0.4022,1.4766)","LG+F+I{0.0000}+R4{0.0274,0.1384,0.2702,0.4600,0.3003,0.9260,0.4022,1.4766}"
HVO_2172,LG+F+I+R4,0.0000,,"(0.0274,0.1384) (0.2702,0.4600) (0.3003,0.9260) (0.4022,1.4766)","LG+F+I{0.0000}+R4{0.0274,0.1384,0.2702,0.4600,0.3003,0.9260,0.4022,1.4766}"
HVO_2421,LG+F+I+G4,0.0000,2.2038,,LG+F+I{0.0000}+G4{2.2038}
HVO_B0116,LG+F+I+R4,0.0069,,"(0.1415,0.1535) (0.2486,0.4998) (0.2984,0.9886) (0.3045,1.8357)","LG+F+I{0.0069}+R4{0.1415,0.1535,0.2486,0.4998,0.2984,0.9886,0.3045,1.8357}"
HVO_B0026,LG+F+I+R4,0.0069,,"(0.1415,0.1535) (0.2486,0.4998) (0.2984,0.9886) (0.3045,1.8357)","LG+F+I{0.0069}+R4{0.1415,0.1535,0.2486,0.4998,0.2984,0.9886,0.3045,1.8357}"
HVO_A0288,LG+F+I+R4,0.0069,,"(0.1415,0.1535) (0.2486,0.4998) (0.2984,0.9886) (0.3045,1.8357)","LG+F+I{0.0069}+R4{0.1415,0.1535,0.2486,0.4998,0.2984,0.9886,0.3045,1.8357}"
HVO_A0546,LG+F+I+R4,0.0069,,"(0.1415,0.1535) (0.2486,0.4998) (0.2984,0.9886) (0.3045,1.8357)","LG+F+I{0.0069}+R4{0.1415,0.1535,0.2486,0.4998,0.2984,0.9886,0.3045,1.8357}"
HVO_A0298,LG+F+I+R4,0.0069,,"(0.1415,0.1535) (0.2486,0.4998) (0.2984,0.9886) (0.3045,1.8357)","LG+F+I{0.0069}+R4{0.1415,0.1535,0.2486,0.4998,0.2984,0.9886,0.3045,1.8357}"
HVO_A0296,LG+F+I+R4,0.0069,,"(0.1415,0.1535) (0.2486,0.4998) (0.2984,0.9886) (0.3045,1.8357)","LG+F+I{0.0069}+R4{0.1415,0.1535,0.2486,0.4998,0.2984,0.9886,0.3045,1.8357}"
HVO_1028,LG+F+I+R4,0.0069,,"(0.1415,0.1535) (0.2486,0.4998) (0.2984,0.9886) (0.3045,1.8357)","LG+F+I{0.0069}+R4{0.1415,0.1535,0.2486,0.4998,0.2984,0.9886,0.3045,1.8357}"
HVO_2468,LG+F+I+R4,0.0069,,"(0.1415,0.1535) (0.2486,0.4998) (0.2984,0.9886) (0.3045,1.8357)","LG+F+I{0.0069}+R4{0.1415,0.1535,0.2486,0.4998,0.2984,0.9886,0.3045,1.8357}"
HVO_2916,LG+F+I+R4,0.0069,,"(0.1415,0.1535) (0.2486,0.4998) (0.2984,0.9886) (0.3045,1.8357)","LG+F+I{0.0069}+R4{0.1415,0.1535,0.2486,0.4998,0.2984,0.9886,0.3045,1.8357}"
HVO_0296,LG+F+I+R4,0.0069,,"(0.1415,0.1535) (0.2486,0.4998) (0.2984,0.9886) (0.3045,1.8357)","LG+F+I{0.0069}+R4{0.1415,0.1535,0.2486,0.4998,0.2984,0.9886,0.3045,1.8357}"
HVO_C0080,LG+F+I+R4,0.0000,,"(0.0807,0.2785) (0.1739,0.5285) (0.2846,0.9000) (0.4608,1.3660)","LG+F+I{0.0000}+R4{0.0807,0.2785,0.1739,0.5285,0.2846,0.9000,0.4608,1.3660}"
HVO_1802,LG+I+G4,0.0290,2.2801,,LG+I{0.0290}+G4{2.2801}
HVO_0551,LG+I+R3,0.0158,,"(0.0886,0.0862) (0.4750,0.5134) (0.4206,1.7796)","LG+I{0.0158}+R3{0.0886,0.0862,0.4750,0.5134,0.4206,1.7796}"
HVO_1939,LG+I+R3,0.0158,,"(0.0886,0.0862) (0.4750,0.5134) (0.4206,1.7796)","LG+I{0.0158}+R3{0.0886,0.0862,0.4750,0.5134,0.4206,1.7796}"
HVO_A0100,LG+I+G4,0.0000,2.6048,,LG+I{0.0000}+G4{2.6048}
HVO_A0403,LG+I+G4,0.0000,2.6048,,LG+I{0.0000}+G4{2.6048}
HVO_1421,LG+I+R4,0.0000,,"(0.0461,0.1132) (0.2068,0.4297) (0.3978,0.8913) (0.3494,1.5783)","LG+I{0.0000}+R4{0.0461,0.1132,0.2068,0.4297,0.3978,0.8913,0.3494,1.5783}"
HVO_2467,LG+I+R4,0.0000,,"(0.0461,0.1132) (0.2068,0.4297) (0.3978,0.8913) (0.3494,1.5783)","LG+I{0.0000}+R4{0.0461,0.1132,0.2068,0.4297,0.3978,0.8913,0.3494,1.5783}"
HVO_1000,LG+F+I+R4,0.0000,,"(0.1153,0.1743) (0.2214,0.5001) (0.3776,0.9519) (0.2857,1.7842)","LG+F+I{0.0000}+R4{0.1153,0.1743,0.2214,0.5001,0.3776,0.9519,0.2857,1.7842}"
HVO_C0017,LG+I+G4,0.0624,1.4207,,LG+I{0.0624}+G4{1.4207}
HVO_B0018,LG+I+G4,0.0624,1.4207,,LG+I{0.0624}+G4{1.4207}
HVO_A0003,LG+I+G4,0.0624,1.4207,,LG+I{0.0624}+G4{1.4207}
HVO_A0458,LG+I+G4,0.0624,1.4207,,LG+I{0.0624}+G4{1.4207}
HVO_B0162,LG+F+I+G4,0.0058,2.2978,,LG+F+I{0.0058}+G4{2.2978}
HVO_2654,LG+F+I+G4,0.0058,2.2978,,LG+F+I{0.0058}+G4{2.2978}
HVO_B0360,LG+F+I+R4,0.0000,,"(0.0549,0.1014) (0.2542,0.3215) (0.3809,0.7560) (0.3100,2.0153)","LG+F+I{0.0000}+R4{0.0549,0.1014,0.2542,0.3215,0.3809,0.7560,0.3100,2.0153}"
HVO_B0279,LG+I+R4,0.0115,,"(0.1460,0.2353) (0.3276,0.6149) (0.1923,1.0508) (0.3226,1.7423)","LG+I{0.0115}+R4{0.1460,0.2353,0.3276,0.6149,0.1923,1.0508,0.3226,1.7423}"
HVO_A0501,LG+I+R4,0.0115,,"(0.1460,0.2353) (0.3276,0.6149) (0.1923,1.0508) (0.3226,1.7423)","LG+I{0.0115}+R4{0.1460,0.2353,0.3276,0.6149,0.1923,1.0508,0.3226,1.7423}"
HVO_1329,LG+I+R4,0.0115,,"(0.1460,0.2353) (0.3276,0.6149) (0.1923,1.0508) (0.3226,1.7423)","LG+I{0.0115}+R4{0.1460,0.2353,0.3276,0.6149,0.1923,1.0508,0.3226,1.7423}"
HVO_2744,LG+I+R4,0.0115,,"(0.1460,0.2353) (0.3276,0.6149) (0.1923,1.0508) (0.3226,1.7423)","LG+I{0.0115}+R4{0.1460,0.2353,0.3276,0.6149,0.1923,1.0508,0.3226,1.7423}"
HVO_0663,LG+I+R4,0.0115,,"(0.1460,0.2353) (0.3276,0.6149) (0.1923,1.0508) (0.3226,1.7423)","LG+I{0.0115}+R4{0.1460,0.2353,0.3276,0.6149,0.1923,1.0508,0.3226,1.7423}"
HVO_0773,LG+I+R4,0.0115,,"(0.1460,0.2353) (0.3276,0.6149) (0.1923,1.0508) (0.3226,1.7423)","LG+I{0.0115}+R4{0.1460,0.2353,0.3276,0.6149,0.1923,1.0508,0.3226,1.7423}"
HVO_1093,LG+I+R4,0.0115,,"(0.1460,0.2353) (0.3276,0.6149) (0.1923,1.0508) (0.3226,1.7423)","LG+I{0.0115}+R4{0.1460,0.2353,0.3276,0.6149,0.1923,1.0508,0.3226,1.7423}"
HVO_1993,LG+I+R4,0.0115,,"(0.1460,0.2353) (0.3276,0.6149) (0.1923,1.0508) (0.3226,1.7423)","LG+I{0.0115}+R4{0.1460,0.2353,0.3276,0.6149,0.1923,1.0508,0.3226,1.7423}"
HVO_0475,LG+I+R4,0.0115,,"(0.1460,0.2353) (0.3276,0.6149) (0.1923,1.0508) (0.3226,1.7423)","LG+I{0.0115}+R4{0.1460,0.2353,0.3276,0.6149,0.1923,1.0508,0.3226,1.7423}"
HVO_1032,LG+I+R4,0.0115,,"(0.1460,0.2353) (0.3276,0.6149) (0.1923,1.0508) (0.3226,1.7423)","LG+I{0.0115}+R4{0.1460,0.2353,0.3276,0.6149,0.1923,1.0508,0.3226,1.7423}"
HVO_1042,LG+I+R4,0.0000,,"(0.0868,0.0865) (0.2357,0.4528) (0.3890,0.8600) (0.2885,1.9109)","LG+I{0.0000}+R4{0.0868,0.0865,0.2357,0.4528,0.3890,0.8600,0.2885,1.9109}"
HVO_1553,LG+I+R4,0.0166,,"(0.1002,0.0842) (0.2243,0.3912) (0.2215,0.8147) (0.4375,1.6535)","LG+I{0.0166}+R4{0.1002,0.0842,0.2243,0.3912,0.2215,0.8147,0.4375,1.6535}"
HVO_2321,LG+I+G4,0.0093,1.7205,,LG+I{0.0093}+G4{1.7205}
HVO_2886,LG+I+R3,0.0000,,"(0.0970,0.1449) (0.4054,0.6324) (0.4976,1.4661)","LG+I{0.0000}+R3{0.0970,0.1449,0.4054,0.6324,0.4976,1.4661}"
HVO_1206,LG+I+R4,0.0000,,"(0.0315,0.0313) (0.2863,0.4228) (0.3204,0.8266) (0.3618,1.6945)","LG+I{0.0000}+R4{0.0315,0.0313,0.2863,0.4228,0.3204,0.8266,0.3618,1.6945}"
HVO_A0213,LG+I+R4,0.0000,,"(0.1464,0.2671) (0.2655,0.5479) (0.2520,1.0049) (0.3361,1.6728)","LG+I{0.0000}+R4{0.1464,0.2671,0.2655,0.5479,0.2520,1.0049,0.3361,1.6728}"
HVO_2053,LG+I+R4,0.0000,,"(0.1464,0.2671) (0.2655,0.5479) (0.2520,1.0049) (0.3361,1.6728)","LG+I{0.0000}+R4{0.1464,0.2671,0.2655,0.5479,0.2520,1.0049,0.3361,1.6728}"
HVO_1984,LG+F+I+R4,0.0149,,"(0.1199,0.1296) (0.2040,0.4278) (0.2703,0.8389) (0.3909,1.7151)","LG+F+I{0.0149}+R4{0.1199,0.1296,0.2040,0.4278,0.2703,0.8389,0.3909,1.7151}"
HVO_3002,LG+I+R4,0.0078,,"(0.1082,0.1796) (0.2270,0.5209) (0.3749,1.0114) (0.2822,1.7123)","LG+I{0.0078}+R4{0.1082,0.1796,0.2270,0.5209,0.3749,1.0114,0.2822,1.7123}"
HVO_1443,LG+I+R4,0.0078,,"(0.1082,0.1796) (0.2270,0.5209) (0.3749,1.0114) (0.2822,1.7123)","LG+I{0.0078}+R4{0.1082,0.1796,0.2270,0.5209,0.3749,1.0114,0.2822,1.7123}"
HVO_2191,LG+I+G4,0.0081,2.7685,,LG+I{0.0081}+G4{2.7685}
HVO_2160,LG+I+G4,0.0428,3.2870,,LG+I{0.0428}+G4{3.2870}
HVO_0233,LG+I+G4,0.0065,1.1579,,LG+I{0.0065}+G4{1.1579}
HVO_2984,LG+I+G4,0.0000,1.4517,,LG+I{0.0000}+G4{1.4517}
HVO_0008,LG+I+G4,0.0000,1.4517,,LG+I{0.0000}+G4{1.4517}
HVO_1892,LG+I+G4,0.0000,1.4517,,LG+I{0.0000}+G4{1.4517}
HVO_1389,LG+I+G4,0.0000,1.8263,,LG+I{0.0000}+G4{1.8263}
HVO_A0545,LG+F+I+G4,0.0073,3.5085,,LG+F+I{0.0073}+G4{3.5085}
HVO_A0616,LG+F+I+G4,0.0073,3.5085,,LG+F+I{0.0073}+G4{3.5085}
HVO_A0465,LG+F+I+G4,0.0073,3.5085,,LG+F+I{0.0073}+G4{3.5085}
HVO_A0161,LG+F+I+G4,0.0073,3.5085,,LG+F+I{0.0073}+G4{3.5085}
HVO_2341,LG+F+I+G4,0.0073,3.5085,,LG+F+I{0.0073}+G4{3.5085}
HVO_2067,LG+F+I+G4,0.0073,3.5085,,LG+F+I{0.0073}+G4{3.5085}
HVO_2167,LG+F+I+R4,0.0000,,"(0.0173,0.1110) (0.1599,0.3524) (0.3080,0.7360) (0.5147,1.3891)","LG+F+I{0.0000}+R4{0.0173,0.1110,0.1599,0.3524,0.3080,0.7360,0.5147,1.3891}"
HVO_A0406,LG+I+R2,0.0000,,"(0.1893,0.2928) (0.8107,1.1651)","LG+I{0.0000}+R2{0.1893,0.2928,0.8107,1.1651}"
HVO_A0406,LG+I+R2,0.0000,,"(0.1893,0.2928) (0.8107,1.1651)","LG+I{0.0000}+R2{0.1893,0.2928,0.8107,1.1651}"
HVO_A0432,LG+I+R2,0.0000,,"(0.1893,0.2928) (0.8107,1.1651)","LG+I{0.0000}+R2{0.1893,0.2928,0.8107,1.1651}"
HVO_A0432,LG+I+R2,0.0000,,"(0.1893,0.2928) (0.8107,1.1651)","LG+I{0.0000}+R2{0.1893,0.2928,0.8107,1.1651}"
HVO_0356,LG+I+G4,0.0000,1.8100,,LG+I{0.0000}+G4{1.8100}
HVO_0741,LG+I+G4,0.0000,2.0960,,LG+I{0.0000}+G4{2.0960}
HVO_2547,LG+I+G4,0.0000,2.0960,,LG+I{0.0000}+G4{2.0960}
HVO_3006,LG+I+G4,0.0000,2.0960,,LG+I{0.0000}+G4{2.0960}
HVO_1445,LG+I+G4,0.0000,2.0960,,LG+I{0.0000}+G4{2.0960}
HVO_0014,LG+I+G4,0.0000,2.0960,,LG+I{0.0000}+G4{2.0960}
HVO_3010,LG+I+G4,0.0000,2.0960,,LG+I{0.0000}+G4{2.0960}
HVO_2955,LG+I+G4,0.0000,2.0960,,LG+I{0.0000}+G4{2.0960}
HVO_0681,LG+I+G4,0.0000,2.0960,,LG+I{0.0000}+G4{2.0960}
HVO_0104,LG+I+G4,0.0000,2.0960,,LG+I{0.0000}+G4{2.0960}
HVO_2240,LG+I+G4,0.0000,2.0960,,LG+I{0.0000}+G4{2.0960}
HVO_0711,LG+I+G4,0.0000,2.0960,,LG+I{0.0000}+G4{2.0960}
HVO_3000,LG+I+G4,0.0000,2.0960,,LG+I{0.0000}+G4{2.0960}
HVO_A0521,LG+I+R4,0.0000,,"(0.1486,0.0884) (0.3079,0.4735) (0.3174,1.1045) (0.2261,2.1692)","LG+I{0.0000}+R4{0.1486,0.0884,0.3079,0.4735,0.3174,1.1045,0.2261,2.1692}"
HVO_0220,LG+I+G4,0.0000,1.9912,,LG+I{0.0000}+G4{1.9912}
HVO_1963,LG+I+G4,0.0004,1.2791,,LG+I{0.0004}+G4{1.2791}
HVO_0297,LG+I+G4,0.0000,1.7114,,LG+I{0.0000}+G4{1.7114}
HVO_B0098,LG+I+G4,0.0592,2.0995,,LG+I{0.0592}+G4{2.0995}
HVO_2981,LG+I+G4,0.0123,1.6881,,LG+I{0.0123}+G4{1.6881}
HVO_0048,LG+I+R4,0.0000,,"(0.1375,0.0732) (0.1933,0.3809) (0.2957,0.8651) (0.3735,1.7684)","LG+I{0.0000}+R4{0.1375,0.0732,0.1933,0.3809,0.2957,0.8651,0.3735,1.7684}"
HVO_0741,LG+I+G4,0.0000,2.4249,,LG+I{0.0000}+G4{2.4249}
HVO_1372,LG+I+G4,0.0000,1.0604,,LG+I{0.0000}+G4{1.0604}
HVO_1099,LG+I+R4,0.0101,,"(0.2326,0.1378) (0.1973,0.4541) (0.1849,1.0099) (0.3751,1.8438)","LG+I{0.0101}+R4{0.2326,0.1378,0.1973,0.4541,0.1849,1.0099,0.3751,1.8438}"
HVO_1105,LG+I+G4,0.0000,1.7179,,LG+I{0.0000}+G4{1.7179}
HVO_2008,LG+I+G4,0.0000,1.7179,,LG+I{0.0000}+G4{1.7179}
HVO_2312,LG+I+G4,0.0013,0.9993,,LG+I{0.0013}+G4{0.9993}
HVO_B0148,LG+F+I+R4,0.0000,,"(0.0499,0.2245) (0.2918,0.5982) (0.4264,1.0225) (0.2319,1.6310)","LG+F+I{0.0000}+R4{0.0499,0.2245,0.2918,0.5982,0.4264,1.0225,0.2319,1.6310}"
HVO_B0007,LG+F+I+R4,0.0000,,"(0.0499,0.2245) (0.2918,0.5982) (0.4264,1.0225) (0.2319,1.6310)","LG+F+I{0.0000}+R4{0.0499,0.2245,0.2918,0.5982,0.4264,1.0225,0.2319,1.6310}"
HVO_A0506,LG+F+I+R4,0.0000,,"(0.0499,0.2245) (0.2918,0.5982) (0.4264,1.0225) (0.2319,1.6310)","LG+F+I{0.0000}+R4{0.0499,0.2245,0.2918,0.5982,0.4264,1.0225,0.2319,1.6310}"
HVO_A0157,LG+F+I+R4,0.0000,,"(0.0499,0.2245) (0.2918,0.5982) (0.4264,1.0225) (0.2319,1.6310)","LG+F+I{0.0000}+R4{0.0499,0.2245,0.2918,0.5982,0.4264,1.0225,0.2319,1.6310}"
HVO_1813,LG+F+I+R4,0.0000,,"(0.0499,0.2245) (0.2918,0.5982) (0.4264,1.0225) (0.2319,1.6310)","LG+F+I{0.0000}+R4{0.0499,0.2245,0.2918,0.5982,0.4264,1.0225,0.2319,1.6310}"
HVO_2836,LG+F+I+R4,0.0000,,"(0.0499,0.2245) (0.2918,0.5982) (0.4264,1.0225) (0.2319,1.6310)","LG+F+I{0.0000}+R4{0.0499,0.2245,0.2918,0.5982,0.4264,1.0225,0.2319,1.6310}"
HVO_2151,LG+F+I+R4,0.0000,,"(0.0499,0.2245) (0.2918,0.5982) (0.4264,1.0225) (0.2319,1.6310)","LG+F+I{0.0000}+R4{0.0499,0.2245,0.2918,0.5982,0.4264,1.0225,0.2319,1.6310}"
HVO_1357,LG+F+I+R4,0.0000,,"(0.0499,0.2245) (0.2918,0.5982) (0.4264,1.0225) (0.2319,1.6310)","LG+F+I{0.0000}+R4{0.0499,0.2245,0.2918,0.5982,0.4264,1.0225,0.2319,1.6310}"
HVO_1952,LG+F+I+R4,0.0000,,"(0.0499,0.2245) (0.2918,0.5982) (0.4264,1.0225) (0.2319,1.6310)","LG+F+I{0.0000}+R4{0.0499,0.2245,0.2918,0.5982,0.4264,1.0225,0.2319,1.6310}"
HVO_0318,LG+F+I+R4,0.0000,,"(0.0499,0.2245) (0.2918,0.5982) (0.4264,1.0225) (0.2319,1.6310)","LG+F+I{0.0000}+R4{0.0499,0.2245,0.2918,0.5982,0.4264,1.0225,0.2319,1.6310}"
HVO_0776,LG+F+I+R4,0.0000,,"(0.0499,0.2245) (0.2918,0.5982) (0.4264,1.0225) (0.2319,1.6310)","LG+F+I{0.0000}+R4{0.0499,0.2245,0.2918,0.5982,0.4264,1.0225,0.2319,1.6310}"
HVO_A0441,LG+I+G4,0.1360,0.7398,,LG+I{0.1360}+G4{0.7398}
HVO_1723,LG+I+G4,0.1360,0.7398,,LG+I{0.1360}+G4{0.7398}
HVO_1736,LG+I+G4,0.1360,0.7398,,LG+I{0.1360}+G4{0.7398}
HVO_1598,LG+I+G4,0.1360,0.7398,,LG+I{0.1360}+G4{0.7398}
HVO_2059,LG+I+R4,0.0147,,"(0.2122,0.1436) (0.2913,0.5078) (0.2871,1.1911) (0.1946,2.4644)","LG+I{0.0147}+R4{0.2122,0.1436,0.2913,0.5078,0.2871,1.1911,0.1946,2.4644}"
HVO_1957,LG+I+G4,0.0000,2.1310,,LG+I{0.0000}+G4{2.1310}
HVO_1469,LG+F+I+G4,0.0456,2.0054,,LG+F+I{0.0456}+G4{2.0054}
HVO_0316,LG+F+I+R4,0.0000,,"(0.1970,0.1669) (0.2232,0.5593) (0.3031,1.0988) (0.2767,1.8407)","LG+F+I{0.0000}+R4{0.1970,0.1669,0.2232,0.5593,0.3031,1.0988,0.2767,1.8407}"
HVO_0244,LG+I+R4,0.0000,,"(0.1231,0.1792) (0.3661,0.5228) (0.2989,1.1374) (0.2120,2.1071)","LG+I{0.0000}+R4{0.1231,0.1792,0.3661,0.5228,0.2989,1.1374,0.2120,2.1071}"
HVO_2602,LG+I+R4,0.0000,,"(0.1231,0.1792) (0.3661,0.5228) (0.2989,1.1374) (0.2120,2.1071)","LG+I{0.0000}+R4{0.1231,0.1792,0.3661,0.5228,0.2989,1.1374,0.2120,2.1071}"
HVO_2112,LG+F+I+R4,0.0262,,"(0.0773,0.0783) (0.2509,0.3567) (0.3615,0.9524) (0.2841,1.9717)","LG+F+I{0.0262}+R4{0.0773,0.0783,0.2509,0.3567,0.3615,0.9524,0.2841,1.9717}"
HVO_1965,LG+I+R4,0.0319,,"(0.0893,0.1020) (0.2351,0.4117) (0.3537,0.9532) (0.2900,1.9205)","LG+I{0.0319}+R4{0.0893,0.1020,0.2351,0.4117,0.3537,0.9532,0.2900,1.9205}"
HVO_1305,LG+I+G4,0.0273,1.8803,,LG+I{0.0273}+G4{1.8803}
HVO_0220,LG+I+R4,0.0055,,"(0.0669,0.0229) (0.1929,0.3408) (0.3553,0.7539) (0.3795,1.7520)","LG+I{0.0055}+R4{0.0669,0.0229,0.1929,0.3408,0.3553,0.7539,0.3795,1.7520}"
HVO_0874,LG+I+G4,0.0116,1.2719,,LG+I{0.0116}+G4{1.2719}
HVO_A0562,LG+I+G4,0.0558,0.9615,,LG+I{0.0558}+G4{0.9615}
HVO_A0562,LG+I+G4,0.0616,0.7136,,LG+I{0.0616}+G4{0.7136}
HVO_A0430,LG+I+G4,0.0000,2.0723,,LG+I{0.0000}+G4{2.0723}
HVO_2639,LG+I+G4,0.0000,2.0723,,LG+I{0.0000}+G4{2.0723}
HVO_1489,LG+F+I+R4,0.0000,,"(0.0613,0.1124) (0.3490,0.4642) (0.3075,0.9631) (0.2821,1.8959)","LG+F+I{0.0000}+R4{0.0613,0.1124,0.3490,0.4642,0.3075,0.9631,0.2821,1.8959}"
HVO_2356,LG+F+I+R4,0.0000,,"(0.0974,0.2217) (0.2195,0.5341) (0.3628,0.9462) (0.3203,1.6167)","LG+F+I{0.0000}+R4{0.0974,0.2217,0.2195,0.5341,0.3628,0.9462,0.3203,1.6167}"
HVO_2360,LG+I+R4,0.0000,,"(0.1129,0.1353) (0.3003,0.5392) (0.3209,1.0087) (0.2660,1.8766)","LG+I{0.0000}+R4{0.1129,0.1353,0.3003,0.5392,0.3209,1.0087,0.2660,1.8766}"
HVO_A0278,LG+I+G4,0.0312,1.4984,,LG+I{0.0312}+G4{1.4984}
HVO_0393,LG+F+I+R4,0.0080,,"(0.1364,0.2512) (0.1817,0.5564) (0.3266,0.9790) (0.3473,1.5689)","LG+F+I{0.0080}+R4{0.1364,0.2512,0.1817,0.5564,0.3266,0.9790,0.3473,1.5689}"
HVO_0029,LG+I+G4,0.0000,1.3946,,LG+I{0.0000}+G4{1.3946}
HVO_2947,LG+I+R4,0.0000,,"(0.0516,0.0961) (0.1277,0.3172) (0.3289,0.6555) (0.4918,1.5025)","LG+I{0.0000}+R4{0.0516,0.0961,0.1277,0.3172,0.3289,0.6555,0.4918,1.5025}"
HVO_0393,LG+I+G4,0.0088,1.6472,,LG+I{0.0088}+G4{1.6472}
HVO_A0302,LG+I+G4,0.0000,1.5631,,LG+I{0.0000}+G4{1.5631}
HVO_2511,LG+I+G4,0.0000,1.5631,,LG+I{0.0000}+G4{1.5631}
HVO_0976,LG+I+R4,0.0734,,"(0.0870,0.0854) (0.1042,0.3381) (0.2456,0.8021) (0.4898,1.5522)","LG+I{0.0734}+R4{0.0870,0.0854,0.1042,0.3381,0.2456,0.8021,0.4898,1.5522}"
HVO_2756,LG+I+G4,0.0415,3.3088,,LG+I{0.0415}+G4{3.3088}
HVO_2313,LG+I+G4,0.0179,1.2306,,LG+I{0.0179}+G4{1.2306}
HVO_2313,LG+I+G4,0.0179,1.2306,,LG+I{0.0179}+G4{1.2306}
HVO_2227,LG+I+G4,0.0179,1.2306,,LG+I{0.0179}+G4{1.2306}
HVO_2227,LG+I+G4,0.0179,1.2306,,LG+I{0.0179}+G4{1.2306}
HVO_1870,LG+I+G4,0.0000,1.9804,,LG+I{0.0000}+G4{1.9804}
HVO_1925,LG+I+G4,0.0136,4.0984,,LG+I{0.0136}+G4{4.0984}
HVO_0220,LG+I+G4,0.0101,1.3855,,LG+I{0.0101}+G4{1.3855}
HVO_1957,LG+I+G4,0.0000,1.7578,,LG+I{0.0000}+G4{1.7578}
HVO_1907,LG+I+G4,0.0000,1.7578,,LG+I{0.0000}+G4{1.7578}
HVO_2700,LG+I+G4,0.0000,1.7578,,LG+I{0.0000}+G4{1.7578}
HVO_2700,LG+I+G4,0.0000,1.7578,,LG+I{0.0000}+G4{1.7578}
HVO_1327,LG+I+G4,0.0000,1.7578,,LG+I{0.0000}+G4{1.7578}
HVO_1327,LG+I+G4,0.0000,1.7578,,LG+I{0.0000}+G4{1.7578}
HVO_0850,LG+I+G4,0.0000,1.7578,,LG+I{0.0000}+G4{1.7578}
HVO_2380,LG+I+G4,0.0000,1.7578,,LG+I{0.0000}+G4{1.7578}
HVO_2380,LG+I+G4,0.0000,1.7578,,LG+I{0.0000}+G4{1.7578}
HVO_B0051,LG+I+R4,0.0000,,"(0.0619,0.0748) (0.3162,0.4687) (0.2722,0.9914) (0.3497,1.6508)","LG+I{0.0000}+R4{0.0619,0.0748,0.3162,0.4687,0.2722,0.9914,0.3497,1.6508}"
HVO_1941,LG+I+R4,0.0000,,"(0.0619,0.0748) (0.3162,0.4687) (0.2722,0.9914) (0.3497,1.6508)","LG+I{0.0000}+R4{0.0619,0.0748,0.3162,0.4687,0.2722,0.9914,0.3497,1.6508}"
HVO_1257,LG+I+R4,0.0000,,"(0.0619,0.0748) (0.3162,0.4687) (0.2722,0.9914) (0.3497,1.6508)","LG+I{0.0000}+R4{0.0619,0.0748,0.3162,0.4687,0.2722,0.9914,0.3497,1.6508}"
HVO_2168,LG+I+R4,0.0000,,"(0.0619,0.0748) (0.3162,0.4687) (0.2722,0.9914) (0.3497,1.6508)","LG+I{0.0000}+R4{0.0619,0.0748,0.3162,0.4687,0.2722,0.9914,0.3497,1.6508}"
HVO_0639,LG+I+R4,0.0000,,"(0.0619,0.0748) (0.3162,0.4687) (0.2722,0.9914) (0.3497,1.6508)","LG+I{0.0000}+R4{0.0619,0.0748,0.3162,0.4687,0.2722,0.9914,0.3497,1.6508}"
HVO_2008,LG+I+G4,0.0653,1.0443,,LG+I{0.0653}+G4{1.0443}
HVO_0482,LG+I+G4,0.0081,1.6272,,LG+I{0.0081}+G4{1.6272}
HVO_B0109,LG+I+R4,0.0627,,"(0.0797,0.0427) (0.1508,0.4360) (0.1760,0.8553) (0.5308,1.4701)","LG+I{0.0627}+R4{0.0797,0.0427,0.1508,0.4360,0.1760,0.8553,0.5308,1.4701}"
HVO_A0145,LG+I+R4,0.0627,,"(0.0797,0.0427) (0.1508,0.4360) (0.1760,0.8553) (0.5308,1.4701)","LG+I{0.0627}+R4{0.0797,0.0427,0.1508,0.4360,0.1760,0.8553,0.5308,1.4701}"
HVO_2692,LG+I+R4,0.0627,,"(0.0797,0.0427) (0.1508,0.4360) (0.1760,0.8553) (0.5308,1.4701)","LG+I{0.0627}+R4{0.0797,0.0427,0.1508,0.4360,0.1760,0.8553,0.5308,1.4701}"
HVO_2598,LG+I+R4,0.0128,,"(0.1987,0.0789) (0.2845,0.4734) (0.2767,1.1220) (0.2273,2.3726)","LG+I{0.0128}+R4{0.1987,0.0789,0.2845,0.4734,0.2767,1.1220,0.2273,2.3726}"
HVO_1650,LG+I+R4,0.0128,,"(0.1987,0.0789) (0.2845,0.4734) (0.2767,1.1220) (0.2273,2.3726)","LG+I{0.0128}+R4{0.1987,0.0789,0.2845,0.4734,0.2767,1.1220,0.2273,2.3726}"
HVO_A0469,LG+I+G4,0.0104,1.5749,,LG+I{0.0104}+G4{1.5749}
HVO_A0263,LG+F+I+R4,0.0000,,"(0.0472,0.1926) (0.1281,0.4546) (0.3231,0.7773) (0.5016,1.3588)","LG+F+I{0.0000}+R4{0.0472,0.1926,0.1281,0.4546,0.3231,0.7773,0.5016,1.3588}"
HVO_1571,LG+I+G4,0.0390,2.3333,,LG+I{0.0390}+G4{2.3333}
HVO_1129,JTT+G4,,1.1449,,JTT+G4{1.1449}
HVO_A0209,LG+F+I+R4,0.0262,,"(0.0511,0.0920) (0.1266,0.2870) (0.2219,0.6802) (0.5743,1.4070)","LG+F+I{0.0262}+R4{0.0511,0.0920,0.1266,0.2870,0.2219,0.6802,0.5743,1.4070}"
HVO_1129,LG+F+I+G4,0.0510,1.8462,,LG+F+I{0.0510}+G4{1.8462}
HVO_1048,LG+I+R4,0.0389,,"(0.1145,0.0676) (0.2926,0.2639) (0.1982,1.0594) (0.3557,1.9821)","LG+I{0.0389}+R4{0.1145,0.0676,0.2926,0.2639,0.1982,1.0594,0.3557,1.9821}"
HVO_1530,LG+F+I+R2,0.0000,,"(0.2454,0.2130) (0.7546,1.2559)","LG+F+I{0.0000}+R2{0.2454,0.2130,0.7546,1.2559}"
HVO_0929,LG+I+G4,0.0117,1.7034,,LG+I{0.0117}+G4{1.7034}
HVO_A0237,LG+I+R4,0.0040,,"(0.0878,0.1443) (0.2084,0.3949) (0.3075,0.7882) (0.3924,1.6889)","LG+I{0.0040}+R4{0.0878,0.1443,0.2084,0.3949,0.3075,0.7882,0.3924,1.6889}"
HVO_2511,LG+I+R2,0.0831,,"(0.3249,0.3846) (0.5920,1.4781)","LG+I{0.0831}+R2{0.3249,0.3846,0.5920,1.4781}"
HVO_2345,LG+I+G4,0.0653,2.5029,,LG+I{0.0653}+G4{2.5029}
HVO_0712,LG+I+G4,0.0588,1.8211,,LG+I{0.0588}+G4{1.8211}
HVO_1412,LG+I+G4,0.0488,0.9545,,LG+I{0.0488}+G4{0.9545}
HVO_0400,LG+I+G4,0.0280,1.8108,,LG+I{0.0280}+G4{1.8108}
HVO_A0441,LG+F+I+G4,0.0275,1.3491,,LG+F+I{0.0275}+G4{1.3491}
HVO_1736,LG+F+I+G4,0.0275,1.3491,,LG+F+I{0.0275}+G4{1.3491}
HVO_1598,LG+F+I+G4,0.0275,1.3491,,LG+F+I{0.0275}+G4{1.3491}
HVO_1900,LG+I+R2,0.0328,,"(0.4832,0.2977) (0.4840,1.7690)","LG+I{0.0328}+R2{0.4832,0.2977,0.4840,1.7690}"
HVO_A0604,LG+F+I+G4,0.0000,1.7573,,LG+F+I{0.0000}+G4{1.7573}
HVO_0777,LG+F+I+G4,0.0000,1.7573,,LG+F+I{0.0000}+G4{1.7573}
HVO_1951,LG+F+I+G4,0.0000,1.7573,,LG+F+I{0.0000}+G4{1.7573}
HVO_2176,LG+F+I+G4,0.0000,1.7573,,LG+F+I{0.0000}+G4{1.7573}
HVO_2306,LG+F+I+G4,0.0000,1.7573,,LG+F+I{0.0000}+G4{1.7573}
HVO_B0282,LG+I+G4,0.2168,1.7649,,LG+I{0.2168}+G4{1.7649}
HVO_B0282,LG+I+G4,0.2168,1.7649,,LG+I{0.2168}+G4{1.7649}
HVO_B0282,LG+I+G4,0.2168,1.7649,,LG+I{0.2168}+G4{1.7649}
HVO_1449,LG+F+I+R4,0.0221,,"(0.0675,0.1146) (0.2980,0.4467) (0.2925,1.0844) (0.3199,1.6942)","LG+F+I{0.0221}+R4{0.0675,0.1146,0.2980,0.4467,0.2925,1.0844,0.3199,1.6942}"
HVO_0157,LG+F+I+R4,0.0221,,"(0.0675,0.1146) (0.2980,0.4467) (0.2925,1.0844) (0.3199,1.6942)","LG+F+I{0.0221}+R4{0.0675,0.1146,0.2980,0.4467,0.2925,1.0844,0.3199,1.6942}"
HVO_1446,LG+I+G4,0.0047,1.4366,,LG+I{0.0047}+G4{1.4366}
HVO_2131,LG+I+G4,0.0047,1.4366,,LG+I{0.0047}+G4{1.4366}
HVO_1000,LG+I,0.3841,,,LG+I{0.3841}
HVO_2420,LG+F+I+G4,0.0000,2.5381,,LG+F+I{0.0000}+G4{2.5381}
HVO_2139,LG+F+I+G4,0.0000,2.5381,,LG+F+I{0.0000}+G4{2.5381}
HVO_1386,LG+F+I+G4,0.0000,2.5381,,LG+F+I{0.0000}+G4{2.5381}
HVO_0738,LG+F+I+G4,0.0000,2.5381,,LG+F+I{0.0000}+G4{2.5381}
HVO_0092,LG+F+I+G4,0.0000,2.5381,,LG+F+I{0.0000}+G4{2.5381}
HVO_2584,LG+I+R3,0.0000,,"(0.1944,0.0441) (0.3436,0.7260) (0.4620,1.6060)","LG+I{0.0000}+R3{0.1944,0.0441,0.3436,0.7260,0.4620,1.6060}"
HVO_2861,LG+F+I+R4,0.0064,,"(0.1486,0.1770) (0.3394,0.5214) (0.3705,1.3125) (0.1350,2.2992)","LG+F+I{0.0064}+R4{0.1486,0.1770,0.3394,0.5214,0.3705,1.3125,0.1350,2.2992}"
HVO_1346,LG+I+G4,0.0344,1.5000,,LG+I{0.0344}+G4{1.5000}
HVO_A0379,LG+I+G4,0.0107,0.8067,,LG+I{0.0107}+G4{0.8067}
HVO_A0537,LG+I+G4,0.0107,0.8067,,LG+I{0.0107}+G4{0.8067}
HVO_A0385,LG+I+G4,0.0107,0.8067,,LG+I{0.0107}+G4{0.8067}
HVO_1660,LG+F+I+G4,0.0334,1.2146,,LG+F+I{0.0334}+G4{1.2146}
HVO_1547,LG+I+G4,0.0419,1.1333,,LG+I{0.0419}+G4{1.1333}
HVO_0809,LG+F+I+G4,0.0836,0.9466,,LG+F+I{0.0836}+G4{0.9466}
HVO_2968,LG+I+R4,0.0154,,"(0.1383,0.1754) (0.3872,0.6029) (0.3081,1.2151) (0.1509,2.4373)","LG+I{0.0154}+R4{0.1383,0.1754,0.3872,0.6029,0.3081,1.2151,0.1509,2.4373}"
HVO_A0582,LG+F+I+R4,0.0052,,"(0.0453,0.1088) (0.2756,0.3720) (0.3113,0.8111) (0.3627,1.7649)","LG+F+I{0.0052}+R4{0.0453,0.1088,0.2756,0.3720,0.3113,0.8111,0.3627,1.7649}"
HVO_A0581,LG+F+I+R4,0.0052,,"(0.0453,0.1088) (0.2756,0.3720) (0.3113,0.8111) (0.3627,1.7649)","LG+F+I{0.0052}+R4{0.0453,0.1088,0.2756,0.3720,0.3113,0.8111,0.3627,1.7649}"
HVO_2766,LG+I+R4,0.0280,,"(0.0683,0.0913) (0.3820,0.4910) (0.3709,1.1946) (0.1508,2.4084)","LG+I{0.0280}+R4{0.0683,0.0913,0.3820,0.4910,0.3709,1.1946,0.1508,2.4084}"
HVO_1333,LG+I+R4,0.0280,,"(0.0683,0.0913) (0.3820,0.4910) (0.3709,1.1946) (0.1508,2.4084)","LG+I{0.0280}+R4{0.0683,0.0913,0.3820,0.4910,0.3709,1.1946,0.1508,2.4084}"
HVO_A0435,LG+I+G4,0.0401,3.0267,,LG+I{0.0401}+G4{3.0267}
HVO_A0010,LG+I+G4,0.0401,3.0267,,LG+I{0.0401}+G4{3.0267}
HVO_2044,LG+I+G4,0.0648,0.7235,,LG+I{0.0648}+G4{0.7235}
HVO_B0131,LG+I+G4,0.0062,1.4007,,LG+I{0.0062}+G4{1.4007}
HVO_2333,LG+I+G4,0.0062,1.4007,,LG+I{0.0062}+G4{1.4007}
HVO_A0048,LG+F+I+G4,0.0204,1.1883,,LG+F+I{0.0204}+G4{1.1883}
HVO_2325,LG+F+I+G4,0.0204,1.1883,,LG+F+I{0.0204}+G4{1.1883}
HVO_0837,LG+I+G4,0.0000,1.4088,,LG+I{0.0000}+G4{1.4088}
HVO_2363,LG+I+G4,0.0000,1.4088,,LG+I{0.0000}+G4{1.4088}
HVO_1179,LG+I+G4,0.0000,1.4088,,LG+I{0.0000}+G4{1.4088}
HVO_B0309,LG+I+R4,0.0000,,"(0.0878,0.1319) (0.3106,0.5205) (0.2655,0.9609) (0.3361,1.7009)","LG+I{0.0000}+R4{0.0878,0.1319,0.3106,0.5205,0.2655,0.9609,0.3361,1.7009}"
HVO_0781,LG+I+R4,0.0075,,"(0.0989,0.1077) (0.2011,0.3541) (0.2109,0.7301) (0.4815,1.5869)","LG+I{0.0075}+R4{0.0989,0.1077,0.2011,0.3541,0.2109,0.7301,0.4815,1.5869}"
HVO_1344,LG+I+G4,0.0000,3.6276,,LG+I{0.0000}+G4{3.6276}
HVO_1363,LG+I,0.3712,,,LG+I{0.3712}
HVO_0137,LG+I+G4,0.0215,1.3680,,LG+I{0.0215}+G4{1.3680}
HVO_0783,LG+I+R4,0.0135,,"(0.1287,0.1980) (0.3699,0.5738) (0.3196,1.1794) (0.1683,2.2895)","LG+I{0.0135}+R4{0.1287,0.1980,0.3699,0.5738,0.3196,1.1794,0.1683,2.2895}"
HVO_1069,LG+I+G4,0.1186,0.7299,,LG+I{0.1186}+G4{0.7299}
HVO_1535,LG+I+G4,0.2044,1.0932,,LG+I{0.2044}+G4{1.0932}
HVO_B0338,LG+I+G4,0.0539,1.0026,,LG+I{0.0539}+G4{1.0026}
HVO_B0336,LG+I+G4,0.0539,1.0026,,LG+I{0.0539}+G4{1.0026}
HVO_2476,LG+I+G4,0.0341,1.9385,,LG+I{0.0341}+G4{1.9385}
HVO_1570,LG+I+G4,0.0500,1.2544,,LG+I{0.0500}+G4{1.2544}
HVO_B0077,LG+I+R4,0.0069,,"(0.1066,0.1482) (0.2954,0.4940) (0.3315,0.9815) (0.2596,1.9756)","LG+I{0.0069}+R4{0.1066,0.1482,0.2954,0.4940,0.3315,0.9815,0.2596,1.9756}"
HVO_B0075,LG+I+R4,0.0069,,"(0.1066,0.1482) (0.2954,0.4940) (0.3315,0.9815) (0.2596,1.9756)","LG+I{0.0069}+R4{0.1066,0.1482,0.2954,0.4940,0.3315,0.9815,0.2596,1.9756}"
HVO_B0074,LG+I+R4,0.0069,,"(0.1066,0.1482) (0.2954,0.4940) (0.3315,0.9815) (0.2596,1.9756)","LG+I{0.0069}+R4{0.1066,0.1482,0.2954,0.4940,0.3315,0.9815,0.2596,1.9756}"
HVO_1771,LG+I+R4,0.0069,,"(0.1066,0.1482) (0.2954,0.4940) (0.3315,0.9815) (0.2596,1.9756)","LG+I{0.0069}+R4{0.1066,0.1482,0.2954,0.4940,0.3315,0.9815,0.2596,1.9756}"
HVO_2726,LG+I+G4,0.0204,1.6227,,LG+I{0.0204}+G4{1.6227}
HVO_0049,LG+I+G4,0.0880,2.0257,,LG+I{0.0880}+G4{2.0257}
HVO_2953,LG+I,0.1171,,,LG+I{0.1171}
HVO_0486,LG+I,0.1171,,,LG+I{0.1171}
HVO_A0035,LG+F+I+G4,0.0133,0.8050,,LG+F+I{0.0133}+G4{0.8050}
HVO_2068,LG+F+I+G4,0.0133,0.8050,,LG+F+I{0.0133}+G4{0.8050}
HVO_2204,LG+F+I+G4,0.0133,0.8050,,LG+F+I{0.0133}+G4{0.8050}
HVO_2013,LG+F+I+G4,0.0133,0.8050,,LG+F+I{0.0133}+G4{0.8050}
HVO_1113,LG+F+I+G4,0.0133,0.8050,,LG+F+I{0.0133}+G4{0.8050}
HVO_0745,LG+F+I+G4,0.0133,0.8050,,LG+F+I{0.0133}+G4{0.8050}
HVO_2685,LG+I+G4,0.0000,4.3423,,LG+I{0.0000}+G4{4.3423}
HVO_2745,LG+I+G4,0.0000,4.3423,,LG+I{0.0000}+G4{4.3423}
HVO_0352,LG+I+G4,0.0000,4.3423,,LG+I{0.0000}+G4{4.3423}
HVO_1165,LG+I+G4,0.0000,4.3423,,LG+I{0.0000}+G4{4.3423}
HVO_2887,LG+I+G4,0.0000,4.3423,,LG+I{0.0000}+G4{4.3423}
HVO_1230,LG+I+G4,0.0000,4.3423,,LG+I{0.0000}+G4{4.3423}
HVO_1230,LG+F+I+G4,0.0000,1.9197,,LG+F+I{0.0000}+G4{1.9197}
HVO_0220,LG+I+G4,0.0255,2.1753,,LG+I{0.0255}+G4{2.1753}
HVO_0521,LG+I+G4,0.0412,2.5687,,LG+I{0.0412}+G4{2.5687}
HVO_1570,LG+I+G4,0.0164,1.2312,,LG+I{0.0164}+G4{1.2312}
HVO_3010,LG+I,0.0711,,,LG+I{0.0711}
HVO_1979,LG+I+R3,0.1082,,"(0.1658,0.1465) (0.3285,0.7412) (0.3975,1.8420)","LG+I{0.1082}+R3{0.1658,0.1465,0.3285,0.7412,0.3975,1.8420}"
HVO_0971,LG+F+I+G4,0.0361,1.3175,,LG+F+I{0.0361}+G4{1.3175}
HVO_0014,LG+F+I+G4,0.0361,1.3175,,LG+F+I{0.0361}+G4{1.3175}
HVO_0047,LG+I+G4,0.0493,1.3776,,LG+I{0.0493}+G4{1.3776}
HVO_0067,LG+I+R4,0.0328,,"(0.2056,0.0924) (0.2303,0.6337) (0.3580,1.2971) (0.1733,2.1388)","LG+I{0.0328}+R4{0.2056,0.0924,0.2303,0.6337,0.3580,1.2971,0.1733,2.1388}"
HVO_1075,LG+I+G4,0.0000,1.9866,,LG+I{0.0000}+G4{1.9866}
HVO_2401,LG+I+G4,0.1261,0.8101,,LG+I{0.1261}+G4{0.8101}
HVO_2300,LG+I+G4,0.0733,1.0373,,LG+I{0.0733}+G4{1.0373}
HVO_2536,LG+I+G4,0.0504,0.9398,,LG+I{0.0504}+G4{0.9398}
HVO_2536,LG+I+G4,0.0464,1.2406,,LG+I{0.0464}+G4{1.2406}
HVO_0073,LG+I+G4,0.0001,0.9841,,LG+I{0.0001}+G4{0.9841}
HVO_0134,LG+I+G4,0.0000,1.0995,,LG+I{0.0000}+G4{1.0995}
HVO_1815,LG+I+R4,0.0032,,"(0.1186,0.1709) (0.2795,0.5113) (0.3011,1.0365) (0.2976,1.7633)","LG+I{0.0032}+R4{0.1186,0.1709,0.2795,0.5113,0.3011,1.0365,0.2976,1.7633}"
HVO_0572,LG+I+R4,0.0032,,"(0.1186,0.1709) (0.2795,0.5113) (0.3011,1.0365) (0.2976,1.7633)","LG+I{0.0032}+R4{0.1186,0.1709,0.2795,0.5113,0.3011,1.0365,0.2976,1.7633}"
HVO_2427,LG+I+G4,0.0181,1.3168,,LG+I{0.0181}+G4{1.3168}
HVO_0202,LG+F+I+G4,0.0104,0.9876,,LG+F+I{0.0104}+G4{0.9876}
HVO_1302,LG+I+G4,0.0150,0.9240,,LG+I{0.0150}+G4{0.9240}
HVO_1979,LG+I+G4,0.0225,1.5708,,LG+I{0.0225}+G4{1.5708}
HVO_1651,LG+I+G4,0.0103,0.8900,,LG+I{0.0103}+G4{0.8900}
HVO_2929,LG+I+R4,0.0142,,"(0.1519,0.2302) (0.2085,0.5438) (0.2564,1.0778) (0.3690,1.5591)","LG+I{0.0142}+R4{0.1519,0.2302,0.2085,0.5438,0.2564,1.0778,0.3690,1.5591}"
HVO_0580,LG+I+G4,0.0693,0.9197,,LG+I{0.0693}+G4{0.9197}
HVO_2147,LG+F+I+G4,0.0210,1.0413,,LG+F+I{0.0210}+G4{1.0413}
HVO_2698,LG+I,0.0592,,,LG+I{0.0592}
HVO_1637,LG+I+G4,0.0419,0.9282,,LG+I{0.0419}+G4{0.9282}
HVO_2418,LG+I+R3,0.0004,,"(0.1113,0.1888) (0.3667,0.6501) (0.5215,1.4200)","LG+I{0.0004}+R3{0.1113,0.1888,0.3667,0.6501,0.5215,1.4200}"
HVO_2313,LG+I+G4,0.0418,1.3998,,LG+I{0.0418}+G4{1.3998}
HVO_2313,LG+I+G4,0.0418,1.3998,,LG+I{0.0418}+G4{1.3998}
HVO_2227,LG+I+G4,0.0418,1.3998,,LG+I{0.0418}+G4{1.3998}
HVO_2227,LG+I+G4,0.0418,1.3998,,LG+I{0.0418}+G4{1.3998}
HVO_1594,LG+I+R4,0.0000,,"(0.0716,0.0385) (0.2505,0.3226) (0.3644,0.9201) (0.3135,1.8540)","LG+I{0.0000}+R4{0.0716,0.0385,0.2505,0.3226,0.3644,0.9201,0.3135,1.8540}"
HVO_0008,LG+I+R4,0.0000,,"(0.4550,0.3315) (0.2760,0.8692) (0.1711,1.7186) (0.0979,3.2195)","LG+I{0.0000}+R4{0.4550,0.3315,0.2760,0.8692,0.1711,1.7186,0.0979,3.2195}"
HVO_2724,LG+I+G4,0.0553,0.9717,,LG+I{0.0553}+G4{0.9717}
HVO_1799,LG+I+G4,0.0945,1.7893,,LG+I{0.0945}+G4{1.7893}
HVO_2503,LG+F+I+G4,0.0187,1.0831,,LG+F+I{0.0187}+G4{1.0831}
HVO_A0209,LG+I+R4,0.0238,,"(0.1307,0.0739) (0.1988,0.2980) (0.1774,0.6525) (0.4692,1.7377)","LG+I{0.0238}+R4{0.1307,0.0739,0.1988,0.2980,0.1774,0.6525,0.4692,1.7377}"
HVO_2413,LG+I+R4,0.0000,,"(0.1716,0.2998) (0.2730,0.6231) (0.2822,1.0947) (0.2731,1.7190)","LG+I{0.0000}+R4{0.1716,0.2998,0.2730,0.6231,0.2822,1.0947,0.2731,1.7190}"
HVO_0359,LG+I+R4,0.0000,,"(0.1716,0.2998) (0.2730,0.6231) (0.2822,1.0947) (0.2731,1.7190)","LG+I{0.0000}+R4{0.1716,0.2998,0.2730,0.6231,0.2822,1.0947,0.2731,1.7190}"
HVO_A0489,LG+I+G4,0.0624,0.9066,,LG+I{0.0624}+G4{0.9066}
HVO_1510,LG+I+G4,0.0624,0.9066,,LG+I{0.0624}+G4{0.9066}
HVO_0644,LG+I+G4,0.0624,0.9066,,LG+I{0.0624}+G4{0.9066}
HVO_0046,LG+I+G4,0.0504,1.7796,,LG+I{0.0504}+G4{1.7796}
HVO_1530,,,,,
HVO_1507,LG+I+G4,0.0001,1.1178,,LG+I{0.0001}+G4{1.1178}
HVO_0294,LG+I+G4,0.0000,2.0804,,LG+I{0.0000}+G4{2.0804}
HVO_0339,LG+I+G4,0.0560,1.8075,,LG+I{0.0560}+G4{1.8075}
HVO_0976,LG+I+G4,0.0479,1.5089,,LG+I{0.0479}+G4{1.5089}
HVO_B0131,LG+F+I+G4,0.0078,2.0439,,LG+F+I{0.0078}+G4{2.0439}
HVO_A0522,LG+I+R4,0.0100,,"(0.1229,0.1342) (0.4303,0.6118) (0.3140,1.2947) (0.1228,2.5550)","LG+I{0.0100}+R4{0.1229,0.1342,0.4303,0.6118,0.3140,1.2947,0.1228,2.5550}"
HVO_0835,LG+I+R4,0.0100,,"(0.1229,0.1342) (0.4303,0.6118) (0.3140,1.2947) (0.1228,2.5550)","LG+I{0.0100}+R4{0.1229,0.1342,0.4303,0.6118,0.3140,1.2947,0.1228,2.5550}"
HVO_1025,LG+I+R4,0.0100,,"(0.1229,0.1342) (0.4303,0.6118) (0.3140,1.2947) (0.1228,2.5550)","LG+I{0.0100}+R4{0.1229,0.1342,0.4303,0.6118,0.3140,1.2947,0.1228,2.5550}"
HVO_0045,LG+I+R4,0.0180,,"(0.1036,0.1070) (0.2205,0.4303) (0.2991,0.8365) (0.3588,1.7943)","LG+I{0.0180}+R4{0.1036,0.1070,0.2205,0.4303,0.2991,0.8365,0.3588,1.7943}"
HVO_1412,LG+I+R4,0.0324,,"(0.1883,0.0511) (0.2317,0.3293) (0.2258,0.9793) (0.3218,2.1536)","LG+I{0.0324}+R4{0.1883,0.0511,0.2317,0.3293,0.2258,0.9793,0.3218,2.1536}"
HVO_C0057,LG+I+R2,0.0310,,"(0.3959,0.2846) (0.5732,1.5482)","LG+I{0.0310}+R2{0.3959,0.2846,0.5732,1.5482}"
HVO_C0001,LG+I+R2,0.0310,,"(0.3959,0.2846) (0.5732,1.5482)","LG+I{0.0310}+R2{0.3959,0.2846,0.5732,1.5482}"
HVO_B0001,LG+I+R2,0.0310,,"(0.3959,0.2846) (0.5732,1.5482)","LG+I{0.0310}+R2{0.3959,0.2846,0.5732,1.5482}"
HVO_A0257,LG+I+R2,0.0310,,"(0.3959,0.2846) (0.5732,1.5482)","LG+I{0.0310}+R2{0.3959,0.2846,0.5732,1.5482}"
HVO_A0001,LG+I+R2,0.0310,,"(0.3959,0.2846) (0.5732,1.5482)","LG+I{0.0310}+R2{0.3959,0.2846,0.5732,1.5482}"
HVO_A0064,LG+I+R2,0.0310,,"(0.3959,0.2846) (0.5732,1.5482)","LG+I{0.0310}+R2{0.3959,0.2846,0.5732,1.5482}"
HVO_A0072,LG+I+R2,0.0310,,"(0.3959,0.2846) (0.5732,1.5482)","LG+I{0.0310}+R2{0.3959,0.2846,0.5732,1.5482}"
HVO_0194,LG+I+R2,0.0310,,"(0.3959,0.2846) (0.5732,1.5482)","LG+I{0.0310}+R2{0.3959,0.2846,0.5732,1.5482}"
HVO_0634,LG+I+R2,0.0310,,"(0.3959,0.2846) (0.5732,1.5482)","LG+I{0.0310}+R2{0.3959,0.2846,0.5732,1.5482}"
HVO_0001,LG+I+R2,0.0310,,"(0.3959,0.2846) (0.5732,1.5482)","LG+I{0.0310}+R2{0.3959,0.2846,0.5732,1.5482}"
HVO_2042,LG+I+R2,0.0310,,"(0.3959,0.2846) (0.5732,1.5482)","LG+I{0.0310}+R2{0.3959,0.2846,0.5732,1.5482}"
HVO_1725,LG+I+R2,0.0310,,"(0.3959,0.2846) (0.5732,1.5482)","LG+I{0.0310}+R2{0.3959,0.2846,0.5732,1.5482}"
HVO_2293,LG+I+R2,0.0310,,"(0.3959,0.2846) (0.5732,1.5482)","LG+I{0.0310}+R2{0.3959,0.2846,0.5732,1.5482}"
HVO_C0069,LG+F+I+R4,0.0000,,"(0.0231,0.0962) (0.2344,0.4468) (0.3274,0.8090) (0.4151,1.5133)","LG+F+I{0.0000}+R4{0.0231,0.0962,0.2344,0.4468,0.3274,0.8090,0.4151,1.5133}"
HVO_B0334,LG+F+I+R4,0.0000,,"(0.0231,0.0962) (0.2344,0.4468) (0.3274,0.8090) (0.4151,1.5133)","LG+F+I{0.0000}+R4{0.0231,0.0962,0.2344,0.4468,0.3274,0.8090,0.4151,1.5133}"
HVO_B0323,LG+F+I+R4,0.0000,,"(0.0231,0.0962) (0.2344,0.4468) (0.3274,0.8090) (0.4151,1.5133)","LG+F+I{0.0000}+R4{0.0231,0.0962,0.2344,0.4468,0.3274,0.8090,0.4151,1.5133}"
HVO_B0333,LG+F+I+R4,0.0000,,"(0.0231,0.0962) (0.2344,0.4468) (0.3274,0.8090) (0.4151,1.5133)","LG+F+I{0.0000}+R4{0.0231,0.0962,0.2344,0.4468,0.3274,0.8090,0.4151,1.5133}"
HVO_B0028,LG+F+I+R4,0.0000,,"(0.0231,0.0962) (0.2344,0.4468) (0.3274,0.8090) (0.4151,1.5133)","LG+F+I{0.0000}+R4{0.0231,0.0962,0.2344,0.4468,0.3274,0.8090,0.4151,1.5133}"
HVO_B0029,LG+F+I+R4,0.0000,,"(0.0231,0.0962) (0.2344,0.4468) (0.3274,0.8090) (0.4151,1.5133)","LG+F+I{0.0000}+R4{0.0231,0.0962,0.2344,0.4468,0.3274,0.8090,0.4151,1.5133}"
HVO_B0321,LG+F+I+R4,0.0000,,"(0.0231,0.0962) (0.2344,0.4468) (0.3274,0.8090) (0.4151,1.5133)","LG+F+I{0.0000}+R4{0.0231,0.0962,0.2344,0.4468,0.3274,0.8090,0.4151,1.5133}"
HVO_B0347,LG+F+I+R4,0.0000,,"(0.0231,0.0962) (0.2344,0.4468) (0.3274,0.8090) (0.4151,1.5133)","LG+F+I{0.0000}+R4{0.0231,0.0962,0.2344,0.4468,0.3274,0.8090,0.4151,1.5133}"
HVO_A0218,LG+F+I+R4,0.0000,,"(0.0231,0.0962) (0.2344,0.4468) (0.3274,0.8090) (0.4151,1.5133)","LG+F+I{0.0000}+R4{0.0231,0.0962,0.2344,0.4468,0.3274,0.8090,0.4151,1.5133}"
HVO_A0330,LG+F+I+R4,0.0000,,"(0.0231,0.0962) (0.2344,0.4468) (0.3274,0.8090) (0.4151,1.5133)","LG+F+I{0.0000}+R4{0.0231,0.0962,0.2344,0.4468,0.3274,0.8090,0.4151,1.5133}"
HVO_2690,LG+F+I+R4,0.0000,,"(0.0231,0.0962) (0.2344,0.4468) (0.3274,0.8090) (0.4151,1.5133)","LG+F+I{0.0000}+R4{0.0231,0.0962,0.2344,0.4468,0.3274,0.8090,0.4151,1.5133}"
HVO_1008,LG+F+I+R4,0.0000,,"(0.0231,0.0962) (0.2344,0.4468) (0.3274,0.8090) (0.4151,1.5133)","LG+F+I{0.0000}+R4{0.0231,0.0962,0.2344,0.4468,0.3274,0.8090,0.4151,1.5133}"
HVO_2707,LG+F+I+R4,0.0000,,"(0.0231,0.0962) (0.2344,0.4468) (0.3274,0.8090) (0.4151,1.5133)","LG+F+I{0.0000}+R4{0.0231,0.0962,0.2344,0.4468,0.3274,0.8090,0.4151,1.5133}"
HVO_0103,LG+F+I+G4,0.0272,1.1978,,LG+F+I{0.0272}+G4{1.1978}
HVO_0471,LG+I+G4,0.0000,1.0420,,LG+I{0.0000}+G4{1.0420}
HVO_1956,LG+I+R4,0.0000,,"(0.0741,0.1282) (0.3974,0.4801) (0.2360,0.9376) (0.2925,1.9776)","LG+I{0.0000}+R4{0.0741,0.1282,0.3974,0.4801,0.2360,0.9376,0.2925,1.9776}"
HVO_0661,LG+I+R4,0.0000,,"(0.0741,0.1282) (0.3974,0.4801) (0.2360,0.9376) (0.2925,1.9776)","LG+I{0.0000}+R4{0.0741,0.1282,0.3974,0.4801,0.2360,0.9376,0.2925,1.9776}"
HVO_2584,LG+F+I+G4,0.0377,1.4893,,LG+F+I{0.0377}+G4{1.4893}
HVO_A0311,LG+I,0.0644,,,LG+I{0.0644}
HVO_0317,LG+I+G4,0.0038,1.3337,,LG+I{0.0038}+G4{1.3337}
HVO_0316,LG+I+G4,0.0038,1.3337,,LG+I{0.0038}+G4{1.3337}
HVO_3006,LG+I+R4,0.0053,,"(0.0560,0.1128) (0.2340,0.3921) (0.2923,0.8479) (0.4124,1.5861)","LG+I{0.0053}+R4{0.0560,0.1128,0.2340,0.3921,0.2923,0.8479,0.4124,1.5861}"
HVO_1703,LG+I+R4,0.0190,,"(0.1330,0.1117) (0.2677,0.4672) (0.2159,0.8906) (0.3644,1.8324)","LG+I{0.0190}+R4{0.1330,0.1117,0.2677,0.4672,0.2159,0.8906,0.3644,1.8324}"
HVO_B0216,LG+I+G4,0.0177,1.2393,,LG+I{0.0177}+G4{1.2393}
HVO_2861,LG+F+I+G4,0.0000,1.0305,,LG+F+I{0.0000}+G4{1.0305}
HVO_0307,LG+F+I+G4,0.0000,1.9150,,LG+F+I{0.0000}+G4{1.9150}
HVO_0307,LG+F+I+R3,0.0000,,"(0.1173,0.0840) (0.6412,0.7540) (0.2415,2.0981)","LG+F+I{0.0000}+R3{0.1173,0.0840,0.6412,0.7540,0.2415,2.0981}"
HVO_0307,LG+F+I+G4,0.0047,4.8122,,LG+F+I{0.0047}+G4{4.8122}
HVO_1945,LG+F+I+G4,0.0047,4.8122,,LG+F+I{0.0047}+G4{4.8122}
HVO_0731,LG+F+I+G4,0.0467,1.4721,,LG+F+I{0.0467}+G4{1.4721}
HVO_0731,LG+F+I+R4,0.0397,,"(0.1216,0.0683) (0.2735,0.4274) (0.2185,0.9531) (0.3467,1.9227)","LG+F+I{0.0397}+R4{0.1216,0.0683,0.2735,0.4274,0.2185,0.9531,0.3467,1.9227}"
HVO_2519,LG+F+I+G4,0.0214,1.7449,,LG+F+I{0.0214}+G4{1.7449}
HVO_1783,LG+F+I+G4,0.1137,0.8133,,LG+F+I{0.1137}+G4{0.8133}
HVO_1595,LG+F+I+G4,0.0314,1.1072,,LG+F+I{0.0314}+G4{1.1072}
HVO_1863,LG+I+G4,0.0027,0.9341,,LG+I{0.0027}+G4{0.9341}
HVO_1186,LG+I+G4,0.0027,0.9341,,LG+I{0.0027}+G4{0.9341}
HVO_0799,LG+I+G4,0.0027,0.9341,,LG+I{0.0027}+G4{0.9341}
HVO_2347,LG+F+I+R4,0.0000,,"(0.1355,0.0757) (0.3130,0.4943) (0.3110,1.0826) (0.2405,2.0721)","LG+F+I{0.0000}+R4{0.1355,0.0757,0.3130,0.4943,0.3110,1.0826,0.2405,2.0721}"
HVO_2955,LG+I,0.1317,,,LG+I{0.1317}
HVO_1326,LG+I+G4,0.1951,0.7636,,LG+I{0.1951}+G4{0.7636}
HVO_A0511,LG+I+G4,0.0740,1.1831,,LG+I{0.0740}+G4{1.1831}
HVO_1533,LG+I+G4,0.0889,1.0010,,LG+I{0.0889}+G4{1.0010}
HVO_1828,LG+I+G4,0.0889,1.0010,,LG+I{0.0889}+G4{1.0010}
HVO_0067,LG+I+G4,0.0682,1.6148,,LG+I{0.0682}+G4{1.6148}
HVO_2570,LG+I+G4,0.0682,1.6148,,LG+I{0.0682}+G4{1.6148}
HVO_1075,,,,,
HVO_1125,LG+F+I+R3,0.0174,,"(0.0924,0.1516) (0.4511,0.6970) (0.4391,1.5295)","LG+F+I{0.0174}+R3{0.0924,0.1516,0.4511,0.6970,0.4391,1.5295}"
HVO_1917,LG+I+R4,0.0000,,"(0.1437,0.1379) (0.2747,0.4749) (0.3151,1.0148) (0.2665,1.9885)","LG+I{0.0000}+R4{0.1437,0.1379,0.2747,0.4749,0.3151,1.0148,0.2665,1.9885}"
HVO_0739,LG+F+I+G4,0.0113,1.6959,,LG+F+I{0.0113}+G4{1.6959}
HVO_2016,LG+F+I+G4,0.0113,1.6959,,LG+F+I{0.0113}+G4{1.6959}
HVO_0739,LG+I+G4,0.1628,1.1183,,LG+I{0.1628}+G4{1.1183}
HVO_2888,LG+I+G4,0.0101,1.4732,,LG+I{0.0101}+G4{1.4732}
HVO_0339,LG+I+G4,0.1221,0.9433,,LG+I{0.1221}+G4{0.9433}
HVO_0955,LG+F+I+R4,0.0062,,"(0.0539,0.0819) (0.1837,0.3948) (0.3440,0.8188) (0.4122,1.5560)","LG+F+I{0.0062}+R4{0.0539,0.0819,0.1837,0.3948,0.3440,0.8188,0.4122,1.5560}"
HVO_0539,LG+F+I+R4,0.0062,,"(0.0539,0.0819) (0.1837,0.3948) (0.3440,0.8188) (0.4122,1.5560)","LG+F+I{0.0062}+R4{0.0539,0.0819,0.1837,0.3948,0.3440,0.8188,0.4122,1.5560}"
HVO_2391,LG+F+I+R4,0.0000,,"(0.1404,0.2272) (0.2587,0.5958) (0.3102,1.0416) (0.2907,1.6887)","LG+F+I{0.0000}+R4{0.1404,0.2272,0.2587,0.5958,0.3102,1.0416,0.2907,1.6887}"
HVO_2006,LG+F+I+R4,0.0000,,"(0.1404,0.2272) (0.2587,0.5958) (0.3102,1.0416) (0.2907,1.6887)","LG+F+I{0.0000}+R4{0.1404,0.2272,0.2587,0.5958,0.3102,1.0416,0.2907,1.6887}"
HVO_2006,LG+F+I+R4,0.0000,,"(0.1404,0.2272) (0.2587,0.5958) (0.3102,1.0416) (0.2907,1.6887)","LG+F+I{0.0000}+R4{0.1404,0.2272,0.2587,0.5958,0.3102,1.0416,0.2907,1.6887}"
HVO_2006,LG+F+I+R4,0.0000,,"(0.1404,0.2272) (0.2587,0.5958) (0.3102,1.0416) (0.2907,1.6887)","LG+F+I{0.0000}+R4{0.1404,0.2272,0.2587,0.5958,0.3102,1.0416,0.2907,1.6887}"
HVO_2006,LG+F+I+R4,0.0000,,"(0.1404,0.2272) (0.2587,0.5958) (0.3102,1.0416) (0.2907,1.6887)","LG+F+I{0.0000}+R4{0.1404,0.2272,0.2587,0.5958,0.3102,1.0416,0.2907,1.6887}"
HVO_2006,LG+F+I+R4,0.0000,,"(0.1404,0.2272) (0.2587,0.5958) (0.3102,1.0416) (0.2907,1.6887)","LG+F+I{0.0000}+R4{0.1404,0.2272,0.2587,0.5958,0.3102,1.0416,0.2907,1.6887}"
HVO_1153,LG+F+I+R3,0.0030,,"(0.0669,0.1214) (0.3773,0.6267) (0.5528,1.3665)","LG+F+I{0.0030}+R3{0.0669,0.1214,0.3773,0.6267,0.5528,1.3665}"
HVO_2385,,,,,
HVO_1034,,,,,
HVO_2385,LG+F+I+G4,0.0683,1.9091,,LG+F+I{0.0683}+G4{1.9091}
HVO_1034,LG+F+I+G4,0.0683,1.9091,,LG+F+I{0.0683}+G4{1.9091}
HVO_0747,LG+F+I+G4,0.0000,2.2275,,LG+F+I{0.0000}+G4{2.2275}
HVO_0805,LG+F+I+G4,0.0268,1.9517,,LG+F+I{0.0268}+G4{1.9517}
HVO_0838,LG+F+I+G4,0.0361,1.8827,,LG+F+I{0.0361}+G4{1.8827}
HVO_0839,LG+F+I+G4,0.0797,1.2042,,LG+F+I{0.0797}+G4{1.2042}
HVO_0840,LG+F+I+G4,0.0753,0.8741,,LG+F+I{0.0753}+G4{0.8741}
HVO_0845,LG+F+I+G4,0.0976,1.0568,,LG+F+I{0.0976}+G4{1.0568}
HVO_0847,LG+F+I+G4,0.1229,0.9796,,LG+F+I{0.1229}+G4{0.9796}
HVO_0856,LG+F+I+R4,0.0000,,"(0.1215,0.1321) (0.1876,0.4742) (0.3510,0.9601) (0.3399,1.6418)","LG+F+I{0.0000}+R4{0.1215,0.1321,0.1876,0.4742,0.3510,0.9601,0.3399,1.6418}"
HVO_B0282,LG+I+G4,0.0594,1.1056,,LG+I{0.0594}+G4{1.1056}
HVO_0306,LG+I+G4,0.0594,1.1056,,LG+I{0.0594}+G4{1.1056}
HVO_1944,LG+I+G4,0.0594,1.1056,,LG+I{0.0594}+G4{1.1056}
HVO_A0596,LG+F+I+R4,0.0000,,"(0.0806,0.1112) (0.2778,0.4518) (0.3801,1.0230) (0.2615,1.8232)","LG+F+I{0.0000}+R4{0.0806,0.1112,0.2778,0.4518,0.3801,1.0230,0.2615,1.8232}"
HVO_A0597,LG+F+I+R4,0.0000,,"(0.0806,0.1112) (0.2778,0.4518) (0.3801,1.0230) (0.2615,1.8232)","LG+F+I{0.0000}+R4{0.0806,0.1112,0.2778,0.4518,0.3801,1.0230,0.2615,1.8232}"
HVO_1930A,LG+F+I+R4,0.0000,,"(0.0806,0.1112) (0.2778,0.4518) (0.3801,1.0230) (0.2615,1.8232)","LG+F+I{0.0000}+R4{0.0806,0.1112,0.2778,0.4518,0.3801,1.0230,0.2615,1.8232}"
HVO_2823,LG+F+I+R4,0.0000,,"(0.0806,0.1112) (0.2778,0.4518) (0.3801,1.0230) (0.2615,1.8232)","LG+F+I{0.0000}+R4{0.0806,0.1112,0.2778,0.4518,0.3801,1.0230,0.2615,1.8232}"
HVO_2845,LG+F+I+R4,0.0000,,"(0.0806,0.1112) (0.2778,0.4518) (0.3801,1.0230) (0.2615,1.8232)","LG+F+I{0.0000}+R4{0.0806,0.1112,0.2778,0.4518,0.3801,1.0230,0.2615,1.8232}"
HVO_0545,LG+F+I+R4,0.0000,,"(0.0806,0.1112) (0.2778,0.4518) (0.3801,1.0230) (0.2615,1.8232)","LG+F+I{0.0000}+R4{0.0806,0.1112,0.2778,0.4518,0.3801,1.0230,0.2615,1.8232}"
HVO_0200,LG+F+I+R4,0.0000,,"(0.0806,0.1112) (0.2778,0.4518) (0.3801,1.0230) (0.2615,1.8232)","LG+F+I{0.0000}+R4{0.0806,0.1112,0.2778,0.4518,0.3801,1.0230,0.2615,1.8232}"
HVO_0306,LG+F+I+R4,0.0092,,"(0.0712,0.1146) (0.2100,0.4340) (0.3189,0.8669) (0.3908,1.5976)","LG+F+I{0.0092}+R4{0.0712,0.1146,0.2100,0.4340,0.3189,0.8669,0.3908,1.5976}"
HVO_1944,LG+F+I+R4,0.0092,,"(0.0712,0.1146) (0.2100,0.4340) (0.3189,0.8669) (0.3908,1.5976)","LG+F+I{0.0092}+R4{0.0712,0.1146,0.2100,0.4340,0.3189,0.8669,0.3908,1.5976}"
HVO_2344,LG+F+I+G4,0.0228,1.4873,,LG+F+I{0.0228}+G4{1.4873}
HVO_1129,LG+F+I+R4,0.0024,,"(0.0440,0.0792) (0.2303,0.4217) (0.3320,0.8418) (0.3913,1.5841)","LG+F+I{0.0024}+R4{0.0440,0.0792,0.2303,0.4217,0.3320,0.8418,0.3913,1.5841}"
HVO_A0627,LG+F+I+R4,0.0276,,"(0.1174,0.1162) (0.1928,0.4356) (0.3793,0.9674) (0.2830,1.8920)","LG+F+I{0.0276}+R4{0.1174,0.1162,0.1928,0.4356,0.3793,0.9674,0.2830,1.8920}"
HVO_1240,LG+F+I+R4,0.0276,,"(0.1174,0.1162) (0.1928,0.4356) (0.3793,0.9674) (0.2830,1.8920)","LG+F+I{0.0276}+R4{0.1174,0.1162,0.1928,0.4356,0.3793,0.9674,0.2830,1.8920}"
HVO_2344,LG+F+I+R4,0.0202,,"(0.0774,0.2018) (0.2999,0.5760) (0.3397,0.9786) (0.2627,1.8240)","LG+F+I{0.0202}+R4{0.0774,0.2018,0.2999,0.5760,0.3397,0.9786,0.2627,1.8240}"
HVO_0286,LG+I+R4,0.0312,,"(0.0323,0.0229) (0.1940,0.3158) (0.2892,0.8179) (0.4534,1.5473)","LG+I{0.0312}+R4{0.0323,0.0229,0.1940,0.3158,0.2892,0.8179,0.4534,1.5473}"
HVO_1177,LG+I+R4,0.0312,,"(0.0323,0.0229) (0.1940,0.3158) (0.2892,0.8179) (0.4534,1.5473)","LG+I{0.0312}+R4{0.0323,0.0229,0.1940,0.3158,0.2892,0.8179,0.4534,1.5473}"
HVO_0340,LG+I+G4,0.0597,1.5317,,LG+I{0.0597}+G4{1.5317}
HVO_A0052,LG+I+G4,0.0872,2.7074,,LG+I{0.0872}+G4{2.7074}
HVO_0382,LG+I+G4,0.0872,2.7074,,LG+I{0.0872}+G4{2.7074}
HVO_1261,LG+F+I+G4,0.0903,2.3948,,LG+F+I{0.0903}+G4{2.3948}
HVO_1261,LG+F+I+G4,0.0070,1.5571,,LG+F+I{0.0070}+G4{1.5571}
HVO_1261,LG+F+I+G4,0.0281,1.4158,,LG+F+I{0.0281}+G4{1.4158}
HVO_1445,LG+F+I+G4,0.0237,0.9611,,LG+F+I{0.0237}+G4{0.9611}
HVO_1640A,JTT+I+G4,0.2332,3.7717,,JTT+I{0.2332}+G4{3.7717}
HVO_0169,LG+F+I+G4,0.0203,2.0140,,LG+F+I{0.0203}+G4{2.0140}
HVO_2349,LG+F+I+G4,0.0203,2.0140,,LG+F+I{0.0203}+G4{2.0140}
HVO_A0249,LG+I+G4,0.0051,1.8328,,LG+I{0.0051}+G4{1.8328}
HVO_0583,JTT+G4,,2.3317,,JTT+G4{2.3317}
HVO_0800,LG+F+I+G4,0.0657,1.2005,,LG+F+I{0.0657}+G4{1.2005}
HVO_0163,LG+F+I+G4,0.0657,1.2005,,LG+F+I{0.0657}+G4{1.2005}
HVO_1552,LG+F+I+G4,0.0514,3.7850,,LG+F+I{0.0514}+G4{3.7850}
HVO_0246,LG+F+I+G4,0.0514,3.7850,,LG+F+I{0.0514}+G4{3.7850}
HVO_2514,LG+F+I+G4,0.0637,1.6811,,LG+F+I{0.0637}+G4{1.6811}
HVO_A0436,JTT+I+G4,0.0980,2.2749,,JTT+I{0.0980}+G4{2.2749}
HVO_A0011,JTT+I+G4,0.0980,2.2749,,JTT+I{0.0980}+G4{2.2749}
HVO_2833,JTT+I+G4,0.0980,2.2749,,JTT+I{0.0980}+G4{2.2749}
HVO_1752,LG+I+G4,0.1316,1.7249,,LG+I{0.1316}+G4{1.7249}
HVO_B0159,LG+F+I+G4,0.0118,1.7051,,LG+F+I{0.0118}+G4{1.7051}
HVO_B0361,LG+F+I+G4,0.0118,1.7051,,LG+F+I{0.0118}+G4{1.7051}
HVO_0492,LG+F+I+G4,0.0118,1.7051,,LG+F+I{0.0118}+G4{1.7051}
HVO_1117,LG+F+I+G4,0.0118,1.7051,,LG+F+I{0.0118}+G4{1.7051}
HVO_A0413,LG+F+I+G4,0.0060,2.7478,,LG+F+I{0.0060}+G4{2.7478}
HVO_A0121,LG+F+I+G4,0.0060,2.7478,,LG+F+I{0.0060}+G4{2.7478}
HVO_0513,LG+F+I+G4,0.0060,2.7478,,LG+F+I{0.0060}+G4{2.7478}
HVO_2894,LG+F+I+G4,0.0060,2.7478,,LG+F+I{0.0060}+G4{2.7478}
HVO_0967,LG+F+I+G4,0.0060,2.7478,,LG+F+I{0.0060}+G4{2.7478}
HVO_2525,LG+F+I+G4,0.0633,0.9572,,LG+F+I{0.0633}+G4{0.9572}
HVO_A0563,LG+F+I+G4,0.0322,1.5972,,LG+F+I{0.0322}+G4{1.5972}
HVO_B0283,LG+F+I+R4,0.0042,,"(0.1251,0.2217) (0.4820,0.7199) (0.3316,1.4452) (0.0570,2.5608)","LG+F+I{0.0042}+R4{0.1251,0.2217,0.4820,0.7199,0.3316,1.4452,0.0570,2.5608}"
HVO_2928,LG+F+I+R4,0.0042,,"(0.1251,0.2217) (0.4820,0.7199) (0.3316,1.4452) (0.0570,2.5608)","LG+F+I{0.0042}+R4{0.1251,0.2217,0.4820,0.7199,0.3316,1.4452,0.0570,2.5608}"
HVO_2533,LG+F+I+G4,0.0000,2.4062,,LG+F+I{0.0000}+G4{2.4062}
HVO_2533,LG+F+I+G4,0.0000,2.4062,,LG+F+I{0.0000}+G4{2.4062}
HVO_1325,LG+I+G4,0.0002,1.3800,,LG+I{0.0002}+G4{1.3800}
HVO_1330,LG+F+I+G4,0.0174,1.1848,,LG+F+I{0.0174}+G4{1.1848}
HVO_1977,LG+F+I+G4,0.0000,1.1961,,LG+F+I{0.0000}+G4{1.1961}
HVO_1115,LG+F+I+G4,0.0000,1.1961,,LG+F+I{0.0000}+G4{1.1961}
HVO_2392,LG+F+I+G4,0.0000,1.1961,,LG+F+I{0.0000}+G4{1.1961}
HVO_1353,LG+F+I+G4,0.0000,1.1961,,LG+F+I{0.0000}+G4{1.1961}
HVO_1393,LG+F+I+G4,0.0218,1.5948,,LG+F+I{0.0218}+G4{1.5948}
HVO_1134,LG+F+I+G4,0.0497,1.1779,,LG+F+I{0.0497}+G4{1.1779}
HVO_1060,JTT+F+I+G4,0.0154,1.2877,,JTT+F+I{0.0154}+G4{1.2877}
HVO_1764,JTT+F+I+G4,0.0154,1.2877,,JTT+F+I{0.0154}+G4{1.2877}
HVO_1060,LG+F+I+G4,0.0585,1.1628,,LG+F+I{0.0585}+G4{1.1628}
HVO_1764,LG+F+I+G4,0.0585,1.1628,,LG+F+I{0.0585}+G4{1.1628}
HVO_1938,JTT+R4,,,"(0.1488,0.0273) (0.0812,0.3365) (0.4610,0.8756) (0.3090,1.8284)","JTT+R4{0.1488,0.0273,0.0812,0.3365,0.4610,0.8756,0.3090,1.8284}"
HVO_A0543,LG+I+G4,0.1667,1.8787,,LG+I{0.1667}+G4{1.8787}
HVO_2787,LG+I+G4,0.1667,1.8787,,LG+I{0.1667}+G4{1.8787}
HVO_0793,LG+I+G4,0.1667,1.8787,,LG+I{0.1667}+G4{1.8787}
HVO_A0035A,JTT+R4,,,"(0.2175,0.0271) (0.2254,0.6611) (0.2406,1.1500) (0.3164,1.7961)","JTT+R4{0.2175,0.0271,0.2254,0.6611,0.2406,1.1500,0.3164,1.7961}"
HVO_1876,JTT+R4,,,"(0.2175,0.0271) (0.2254,0.6611) (0.2406,1.1500) (0.3164,1.7961)","JTT+R4{0.2175,0.0271,0.2254,0.6611,0.2406,1.1500,0.3164,1.7961}"
HVO_2846,LG+I+G4,0.0179,1.2620,,LG+I{0.0179}+G4{1.2620}
HVO_0469,LG+I+R4,0.0000,,"(0.0505,0.0223) (0.1466,0.3385) (0.5598,0.8947) (0.2431,1.8445)","LG+I{0.0000}+R4{0.0505,0.0223,0.1466,0.3385,0.5598,0.8947,0.2431,1.8445}"
HVO_2812,LG+I+R4,0.0000,,"(0.0505,0.0223) (0.1466,0.3385) (0.5598,0.8947) (0.2431,1.8445)","LG+I{0.0000}+R4{0.0505,0.0223,0.1466,0.3385,0.5598,0.8947,0.2431,1.8445}"
HVO_2225,LG+I+R4,0.0000,,"(0.0505,0.0223) (0.1466,0.3385) (0.5598,0.8947) (0.2431,1.8445)","LG+I{0.0000}+R4{0.0505,0.0223,0.1466,0.3385,0.5598,0.8947,0.2431,1.8445}"
HVO_2852,LG+I+R4,0.0000,,"(0.0505,0.0223) (0.1466,0.3385) (0.5598,0.8947) (0.2431,1.8445)","LG+I{0.0000}+R4{0.0505,0.0223,0.1466,0.3385,0.5598,0.8947,0.2431,1.8445}"
HVO_0065,LG+I+G4,0.0446,1.0856,,LG+I{0.0446}+G4{1.0856}
HVO_0065,LG+I+G4,0.0998,1.1371,,LG+I{0.0998}+G4{1.1371}
HVO_1175,LG+I+G4,0.0000,1.5197,,LG+I{0.0000}+G4{1.5197}
HVO_1175,LG+I+G4,0.0000,2.7018,,LG+I{0.0000}+G4{2.7018}
HVO_2646,LG+I+R4,0.0299,,"(0.1253,0.0583) (0.2550,0.3143) (0.2284,0.7805) (0.3613,2.0321)","LG+I{0.0299}+R4{0.1253,0.0583,0.2550,0.3143,0.2284,0.7805,0.3613,2.0321}"
HVO_2333,LG+F+I+G4,0.1701,0.6711,,LG+F+I{0.1701}+G4{0.6711}
HVO_0929,LG+I+G4,0.0285,2.6802,,LG+I{0.0285}+G4{2.6802}
HVO_2071,LG+F+I+G4,0.0295,1.9186,,LG+F+I{0.0295}+G4{1.9186}
HVO_1359,LG+I+G4,0.1179,0.7780,,LG+I{0.1179}+G4{0.7780}
HVO_1677,LG+I+G4,0.1129,1.3376,,LG+I{0.1129}+G4{1.3376}
HVO_A0457A,LG+I+G4,0.1220,1.5629,,LG+I{0.1220}+G4{1.5629}
HVO_A0254A,LG+I+G4,0.1220,1.5629,,LG+I{0.1220}+G4{1.5629}
HVO_2400,LG+I+G4,0.1856,1.6414,,LG+I{0.1856}+G4{1.6414}
HVO_0815,LG+F+I+G4,0.0050,1.0668,,LG+F+I{0.0050}+G4{1.0668}
HVO_A0114,LG+F+I+G4,0.0000,2.1881,,LG+F+I{0.0000}+G4{2.1881}
HVO_A0418,LG+F+I+G4,0.0000,2.1881,,LG+F+I{0.0000}+G4{2.1881}
HVO_B0277,LG+F+I+G4,0.0217,1.6953,,LG+F+I{0.0217}+G4{1.6953}
HVO_A0226,LG+F+I+G4,0.0217,1.6953,,LG+F+I{0.0217}+G4{1.6953}
HVO_A0312,LG+F+I+G4,0.0217,1.6953,,LG+F+I{0.0217}+G4{1.6953}
HVO_A0261,LG+F+I+G4,0.0217,1.6953,,LG+F+I{0.0217}+G4{1.6953}
HVO_2681,LG+F+I+G4,0.0217,1.6953,,LG+F+I{0.0217}+G4{1.6953}
HVO_2644,LG+F+I+G4,0.0217,1.6953,,LG+F+I{0.0217}+G4{1.6953}
HVO_1700,LG+F+I+G4,0.0217,1.6953,,LG+F+I{0.0217}+G4{1.6953}
HVO_1726,LG+F+I+G4,0.0217,1.6953,,LG+F+I{0.0217}+G4{1.6953}
HVO_B0008,LG+I,0.3052,,,LG+I{0.3052}
HVO_B0008,LG+I,0.1485,,,LG+I{0.1485}
HVO_0279,LG+F+I+R4,0.0110,,"(0.0354,0.1099) (0.1459,0.3299) (0.4646,0.7538) (0.3431,1.7425)","LG+F+I{0.0110}+R4{0.0354,0.1099,0.1459,0.3299,0.4646,0.7538,0.3431,1.7425}"
HVO_1841,LG+F+I+R4,0.0110,,"(0.0354,0.1099) (0.1459,0.3299) (0.4646,0.7538) (0.3431,1.7425)","LG+F+I{0.0110}+R4{0.0354,0.1099,0.1459,0.3299,0.4646,0.7538,0.3431,1.7425}"
HVO_1708,LG+F+I,0.0922,,,LG+F+I{0.0922}
HVO_B0135,LG+F+I+G4,0.0037,2.1066,,LG+F+I{0.0037}+G4{2.1066}
HVO_A0320,LG+F+I+G4,0.0037,2.1066,,LG+F+I{0.0037}+G4{2.1066}
HVO_0229,LG+F+I+G4,0.0037,2.1066,,LG+F+I{0.0037}+G4{2.1066}
HVO_1103,LG+F+I+G4,0.0037,2.1066,,LG+F+I{0.0037}+G4{2.1066}
HVO_2546,LG+I+G4,0.0307,1.4625,,LG+I{0.0307}+G4{1.4625}
HVO_2361,LG+I+G4,0.0465,0.8361,,LG+I{0.0465}+G4{0.8361}
HVO_2361,LG+I+G4,0.0465,0.8361,,LG+I{0.0465}+G4{0.8361}
