file,model,I,alpha,rates,alisim_model
YML112W,LG+I+G4,0.0381,0.7983,,LG+I{0.0381}+G4{0.7983}
YFR037C,LG+I+G4,0.1217,1.1605,,LG+I{0.1217}+G4{1.1605}
YDR063W,LG+I+G4,0.0000,1.9044,,LG+I{0.0000}+G4{1.9044}
YDR421W,LG+I+G4,0.0000,0.7566,,LG+I{0.0000}+G4{0.7566}
YOR275C,LG+F+I+G4,0.0000,1.7167,,LG+F+I{0.0000}+G4{1.7167}
YLR442C,LG+I+G4,0.0000,1.8532,,LG+I{0.0000}+G4{1.8532}
YMR182C,LG+I+G4,0.2675,1.1076,,LG+I{0.2675}+G4{1.1076}
YMR236W,LG+I+G4,0.0000,0.8871,,LG+I{0.0000}+G4{0.8871}
YPR182W,LG+I+G4,0.0592,0.6844,,LG+I{0.0592}+G4{0.6844}
YBR198C,LG+I+G4,0.0629,1.6630,,LG+I{0.0629}+G4{1.6630}
YPL170W,LG+I+G4,0.1554,1.1689,,LG+I{0.1554}+G4{1.1689}
YMR207C,LG+I+G4,0.3163,0.8384,,LG+I{0.3163}+G4{0.8384}
YOR386W,LG+I+G4,0.0339,1.5259,,LG+I{0.0339}+G4{1.5259}
YNL312W,LG+I+G4,0.0000,2.3369,,LG+I{0.0000}+G4{2.3369}
YGR178C,LG+I+G4,0.0184,1.8424,,LG+I{0.0184}+G4{1.8424}
YML104C,LG+I+G4,0.0740,1.0058,,LG+I{0.0740}+G4{1.0058}
YGR074W,LG+I+G4,0.0570,1.2888,,LG+I{0.0570}+G4{1.2888}
YBL099W,LG+I+G4,0.0729,0.4796,,LG+I{0.0729}+G4{0.4796}
YMR223W,LG+I+G4,0.0589,0.9378,,LG+I{0.0589}+G4{0.9378}
YLR201C,LG+I+G4,0.0396,0.9815,,LG+I{0.0396}+G4{0.9815}
YHR156C,LG+I+G4,0.0205,1.7290,,LG+I{0.0205}+G4{1.7290}
YDR146C,LG+I+G4,0.0000,0.7280,,LG+I{0.0000}+G4{0.7280}
YDL051W,LG+I+R3,0.0000,,"(0.4804,0.1526) (0.1188,0.6130) (0.4009,2.1301)","LG+I{0.0000}+R3{0.4804,0.1526,0.1188,0.6130,0.4009,2.1301}"
YDL117W,LG+I+G4,0.0184,1.2000,,LG+I{0.0184}+G4{1.2000}
YFL009W,LG+I+R4,0.0000,,"(0.0721,0.1018) (0.3642,0.5851) (0.3691,1.0406) (0.1946,2.0324)","LG+I{0.0000}+R4{0.0721,0.1018,0.3642,0.5851,0.3691,1.0406,0.1946,2.0324}"
YKR055W,LG+I+G4,0.0128,1.0137,,LG+I{0.0128}+G4{1.0137}
YDR049W,LG+I+G4,0.0783,0.9727,,LG+I{0.0783}+G4{0.9727}
YPL167C,LG+I+G4,0.0000,0.8260,,LG+I{0.0000}+G4{0.8260}
YDR266C,LG+I+G4,0.0159,0.7865,,LG+I{0.0159}+G4{0.7865}
YOR089C,LG+I+G4,0.3826,0.5871,,LG+I{0.3826}+G4{0.5871}
YGR067C,LG+I+R4,0.0000,,"(0.3185,0.1180) (0.4365,0.4146) (0.2017,1.7042) (0.0433,10.1113)","LG+I{0.0000}+R4{0.3185,0.1180,0.4365,0.4146,0.2017,1.7042,0.0433,10.1113}"
YDR054C,LG+I+G4,0.1024,0.9487,,LG+I{0.1024}+G4{0.9487}
YNL180C,LG+I+G4,0.1205,0.4785,,LG+I{0.1205}+G4{0.4785}
YPR186C,LG+I+G4,0.1109,0.8544,,LG+I{0.1109}+G4{0.8544}
YBR230C,LG+F+I+G4,0.0260,1.4772,,LG+F+I{0.0260}+G4{1.4772}
YOR039W,LG+I+G4,0.1228,0.8297,,LG+I{0.1228}+G4{0.8297}
YFR032C,LG+I+G4,0.0000,1.1425,,LG+I{0.0000}+G4{1.1425}
YCL010C,LG+I+G4,0.0305,0.8545,,LG+I{0.0305}+G4{0.8545}
YJL132W,LG+I+G4,0.0000,0.8619,,LG+I{0.0000}+G4{0.8619}
YMR272C,LG+I+G4,0.0000,0.9044,,LG+I{0.0000}+G4{0.9044}
YLR139C,LG+F+I+G4,0.0000,1.1631,,LG+F+I{0.0000}+G4{1.1631}
YHL022C,LG+I+R4,0.0000,,"(0.1484,0.0900) (0.2980,0.4911) (0.3304,1.0658) (0.2233,2.1867)","LG+I{0.0000}+R4{0.1484,0.0900,0.2980,0.4911,0.3304,1.0658,0.2233,2.1867}"
YKL140W,LG+I+G4,0.1273,0.8666,,LG+I{0.1273}+G4{0.8666}
YGR056W,LG+I+R4,0.0000,,"(0.2771,0.1452) (0.3552,0.7482) (0.2748,1.4587) (0.0929,3.1558)","LG+I{0.0000}+R4{0.2771,0.1452,0.3552,0.7482,0.2748,1.4587,0.0929,3.1558}"
YCR002C,LG+I+G4,0.1469,1.1402,,LG+I{0.1469}+G4{1.1402}
YKL185W,JTT+I+G4,0.4657,0.6849,,JTT+I{0.4657}+G4{0.6849}
YDL205C,LG+I+G4,0.1685,0.8133,,LG+I{0.1685}+G4{0.8133}
YPR013C,LG+I+G4,0.1803,0.9510,,LG+I{0.1803}+G4{0.9510}
YPL196W,LG+F+I+G4,0.0000,1.2993,,LG+F+I{0.0000}+G4{1.2993}
YMR192W,LG+I+G4,0.0211,1.1549,,LG+I{0.0211}+G4{1.1549}
YER164W,LG+I+G4,0.1067,0.9256,,LG+I{0.1067}+G4{0.9256}
YCR069W,LG+I+G4,0.0856,1.3360,,LG+I{0.0856}+G4{1.3360}
YDL135C,LG+I+G4,0.0000,1.3740,,LG+I{0.0000}+G4{1.3740}
YCL011C,LG+I+G4,0.0614,1.0908,,LG+I{0.0614}+G4{1.0908}
YPL117C,LG+I+G4,0.3062,0.6713,,LG+I{0.3062}+G4{0.6713}
YDR523C,LG+I+G4,0.0895,0.7847,,LG+I{0.0895}+G4{0.7847}
YER019W,LG+I+G4,0.0924,0.8188,,LG+I{0.0924}+G4{0.8188}
YBR250W,LG+I+R4,0.0000,,"(0.1047,0.0938) (0.2212,0.3847) (0.3077,0.8523) (0.3664,1.7544)","LG+I{0.0000}+R4{0.1047,0.0938,0.2212,0.3847,0.3077,0.8523,0.3664,1.7544}"
YGL169W,LG+I+G4,0.2055,0.8261,,LG+I{0.2055}+G4{0.8261}
YCL035C,LG+I+G4,0.0000,1.2103,,LG+I{0.0000}+G4{1.2103}
YCL037C,LG+I+G4,0.0113,0.7072,,LG+I{0.0113}+G4{0.7072}
YBL080C,LG+I+G4,0.1597,0.7950,,LG+I{0.1597}+G4{0.7950}
YPR025C,LG+I+G4,0.0102,1.2764,,LG+I{0.0102}+G4{1.2764}
YFR022W,LG+I+G4,0.0000,1.4867,,LG+I{0.0000}+G4{1.4867}
YDR011W,LG+I+G4,0.0000,1.8613,,LG+I{0.0000}+G4{1.8613}
YLL034C,LG+I+G4,0.2329,0.7190,,LG+I{0.2329}+G4{0.7190}
YHL014C,LG+I+G4,0.1054,0.9968,,LG+I{0.1054}+G4{0.9968}
YDL102W,LG+I+G4,0.0302,1.3602,,LG+I{0.0302}+G4{1.3602}
YDL154W,LG+F+I+G4,0.0029,1.3165,,LG+F+I{0.0029}+G4{1.3165}
YPL064C,LG+I+G4,0.0000,1.2091,,LG+I{0.0000}+G4{1.2091}
YER179W,LG+I+G4,0.1662,1.1943,,LG+I{0.1662}+G4{1.1943}
YCR045C,LG+I+G4,0.0347,0.9099,,LG+I{0.0347}+G4{0.9099}
YDR004W,LG+I+G4,0.0315,1.0353,,LG+I{0.0315}+G4{1.0353}
YKL015W,LG+I+G4,0.0000,0.7441,,LG+I{0.0000}+G4{0.7441}
YCR068W,LG+I+G4,0.0000,1.4116,,LG+I{0.0000}+G4{1.4116}
YOL090W,LG+I+G4,0.0000,1.3514,,LG+I{0.0000}+G4{1.3514}
YDR129C,LG+I+R4,0.0000,,"(0.6329,0.1797) (0.2238,1.0554) (0.1114,2.8399) (0.0319,10.4754)","LG+I{0.0000}+R4{0.6329,0.1797,0.2238,1.0554,0.1114,2.8399,0.0319,10.4754}"
YOR117W,LG+I+G4,0.1424,0.6329,,LG+I{0.1424}+G4{0.6329}
YCR005C,LG+I+G4,0.3485,0.8756,,LG+I{0.3485}+G4{0.8756}
YLR181C,LG+I+G4,0.0000,0.7005,,LG+I{0.0000}+G4{0.7005}
YKL211C,LG+I+G4,0.1994,0.7235,,LG+I{0.1994}+G4{0.7235}
YKL017C,LG+F+I+G4,0.0164,1.2089,,LG+F+I{0.0164}+G4{1.2089}
YER112W,LG+I+G4,0.1061,1.0554,,LG+I{0.1061}+G4{1.0554}
YOR288C,LG+I+G4,0.0660,0.8343,,LG+I{0.0660}+G4{0.8343}
YML061C,LG+I+G4,0.0000,0.6121,,LG+I{0.0000}+G4{0.6121}
YPL058C,LG+I+G4,0.0032,1.3372,,LG+I{0.0032}+G4{1.3372}
YLR386W,LG+I+G4,0.0093,1.2499,,LG+I{0.0093}+G4{1.2499}
YEL015W,LG+I+G4,0.0000,1.0181,,LG+I{0.0000}+G4{1.0181}
YNL310C,LG+I+G4,0.0000,0.8360,,LG+I{0.0000}+G4{0.8360}
YDL127W,LG+I+G4,0.0000,0.9749,,LG+I{0.0000}+G4{0.9749}
YMR019W,JTT+G4,,0.7226,,JTT+G4{0.7226}
YNR038W,LG+I+G4,0.1204,0.9517,,LG+I{0.1204}+G4{0.9517}
YER054C,LG+F+I+G4,0.0441,1.3998,,LG+F+I{0.0441}+G4{1.3998}
YOL123W,LG+I+G4,0.1127,0.7317,,LG+I{0.1127}+G4{0.7317}
YHL031C,LG+I+G4,0.0212,1.2879,,LG+I{0.0212}+G4{1.2879}
YPR065W,LG+I,0.2916,,,LG+I{0.2916}
YPR003C,LG+I+G4,0.0399,0.9484,,LG+I{0.0399}+G4{0.9484}
YNL037C,LG+I+G4,0.0269,0.5413,,LG+I{0.0269}+G4{0.5413}
YER095W,LG+I+G4,0.1085,0.8356,,LG+I{0.1085}+G4{0.8356}
YLR116W,LG+I+R4,0.0000,,"(0.2671,0.0823) (0.3014,0.5818) (0.3603,1.6962) (0.0712,2.6899)","LG+I{0.0000}+R4{0.2671,0.0823,0.3014,0.5818,0.3603,1.6962,0.0712,2.6899}"
YDR293C,LG+I+G4,0.2231,0.9290,,LG+I{0.2231}+G4{0.9290}
YOR358W,JTT+R4,,,"(0.5417,0.0684) (0.1912,0.4531) (0.1498,1.4769) (0.1173,5.5845)","JTT+R4{0.5417,0.0684,0.1912,0.4531,0.1498,1.4769,0.1173,5.5845}"
YER012W,LG+I+G4,0.0681,0.9800,,LG+I{0.0681}+G4{0.9800}
YNR007C,LG+I+G4,0.1128,0.7202,,LG+I{0.1128}+G4{0.7202}
YPR047W,LG+I+G4,0.1619,0.6331,,LG+I{0.1619}+G4{0.6331}
YJL106W,LG+F+I+G4,0.0805,0.9506,,LG+F+I{0.0805}+G4{0.9506}
YBL005W-B,LG+I+G4,0.0000,2.3840,,LG+I{0.0000}+G4{2.3840}
YNL251C,LG+I+G4,0.0000,0.8749,,LG+I{0.0000}+G4{0.8749}
YGR133W,LG+I+R4,0.0000,,"(0.1128,0.1481) (0.3428,0.5047) (0.3481,1.1354) (0.1963,2.1144)","LG+I{0.0000}+R4{0.1128,0.1481,0.3428,0.5047,0.3481,1.1354,0.1963,2.1144}"
YOR008C,LG+I+G4,0.1522,1.1568,,LG+I{0.1522}+G4{1.1568}
YIL033C,LG+I+G4,0.0000,1.0228,,LG+I{0.0000}+G4{1.0228}
YEL021W,LG+I+G4,0.1299,0.7620,,LG+I{0.1299}+G4{0.7620}
YJR040W,LG+I+G4,0.0399,1.1342,,LG+I{0.0399}+G4{1.1342}
YBR102C,LG+I+G4,0.0000,1.5775,,LG+I{0.0000}+G4{1.5775}
YIR035C,LG+I+G4,0.0059,1.1002,,LG+I{0.0059}+G4{1.1002}
YMR201C,LG+I+G4,0.2300,0.5692,,LG+I{0.2300}+G4{0.5692}
YHR202W,LG+F+I+G4,0.0444,1.0648,,LG+F+I{0.0444}+G4{1.0648}
YBR052C,LG+I+G4,0.0120,1.1241,,LG+I{0.0120}+G4{1.1241}
YLR146C,LG+I+G4,0.0000,0.6420,,LG+I{0.0000}+G4{0.6420}
YGL019W,LG+I+G4,0.0922,1.1078,,LG+I{0.0922}+G4{1.1078}
YIL130W,LG+I+G4,0.0000,0.8835,,LG+I{0.0000}+G4{0.8835}
YGL026C,LG+I+G4,0.1113,0.8183,,LG+I{0.1113}+G4{0.8183}
YBR055C,LG+I+G4,0.1141,0.8945,,LG+I{0.1141}+G4{0.8945}
YJL176C,LG+I+G4,0.0164,2.0944,,LG+I{0.0164}+G4{2.0944}
YFL059W,LG+I+G4,0.1983,0.7078,,LG+I{0.1983}+G4{0.7078}
YPL110C,LG+I+G4,0.0374,0.7083,,LG+I{0.0374}+G4{0.7083}
YBL069W,LG+I+R4,0.0036,,"(0.1111,0.1446) (0.2344,0.4949) (0.4657,1.0374) (0.1851,2.0782)","LG+I{0.0036}+R4{0.1111,0.1446,0.2344,0.4949,0.4657,1.0374,0.1851,2.0782}"
YDR140W,LG+I+G4,0.0857,1.1230,,LG+I{0.0857}+G4{1.1230}
YMR313C,LG+I+G4,0.0544,1.0125,,LG+I{0.0544}+G4{1.0125}
YKL094W,LG+I+R4,0.0000,,"(0.1819,0.1747) (0.2727,0.5760) (0.3139,1.1392) (0.2315,1.9589)","LG+I{0.0000}+R4{0.1819,0.1747,0.2727,0.5760,0.3139,1.1392,0.2315,1.9589}"
YIL013C,LG+I+G4,0.0272,1.0196,,LG+I{0.0272}+G4{1.0196}
YJL187C,LG+I+G4,0.1151,0.8335,,LG+I{0.1151}+G4{0.8335}
YPL218W,LG+I+R4,0.0000,,"(0.3531,0.3679) (0.3220,0.7583) (0.1914,1.3951) (0.1335,2.6880)","LG+I{0.0000}+R4{0.3531,0.3679,0.3220,0.7583,0.1914,1.3951,0.1335,2.6880}"
YBR237W,LG+I+G4,0.1578,0.8604,,LG+I{0.1578}+G4{0.8604}
YHR155W,LG+I+G4,0.0205,1.1836,,LG+I{0.0205}+G4{1.1836}
YBR091C,LG+I+G4,0.1059,1.0160,,LG+I{0.1059}+G4{1.0160}
YOL041C,LG+I+G4,0.1172,0.7221,,LG+I{0.1172}+G4{0.7221}
YGR100W,LG+I+G4,0.0253,1.2675,,LG+I{0.0253}+G4{1.2675}
YPL031C,LG+I+R4,0.0253,,"(0.5958,0.1080) (0.1749,0.9982) (0.1280,2.4073) (0.0761,5.9566)","LG+I{0.0253}+R4{0.5958,0.1080,0.1749,0.9982,0.1280,2.4073,0.0761,5.9566}"
YDR155C,LG+I+R4,0.0000,,"(0.4086,0.0505) (0.2807,0.4666) (0.2368,2.0939) (0.0739,4.7702)","LG+I{0.0000}+R4{0.4086,0.0505,0.2807,0.4666,0.2368,2.0939,0.0739,4.7702}"
YDR159W,LG+F+I+G4,0.0000,1.5300,,LG+F+I{0.0000}+G4{1.5300}
YPL116W,LG+I+G4,0.0779,0.7596,,LG+I{0.0779}+G4{0.7596}
YGL065C,LG+I+G4,0.1103,0.7946,,LG+I{0.1103}+G4{0.7946}
YGL173C,LG+I+G4,0.0966,1.0001,,LG+I{0.0966}+G4{1.0001}
YKL104C,LG+I+G4,0.3015,0.7691,,LG+I{0.3015}+G4{0.7691}
YIR034C,LG+I+G4,0.0000,2.1686,,LG+I{0.0000}+G4{2.1686}
YJL057C,LG+I+G4,0.0000,0.7576,,LG+I{0.0000}+G4{0.7576}
YLR245C,LG+I+G4,0.0000,0.6681,,LG+I{0.0000}+G4{0.6681}
YGR248W,LG+F+I+G4,0.0719,0.8202,,LG+F+I{0.0719}+G4{0.8202}
YOL030W,LG+I+R4,0.0238,,"(0.2685,0.0575) (0.2734,0.4216) (0.2276,1.2876) (0.2066,2.7889)","LG+I{0.0238}+R4{0.2685,0.0575,0.2734,0.4216,0.2276,1.2876,0.2066,2.7889}"
YOR165W,LG+I+G4,0.2269,0.8328,,LG+I{0.2269}+G4{0.8328}
YJR143C,LG+I+R4,0.0000,,"(0.3778,0.0840) (0.2635,0.5833) (0.2661,1.5906) (0.0926,4.2276)","LG+I{0.0000}+R4{0.3778,0.0840,0.2635,0.5833,0.2661,1.5906,0.0926,4.2276}"
YHR154W,LG+I+R4,0.0000,,"(0.1555,0.1533) (0.4450,0.6457) (0.2982,1.2898) (0.1014,3.0015)","LG+I{0.0000}+R4{0.1555,0.1533,0.4450,0.6457,0.2982,1.2898,0.1014,3.0015}"
YPR001W,LG+I+G4,0.1392,0.7901,,LG+I{0.1392}+G4{0.7901}
YOR132W,LG+I+G4,0.0078,1.0086,,LG+I{0.0078}+G4{1.0086}
YNL045W,LG+F+I+R4,0.0000,,"(0.2613,0.0766) (0.2966,0.4218) (0.2267,1.2950) (0.2154,2.6055)","LG+F+I{0.0000}+R4{0.2613,0.0766,0.2966,0.4218,0.2267,1.2950,0.2154,2.6055}"
YLR451W,LG+I+G4,0.2328,0.6061,,LG+I{0.2328}+G4{0.6061}
YIL096C,JTT+F+G4,,2.4399,,JTT+F+G4{2.4399}
YDR429C,LG+I+G4,0.0303,1.5847,,LG+I{0.0303}+G4{1.5847}
YJL001W,LG+I+G4,0.1963,0.8260,,LG+I{0.1963}+G4{0.8260}
YFR038W,LG+I+R4,0.0151,,"(0.2748,0.0629) (0.2308,0.4183) (0.2430,1.1031) (0.2362,2.6161)","LG+I{0.0151}+R4{0.2748,0.0629,0.2308,0.4183,0.2430,1.1031,0.2362,2.6161}"
YCR024C,LG+I+G4,0.0377,1.6994,,LG+I{0.0377}+G4{1.6994}
YPL051W,LG+I+G4,0.0624,0.8544,,LG+I{0.0624}+G4{0.8544}
YFL018C,LG+F+I+G4,0.1149,0.7686,,LG+F+I{0.1149}+G4{0.7686}
YHR008C,LG+I+R3,0.0003,,"(0.5509,0.3402) (0.2426,0.8811) (0.2062,2.9040)","LG+I{0.0003}+R3{0.5509,0.3402,0.2426,0.8811,0.2062,2.9040}"
YOR007C,LG+I+G4,0.0000,1.8100,,LG+I{0.0000}+G4{1.8100}
YBR227C,LG+I+R4,0.0000,,"(0.4026,0.1327) (0.3296,0.6825) (0.1303,1.7910) (0.1375,3.5502)","LG+I{0.0000}+R4{0.4026,0.1327,0.3296,0.6825,0.1303,1.7910,0.1375,3.5502}"
YLL006W,LG+I+G4,0.0098,1.0500,,LG+I{0.0098}+G4{1.0500}
YPR062W,LG+I+R4,0.0000,,"(0.4636,0.1459) (0.3429,1.0045) (0.1425,2.4374) (0.0509,4.7258)","LG+I{0.0000}+R4{0.4636,0.1459,0.3429,1.0045,0.1425,2.4374,0.0509,4.7258}"
YMR041C,LG+F+I+G4,0.0116,0.8279,,LG+F+I{0.0116}+G4{0.8279}
YJL036W,LG+I+G4,0.0000,1.0026,,LG+I{0.0000}+G4{1.0026}
YHR030C,LG+I+G4,0.0789,0.7021,,LG+I{0.0789}+G4{0.7021}
YAL040C,LG+I+R4,0.0000,,"(0.2276,0.1872) (0.3900,0.5930) (0.2883,1.4511) (0.0941,3.2695)","LG+I{0.0000}+R4{0.2276,0.1872,0.3900,0.5930,0.2883,1.4511,0.0941,3.2695}"
YJL033W,LG+I+R4,0.0198,,"(0.3631,0.0765) (0.2580,0.5580) (0.2363,1.6503) (0.1228,3.5688)","LG+I{0.0198}+R4{0.3631,0.0765,0.2580,0.5580,0.2363,1.6503,0.1228,3.5688}"
YCR014C,LG+I+G4,0.0000,1.2847,,LG+I{0.0000}+G4{1.2847}
YJR035W,LG+I+G4,0.2571,0.6625,,LG+I{0.2571}+G4{0.6625}
YIR026C,LG+I+R4,0.0000,,"(0.0705,0.1248) (0.3785,0.4888) (0.3479,1.0730) (0.2031,2.1312)","LG+I{0.0000}+R4{0.0705,0.1248,0.3785,0.4888,0.3479,1.0730,0.2031,2.1312}"
YPR060C,LG+I+R4,0.0000,,"(0.3912,0.0900) (0.2450,0.7399) (0.2309,1.5661) (0.1329,3.1751)","LG+I{0.0000}+R4{0.3912,0.0900,0.2450,0.7399,0.2309,1.5661,0.1329,3.1751}"
YJL072C,LG+I+G4,0.0738,1.8722,,LG+I{0.0738}+G4{1.8722}
YJL109C,LG+I+G4,0.0199,0.9719,,LG+I{0.0199}+G4{0.9719}
YJL110C,LG+I+G4,0.5580,0.8756,,LG+I{0.5580}+G4{0.8756}
YDL010W,LG+F+I+G4,0.0000,1.0488,,LG+F+I{0.0000}+G4{1.0488}
YDR326C,LG+I+G4,0.0000,1.8004,,LG+I{0.0000}+G4{1.8004}
YEL037C,LG+I+G4,0.0367,1.3268,,LG+I{0.0367}+G4{1.3268}
YKL190W,LG+I+G4,0.0000,0.7393,,LG+I{0.0000}+G4{0.7393}
YOR080W,LG+I+G4,0.0000,2.0358,,LG+I{0.0000}+G4{2.0358}
YDL168W,LG+I+R4,0.0000,,"(0.0904,0.3507) (0.4947,0.7624) (0.3094,1.0567) (0.1055,2.5040)","LG+I{0.0000}+R4{0.0904,0.3507,0.4947,0.7624,0.3094,1.0567,0.1055,2.5040}"
YKR089C,LG+I+G4,0.0422,0.6956,,LG+I{0.0422}+G4{0.6956}
YBR160W,LG+I+G4,0.2751,0.6820,,LG+I{0.2751}+G4{0.6820}
YNL148C,LG+I+R4,0.0047,,"(0.0842,0.0816) (0.3617,0.3779) (0.2165,0.9916) (0.3330,1.9275)","LG+I{0.0047}+R4{0.0842,0.0816,0.3617,0.3779,0.2165,0.9916,0.3330,1.9275}"
YER122C,LG+I+G4,0.0906,0.7498,,LG+I{0.0906}+G4{0.7498}
YAL023C,LG+I+R4,0.0080,,"(0.2415,0.0408) (0.2596,0.4034) (0.2336,1.0276) (0.2573,2.5079)","LG+I{0.0080}+R4{0.2415,0.0408,0.2596,0.4034,0.2336,1.0276,0.2573,2.5079}"
YLR253W,LG+I+R4,0.0000,,"(0.4478,0.1107) (0.2551,0.6740) (0.1992,1.8668) (0.0979,4.1542)","LG+I{0.0000}+R4{0.4478,0.1107,0.2551,0.6740,0.1992,1.8668,0.0979,4.1542}"
YGR172C,LG+F+I+G4,0.0938,0.7995,,LG+F+I{0.0938}+G4{0.7995}
YLR377C,LG+I+R4,0.0166,,"(0.5627,0.1314) (0.2267,0.8657) (0.1178,2.3710) (0.0762,5.9124)","LG+I{0.0166}+R4{0.5627,0.1314,0.2267,0.8657,0.1178,2.3710,0.0762,5.9124}"
YCR037C,LG+I+G4,0.0537,0.7516,,LG+I{0.0537}+G4{0.7516}
YMR287C,LG+F+I+R4,0.0026,,"(0.1417,0.0779) (0.1671,0.3517) (0.2580,0.7642) (0.4307,1.7021)","LG+F+I{0.0026}+R4{0.1417,0.0779,0.1671,0.3517,0.2580,0.7642,0.4307,1.7021}"
YDR314C,LG+I+G4,0.0000,3.2974,,LG+I{0.0000}+G4{3.2974}
YBR150C,LG+I+G4,0.0000,0.8246,,LG+I{0.0000}+G4{0.8246}
YGR118W,LG+I+R2,0.0238,,"(0.7616,0.3318) (0.2146,3.4826)","LG+I{0.0238}+R2{0.7616,0.3318,0.2146,3.4826}"
YCR107W,LG+I+G4,0.1146,1.3723,,LG+I{0.1146}+G4{1.3723}
YJR138W,LG+F+I+G4,0.0263,1.0576,,LG+F+I{0.0263}+G4{1.0576}
YDR041W,LG+I+R4,0.0000,,"(0.1082,0.0641) (0.2662,0.4792) (0.4655,1.1232) (0.1601,2.1405)","LG+I{0.0000}+R4{0.1082,0.0641,0.2662,0.4792,0.4655,1.1232,0.1601,2.1405}"
YMR138W,LG+I+G4,0.0818,0.8102,,LG+I{0.0818}+G4{0.8102}
YMR215W,LG+I+G4,0.1101,0.9016,,LG+I{0.1101}+G4{0.9016}
YIL113W,LG+F+I+G4,0.0000,1.6063,,LG+F+I{0.0000}+G4{1.6063}
YEL041W,LG+I+G4,0.0600,0.8193,,LG+I{0.0600}+G4{0.8193}
YDR378C,LG+I+G4,0.0000,0.8603,,LG+I{0.0000}+G4{0.8603}
YOR176W,LG+I+G4,0.0911,0.7766,,LG+I{0.0911}+G4{0.7766}
YNL072W,LG+I+G4,0.2342,0.8430,,LG+I{0.2342}+G4{0.8430}
YHR027C,LG+I+G4,0.1513,0.6601,,LG+I{0.1513}+G4{0.6601}
YNL071W,LG+I+G4,0.2585,0.8399,,LG+I{0.2585}+G4{0.8399}
YBR164C,LG+I+G4,0.3694,0.6287,,LG+I{0.3694}+G4{0.6287}
YJR017C,LG+I+G4,0.1200,2.2773,,LG+I{0.1200}+G4{2.2773}
YLR189C,LG+I+G4,0.0173,1.2832,,LG+I{0.0173}+G4{1.2832}
YML101C,LG+I+G4,0.0000,0.7856,,LG+I{0.0000}+G4{0.7856}
YPR179C,LG+F+I+R4,0.0000,,"(0.1431,0.1778) (0.3876,0.5491) (0.2604,1.1615) (0.2089,2.1989)","LG+F+I{0.0000}+R4{0.1431,0.1778,0.3876,0.5491,0.2604,1.1615,0.2089,2.1989}"
YBR025C,LG+I+G4,0.1080,0.8306,,LG+I{0.1080}+G4{0.8306}
YDL240W,LG+I+G4,0.0341,0.9039,,LG+I{0.0341}+G4{0.9039}
YCR071C,LG+F+I+G4,0.0032,1.0204,,LG+F+I{0.0032}+G4{1.0204}
YLR001C,LG+I+G4,0.0000,0.9238,,LG+I{0.0000}+G4{0.9238}
YKR071C,LG+F+I+G4,0.0000,1.5214,,LG+F+I{0.0000}+G4{1.5214}
YOL026C,LG+I+G4,0.0001,0.4323,,LG+I{0.0001}+G4{0.4323}
YPR086W,LG+I+G4,0.2305,0.9153,,LG+I{0.2305}+G4{0.9153}
YBR235W,LG+F+I+G4,0.1455,0.7581,,LG+F+I{0.1455}+G4{0.7581}
YGR092W,LG+I+R4,0.0047,,"(0.5899,0.1652) (0.2495,0.9095) (0.1175,2.8803) (0.0384,8.7818)","LG+I{0.0047}+R4{0.5899,0.1652,0.2495,0.9095,0.1175,2.8803,0.0384,8.7818}"
YNR043W,LG+I+G4,0.3047,0.6081,,LG+I{0.3047}+G4{0.6081}
YDR304C,LG+I+G4,0.2208,0.8159,,LG+I{0.2208}+G4{0.8159}
YGL094C,LG+F+I+R4,0.0000,,"(0.0826,0.1124) (0.2235,0.3751) (0.3601,0.8771) (0.3339,1.7703)","LG+F+I{0.0000}+R4{0.0826,0.1124,0.2235,0.3751,0.3601,0.8771,0.3339,1.7703}"
YDL155W,LG+I+G4,0.0683,1.0159,,LG+I{0.0683}+G4{1.0159}
YGL143C,LG+F+I+G4,0.0168,1.5446,,LG+F+I{0.0168}+G4{1.5446}
YOR303W,LG+I+G4,0.2391,0.7826,,LG+I{0.2391}+G4{0.7826}
YCR035C,LG+I+G4,0.0000,1.7117,,LG+I{0.0000}+G4{1.7117}
YNL299W,LG+I+G4,0.0569,0.8761,,LG+I{0.0569}+G4{0.8761}
YBL035C,LG+F+I+G4,0.0102,1.2090,,LG+F+I{0.0102}+G4{1.2090}
YOR336W,LG+F+I+R4,0.0000,,"(0.0378,0.0609) (0.3110,0.5136) (0.3482,0.9449) (0.3029,1.6799)","LG+F+I{0.0000}+R4{0.0378,0.0609,0.3110,0.5136,0.3482,0.9449,0.3029,1.6799}"
YBR297W,JTT+G4,,0.9113,,JTT+G4{0.9113}
YPR161C,LG+I+G4,0.0926,0.8327,,LG+I{0.0926}+G4{0.8327}
YDR443C,LG+F+I+R4,0.0031,,"(0.0871,0.1835) (0.2563,0.4711) (0.3735,0.9116) (0.2800,1.8672)","LG+F+I{0.0031}+R4{0.0871,0.1835,0.2563,0.4711,0.3735,0.9116,0.2800,1.8672}"
YEL060C,LG+I+R4,0.0045,,"(0.1991,0.1292) (0.1818,0.4941) (0.2783,1.1040) (0.3363,1.7162)","LG+I{0.0045}+R4{0.1991,0.1292,0.1818,0.4941,0.2783,1.1040,0.3363,1.7162}"
YJL197W,LG+I+G4,0.0000,2.7110,,LG+I{0.0000}+G4{2.7110}
YHR034C,LG+F+I+G4,0.0000,1.6805,,LG+F+I{0.0000}+G4{1.6805}
YJL080C,LG+I+G4,0.0000,1.4521,,LG+I{0.0000}+G4{1.4521}
YOR233W,LG+I+G4,0.2197,0.7424,,LG+I{0.2197}+G4{0.7424}
YIR038C,LG+I+G4,0.0000,1.9721,,LG+I{0.0000}+G4{1.9721}
YOL013C,LG+I+R4,0.0000,,"(0.2451,0.0559) (0.3049,0.4923) (0.2973,1.4297) (0.1527,2.6924)","LG+I{0.0000}+R4{0.2451,0.0559,0.3049,0.4923,0.2973,1.4297,0.1527,2.6924}"
YBR281C,LG+I+G4,0.0000,2.1983,,LG+I{0.0000}+G4{2.1983}
YBR248C,LG+I+R4,0.0000,,"(0.1929,0.1650) (0.2739,0.4320) (0.3185,1.1307) (0.2147,2.2807)","LG+I{0.0000}+R4{0.1929,0.1650,0.2739,0.4320,0.3185,1.1307,0.2147,2.2807}"
YOR196C,LG+I+R4,0.0035,,"(0.6530,0.1380) (0.2314,1.1304) (0.0695,3.9665) (0.0427,8.7356)","LG+I{0.0035}+R4{0.6530,0.1380,0.2314,1.1304,0.0695,3.9665,0.0427,8.7356}"
YHR171W,LG+F+I+G4,0.0210,1.0088,,LG+F+I{0.0210}+G4{1.0088}
YER171W,LG+I+G4,0.1267,0.7175,,LG+I{0.1267}+G4{0.7175}
YBR097W,LG+I+G4,0.0477,0.8689,,LG+I{0.0477}+G4{0.8689}
YGR234W,LG+I+G4,0.0343,0.9311,,LG+I{0.0343}+G4{0.9311}
YNL161W,LG+I+R4,0.0000,,"(0.7441,0.2264) (0.2227,1.8645) (0.0214,6.4780) (0.0118,23.4438)","LG+I{0.0000}+R4{0.7441,0.2264,0.2227,1.8645,0.0214,6.4780,0.0118,23.4438}"
YHR079C,LG+I+R4,0.0024,,"(0.4224,0.1026) (0.2985,0.5611) (0.1427,1.5792) (0.1340,4.2075)","LG+I{0.0024}+R4{0.4224,0.1026,0.2985,0.5611,0.1427,1.5792,0.1340,4.2075}"
YKL043W,LG+I+R4,0.0000,,"(0.4740,0.1826) (0.2568,0.6167) (0.1113,1.6028) (0.1578,3.6534)","LG+I{0.0000}+R4{0.4740,0.1826,0.2568,0.6167,0.1113,1.6028,0.1578,3.6534}"
YMR035W,LG+I+G4,0.0854,1.3013,,LG+I{0.0854}+G4{1.3013}
YNL191W,LG+I+R4,0.0000,,"(0.6139,0.1451) (0.2738,1.4195) (0.0914,3.5896) (0.0209,9.3059)","LG+I{0.0000}+R4{0.6139,0.1451,0.2738,1.4195,0.0914,3.5896,0.0209,9.3059}"
YBL024W,LG+I+G4,0.1918,0.8739,,LG+I{0.1918}+G4{0.8739}
YBR065C,LG+I+G4,0.0977,1.1693,,LG+I{0.0977}+G4{1.1693}
YMR137C,LG+F+I+G4,0.0000,2.5071,,LG+F+I{0.0000}+G4{2.5071}
YHR134W,LG+I+G4,0.0196,1.1745,,LG+I{0.0196}+G4{1.1745}
YNL291C,LG+F+I+G4,0.1142,1.0785,,LG+F+I{0.1142}+G4{1.0785}
YLR216C,LG+I+G4,0.0303,0.6981,,LG+I{0.0303}+G4{0.6981}
YCR008W,LG+I+G4,0.0544,0.8524,,LG+I{0.0544}+G4{0.8524}
YPL248C,LG+I+G4,0.0000,0.6667,,LG+I{0.0000}+G4{0.6667}
YOR228C,LG+F+I+G4,0.0000,1.0916,,LG+F+I{0.0000}+G4{1.0916}
YGL196W,LG+I+G4,0.0237,0.8183,,LG+I{0.0237}+G4{0.8183}
YDR368W,LG+F+I+R4,0.0096,,"(0.2553,0.1214) (0.2392,0.6022) (0.2522,1.2215) (0.2437,2.1212)","LG+F+I{0.0096}+R4{0.2553,0.1214,0.2392,0.6022,0.2522,1.2215,0.2437,2.1212}"
YGR108W,LG+I+G4,0.0567,0.8970,,LG+I{0.0567}+G4{0.8970}
YBR119W,LG+I+G4,0.0000,1.4626,,LG+I{0.0000}+G4{1.4626}
YBR073W,LG+I+G4,0.0675,0.8733,,LG+I{0.0675}+G4{0.8733}
YOR125C,LG+I+R4,0.0000,,"(0.5023,0.0790) (0.2487,0.7201) (0.2014,2.4536) (0.0476,6.0292)","LG+I{0.0000}+R4{0.5023,0.0790,0.2487,0.7201,0.2014,2.4536,0.0476,6.0292}"
YCL050C,LG+F+I+G4,0.0000,2.4021,,LG+F+I{0.0000}+G4{2.4021}
YDR182W,LG+I+R4,0.0071,,"(0.2391,0.0840) (0.2440,0.4416) (0.2597,1.1264) (0.2500,2.3183)","LG+I{0.0071}+R4{0.2391,0.0840,0.2440,0.4416,0.2597,1.1264,0.2500,2.3183}"
YLR306W,LG+I+G4,0.0777,0.6569,,LG+I{0.0777}+G4{0.6569}
YDR034C,LG+I+R4,0.0000,,"(0.5407,0.1912) (0.2222,0.9629) (0.1116,1.8885) (0.1254,3.7611)","LG+I{0.0000}+R4{0.5407,0.1912,0.2222,0.9629,0.1116,1.8885,0.1254,3.7611}"
YLR098C,JTT+G4,,1.1047,,JTT+G4{1.1047}
YOR362C,LG+I+G4,0.0799,0.8221,,LG+I{0.0799}+G4{0.8221}
YGL205W,LG+I+G4,0.0200,1.3205,,LG+I{0.0200}+G4{1.3205}
YOL132W,LG+I+G4,0.1199,0.7928,,LG+I{0.1199}+G4{0.7928}
YOR094W,LG+I+G4,0.0989,0.7459,,LG+I{0.0989}+G4{0.7459}
YAL063C,LG+I+G4,0.0000,1.9256,,LG+I{0.0000}+G4{1.9256}
YJR019C,LG+I+G4,0.0043,0.7391,,LG+I{0.0043}+G4{0.7391}
YNL112W,LG+I+R3,0.0290,,"(0.6615,0.1569) (0.1794,1.3773) (0.1301,4.9900)","LG+I{0.0290}+R3{0.6615,0.1569,0.1794,1.3773,0.1301,4.9900}"
YOR111W,LG+I+G4,0.0101,1.0182,,LG+I{0.0101}+G4{1.0182}
YHR028C,LG+I+G4,0.0757,0.8244,,LG+I{0.0757}+G4{0.8244}
YAL042W,LG+I+G4,0.0478,0.8802,,LG+I{0.0478}+G4{0.8802}
YKR056W,LG+I+G4,0.0000,1.7508,,LG+I{0.0000}+G4{1.7508}
YJR032W,LG+I+G4,0.0302,0.9658,,LG+I{0.0302}+G4{0.9658}
YDR464W,LG+I,0.0000,,,LG+I{0.0000}
YDR406W,LG+I+G4,0.0414,1.1640,,LG+I{0.0414}+G4{1.1640}
YJL158C,LG+I+G4,0.0712,0.7715,,LG+I{0.0712}+G4{0.7715}
YOR207C,LG+I+G4,0.2423,0.8200,,LG+I{0.2423}+G4{0.8200}
YOL152W,LG+F+I+G4,0.0737,1.3457,,LG+F+I{0.0737}+G4{1.3457}
YGL251C,LG+I+G4,0.0630,0.8852,,LG+I{0.0630}+G4{0.8852}
YBR048W,LG+I+R2,0.0000,,"(0.6589,0.1947) (0.3411,2.5558)","LG+I{0.0000}+R2{0.6589,0.1947,0.3411,2.5558}"
YGL058W,LG+I+R4,0.0000,,"(0.5814,0.1342) (0.2401,0.8133) (0.1217,2.9294) (0.0568,6.5170)","LG+I{0.0000}+R4{0.5814,0.1342,0.2401,0.8133,0.1217,2.9294,0.0568,6.5170}"
YDR002W,LG+I+G4,0.1416,0.7239,,LG+I{0.1416}+G4{0.7239}
YDR280W,LG+I+G4,0.0279,0.8569,,LG+I{0.0279}+G4{0.8569}
YGL115W,JTT+G4,,0.6549,,JTT+G4{0.6549}
YPL207W,LG+I+G4,0.1061,1.0369,,LG+I{0.1061}+G4{1.0369}
YOR184W,LG+F+I+G4,0.1477,1.1641,,LG+F+I{0.1477}+G4{1.1641}
YCR027C,LG+I+G4,0.0315,1.0522,,LG+I{0.0315}+G4{1.0522}
YJR016C,LG+I+G4,0.1676,0.7869,,LG+I{0.1676}+G4{0.7869}
YLR195C,LG+I+G4,0.1124,0.9174,,LG+I{0.1124}+G4{0.9174}
YEL023C,LG+F+I+G4,0.0150,0.8043,,LG+F+I{0.0150}+G4{0.8043}
YOR259C,LG+I+G4,0.3499,0.8558,,LG+I{0.3499}+G4{0.8558}
YOR204W,LG+I+G4,0.3714,0.6192,,LG+I{0.3714}+G4{0.6192}
YCR018C,LG+I+G4,0.0000,0.5377,,LG+I{0.0000}+G4{0.5377}
YPL023C,LG+I+G4,0.1168,0.8082,,LG+I{0.1168}+G4{0.8082}
YNL039W,LG+I+G4,0.0823,0.9522,,LG+I{0.0823}+G4{0.9522}
YJL073W,LG+I+G4,0.0176,1.0176,,LG+I{0.0176}+G4{1.0176}
YMR260C,LG+I+G4,0.1654,0.7079,,LG+I{0.1654}+G4{0.7079}
YJL172W,LG+I+G4,0.0000,1.2328,,LG+I{0.0000}+G4{1.2328}
YOR136W,LG+I+G4,0.2541,0.8147,,LG+I{0.2541}+G4{0.8147}
YLR289W,LG+I+G4,0.1703,0.7126,,LG+I{0.1703}+G4{0.7126}
YDR251W,LG+F+I+R4,0.0000,,"(0.2063,0.3427) (0.3116,0.6055) (0.3434,1.1588) (0.1387,2.4712)","LG+F+I{0.0000}+R4{0.2063,0.3427,0.3116,0.6055,0.3434,1.1588,0.1387,2.4712}"
YOR283W,LG+I+G4,0.0310,0.7006,,LG+I{0.0310}+G4{0.7006}
YDL080C,LG+I+G4,0.0089,0.8989,,LG+I{0.0089}+G4{0.8989}
YMR150C,LG+I+G4,0.1178,1.5630,,LG+I{0.1178}+G4{1.5630}
YJL056C,LG+I+G4,0.0000,1.3505,,LG+I{0.0000}+G4{1.3505}
YPR127W,LG+I+G4,0.0004,1.1664,,LG+I{0.0004}+G4{1.1664}
YDR436W,JTT+I+G4,0.3880,0.6080,,JTT+I{0.3880}+G4{0.6080}
YJR084W,LG+I+G4,0.0000,1.8966,,LG+I{0.0000}+G4{1.8966}
YJR057W,LG+I+G4,0.1418,0.7762,,LG+I{0.1418}+G4{0.7762}
YLR143W,LG+I+G4,0.1385,0.6591,,LG+I{0.1385}+G4{0.6591}
YIR009W,LG+I+G4,0.0000,1.4020,,LG+I{0.0000}+G4{1.4020}
YFR020W,JTT+R4,,,"(0.0578,0.2775) (0.5294,0.7332) (0.3519,1.2480) (0.0608,2.5736)","JTT+R4{0.0578,0.2775,0.5294,0.7332,0.3519,1.2480,0.0608,2.5736}"
YLR090W,JTT+I+G4,0.1905,1.2368,,JTT+I{0.1905}+G4{1.2368}
YBR245C,LG+I+G4,0.3121,0.8198,,LG+I{0.3121}+G4{0.8198}
YKR078W,LG+I+G4,0.0000,1.1614,,LG+I{0.0000}+G4{1.1614}
YJL060W,LG+F+I+G4,0.0888,0.8225,,LG+F+I{0.0888}+G4{0.8225}
YDL106C,LG+I+G4,0.0000,2.2403,,LG+I{0.0000}+G4{2.2403}
YCR072C,LG+I+G4,0.0599,1.4230,,LG+I{0.0599}+G4{1.4230}
YML096W,LG+I+G4,0.0911,0.9023,,LG+I{0.0911}+G4{0.9023}
YDR019C,LG+I+G4,0.0000,1.1552,,LG+I{0.0000}+G4{1.1552}
YPR098C,LG+F+I+G4,0.0000,2.0839,,LG+F+I{0.0000}+G4{2.0839}
YMR267W,LG+I+R4,0.0000,,"(0.0327,0.0913) (0.4070,0.5593) (0.4767,1.1840) (0.0837,2.4507)","LG+I{0.0000}+R4{0.0327,0.0913,0.4070,0.5593,0.4767,1.1840,0.0837,2.4507}"
YNR053C,LG+I+G4,0.1018,0.9468,,LG+I{0.1018}+G4{0.9468}
YFL037W,LG+I+R4,0.0001,,"(0.3411,0.0256) (0.3793,0.3961) (0.1813,1.7459) (0.0983,5.3372)","LG+I{0.0001}+R4{0.3411,0.0256,0.3793,0.3961,0.1813,1.7459,0.0983,5.3372}"
YGR202C,LG+I+R4,0.0000,,"(0.5501,0.0628) (0.2292,0.8539) (0.1539,2.4200) (0.0668,5.9454)","LG+I{0.0000}+R4{0.5501,0.0628,0.2292,0.8539,0.1539,2.4200,0.0668,5.9454}"
YHR104W,LG+F+I+G4,0.1019,1.0097,,LG+F+I{0.1019}+G4{1.0097}
YDR158W,LG+I+R4,0.0513,,"(0.3481,0.0289) (0.1817,0.3527) (0.2387,1.4442) (0.1802,3.2244)","LG+I{0.0513}+R4{0.3481,0.0289,0.1817,0.3527,0.2387,1.4442,0.1802,3.2244}"
YLL019C,LG+I+G4,0.0429,0.7568,,LG+I{0.0429}+G4{0.7568}
YMR289W,LG+I+R4,0.0080,,"(0.1679,0.0585) (0.1954,0.3305) (0.3140,0.9271) (0.3146,2.0167)","LG+I{0.0080}+R4{0.1679,0.0585,0.1954,0.3305,0.3140,0.9271,0.3146,2.0167}"
YHR122W,LG+I+G4,0.2501,0.6054,,LG+I{0.2501}+G4{0.6054}
YDL137W,LG+I+R3,0.0465,,"(0.4530,0.1760) (0.3641,0.7496) (0.1364,4.7471)","LG+I{0.0465}+R3{0.4530,0.1760,0.3641,0.7496,0.1364,4.7471}"
YMR214W,LG+I+G4,0.1786,1.2888,,LG+I{0.1786}+G4{1.2888}
YJL102W,LG+I+R4,0.0000,,"(0.4351,0.0915) (0.3031,0.6731) (0.1748,1.9564) (0.0870,4.7624)","LG+I{0.0000}+R4{0.4351,0.0915,0.3031,0.6731,0.1748,1.9564,0.0870,4.7624}"
YDR385W,LG+I+G4,0.5432,0.7085,,LG+I{0.5432}+G4{0.7085}
YNL016W,LG+I+G4,0.0187,1.3469,,LG+I{0.0187}+G4{1.3469}
YEL024W,LG+I+R3,0.0000,,"(0.7763,0.1913) (0.1635,2.4635) (0.0602,7.4585)","LG+I{0.0000}+R3{0.7763,0.1913,0.1635,2.4635,0.0602,7.4585}"
YBR249C,LG+I+G4,0.3515,0.8264,,LG+I{0.3515}+G4{0.8264}
YFR031C-A,LG+I+G4,0.2809,0.4127,,LG+I{0.2809}+G4{0.4127}
YML067C,LG+I+G4,0.0000,2.9358,,LG+I{0.0000}+G4{2.9358}
YGR279C,LG+I+G4,0.0484,0.9612,,LG+I{0.0484}+G4{0.9612}
YLR382C,LG+I+G4,0.0000,2.0552,,LG+I{0.0000}+G4{2.0552}
YBL103C,LG+I+G4,0.0000,0.7790,,LG+I{0.0000}+G4{0.7790}
YJR059W,LG+I+R4,0.0083,,"(0.1808,0.0694) (0.2824,0.4722) (0.2538,1.1210) (0.2747,2.0737)","LG+I{0.0083}+R4{0.1808,0.0694,0.2824,0.4722,0.2538,1.1210,0.2747,2.0737}"
YDR127W,LG+I+G4,0.3497,0.8022,,LG+I{0.3497}+G4{0.8022}
YKL139W,LG+I+G4,0.1878,0.7801,,LG+I{0.1878}+G4{0.7801}
YDR013W,LG+I+G4,0.0000,0.7686,,LG+I{0.0000}+G4{0.7686}
YBR131W,LG+I+G4,0.0000,2.2072,,LG+I{0.0000}+G4{2.2072}
YHR090C,LG+I+G4,0.2204,0.7374,,LG+I{0.2204}+G4{0.7374}
YNL283C,JTT+G4,,7.4420,,JTT+G4{7.4420}
YCL036W,LG+F+I+R4,0.0000,,"(0.1410,0.1318) (0.2901,0.4924) (0.3148,1.0493) (0.2541,2.0003)","LG+F+I{0.0000}+R4{0.1410,0.1318,0.2901,0.4924,0.3148,1.0493,0.2541,2.0003}"
YBL016W,LG+I+G4,0.1377,0.7627,,LG+I{0.1377}+G4{0.7627}
YBR242W,LG+I+G4,0.1017,0.7364,,LG+I{0.1017}+G4{0.7364}
YPL174C,LG+I+G4,0.0000,0.7521,,LG+I{0.0000}+G4{0.7521}
YJL124C,LG+I+G4,0.0111,1.1415,,LG+I{0.0111}+G4{1.1415}
YDR256C,LG+I+G4,0.0759,0.9253,,LG+I{0.0759}+G4{0.9253}
YBR011C,LG+I+G4,0.4024,0.5294,,LG+I{0.4024}+G4{0.5294}
YBR154C,LG+I+G4,0.0590,1.1966,,LG+I{0.0590}+G4{1.1966}
YNL217W,LG+I+G4,0.0378,0.8744,,LG+I{0.0378}+G4{0.8744}
YML079W,LG+I+G4,0.0000,1.0777,,LG+I{0.0000}+G4{1.0777}
YIL035C,LG+I+G4,0.1531,0.7726,,LG+I{0.1531}+G4{0.7726}
YDR392W,LG+I+R4,0.0025,,"(0.3957,0.0935) (0.2425,0.5297) (0.3078,1.9028) (0.0515,4.8343)","LG+I{0.0025}+R4{0.3957,0.0935,0.2425,0.5297,0.3078,1.9028,0.0515,4.8343}"
YBR286W,LG+I+G4,0.0000,0.7409,,LG+I{0.0000}+G4{0.7409}
YGL125W,LG+I+G4,0.2095,0.7520,,LG+I{0.2095}+G4{0.7520}
YMR058W,LG+I+G4,0.0977,0.8541,,LG+I{0.0977}+G4{0.8541}
YMR078C,LG+I+G4,0.0791,1.1480,,LG+I{0.0791}+G4{1.1480}
YNL064C,LG+I+G4,0.0591,0.7610,,LG+I{0.0591}+G4{0.7610}
YNL110C,LG+I+G4,0.0817,0.7938,,LG+I{0.0817}+G4{0.7938}
YDR482C,LG+I+G4,0.0000,1.2676,,LG+I{0.0000}+G4{1.2676}
YPL047W,LG+I+G4,0.0000,6.5007,,LG+I{0.0000}+G4{6.5007}
YKL049C,LG+F+I+G4,0.0000,1.7651,,LG+F+I{0.0000}+G4{1.7651}
YDR064W,LG+I+R4,0.0099,,"(0.1121,0.0499) (0.2207,0.2800) (0.3615,0.8385) (0.2957,2.1286)","LG+I{0.0099}+R4{0.1121,0.0499,0.2207,0.2800,0.3615,0.8385,0.2957,2.1286}"
YGR158C,LG+F+I+R4,0.0000,,"(0.0825,0.0385) (0.1683,0.3800) (0.4951,0.9105) (0.2541,1.8971)","LG+F+I{0.0000}+R4{0.0825,0.0385,0.1683,0.3800,0.4951,0.9105,0.2541,1.8971}"
YMR129W,LG+F+I+G4,0.0113,0.9843,,LG+F+I{0.0113}+G4{0.9843}
YDR332W,LG+I+G4,0.0000,1.0743,,LG+I{0.0000}+G4{1.0743}
YCL033C,LG+I+G4,0.1313,0.9792,,LG+I{0.1313}+G4{0.9792}
YER118C,LG+I+R4,0.0000,,"(0.0400,0.0217) (0.2149,0.2769) (0.4578,0.8224) (0.2873,1.9598)","LG+I{0.0000}+R4{0.0400,0.0217,0.2149,0.2769,0.4578,0.8224,0.2873,1.9598}"
YER146W,LG+I+G4,0.0506,1.0063,,LG+I{0.0506}+G4{1.0063}
YML117W,LG+F+I+G4,0.0000,10.4632,,LG+F+I{0.0000}+G4{10.4632}
YBR022W,LG+I+G4,0.0000,2.0844,,LG+I{0.0000}+G4{2.0844}
YOR213C,LG+I+G4,0.0503,0.8433,,LG+I{0.0503}+G4{0.8433}
YGL216W,LG+I+G4,0.2059,0.7284,,LG+I{0.2059}+G4{0.7284}
YOR022C,LG+I+G4,0.0452,0.8299,,LG+I{0.0452}+G4{0.8299}
YGR247W,LG+I,0.0000,,,LG+I{0.0000}
YOR122C,LG+F+I+G4,0.0611,0.9136,,LG+F+I{0.0611}+G4{0.9136}
YDR145W,LG+I+G4,0.0401,1.3834,,LG+I{0.0401}+G4{1.3834}
YBR062C,LG+I+G4,0.0000,0.7402,,LG+I{0.0000}+G4{0.7402}
YNL274C,LG+I+G4,0.0903,1.0263,,LG+I{0.0903}+G4{1.0263}
YOR197W,LG+I+R4,0.0145,,"(0.2754,0.0859) (0.2517,0.4833) (0.2030,1.2461) (0.2554,2.3560)","LG+I{0.0145}+R4{0.2754,0.0859,0.2517,0.4833,0.2030,1.2461,0.2554,2.3560}"
YMR226C,LG+I+G4,0.0988,0.8991,,LG+I{0.0988}+G4{0.8991}
YDR322W,LG+I+G4,0.0292,1.4654,,LG+I{0.0292}+G4{1.4654}
YGL163C,LG+I+G4,0.2428,0.7205,,LG+I{0.2428}+G4{0.7205}
YBR123C,LG+I+G4,0.0194,1.3881,,LG+I{0.0194}+G4{1.3881}
YLR115W,LG+I+G4,0.0000,2.2952,,LG+I{0.0000}+G4{2.2952}
YDR035W,LG+I+G4,0.3663,0.6794,,LG+I{0.3663}+G4{0.6794}
YGR129W,LG+I+R4,0.0000,,"(0.0305,0.0175) (0.2690,0.3830) (0.4179,0.8752) (0.2825,1.8783)","LG+I{0.0000}+R4{0.0305,0.0175,0.2690,0.3830,0.4179,0.8752,0.2825,1.8783}"
YPL235W,LG+I+G4,0.2356,0.6850,,LG+I{0.2356}+G4{0.6850}
YKL088W,LG+I+G4,0.0000,1.1947,,LG+I{0.0000}+G4{1.1947}
YAL060W,LG+I+G4,0.0776,0.9917,,LG+I{0.0776}+G4{0.9917}
YOR159C,LG+I+G4,0.1072,0.6229,,LG+I{0.1072}+G4{0.6229}
YOR356W,LG+I+G4,0.2498,0.9441,,LG+I{0.2498}+G4{0.9441}
YGR123C,LG+I+G4,0.0000,0.7133,,LG+I{0.0000}+G4{0.7133}
YIR033W,LG+I+G4,0.0949,1.2597,,LG+I{0.0949}+G4{1.2597}
YGR194C,LG+I+G4,0.0000,1.4527,,LG+I{0.0000}+G4{1.4527}
YGR246C,LG+I+G4,0.0528,1.0300,,LG+I{0.0528}+G4{1.0300}
YOR124C,LG+I+G4,0.0000,2.2682,,LG+I{0.0000}+G4{2.2682}
YHR019C,LG+I+R4,0.0000,,"(0.2136,0.1006) (0.1928,0.4355) (0.4069,1.1410) (0.1867,2.3048)","LG+I{0.0000}+R4{0.2136,0.1006,0.1928,0.4355,0.4069,1.1410,0.1867,2.3048}"
YIR022W,LG+I+G4,0.2299,0.7779,,LG+I{0.2299}+G4{0.7779}
YDR021W,LG+I+G4,0.1841,0.8426,,LG+I{0.1841}+G4{0.8426}
YBR094W,LG+I+G4,0.0498,0.7587,,LG+I{0.0498}+G4{0.7587}
YCR073W-A,LG+I+R4,0.0000,,"(0.0719,0.2252) (0.3731,0.5764) (0.3628,1.0319) (0.1922,2.0523)","LG+I{0.0000}+R4{0.0719,0.2252,0.3731,0.5764,0.3628,1.0319,0.1922,2.0523}"
YGR120C,LG+F+I+G4,0.0000,3.0312,,LG+F+I{0.0000}+G4{3.0312}
YER065C,LG+F+I+G4,0.2562,0.8950,,LG+F+I{0.2562}+G4{0.8950}
YLR446W,LG+I+G4,0.0000,1.1345,,LG+I{0.0000}+G4{1.1345}
YDR255C,LG+I+G4,0.0000,1.5762,,LG+I{0.0000}+G4{1.5762}
YOL088C,LG+I+G4,0.0289,2.5854,,LG+I{0.0289}+G4{2.5854}
YIL067C,LG+I+G4,0.0200,0.8953,,LG+I{0.0200}+G4{0.8953}
YLR084C,LG+F+I+R4,0.0009,,"(0.1675,0.1317) (0.2543,0.4916) (0.3468,1.0638) (0.2305,2.0999)","LG+F+I{0.0009}+R4{0.1675,0.1317,0.2543,0.4916,0.3468,1.0638,0.2305,2.0999}"
YGL066W,LG+I+G4,0.0838,2.4766,,LG+I{0.0838}+G4{2.4766}
YHR206W,JTT+G4,,0.5817,,JTT+G4{0.5817}
YBR256C,LG+I+G4,0.1105,0.7225,,LG+I{0.1105}+G4{0.7225}
YDL246C,LG+I+G4,0.1903,1.0242,,LG+I{0.1903}+G4{1.0242}
YDL108W,LG+I+G4,0.2467,0.8177,,LG+I{0.2467}+G4{0.8177}
YGL110C,LG+I+G4,0.0000,2.7933,,LG+I{0.0000}+G4{2.7933}
YGL130W,LG+I+G4,0.0754,0.9214,,LG+I{0.0754}+G4{0.9214}
YFL001W,LG+I+G4,0.1016,0.6588,,LG+I{0.1016}+G4{0.6588}
YJL090C,LG+I+G4,0.0000,1.3828,,LG+I{0.0000}+G4{1.3828}
YCL040W,LG+I+G4,0.0933,0.9026,,LG+I{0.0933}+G4{0.9026}
YGR145W,LG+I+G4,0.0811,0.8571,,LG+I{0.0811}+G4{0.8571}
YJR058C,LG+I+G4,0.0308,0.9252,,LG+I{0.0308}+G4{0.9252}
YLR170C,LG+I+R2,0.0000,,"(0.4333,0.1938) (0.5667,1.6165)","LG+I{0.0000}+R2{0.4333,0.1938,0.5667,1.6165}"
YDL125C,LG+I+G4,0.1939,1.2627,,LG+I{0.1939}+G4{1.2627}
YCR012W,LG+F+I+R4,0.0408,,"(0.4174,0.0430) (0.2194,0.5658) (0.1896,1.7874) (0.1328,3.9079)","LG+F+I{0.0408}+R4{0.4174,0.0430,0.2194,0.5658,0.1896,1.7874,0.1328,3.9079}"
YGR233C,JTT+G4,,0.8312,,JTT+G4{0.8312}
YJL089W,LG+I+G4,0.0000,0.7318,,LG+I{0.0000}+G4{0.7318}
YAR014C,LG+I+R3,0.0000,,"(0.5116,0.4212) (0.3979,0.9336) (0.0905,4.5642)","LG+I{0.0000}+R3{0.5116,0.4212,0.3979,0.9336,0.0905,4.5642}"
YDR143C,LG+I+G4,0.0000,1.5911,,LG+I{0.0000}+G4{1.5911}
YGR059W,LG+I+G4,0.0052,0.8818,,LG+I{0.0052}+G4{0.8818}
YKL173W,LG+F+I+G4,0.0534,1.1202,,LG+F+I{0.0534}+G4{1.1202}
YHR068W,LG+I+G4,0.2313,0.7008,,LG+I{0.2313}+G4{0.7008}
YDR381W,LG+I+G4,0.0000,1.9261,,LG+I{0.0000}+G4{1.9261}
YAL054C,LG+I+R4,0.0000,,"(0.4546,0.1030) (0.2482,0.5446) (0.2444,1.8595) (0.0529,6.8796)","LG+I{0.0000}+R4{0.4546,0.1030,0.2482,0.5446,0.2444,1.8595,0.0529,6.8796}"
YMR293C,LG+I+R4,0.0078,,"(0.2442,0.1089) (0.2584,0.4641) (0.2150,1.1309) (0.2746,2.2230)","LG+I{0.0078}+R4{0.2442,0.1089,0.2584,0.4641,0.2150,1.1309,0.2746,2.2230}"
YGR245C,LG+F+I+G4,0.0456,0.8489,,LG+F+I{0.0456}+G4{0.8489}
YDL238C,LG+I+G4,0.1030,0.9060,,LG+I{0.1030}+G4{0.9060}
YGL160W,LG+F+I+G4,0.0000,1.0527,,LG+F+I{0.0000}+G4{1.0527}
YJR036C,LG+I+R4,0.0098,,"(0.1688,0.0699) (0.2475,0.4179) (0.3387,0.9939) (0.2353,2.3299)","LG+I{0.0098}+R4{0.1688,0.0699,0.2475,0.4179,0.3387,0.9939,0.2353,2.3299}"
YDR448W,LG+I+G4,0.0367,0.4559,,LG+I{0.0367}+G4{0.4559}
YJL190C,LG+I+R3,0.0000,,"(0.5719,0.2278) (0.3294,1.0705) (0.0987,5.2385)","LG+I{0.0000}+R3{0.5719,0.2278,0.3294,1.0705,0.0987,5.2385}"
YER116C,LG+I+G4,0.1277,1.4574,,LG+I{0.1277}+G4{1.4574}
YBR009C,LG+I+R3,0.0000,,"(0.6196,0.1176) (0.3473,0.7831) (0.0331,19.7722)","LG+I{0.0000}+R3{0.6196,0.1176,0.3473,0.7831,0.0331,19.7722}"
YGR152C,LG+I+R4,0.0230,,"(0.3532,0.0576) (0.2883,0.4112) (0.2261,1.5245) (0.1094,4.7185)","LG+I{0.0230}+R4{0.3532,0.0576,0.2883,0.4112,0.2261,1.5245,0.1094,4.7185}"
YOL051W,LG+I+R4,0.0000,,"(0.0609,0.0535) (0.2208,0.4887) (0.4017,0.9217) (0.3166,1.6380)","LG+I{0.0000}+R4{0.0609,0.0535,0.2208,0.4887,0.4017,0.9217,0.3166,1.6380}"
YNL240C,LG+F+I+R4,0.0000,,"(0.0941,0.2258) (0.3139,0.5271) (0.3513,0.9837) (0.2408,1.9428)","LG+F+I{0.0000}+R4{0.0941,0.2258,0.3139,0.5271,0.3513,0.9837,0.2408,1.9428}"
YDL144C,LG+I+G4,0.0000,1.2213,,LG+I{0.0000}+G4{1.2213}
YPR006C,LG+I+G4,0.1277,0.8369,,LG+I{0.1277}+G4{0.8369}
YNL292W,LG+I+G4,0.1565,0.9055,,LG+I{0.1565}+G4{0.9055}
YKL197C,LG+I+G4,0.0046,1.1503,,LG+I{0.0046}+G4{1.1503}
YPR107C,LG+I+G4,0.0000,0.7372,,LG+I{0.0000}+G4{0.7372}
YLR268W,LG+I+G4,0.0000,1.5512,,LG+I{0.0000}+G4{1.5512}
YAR018C,LG+I+G4,0.1521,0.8849,,LG+I{0.1521}+G4{0.8849}
YCR028C-A,LG+I+G4,0.0000,2.2227,,LG+I{0.0000}+G4{2.2227}
YNL207W,LG+I+G4,0.0311,1.0623,,LG+I{0.0311}+G4{1.0623}
YAR002C-A,LG+I+G4,0.0324,1.3771,,LG+I{0.0324}+G4{1.3771}
YER133W,LG+I+G4,0.1505,0.5332,,LG+I{0.1505}+G4{0.5332}
YER036C,LG+I+G4,0.3156,0.6693,,LG+I{0.3156}+G4{0.6693}
YHL035C,LG+I+G4,0.1265,0.7292,,LG+I{0.1265}+G4{0.7292}
YCR011C,LG+I+G4,0.0353,0.4988,,LG+I{0.0353}+G4{0.4988}
YOL038W,LG+I+R4,0.0000,,"(0.3626,0.1264) (0.3453,0.5893) (0.2309,1.7800) (0.0612,5.5486)","LG+I{0.0000}+R4{0.3626,0.1264,0.3453,0.5893,0.2309,1.7800,0.0612,5.5486}"
YGL181W,LG+I+G4,0.0000,0.8497,,LG+I{0.0000}+G4{0.8497}
YJR060W,LG+I+G4,0.2102,0.9427,,LG+I{0.2102}+G4{0.9427}
YDL132W,LG+I+G4,0.1211,0.9439,,LG+I{0.1211}+G4{0.9439}
YKL114C,LG+I+R4,0.0000,,"(0.2905,0.0685) (0.3480,0.4930) (0.2130,1.4388) (0.1485,3.3810)","LG+I{0.0000}+R4{0.2905,0.0685,0.3480,0.4930,0.2130,1.4388,0.1485,3.3810}"
YLR005W,LG+I+R4,0.0000,,"(0.4587,0.1413) (0.1503,0.7046) (0.2017,1.6171) (0.1892,2.6586)","LG+I{0.0000}+R4{0.4587,0.1413,0.1503,0.7046,0.2017,1.6171,0.1892,2.6586}"
YGL141W,LG+I+G4,0.0474,1.0892,,LG+I{0.0474}+G4{1.0892}
YGL252C,LG+I+G4,0.0219,0.8058,,LG+I{0.0219}+G4{0.8058}
YDR292C,LG+I+G4,0.0000,2.6429,,LG+I{0.0000}+G4{2.6429}
YBR153W,LG+I+R4,0.0208,,"(0.2079,0.0355) (0.2865,0.4090) (0.2560,1.1267) (0.2287,2.5659)","LG+I{0.0208}+R4{0.2079,0.0355,0.2865,0.4090,0.2560,1.1267,0.2287,2.5659}"
YDR466W,LG+I+G4,0.1294,0.7776,,LG+I{0.1294}+G4{0.7776}
YPR093C,LG+I+G4,0.0000,1.5461,,LG+I{0.0000}+G4{1.5461}
YKR069W,LG+I+R4,0.0024,,"(0.4703,0.1109) (0.2693,0.7668) (0.1877,2.1044) (0.0703,4.9259)","LG+I{0.0024}+R4{0.4703,0.1109,0.2693,0.7668,0.1877,2.1044,0.0703,4.9259}"
YJL167W,LG+I+G4,0.2234,0.7367,,LG+I{0.2234}+G4{0.7367}
YDR092W,LG+I+R4,0.0057,,"(0.6326,0.1448) (0.2186,1.0074) (0.1014,3.6014) (0.0417,7.7531)","LG+I{0.0057}+R4{0.6326,0.1448,0.2186,1.0074,0.1014,3.6014,0.0417,7.7531}"
YOR244W,LG+I+G4,0.0143,0.6264,,LG+I{0.0143}+G4{0.6264}
YDR228C,LG+F+I+G4,0.0000,6.9721,,LG+F+I{0.0000}+G4{6.9721}
YOL110W,LG+F+I+G4,0.0000,1.4331,,LG+F+I{0.0000}+G4{1.4331}
YOR236W,LG+I+G4,0.0975,0.7250,,LG+I{0.0975}+G4{0.7250}
YMR262W,LG+I+R4,0.0237,,"(0.1021,0.0682) (0.1622,0.3211) (0.2527,0.7281) (0.4593,1.6481)","LG+I{0.0237}+R4{0.1021,0.0682,0.1622,0.3211,0.2527,0.7281,0.4593,1.6481}"
YOR075W,LG+I+G4,0.0000,1.7430,,LG+I{0.0000}+G4{1.7430}
YDR316W,LG+I+G4,0.0248,0.6556,,LG+I{0.0248}+G4{0.6556}
YPL043W,LG+I+G4,0.0421,0.8507,,LG+I{0.0421}+G4{0.8507}
YGL122C,JTT+R3,,,"(0.4231,0.0890) (0.2131,1.1209) (0.3639,1.9883)","JTT+R3{0.4231,0.0890,0.2131,1.1209,0.3639,1.9883}"
YHR070W,LG+I+G4,0.0502,0.6377,,LG+I{0.0502}+G4{0.6377}
YHR018C,LG+I+G4,0.3113,0.6380,,LG+I{0.3113}+G4{0.6380}
YBL017C,LG+I+R4,0.0046,,"(0.1298,0.1073) (0.2524,0.4497) (0.3407,0.9743) (0.2725,1.9840)","LG+I{0.0046}+R4{0.1298,0.1073,0.2524,0.4497,0.3407,0.9743,0.2725,1.9840}"
YDL114W,LG+I+G4,0.0127,1.2298,,LG+I{0.0127}+G4{1.2298}
YDR177W,LG+I+G4,0.0202,0.4583,,LG+I{0.0202}+G4{0.4583}
YJL138C,LG+I+R4,0.0000,,"(0.5471,0.1518) (0.2856,0.8906) (0.1055,2.8997) (0.0618,5.7690)","LG+I{0.0000}+R4{0.5471,0.1518,0.2856,0.8906,0.1055,2.8997,0.0618,5.7690}"
YDR171W,LG+F+I+G4,0.0000,2.0530,,LG+F+I{0.0000}+G4{2.0530}
YGL124C,LG+I+G4,0.0243,1.5069,,LG+I{0.0243}+G4{1.5069}
YBL052C,LG+I+G4,0.0021,1.1256,,LG+I{0.0021}+G4{1.1256}
YDR418W,LG+I+R2,0.0054,,"(0.9139,0.4480) (0.0807,7.3152)","LG+I{0.0054}+R2{0.9139,0.4480,0.0807,7.3152}"
YGR249W,LG+I+R4,0.0000,,"(0.4661,0.0900) (0.3020,0.7808) (0.1321,2.1032) (0.0998,4.4540)","LG+I{0.0000}+R4{0.4661,0.0900,0.3020,0.7808,0.1321,2.1032,0.0998,4.4540}"
YNL123W,LG+I+R4,0.0321,,"(0.5286,0.0977) (0.1772,0.5796) (0.1209,1.7558) (0.1412,4.4851)","LG+I{0.0321}+R4{0.5286,0.0977,0.1772,0.5796,0.1209,1.7558,0.1412,4.4851}"
YMR059W,LG+I+G4,0.0000,1.0398,,LG+I{0.0000}+G4{1.0398}
YNL236W,LG+I+R4,0.0036,,"(0.0953,0.0921) (0.1278,0.3256) (0.3236,0.6916) (0.4496,1.6143)","LG+I{0.0036}+R4{0.0953,0.0921,0.1278,0.3256,0.3236,0.6916,0.4496,1.6143}"
YER007C-A,LG+I+G4,0.0000,2.8926,,LG+I{0.0000}+G4{2.8926}
YMR217W,LG+I+G4,0.3375,0.8884,,LG+I{0.3375}+G4{0.8884}
YPL127C,LG+I+G4,0.0147,1.1623,,LG+I{0.0147}+G4{1.1623}
YDL126C,LG+I+R2,0.0421,,"(0.6947,0.5715) (0.2632,2.2908)","LG+I{0.0421}+R2{0.6947,0.5715,0.2632,2.2908}"
YIL022W,LG+I+G4,0.0848,1.2539,,LG+I{0.0848}+G4{1.2539}
YMR001C,LG+I+G4,0.1893,0.7496,,LG+I{0.1893}+G4{0.7496}
YDL175C,LG+I+R2,0.0000,,"(0.4424,0.1873) (0.5576,1.6448)","LG+I{0.0000}+R2{0.4424,0.1873,0.5576,1.6448}"
YAR015W,LG+F+I+G4,0.2487,0.8040,,LG+F+I{0.2487}+G4{0.8040}
YMR218C,LG+F+I+R4,0.0000,,"(0.0909,0.1393) (0.2770,0.4766) (0.3948,0.9792) (0.2374,1.9749)","LG+F+I{0.0000}+R4{0.0909,0.1393,0.2770,0.4766,0.3948,0.9792,0.2374,1.9749}"
YDR036C,LG+I+G4,0.1806,1.4028,,LG+I{0.1806}+G4{1.4028}
YDR270W,LG+I+G4,0.0000,0.8815,,LG+I{0.0000}+G4{0.8815}
YNL175C,LG+I+G4,0.0000,1.8410,,LG+I{0.0000}+G4{1.8410}
YLR397C,LG+I+G4,0.0678,0.8692,,LG+I{0.0678}+G4{0.8692}
YDR243C,LG+I+G4,0.0698,0.7845,,LG+I{0.0698}+G4{0.7845}
YAL002W,LG+I+G4,0.0322,0.9555,,LG+I{0.0322}+G4{0.9555}
YBR284W,LG+F+I+R4,0.0048,,"(0.3914,0.1577) (0.2650,0.5147) (0.2022,1.3420) (0.1366,3.8839)","LG+F+I{0.0048}+R4{0.3914,0.1577,0.2650,0.5147,0.2022,1.3420,0.1366,3.8839}"
YBL060W,LG+I+R4,0.0000,,"(0.2136,0.1785) (0.3741,0.4911) (0.2626,1.3937) (0.1497,2.7539)","LG+I{0.0000}+R4{0.2136,0.1785,0.3741,0.4911,0.2626,1.3937,0.1497,2.7539}"
YAL015C,LG+I+G4,0.0888,0.8476,,LG+I{0.0888}+G4{0.8476}
YKL056C,LG+F+I+G4,0.1602,0.9009,,LG+F+I{0.1602}+G4{0.9009}
YPR066W,LG+I+R4,0.0035,,"(0.3240,0.0959) (0.2608,0.4184) (0.2723,1.2632) (0.1395,3.6992)","LG+I{0.0035}+R4{0.3240,0.0959,0.2608,0.4184,0.2723,1.2632,0.1395,3.6992}"
YML072C,LG+I+G4,0.0382,2.2824,,LG+I{0.0382}+G4{2.2824}
YNL102W,LG+I+G4,0.0490,0.9630,,LG+I{0.0490}+G4{0.9630}
YBL063W,LG+F+I+R4,0.0160,,"(0.2592,0.0612) (0.2467,0.3995) (0.2313,1.1187) (0.2468,2.5396)","LG+F+I{0.0160}+R4{0.2592,0.0612,0.2467,0.3995,0.2313,1.1187,0.2468,2.5396}"
YER070W,LG+I+R4,0.0000,,"(0.2207,0.1830) (0.3662,0.5717) (0.3201,1.3546) (0.0930,3.4047)","LG+I{0.0000}+R4{0.2207,0.1830,0.3662,0.5717,0.3201,1.3546,0.0930,3.4047}"
YDL047W,LG+I+R4,0.0298,,"(0.3036,0.0069) (0.4377,0.4432) (0.1659,2.2186) (0.0631,6.9083)","LG+I{0.0298}+R4{0.3036,0.0069,0.4377,0.4432,0.1659,2.2186,0.0631,6.9083}"
YMR228W,LG+F+I+R4,0.0000,,"(0.1314,0.3304) (0.3748,0.6746) (0.2793,1.1266) (0.2145,1.8140)","LG+F+I{0.0000}+R4{0.1314,0.3304,0.3748,0.6746,0.2793,1.1266,0.2145,1.8140}"
YBR082C,LG+I+R3,0.0278,,"(0.6768,0.2234) (0.2283,1.7727) (0.0671,6.6208)","LG+I{0.0278}+R3{0.6768,0.2234,0.2283,1.7727,0.0671,6.6208}"
YFL010C,LG+I+R4,0.0000,,"(0.0816,0.0886) (0.5450,0.5875) (0.3531,1.6208) (0.0203,4.9354)","LG+I{0.0000}+R4{0.0816,0.0886,0.5450,0.5875,0.3531,1.6208,0.0203,4.9354}"
YER125W,LG+I+R3,0.0000,,"(0.4887,0.2175) (0.3640,1.1996) (0.1473,3.1030)","LG+I{0.0000}+R3{0.4887,0.2175,0.3640,1.1996,0.1473,3.1030}"
YOR084W,LG+I+G4,0.0274,1.4670,,LG+I{0.0274}+G4{1.4670}
YHR065C,LG+I+G4,0.2680,0.9748,,LG+I{0.2680}+G4{0.9748}
YLR412W,LG+F+I+G4,0.0000,1.6375,,LG+F+I{0.0000}+G4{1.6375}
YKL001C,LG+I+G4,0.0303,0.5386,,LG+I{0.0303}+G4{0.5386}
YMR128W,LG+I+R4,0.0153,,"(0.4958,0.0709) (0.2523,0.7052) (0.1651,2.1887) (0.0715,5.9564)","LG+I{0.0153}+R4{0.4958,0.0709,0.2523,0.7052,0.1651,2.1887,0.0715,5.9564}"
YDR388W,LG+I+G4,0.1390,0.9566,,LG+I{0.1390}+G4{0.9566}
YGL119W,LG+I+G4,0.0961,0.8378,,LG+I{0.0961}+G4{0.8378}
YPL173W,LG+F+I+G4,0.0056,1.7589,,LG+F+I{0.0056}+G4{1.7589}
YDR068W,LG+F+I+G4,0.0377,1.6454,,LG+F+I{0.0377}+G4{1.6454}
YPL234C,LG+I+G4,0.2495,0.7602,,LG+I{0.2495}+G4{0.7602}
YGL194C,LG+I+G4,0.2531,0.8108,,LG+I{0.2531}+G4{0.8108}
YFR047C,LG+I+G4,0.0001,0.9920,,LG+I{0.0001}+G4{0.9920}
YGL092W,LG+I+G4,0.0061,1.1875,,LG+I{0.0061}+G4{1.1875}
YMR247C,LG+I+G4,0.0000,1.7087,,LG+I{0.0000}+G4{1.7087}
YHR216W,LG+I+G4,0.3366,0.8281,,LG+I{0.3366}+G4{0.8281}
YDR057W,LG+F+I+G4,0.0000,5.6139,,LG+F+I{0.0000}+G4{5.6139}
YDR172W,LG+I+G4,0.2849,0.5758,,LG+I{0.2849}+G4{0.5758}
YKR044W,LG+I+G4,0.0192,1.9273,,LG+I{0.0192}+G4{1.9273}
YER047C,LG+I+G4,0.2808,0.6001,,LG+I{0.2808}+G4{0.6001}
YBR089C-A,LG+I+G4,0.0043,0.9156,,LG+I{0.0043}+G4{0.9156}
YER025W,LG+I+R4,0.0000,,"(0.7761,0.1675) (0.1068,1.3603) (0.0863,4.6404) (0.0308,10.5401)","LG+I{0.0000}+R4{0.7761,0.1675,0.1068,1.3603,0.0863,4.6404,0.0308,10.5401}"
YPL214C,LG+I+G4,0.1229,0.9296,,LG+I{0.1229}+G4{0.9296}
YOL094C,LG+I+G4,0.2904,0.6069,,LG+I{0.2904}+G4{0.6069}
YGR031W,LG+I+G4,0.0417,1.0703,,LG+I{0.0417}+G4{1.0703}
YDL166C,LG+I+G4,0.0433,0.8599,,LG+I{0.0433}+G4{0.8599}
YLR281C,LG+I+R3,0.0000,,"(0.5490,0.2733) (0.2937,1.0803) (0.1574,3.3846)","LG+I{0.0000}+R3{0.5490,0.2733,0.2937,1.0803,0.1574,3.3846}"
YLR426W,LG+I+G4,0.0192,0.9106,,LG+I{0.0192}+G4{0.9106}
YKL188C,LG+F+I+R4,0.0000,,"(0.1561,0.2282) (0.3158,0.6293) (0.3574,1.1639) (0.1707,2.0489)","LG+F+I{0.0000}+R4{0.1561,0.2282,0.3158,0.6293,0.3574,1.1639,0.1707,2.0489}"
YBR072W,LG+F+I+R4,0.0000,,"(0.1409,0.0980) (0.2209,0.4802) (0.3573,1.0435) (0.2809,1.8057)","LG+F+I{0.0000}+R4{0.1409,0.0980,0.2209,0.4802,0.3573,1.0435,0.2809,1.8057}"
YBL026W,LG+I+G4,0.1129,1.1676,,LG+I{0.1129}+G4{1.1676}
YIL005W,LG+I+G4,0.0593,1.2132,,LG+I{0.0593}+G4{1.2132}
YLR006C,LG+I+G4,0.1246,1.7564,,LG+I{0.1246}+G4{1.7564}
YNL098C,LG+I+G4,0.1083,0.7640,,LG+I{0.1083}+G4{0.7640}
YDR213W,JTT+R3,,,"(0.6234,0.1095) (0.2283,1.3086) (0.1484,4.2673)","JTT+R3{0.6234,0.1095,0.2283,1.3086,0.1484,4.2673}"
YGL106W,LG+I+G4,0.0007,0.8474,,LG+I{0.0007}+G4{0.8474}
YLR229C,LG+I+G4,0.1565,0.5388,,LG+I{0.1565}+G4{0.5388}
YHL027W,LG+I+G4,0.0000,0.7378,,LG+I{0.0000}+G4{0.7378}
YKL058W,LG+I+G4,0.1152,1.1606,,LG+I{0.1152}+G4{1.1606}
YKR008W,LG+I+G4,0.0147,1.0012,,LG+I{0.0147}+G4{1.0012}
YLR407W,LG+F+I+G4,0.0000,7.0760,,LG+F+I{0.0000}+G4{7.0760}
YER057C,LG+I+G4,0.0520,1.2855,,LG+I{0.0520}+G4{1.2855}
YBL047C,LG+I+G4,0.0000,1.0090,,LG+I{0.0000}+G4{1.0090}
YCR102C,LG+I+G4,0.0000,1.1943,,LG+I{0.0000}+G4{1.1943}
YER021W,LG+I+R4,0.0118,,"(0.3955,0.1005) (0.3883,0.5911) (0.1236,1.6396) (0.0807,6.5430)","LG+I{0.0118}+R4{0.3955,0.1005,0.3883,0.5911,0.1236,1.6396,0.0807,6.5430}"
YMR180C,LG+F+I+G4,0.0000,4.3972,,LG+F+I{0.0000}+G4{4.3972}
YMR004W,LG+I+G4,0.1167,1.0087,,LG+I{0.1167}+G4{1.0087}
YFR051C,LG+I+G4,0.0544,1.1977,,LG+I{0.0544}+G4{1.1977}
YCR084C,JTT+G4,,1.3919,,JTT+G4{1.3919}
YBR295W,LG+I+G4,0.0000,3.2678,,LG+I{0.0000}+G4{3.2678}
YCR092C,LG+I+G4,0.0118,1.0834,,LG+I{0.0118}+G4{1.0834}
YNL104C,LG+I+G4,0.2365,0.7660,,LG+I{0.2365}+G4{0.7660}
YKL213C,LG+I+G4,0.0521,1.0094,,LG+I{0.0521}+G4{1.0094}
YOL033W,LG+I+G4,0.1926,0.7638,,LG+I{0.1926}+G4{0.7638}
YDL021W,LG+I+G4,0.0098,0.7277,,LG+I{0.0098}+G4{0.7277}
YBL091C-A,LG+I+G4,0.0000,1.0649,,LG+I{0.0000}+G4{1.0649}
YCR093W,LG+I+G4,0.0000,1.7512,,LG+I{0.0000}+G4{1.7512}
YHL033C,LG+I+G4,0.1393,0.7100,,LG+I{0.1393}+G4{0.7100}
YPR022C,LG+I+R3,0.0000,,"(0.6154,0.0754) (0.3063,1.5305) (0.0783,6.1904)","LG+I{0.0000}+R3{0.6154,0.0754,0.3063,1.5305,0.0783,6.1904}"
YDR409W,LG+I+G4,0.0000,1.4478,,LG+I{0.0000}+G4{1.4478}
YKL150W,LG+I+G4,0.0395,1.2467,,LG+I{0.0395}+G4{1.2467}
YIL038C,LG+I+R4,0.0054,,"(0.0953,0.0592) (0.2422,0.4629) (0.3282,0.9353) (0.3289,1.7492)","LG+I{0.0054}+R4{0.0953,0.0592,0.2422,0.4629,0.3282,0.9353,0.3289,1.7492}"
YKR070W,LG+I+G4,0.1222,0.9151,,LG+I{0.1222}+G4{0.9151}
YDR109C,LG+I+G4,0.0443,1.0943,,LG+I{0.0443}+G4{1.0943}
YKR062W,LG+I+G4,0.0000,0.7929,,LG+I{0.0000}+G4{0.7929}
YGL006W,LG+I+G4,0.0560,1.1214,,LG+I{0.0560}+G4{1.1214}
YHR111W,LG+I+G4,0.1700,0.8317,,LG+I{0.1700}+G4{0.8317}
YGR010W,LG+I+G4,0.3856,0.6965,,LG+I{0.3856}+G4{0.6965}
YGR003W,LG+I+G4,0.0034,0.8661,,LG+I{0.0034}+G4{0.8661}
YGL156W,LG+I+G4,0.0648,1.1287,,LG+I{0.0648}+G4{1.1287}
YHR020W,LG+I+G4,0.4151,0.6636,,LG+I{0.4151}+G4{0.6636}
YNL200C,LG+F+I+G4,0.0000,1.0963,,LG+F+I{0.0000}+G4{1.0963}
YHR165C,LG+I+G4,0.1259,0.9044,,LG+I{0.1259}+G4{0.9044}
YEL027W,LG+I+G4,0.2914,0.7201,,LG+I{0.2914}+G4{0.7201}
YMR224C,LG+I+G4,0.0901,0.9055,,LG+I{0.0901}+G4{0.9055}
YHR170W,LG+I+G4,0.0000,1.4263,,LG+I{0.0000}+G4{1.4263}
YLR203C,LG+I+G4,0.0918,0.7724,,LG+I{0.0918}+G4{0.7724}
YPL011C,LG+I+G4,0.0000,1.2819,,LG+I{0.0000}+G4{1.2819}
YNR032W,LG+I+G4,0.2316,0.7374,,LG+I{0.2316}+G4{0.7374}
YKL068W,LG+I+G4,0.0054,1.3220,,LG+I{0.0054}+G4{1.3220}
YLR105C,LG+I+G4,0.0993,0.8700,,LG+I{0.0993}+G4{0.8700}
YOR257W,LG+I+G4,0.1282,0.8922,,LG+I{0.1282}+G4{0.8922}
YJR149W,LG+I+G4,0.0466,1.1365,,LG+I{0.0466}+G4{1.1365}
YPL211W,LG+I+G4,0.2131,0.6874,,LG+I{0.2131}+G4{0.6874}
YBR060C,LG+F+I+G4,0.0109,1.2138,,LG+F+I{0.0109}+G4{1.2138}
YPL259C,LG+I+G4,0.0000,1.4268,,LG+I{0.0000}+G4{1.4268}
YGR209C,LG+I+G4,0.0120,1.7408,,LG+I{0.0120}+G4{1.7408}
YBL101C,LG+I+G4,0.0000,2.4297,,LG+I{0.0000}+G4{2.4297}
YBL051C,LG+I+R3,0.0000,,"(0.6753,0.1927) (0.1796,1.2090) (0.1451,4.4993)","LG+I{0.0000}+R3{0.6753,0.1927,0.1796,1.2090,0.1451,4.4993}"
YDR490C,LG+I+R3,0.0375,,"(0.4918,0.1440) (0.3421,0.9816) (0.1286,4.6136)","LG+I{0.0375}+R3{0.4918,0.1440,0.3421,0.9816,0.1286,4.6136}"
YJR100C,LG+I+G4,0.0393,0.8508,,LG+I{0.0393}+G4{0.8508}
YBR145W,LG+I+G4,0.1361,0.6649,,LG+I{0.1361}+G4{0.6649}
YOL125W,LG+I+G4,0.1108,1.4226,,LG+I{0.1108}+G4{1.4226}
YHR172W,LG+F+I+G4,0.0090,1.5095,,LG+F+I{0.0090}+G4{1.5095}
YMR233W,LG+I+G4,0.0000,1.2769,,LG+I{0.0000}+G4{1.2769}
YMR071C,LG+F+I+R4,0.0065,,"(0.2879,0.1425) (0.2045,0.5367) (0.3342,1.1659) (0.1668,2.7546)","LG+F+I{0.0065}+R4{0.2879,0.1425,0.2045,0.5367,0.3342,1.1659,0.1668,2.7546}"
YAL062W,LG+I+R4,0.0066,,"(0.4412,0.1118) (0.2768,0.3150) (0.1916,1.8739) (0.0838,6.0230)","LG+I{0.0066}+R4{0.4412,0.1118,0.2768,0.3150,0.1916,1.8739,0.0838,6.0230}"
YPL016W,LG+I+G4,0.0000,1.5103,,LG+I{0.0000}+G4{1.5103}
YFR044C,LG+I+R4,0.0000,,"(0.3918,0.0667) (0.1577,0.3578) (0.2531,1.2402) (0.1974,3.0581)","LG+I{0.0000}+R4{0.3918,0.0667,0.1577,0.3578,0.2531,1.2402,0.1974,3.0581}"
YNL108C,LG+I+G4,0.0546,0.8551,,LG+I{0.0546}+G4{0.8551}
YMR250W,LG+I+R4,0.0072,,"(0.4381,0.0978) (0.2214,0.7060) (0.2127,1.7506) (0.1205,3.5540)","LG+I{0.0072}+R4{0.4381,0.0978,0.2214,0.7060,0.2127,1.7506,0.1205,3.5540}"
YLR430W,LG+F+I+G4,0.0000,2.2191,,LG+F+I{0.0000}+G4{2.2191}
YBR109C,LG+I+G4,0.0495,0.7937,,LG+I{0.0495}+G4{0.7937}
YPR082C,LG+I+G4,0.1986,0.8632,,LG+I{0.1986}+G4{0.8632}
YBR212W,LG+I+G4,0.0000,1.2230,,LG+I{0.0000}+G4{1.2230}
YBR260C,LG+I+R4,0.0000,,"(0.1230,0.0322) (0.3205,0.4174) (0.3386,1.0682) (0.2179,2.2967)","LG+I{0.0000}+R4{0.1230,0.0322,0.3205,0.4174,0.3386,1.0682,0.2179,2.2967}"
YAR007C,LG+I+G4,0.0268,1.4743,,LG+I{0.0268}+G4{1.4743}
YCL024W,LG+I+R4,0.0031,,"(0.4916,0.0815) (0.2330,0.4722) (0.1559,1.7217) (0.1164,4.9953)","LG+I{0.0031}+R4{0.4916,0.0815,0.2330,0.4722,0.1559,1.7217,0.1164,4.9953}"
YDL091C,LG+I+G4,0.0000,1.4731,,LG+I{0.0000}+G4{1.4731}
YDR207C,LG+I+G4,0.0429,0.3222,,LG+I{0.0429}+G4{0.3222}
YDR524C,LG+I+R4,0.0035,,"(0.4381,0.1085) (0.2853,0.6022) (0.1481,1.7673) (0.1249,4.1542)","LG+I{0.0035}+R4{0.4381,0.1085,0.2853,0.6022,0.1481,1.7673,0.1249,4.1542}"
YDR097C,LG+I+G4,0.0180,0.6516,,LG+I{0.0180}+G4{0.6516}
YKL110C,LG+I+G4,0.0914,1.0427,,LG+I{0.0914}+G4{1.0427}
YDR265W,JTT+G4,,0.5814,,JTT+G4{0.5814}
YER009W,LG+I+G4,0.1351,0.8618,,LG+I{0.1351}+G4{0.8618}
YHL002W,LG+I+G4,0.0000,1.0457,,LG+I{0.0000}+G4{1.0457}
YER037W,LG+I+G4,0.0901,0.7746,,LG+I{0.0901}+G4{0.7746}
YDR148C,LG+I+G4,0.1884,0.8456,,LG+I{0.1884}+G4{0.8456}
YMR038C,LG+I+G4,0.0000,1.2849,,LG+I{0.0000}+G4{1.2849}
YDR539W,LG+I+G4,0.0000,1.3219,,LG+I{0.0000}+G4{1.3219}
YBL032W,LG+I+G4,0.0482,1.3531,,LG+I{0.0482}+G4{1.3531}
YML005W,LG+I+G4,0.2250,0.5939,,LG+I{0.2250}+G4{0.5939}
YFL033C,LG+I+R4,0.0000,,"(0.3719,0.0890) (0.2339,0.5752) (0.3402,1.6675) (0.0540,4.9091)","LG+I{0.0000}+R4{0.3719,0.0890,0.2339,0.5752,0.3402,1.6675,0.0540,4.9091}"
YML054C,LG+I+G4,0.1224,1.3790,,LG+I{0.1224}+G4{1.3790}
YCL043C,LG+I+G4,0.0062,0.9455,,LG+I{0.0062}+G4{0.9455}
YGR063C,LG+I+G4,0.0000,0.9103,,LG+I{0.0000}+G4{0.9103}
YGL082W,LG+F+I+R4,0.0016,,"(0.1550,0.1490) (0.2150,0.4386) (0.2727,0.9732) (0.3556,1.7356)","LG+F+I{0.0016}+R4{0.1550,0.1490,0.2150,0.4386,0.2727,0.9732,0.3556,1.7356}"
YOR001W,LG+I+G4,0.0000,1.3869,,LG+I{0.0000}+G4{1.3869}
YMR306W,LG+F+I+G4,0.0000,1.1522,,LG+F+I{0.0000}+G4{1.1522}
YDR389W,LG+I+R4,0.0000,,"(0.3831,0.3273) (0.2794,0.7866) (0.2316,1.4706) (0.1059,2.9677)","LG+I{0.0000}+R4{0.3831,0.3273,0.2794,0.7866,0.2316,1.4706,0.1059,2.9677}"
YAR019C,LG+I+G4,0.0924,0.7606,,LG+I{0.0924}+G4{0.7606}
YPL115C,LG+I+G4,0.0000,1.5451,,LG+I{0.0000}+G4{1.5451}
YER168C,LG+I+G4,0.1971,0.6865,,LG+I{0.1971}+G4{0.6865}
YOR116C,LG+I+G4,0.1810,0.8795,,LG+I{0.1810}+G4{0.8795}
YCR083W,LG+I+G4,0.1092,1.2614,,LG+I{0.1092}+G4{1.2614}
YBR122C,LG+I+G4,0.0464,0.9085,,LG+I{0.0464}+G4{0.9085}
YMR165C,LG+I+G4,0.0280,1.4001,,LG+I{0.0280}+G4{1.4001}
YLR345W,LG+I+G4,0.0630,0.8323,,LG+I{0.0630}+G4{0.8323}
YOR017W,LG+I+G4,0.0010,0.8051,,LG+I{0.0010}+G4{0.8051}
YIL039W,LG+I+G4,0.0830,0.8135,,LG+I{0.0830}+G4{0.8135}
YDR051C,LG+I+G4,0.1578,0.7760,,LG+I{0.1578}+G4{0.7760}
YGL068W,LG+I+G4,0.0000,0.7872,,LG+I{0.0000}+G4{0.7872}
YJL088W,LG+I+G4,0.0089,0.6544,,LG+I{0.0089}+G4{0.6544}
YKL106W,LG+F+I+G4,0.1395,0.9784,,LG+F+I{0.1395}+G4{0.9784}
YBR189W,LG+I+G4,0.2745,0.4921,,LG+I{0.2745}+G4{0.4921}
YOR143C,LG+I+G4,0.0001,0.8290,,LG+I{0.0001}+G4{0.8290}
YCR087C-A,LG+I+G4,0.2904,1.0198,,LG+I{0.2904}+G4{1.0198}
YIL047C,JTT+F+I+R4,0.0042,,"(0.0979,0.0646) (0.1519,0.2813) (0.2632,0.7629) (0.4828,1.5539)","JTT+F+I{0.0042}+R4{0.0979,0.0646,0.1519,0.2813,0.2632,0.7629,0.4828,1.5539}"
YBR263W,LG+I+G4,0.2179,0.6351,,LG+I{0.2179}+G4{0.6351}
YKL149C,LG+I+R4,0.0026,,"(0.2923,0.0954) (0.2978,0.5190) (0.2651,1.3954) (0.1423,3.1463)","LG+I{0.0026}+R4{0.2923,0.0954,0.2978,0.5190,0.2651,1.3954,0.1423,3.1463}"
YGR116W,LG+I+G4,0.0142,1.0907,,LG+I{0.0142}+G4{1.0907}
YDL226C,LG+I+G4,0.2141,0.7268,,LG+I{0.2141}+G4{0.7268}
YFL025C,LG+I+G4,0.0988,0.9894,,LG+I{0.0988}+G4{0.9894}
YKR081C,LG+I+G4,0.0000,1.0471,,LG+I{0.0000}+G4{1.0471}
YCL001W-B,LG+F+I+G4,0.0198,1.3472,,LG+F+I{0.0198}+G4{1.3472}
YJR068W,LG+I+G4,0.2727,0.7060,,LG+I{0.2727}+G4{0.7060}
YIL046W,LG+I+G4,0.1910,0.7741,,LG+I{0.1910}+G4{0.7741}
YOR351C,LG+I+G4,0.0736,0.8683,,LG+I{0.0736}+G4{0.8683}
YHR102W,LG+I+R4,0.0023,,"(0.3361,0.0931) (0.3474,0.6479) (0.2223,1.7925) (0.0919,3.7573)","LG+I{0.0023}+R4{0.3361,0.0931,0.3474,0.6479,0.2223,1.7925,0.0919,3.7573}"
YOR254C,LG+I+G4,0.1305,1.4362,,LG+I{0.1305}+G4{1.4362}
YCL029C,LG+I+G4,0.0000,1.5838,,LG+I{0.0000}+G4{1.5838}
YER040W,LG+I+R4,0.0000,,"(0.7344,0.1560) (0.1353,1.2888) (0.0635,3.1767) (0.0668,7.6270)","LG+I{0.0000}+R4{0.7344,0.1560,0.1353,1.2888,0.0635,3.1767,0.0668,7.6270}"
YMR168C,LG+I+G4,0.0000,0.9162,,LG+I{0.0000}+G4{0.9162}
YPL150W,LG+I+G4,0.1081,0.9318,,LG+I{0.1081}+G4{0.9318}
YDL170W,LG+I+G4,0.0000,0.8108,,LG+I{0.0000}+G4{0.8108}
YOR319W,LG+I+G4,0.0549,1.3244,,LG+I{0.0549}+G4{1.3244}
YPR173C,LG+I+G4,0.0966,1.2209,,LG+I{0.0966}+G4{1.2209}
YGR060W,LG+I+G4,0.2623,0.7489,,LG+I{0.2623}+G4{0.7489}
YHR128W,LG+I+R4,0.0000,,"(0.5816,0.1423) (0.1716,0.7195) (0.1126,1.9722) (0.1342,4.2617)","LG+I{0.0000}+R4{0.5816,0.1423,0.1716,0.7195,0.1126,1.9722,0.1342,4.2617}"
YDR373W,LG+I+G4,0.0626,1.5484,,LG+I{0.0626}+G4{1.5484}
YMR022W,LG+I+G4,0.0000,2.2418,,LG+I{0.0000}+G4{2.2418}
YMR234W,LG+I+G4,0.0000,0.8742,,LG+I{0.0000}+G4{0.8742}
YOR181W,LG+I+G4,0.0000,0.7496,,LG+I{0.0000}+G4{0.7496}
YIL162W,LG+F+I+G4,0.0000,2.2308,,LG+F+I{0.0000}+G4{2.2308}
YOL065C,LG+F+I+G4,0.0517,1.0450,,LG+F+I{0.0517}+G4{1.0450}
YGL064C,LG+I+R4,0.0136,,"(0.1672,0.1007) (0.2785,0.4522) (0.2571,1.0935) (0.2835,2.0317)","LG+I{0.0136}+R4{0.1672,0.1007,0.2785,0.4522,0.2571,1.0935,0.2835,2.0317}"
YDL212W,LG+I+G4,0.0095,1.2360,,LG+I{0.0095}+G4{1.2360}
YMR190C,LG+I+G4,0.1459,0.8664,,LG+I{0.1459}+G4{0.8664}
YJR123W,LG+I+G4,0.3675,0.8024,,LG+I{0.3675}+G4{0.8024}
YLR212C,LG+F+I+G4,0.0873,0.7420,,LG+F+I{0.0873}+G4{0.7420}
YDL178W,LG+I+G4,0.1177,0.7149,,LG+I{0.1177}+G4{0.7149}
YDR139C,LG+I+G4,0.0140,1.5200,,LG+I{0.0140}+G4{1.5200}
YGR032W,LG+I+G4,0.1510,1.2421,,LG+I{0.1510}+G4{1.2421}
YER069W,LG+I+G4,0.1536,0.7834,,LG+I{0.1536}+G4{0.7834}
YOR142W,LG+I+G4,0.0768,0.5912,,LG+I{0.0768}+G4{0.5912}
YPR024W,LG+I+G4,0.4266,0.6237,,LG+I{0.4266}+G4{0.6237}
YDL030W,LG+I+R4,0.0000,,"(0.0834,0.0893) (0.2333,0.3787) (0.3433,0.8668) (0.3399,1.7845)","LG+I{0.0000}+R4{0.0834,0.0893,0.2333,0.3787,0.3433,0.8668,0.3399,1.7845}"
YBR233W,LG+I+G4,0.0000,1.9547,,LG+I{0.0000}+G4{1.9547}
YLR028C,LG+I+G4,0.2482,0.5132,,LG+I{0.2482}+G4{0.5132}
YBR200W,LG+I+G4,0.0000,5.2847,,LG+I{0.0000}+G4{5.2847}
YDR147W,LG+I+R4,0.0168,,"(0.2053,0.0920) (0.2704,0.4498) (0.2540,1.1167) (0.2535,2.2716)","LG+I{0.0168}+R4{0.2053,0.0920,0.2704,0.4498,0.2540,1.1167,0.2535,2.2716}"
YGL185C,LG+I+G4,0.0575,1.1507,,LG+I{0.0575}+G4{1.1507}
YDL124W,LG+F+I+R4,0.0019,,"(0.1813,0.1030) (0.2485,0.4861) (0.3295,1.0547) (0.2388,2.1480)","LG+F+I{0.0019}+R4{0.1813,0.1030,0.2485,0.4861,0.3295,1.0547,0.2388,2.1480}"
YJR110W,LG+I+G4,0.0000,0.7536,,LG+I{0.0000}+G4{0.7536}
YJR107W,LG+I+R4,0.0019,,"(0.1552,0.1433) (0.2601,0.4964) (0.2961,1.0161) (0.2868,1.9104)","LG+I{0.0019}+R4{0.1552,0.1433,0.2601,0.4964,0.2961,1.0161,0.2868,1.9104}"
YHL010C,JTT+R3,,,"(0.6565,0.2649) (0.2080,0.9920) (0.1355,4.5735)","JTT+R3{0.6565,0.2649,0.2080,0.9920,0.1355,4.5735}"
YPL111W,LG+I+R4,0.0142,,"(0.2496,0.0626) (0.3196,0.4682) (0.2160,1.2304) (0.2006,2.8357)","LG+I{0.0142}+R4{0.2496,0.0626,0.3196,0.4682,0.2160,1.2304,0.2006,2.8357}"
YNL135C,LG+I+G4,0.1185,0.6283,,LG+I{0.1185}+G4{0.6283}
YLR147C,LG+I+G4,0.0659,1.2391,,LG+I{0.0659}+G4{1.2391}
YBR264C,LG+I+G4,0.0254,0.6916,,LG+I{0.0254}+G4{0.6916}
YHR035W,LG+F+I+R4,0.0000,,"(0.2066,0.1089) (0.2356,0.5175) (0.3936,1.1448) (0.1642,2.4668)","LG+F+I{0.0000}+R4{0.2066,0.1089,0.2356,0.5175,0.3936,1.1448,0.1642,2.4668}"
YJR117W,LG+F+I+G4,0.0047,1.1972,,LG+F+I{0.0047}+G4{1.1972}
YDR122W,LG+I+G4,0.0971,0.6759,,LG+I{0.0971}+G4{0.6759}
YJL087C,LG+I+G4,0.0596,1.2030,,LG+I{0.0596}+G4{1.2030}
YEL064C,LG+F+I+R4,0.0062,,"(0.3346,0.0968) (0.2464,0.4462) (0.2313,1.2579) (0.1815,3.1222)","LG+F+I{0.0062}+R4{0.3346,0.0968,0.2464,0.4462,0.2313,1.2579,0.1815,3.1222}"
YGL123W,LG+I+G4,0.2174,1.3501,,LG+I{0.2174}+G4{1.3501}
YBL039C,LG+I+G4,0.3000,0.7192,,LG+I{0.3000}+G4{0.7192}
YLR060W,LG+I+G4,0.1483,0.7134,,LG+I{0.1483}+G4{0.7134}
YBR121C,LG+I+G4,0.0347,0.6341,,LG+I{0.0347}+G4{0.6341}
YNL254C,LG+I+G4,0.0000,1.9231,,LG+I{0.0000}+G4{1.9231}
YAL021C,LG+F+I+G4,0.0072,1.1012,,LG+F+I{0.0072}+G4{1.1012}
YNL201C,LG+I+G4,0.0473,0.7387,,LG+I{0.0473}+G4{0.7387}
YAL041W,LG+I+G4,0.0281,1.3294,,LG+I{0.0281}+G4{1.3294}
YNL256W,LG+I+G4,0.0189,0.9872,,LG+I{0.0189}+G4{0.9872}
YPR167C,LG+I+G4,0.1065,0.8439,,LG+I{0.1065}+G4{0.8439}
YFL004W,LG+I+G4,0.0582,1.0066,,LG+I{0.0582}+G4{1.0066}
YER159C,LG+I+G4,0.0790,1.1147,,LG+I{0.0790}+G4{1.1147}
YGL166W,LG+I+G4,0.2282,2.3831,,LG+I{0.2282}+G4{2.3831}
YPR097W,LG+I+G4,0.0087,0.9955,,LG+I{0.0087}+G4{0.9955}
YPL160W,LG+I+G4,0.1989,0.7827,,LG+I{0.1989}+G4{0.7827}
YLR093C,LG+I+G4,0.0000,2.6297,,LG+I{0.0000}+G4{2.6297}
YOR006C,LG+I+G4,0.1331,0.6027,,LG+I{0.1331}+G4{0.6027}
YKR080W,LG+I+G4,0.0000,1.0298,,LG+I{0.0000}+G4{1.0298}
YBR111C,LG+I+R4,0.0000,,"(0.4759,0.1456) (0.2323,0.7434) (0.2352,2.0050) (0.0566,5.0597)","LG+I{0.0000}+R4{0.4759,0.1456,0.2323,0.7434,0.2352,2.0050,0.0566,5.0597}"
YJR066W,LG+I+G4,0.0000,0.9920,,LG+I{0.0000}+G4{0.9920}
YOR215C,LG+F+I+G4,0.0000,1.4332,,LG+F+I{0.0000}+G4{1.4332}
YMR309C,LG+I+G4,0.0235,1.6233,,LG+I{0.0235}+G4{1.6233}
YGL049C,LG+I+R4,0.0000,,"(0.0969,0.0513) (0.2528,0.5153) (0.3097,0.9973) (0.3405,1.6323)","LG+I{0.0000}+R4{0.0969,0.0513,0.2528,0.5153,0.3097,0.9973,0.3405,1.6323}"
YCL014W,LG+I+R4,0.0000,,"(0.0700,0.3027) (0.4863,0.6766) (0.2889,1.2325) (0.1548,1.8976)","LG+I{0.0000}+R4{0.0700,0.3027,0.4863,0.6766,0.2889,1.2325,0.1548,1.8976}"
YHR112C,LG+F+I+R4,0.0000,,"(0.1755,0.3793) (0.3517,0.6975) (0.2939,1.1712) (0.1789,1.9226)","LG+F+I{0.0000}+R4{0.1755,0.3793,0.3517,0.6975,0.2939,1.1712,0.1789,1.9226}"
YFL030W,LG+F+I+R4,0.0042,,"(0.2739,0.1270) (0.2629,0.5164) (0.2666,1.2684) (0.1925,2.5525)","LG+F+I{0.0042}+R4{0.2739,0.1270,0.2629,0.5164,0.2666,1.2684,0.1925,2.5525}"
YHR132C,LG+I+G4,0.0000,1.6142,,LG+I{0.0000}+G4{1.6142}
YOR216C,LG+I+G4,0.0000,1.0998,,LG+I{0.0000}+G4{1.0998}
YGL258W-A,LG+I,0.1335,,,LG+I{0.1335}
YMR229C,LG+I+G4,0.0000,1.6171,,LG+I{0.0000}+G4{1.6171}
YAL038W,LG+I+G4,0.2402,0.6556,,LG+I{0.2402}+G4{0.6556}
YDR349C,LG+F+I+R4,0.0009,,"(0.0980,0.1685) (0.2622,0.4754) (0.3283,0.9430) (0.3106,1.7685)","LG+F+I{0.0009}+R4{0.0980,0.1685,0.2622,0.4754,0.3283,0.9430,0.3106,1.7685}"
YLR287C,LG+F+I+G4,0.0000,1.5009,,LG+F+I{0.0000}+G4{1.5009}
YDR519W,LG+I+G4,0.0854,0.6190,,LG+I{0.0854}+G4{0.6190}
YIL118W,JTT+R4,,,"(0.5476,0.0536) (0.2448,0.4971) (0.1215,2.0729) (0.0861,6.9320)","JTT+R4{0.5476,0.0536,0.2448,0.4971,0.1215,2.0729,0.0861,6.9320}"
YJR086W,LG+I+G4,0.0398,1.5352,,LG+I{0.0398}+G4{1.5352}
YCL054W,LG+I+G4,0.0429,1.1966,,LG+I{0.0429}+G4{1.1966}
YPL040C,LG+I+G4,0.1464,0.8310,,LG+I{0.1464}+G4{0.8310}
YJL128C,LG+I+G4,0.2142,0.7547,,LG+I{0.2142}+G4{0.7547}
YNL132W,LG+I+G4,0.0338,0.4293,,LG+I{0.0338}+G4{0.4293}
YLR343W,LG+F+I+R4,0.0000,,"(0.1347,0.3262) (0.3856,0.5848) (0.2846,1.1072) (0.1951,2.1296)","LG+F+I{0.0000}+R4{0.1347,0.3262,0.3856,0.5848,0.2846,1.1072,0.1951,2.1296}"
YFL002C,LG+I+G4,0.1567,0.9454,,LG+I{0.1567}+G4{0.9454}
YNL330C,LG+I+G4,0.3462,0.6473,,LG+I{0.3462}+G4{0.6473}
YOL004W,LG+I+R4,0.0000,,"(0.3237,0.0944) (0.5277,0.6953) (0.1309,2.5069) (0.0177,15.5134)","LG+I{0.0000}+R4{0.3237,0.0944,0.5277,0.6953,0.1309,2.5069,0.0177,15.5134}"
YBR177C,LG+I+R4,0.0120,,"(0.1450,0.0945) (0.3746,0.5270) (0.2472,1.0707) (0.2212,2.3699)","LG+I{0.0120}+R4{0.1450,0.0945,0.3746,0.5270,0.2472,1.0707,0.2212,2.3699}"
YKL129C,LG+F+I+R4,0.0345,,"(0.4010,0.0413) (0.2544,0.5553) (0.1929,1.7030) (0.1172,4.3846)","LG+F+I{0.0345}+R4{0.4010,0.0413,0.2544,0.5553,0.1929,1.7030,0.1172,4.3846}"
YGR033C,LG+F+I+G4,0.0000,1.3522,,LG+F+I{0.0000}+G4{1.3522}
YHR115C,LG+I+G4,0.0483,0.3771,,LG+I{0.0483}+G4{0.3771}
YDR190C,LG+I+R4,0.0156,,"(0.4711,0.0860) (0.3032,0.5636) (0.1581,2.2002) (0.0521,8.4614)","LG+I{0.0156}+R4{0.4711,0.0860,0.3032,0.5636,0.1581,2.2002,0.0521,8.4614}"
YLR323C,LG+I+G4,0.0000,0.8134,,LG+I{0.0000}+G4{0.8134}
YNL094W,LG+I+G4,0.0707,0.7869,,LG+I{0.0707}+G4{0.7869}
YML092C,LG+I+G4,0.0011,0.7140,,LG+I{0.0011}+G4{0.7140}
YDR273W,LG+I+G4,0.0000,1.0863,,LG+I{0.0000}+G4{1.0863}
YBL049W,LG+I+G4,0.1141,1.0159,,LG+I{0.1141}+G4{1.0159}
YJR121W,LG+I+R4,0.0000,,"(0.6687,0.1434) (0.2524,1.3782) (0.0469,4.2054) (0.0319,11.2452)","LG+I{0.0000}+R4{0.6687,0.1434,0.2524,1.3782,0.0469,4.2054,0.0319,11.2452}"
YLR151C,LG+I+G4,0.0807,0.8412,,LG+I{0.0807}+G4{0.8412}
YGL180W,LG+I+G4,0.1636,0.8902,,LG+I{0.1636}+G4{0.8902}
YGR013W,LG+F+I+G4,0.0000,3.1427,,LG+F+I{0.0000}+G4{3.1427}
YDR058C,LG+I+G4,0.0272,0.7304,,LG+I{0.0272}+G4{0.7304}
YBR139W,LG+I+R4,0.0039,,"(0.2572,0.0945) (0.2147,0.3848) (0.2670,1.0889) (0.2573,2.3410)","LG+I{0.0039}+R4{0.2572,0.0945,0.2147,0.3848,0.2670,1.0889,0.2573,2.3410}"
YGL083W,LG+F+I+G4,0.0263,1.4243,,LG+F+I{0.0263}+G4{1.4243}
YLR262C,LG+I+G4,0.2658,0.6259,,LG+I{0.2658}+G4{0.6259}
YJL025W,LG+I+G4,0.0000,1.3513,,LG+I{0.0000}+G4{1.3513}
YGR210C,LG+I+R4,0.0054,,"(0.3257,0.1057) (0.3078,0.4862) (0.2095,1.3605) (0.1516,3.5028)","LG+I{0.0054}+R4{0.3257,0.1057,0.3078,0.4862,0.2095,1.3605,0.1516,3.5028}"
YJR105W,LG+F+I+G4,0.1583,0.8703,,LG+F+I{0.1583}+G4{0.8703}
YBR217W,LG+I+G4,0.0000,1.5113,,LG+I{0.0000}+G4{1.5113}
YIL128W,LG+F+I+G4,0.0000,0.8884,,LG+F+I{0.0000}+G4{0.8884}
YOL084W,LG+F+I+R4,0.0000,,"(0.0566,0.1260) (0.3299,0.4836) (0.3635,1.0129) (0.2500,1.8604)","LG+F+I{0.0000}+R4{0.0566,0.1260,0.3299,0.4836,0.3635,1.0129,0.2500,1.8604}"
YNL229C,LG+I+G4,0.0448,0.6926,,LG+I{0.0448}+G4{0.6926}
YJR061W,LG+I+R4,0.0000,,"(0.2447,0.1649) (0.2865,0.5048) (0.2512,1.1405) (0.2176,2.4287)","LG+I{0.0000}+R4{0.2447,0.1649,0.2865,0.5048,0.2512,1.1405,0.2176,2.4287}"
YGR207C,LG+F+I+G4,0.0000,0.8551,,LG+F+I{0.0000}+G4{0.8551}
YDR291W,LG+F+I+G4,0.0164,0.6273,,LG+F+I{0.0164}+G4{0.6273}
YOR005C,LG+F+I+G4,0.0087,0.9226,,LG+F+I{0.0087}+G4{0.9226}
YFL022C,LG+I+G4,0.0176,0.9992,,LG+I{0.0176}+G4{0.9992}
YHR051W,LG+I+R3,0.0000,,"(0.0412,0.2527) (0.4496,0.7302) (0.5091,1.2988)","LG+I{0.0000}+R3{0.0412,0.2527,0.4496,0.7302,0.5091,1.2988}"
YLR173W,LG+F+I+R4,0.0000,,"(0.0566,0.3494) (0.4013,0.6818) (0.2773,1.0722) (0.2649,1.5454)","LG+F+I{0.0000}+R4{0.0566,0.3494,0.4013,0.6818,0.2773,1.0722,0.2649,1.5454}"
YBR088C,LG+I+G4,0.0106,1.1615,,LG+I{0.0106}+G4{1.1615}
YGR104C,LG+I+G4,0.0000,1.4316,,LG+I{0.0000}+G4{1.4316}
YER017C,LG+I+G4,0.3432,0.7151,,LG+I{0.3432}+G4{0.7151}
YOL107W,LG+F+I+G4,0.0000,1.4898,,LG+F+I{0.0000}+G4{1.4898}
YJR012C,LG+I+G4,0.0000,1.5372,,LG+I{0.0000}+G4{1.5372}
YLR455W,LG+I+G4,0.0144,1.1040,,LG+I{0.0144}+G4{1.1040}
YMR106C,LG+I+R4,0.0000,,"(0.0772,0.1860) (0.2470,0.4720) (0.3446,0.8788) (0.3312,1.7097)","LG+I{0.0000}+R4{0.0772,0.1860,0.2470,0.4720,0.3446,0.8788,0.3312,1.7097}"
YBR136W,LG+I+G4,0.0000,1.3977,,LG+I{0.0000}+G4{1.3977}
YGR105W,LG+F+I+R2,0.0000,,"(0.3768,0.1569) (0.6232,1.5097)","LG+F+I{0.0000}+R2{0.3768,0.1569,0.6232,1.5097}"
YBR059C,LG+I+G4,0.0399,0.8024,,LG+I{0.0399}+G4{0.8024}
YMR100W,JTT+G4,,0.8517,,JTT+G4{0.8517}
YCR036W,LG+I+R4,0.0000,,"(0.1989,0.0519) (0.2486,0.3378) (0.3153,1.1162) (0.2372,2.3345)","LG+I{0.0000}+R4{0.1989,0.0519,0.2486,0.3378,0.3153,1.1162,0.2372,2.3345}"
YDR485C,LG+I+G4,0.0356,2.4073,,LG+I{0.0356}+G4{2.4073}
YGR180C,LG+I+R4,0.0010,,"(0.5333,0.2118) (0.3232,0.8756) (0.0966,2.7371) (0.0458,7.4128)","LG+I{0.0010}+R4{0.5333,0.2118,0.3232,0.8756,0.0966,2.7371,0.0458,7.4128}"
YOR210W,LG+I+R2,0.0000,,"(0.8559,0.2654) (0.1441,5.3648)","LG+I{0.0000}+R2{0.8559,0.2654,0.1441,5.3648}"
YDR425W,LG+I+R4,0.0000,,"(0.1912,0.1481) (0.3527,0.5671) (0.2632,1.3020) (0.1929,2.2240)","LG+I{0.0000}+R4{0.1912,0.1481,0.3527,0.5671,0.2632,1.3020,0.1929,2.2240}"
YKL079W,LG+F+I+G4,0.0326,0.8180,,LG+F+I{0.0326}+G4{0.8180}
YER130C,JTT+R3,,,"(0.7135,0.1870) (0.2389,1.6733) (0.0475,9.8220)","JTT+R3{0.7135,0.1870,0.2389,1.6733,0.0475,9.8220}"
YKR017C,LG+I+G4,0.0000,1.3188,,LG+I{0.0000}+G4{1.3188}
YDL079C,LG+I+G4,0.0065,0.7958,,LG+I{0.0065}+G4{0.7958}
YDR132C,LG+I+G4,0.1403,0.8660,,LG+I{0.1403}+G4{0.8660}
YDL078C,LG+I+G4,0.1739,0.6743,,LG+I{0.1739}+G4{0.6743}
YKL060C,LG+F+I+G4,0.2721,0.8576,,LG+F+I{0.2721}+G4{0.8576}
YMR244C-A,LG+I+G4,0.0000,2.6963,,LG+I{0.0000}+G4{2.6963}
YDR234W,LG+I+G4,0.3546,0.6223,,LG+I{0.3546}+G4{0.6223}
YMR266W,LG+I+G4,0.0318,1.3266,,LG+I{0.0318}+G4{1.3266}
YKL209C,LG+I+G4,0.0532,1.2004,,LG+I{0.0532}+G4{1.2004}
YLR027C,LG+F+I+G4,0.0217,0.7625,,LG+F+I{0.0217}+G4{0.7625}
YPL128C,LG+I+G4,0.0103,0.6654,,LG+I{0.0103}+G4{0.6654}
YDL025C,LG+I+R4,0.0075,,"(0.3167,0.0869) (0.2913,0.4803) (0.1990,1.3314) (0.1854,3.0619)","LG+I{0.0075}+R4{0.3167,0.0869,0.2913,0.4803,0.1990,1.3314,0.1854,3.0619}"
YDL171C,LG+I+G4,0.2726,0.6791,,LG+I{0.2726}+G4{0.6791}
YIL061C,LG+I+G4,0.0370,1.1654,,LG+I{0.0370}+G4{1.1654}
YPL255W,LG+F+I+G4,0.0000,2.8422,,LG+F+I{0.0000}+G4{2.8422}
YOL032W,LG+F+I+G4,0.0343,0.9588,,LG+F+I{0.0343}+G4{0.9588}
YNL090W,LG+I+G4,0.3232,0.6957,,LG+I{0.3232}+G4{0.6957}
YLL026W,LG+I+G4,0.2769,0.8170,,LG+I{0.2769}+G4{0.8170}
YML085C,LG+I+R3,0.0237,,"(0.4181,0.1685) (0.3891,0.9308) (0.1691,3.3550)","LG+I{0.0237}+R3{0.4181,0.1685,0.3891,0.9308,0.1691,3.3550}"
YBR283C,LG+I+G4,0.0000,0.8165,,LG+I{0.0000}+G4{0.8165}
YGR007W,LG+I+G4,0.2329,0.7518,,LG+I{0.2329}+G4{0.7518}
YLR144C,LG+I+R4,0.0013,,"(0.1020,0.1256) (0.1869,0.4700) (0.3211,0.9103) (0.3887,1.5618)","LG+I{0.0013}+R4{0.1020,0.1256,0.1869,0.4700,0.3211,0.9103,0.3887,1.5618}"
YIL063C,LG+I+G4,0.0495,1.0877,,LG+I{0.0495}+G4{1.0877}
YLL007C,LG+F+I+R4,0.0000,,"(0.0759,0.1346) (0.2268,0.4071) (0.4486,0.8372) (0.2487,2.0985)","LG+F+I{0.0000}+R4{0.0759,0.1346,0.2268,0.4071,0.4486,0.8372,0.2487,2.0985}"
YFL017W-A,LG+I+G4,0.0849,1.7236,,LG+I{0.0849}+G4{1.7236}
YOR046C,LG+I+G4,0.2354,0.9037,,LG+I{0.2354}+G4{0.9037}
YML106W,LG+I+G4,0.1757,0.8427,,LG+I{0.1757}+G4{0.8427}
YDR328C,LG+I+G4,0.0000,1.5961,,LG+I{0.0000}+G4{1.5961}
YHR087W,LG+I+G4,0.0080,1.5788,,LG+I{0.0080}+G4{1.5788}
YGL133W,LG+I+G4,0.0356,1.1453,,LG+I{0.0356}+G4{1.1453}
YLR452C,LG+I+G4,0.0000,1.1618,,LG+I{0.0000}+G4{1.1618}
YDL113C,LG+I+G4,0.0668,0.9276,,LG+I{0.0668}+G4{0.9276}
YCL026C-A,LG+I+R4,0.0000,,"(0.0924,0.1448) (0.3876,0.5289) (0.2791,1.1262) (0.2408,1.9402)","LG+I{0.0000}+R4{0.0924,0.1448,0.3876,0.5289,0.2791,1.1262,0.2408,1.9402}"
YGL161C,LG+I+G4,0.0070,1.5306,,LG+I{0.0070}+G4{1.5306}
YNL147W,LG+I+G4,0.0841,1.3933,,LG+I{0.0841}+G4{1.3933}
YDR061W,LG+I+G4,0.1048,0.9254,,LG+I{0.1048}+G4{0.9254}
YBR010W,LG+I,0.8047,,,LG+I{0.8047}
YPL199C,LG+I+G4,0.0000,1.1860,,LG+I{0.0000}+G4{1.1860}
YBR083W,LG+I+R4,0.0000,,"(0.3367,0.1067) (0.3185,0.4003) (0.2954,1.5605) (0.0493,7.6134)","LG+I{0.0000}+R4{0.3367,0.1067,0.3185,0.4003,0.2954,1.5605,0.0493,7.6134}"
YOR256C,LG+F+I+G4,0.0119,1.4894,,LG+F+I{0.0119}+G4{1.4894}
YNR012W,LG+I+G4,0.1115,0.8367,,LG+I{0.1115}+G4{0.8367}
YGR094W,LG+I+R4,0.0184,,"(0.4196,0.0744) (0.2142,0.4856) (0.1979,1.5923) (0.1500,3.6643)","LG+I{0.0184}+R4{0.4196,0.0744,0.2142,0.4856,0.1979,1.5923,0.1500,3.6643}"
YER152C,LG+I+G4,0.0177,0.9052,,LG+I{0.0177}+G4{0.9052}
YGR267C,LG+I+R4,0.0010,,"(0.5973,0.1518) (0.2370,0.9561) (0.1225,2.5149) (0.0423,8.8597)","LG+I{0.0010}+R4{0.5973,0.1518,0.2370,0.9561,0.1225,2.5149,0.0423,8.8597}"
YGL067W,LG+I+G4,0.0969,0.5132,,LG+I{0.0969}+G4{0.5132}
YHR011W,LG+I+G4,0.1722,0.7899,,LG+I{0.1722}+G4{0.7899}
YJL074C,LG+F+I+R4,0.0020,,"(0.2620,0.1009) (0.2418,0.4448) (0.2486,1.1064) (0.2456,2.4059)","LG+F+I{0.0020}+R4{0.2620,0.1009,0.2418,0.4448,0.2486,1.1064,0.2456,2.4059}"
YDL088C,LG+I+G4,0.0214,1.1687,,LG+I{0.0214}+G4{1.1687}
YLR278C,LG+I+G4,0.0000,0.9440,,LG+I{0.0000}+G4{0.9440}
YLR329W,LG+F+I+R4,0.0018,,"(0.0529,0.1222) (0.2899,0.4703) (0.3506,1.0023) (0.3048,1.6596)","LG+F+I{0.0018}+R4{0.0529,0.1222,0.2899,0.4703,0.3506,1.0023,0.3048,1.6596}"
YBR202W,LG+I+G4,0.0892,1.3758,,LG+I{0.0892}+G4{1.3758}
YJL046W,LG+I+R4,0.0132,,"(0.2195,0.0478) (0.2323,0.3405) (0.2878,1.0145) (0.2472,2.5018)","LG+I{0.0132}+R4{0.2195,0.0478,0.2323,0.3405,0.2878,1.0145,0.2472,2.5018}"
YDR050C,LG+F+I+G4,0.1731,0.8921,,LG+F+I{0.1731}+G4{0.8921}
YGL171W,LG+I+R4,0.0180,,"(0.1823,0.0246) (0.3312,0.3948) (0.3170,1.4156) (0.1515,2.7464)","LG+I{0.0180}+R4{0.1823,0.0246,0.3312,0.3948,0.3170,1.4156,0.1515,2.7464}"
YGR119C,LG+I+G4,0.0029,1.3958,,LG+I{0.0029}+G4{1.3958}
YPL001W,LG+I+R4,0.0056,,"(0.0756,0.0521) (0.2863,0.4070) (0.3509,0.9597) (0.2815,1.9281)","LG+I{0.0056}+R4{0.0756,0.0521,0.2863,0.4070,0.3509,0.9597,0.2815,1.9281}"
YLR113W,LG+I+R4,0.0305,,"(0.4530,0.0651) (0.3124,0.6604) (0.1202,2.2433) (0.0839,5.8926)","LG+I{0.0305}+R4{0.4530,0.0651,0.3124,0.6604,0.1202,2.2433,0.0839,5.8926}"
YLR389C,LG+F+I+R4,0.0000,,"(0.1877,0.1125) (0.3365,0.5506) (0.2487,1.1447) (0.2272,2.2399)","LG+F+I{0.0000}+R4{0.1877,0.1125,0.3365,0.5506,0.2487,1.1447,0.2272,2.2399}"
YHL017W,LG+I+R4,0.0066,,"(0.1077,0.0487) (0.2704,0.3619) (0.3289,1.0251) (0.2864,1.9543)","LG+I{0.0066}+R4{0.1077,0.0487,0.2704,0.3619,0.3289,1.0251,0.2864,1.9543}"
YDR261C,LG+F+I+G4,0.1009,1.3347,,LG+F+I{0.1009}+G4{1.3347}
YLR178C,LG+F+I+G4,0.0000,1.2851,,LG+F+I{0.0000}+G4{1.2851}
YGL183C,LG+I+G4,0.0037,1.2107,,LG+I{0.0037}+G4{1.2107}
YBL085W,LG+I+G4,0.0000,0.9806,,LG+I{0.0000}+G4{0.9806}
YPR141C,LG+F+I+R4,0.0348,,"(0.2523,0.0548) (0.2140,0.3437) (0.2060,1.0740) (0.2929,2.3607)","LG+F+I{0.0348}+R4{0.2523,0.0548,0.2140,0.3437,0.2060,1.0740,0.2929,2.3607}"
YJL095W,LG+I+G4,0.0577,0.5538,,LG+I{0.0577}+G4{0.5538}
YPR129W,LG+I+G4,0.0000,0.9078,,LG+I{0.0000}+G4{0.9078}
YGL131C,LG+I+G4,0.0297,0.9851,,LG+I{0.0297}+G4{0.9851}
YPL227C,LG+I+R4,0.0000,,"(0.4916,0.1136) (0.2570,0.8186) (0.1615,2.0620) (0.0899,4.4587)","LG+I{0.0000}+R4{0.4916,0.1136,0.2570,0.8186,0.1615,2.0620,0.0899,4.4587}"
YDR379W,JTT+R3,,,"(0.7424,0.4687) (0.1627,1.8043) (0.0948,3.7793)","JTT+R3{0.7424,0.4687,0.1627,1.8043,0.0948,3.7793}"
YER049W,LG+I+R3,0.0000,,"(0.5347,0.1784) (0.2883,1.0242) (0.1770,3.4430)","LG+I{0.0000}+R3{0.5347,0.1784,0.2883,1.0242,0.1770,3.4430}"
YDL022W,LG+I+R4,0.0099,,"(0.4038,0.0930) (0.2528,0.6387) (0.1831,1.5249) (0.1504,3.4700)","LG+I{0.0099}+R4{0.4038,0.0930,0.2528,0.6387,0.1831,1.5249,0.1504,3.4700}"
YMR315W,LG+F+I+G4,0.0939,1.1193,,LG+F+I{0.0939}+G4{1.1193}
YBL076C,LG+I+G4,0.2798,0.9295,,LG+I{0.2798}+G4{0.9295}
YLR014C,LG+I+G4,0.0000,0.7353,,LG+I{0.0000}+G4{0.7353}
YEL058W,LG+I+G4,0.0163,0.5504,,LG+I{0.0163}+G4{0.5504}
YGR229C,LG+F+I+G4,0.0063,1.1724,,LG+F+I{0.0063}+G4{1.1724}
YJL168C,JTT+G4,,0.8549,,JTT+G4{0.8549}
YPL246C,LG+I+R4,0.0034,,"(0.1282,0.1080) (0.2314,0.4351) (0.2287,0.8361) (0.4083,1.7004)","LG+I{0.0034}+R4{0.1282,0.1080,0.2314,0.4351,0.2287,0.8361,0.4083,1.7004}"
YMR216C,LG+I+G4,0.1405,0.8223,,LG+I{0.1405}+G4{0.8223}
YBR214W,LG+I+G4,0.1481,1.2441,,LG+I{0.1481}+G4{1.2441}
YPL088W,LG+I+G4,0.0246,0.8708,,LG+I{0.0246}+G4{0.8708}
YLR035C,LG+I+G4,0.0013,0.9471,,LG+I{0.0013}+G4{0.9471}
YBR182C,LG+I+G4,0.0464,0.6748,,LG+I{0.0464}+G4{0.6748}
YOR388C,LG+F+I+G4,0.1967,1.0467,,LG+F+I{0.1967}+G4{1.0467}
YGR170W,LG+I+G4,0.0000,2.5650,,LG+I{0.0000}+G4{2.5650}
YKL127W,LG+I+G4,0.2579,0.6721,,LG+I{0.2579}+G4{0.6721}
YER075C,LG+F+I+G4,0.0000,1.0066,,LG+F+I{0.0000}+G4{1.0066}
YMR021C,JTT+R3,,,"(0.6599,0.1767) (0.1678,1.2670) (0.1723,3.8937)","JTT+R3{0.6599,0.1767,0.1678,1.2670,0.1723,3.8937}"
YKR043C,LG+I+G4,0.1451,0.9229,,LG+I{0.1451}+G4{0.9229}
YGL045W,LG+I+G4,0.0713,2.0550,,LG+I{0.0713}+G4{2.0550}
YHR201C,LG+I+G4,0.0212,0.8250,,LG+I{0.0212}+G4{0.8250}
YLR033W,LG+F+I+G4,0.0000,1.4850,,LG+F+I{0.0000}+G4{1.4850}
YPL154C,LG+I+G4,0.0303,0.7866,,LG+I{0.0303}+G4{0.7866}
YBR204C,LG+I+G4,0.0000,0.9998,,LG+I{0.0000}+G4{0.9998}
YLR244C,LG+I+G4,0.0000,0.8456,,LG+I{0.0000}+G4{0.8456}
YIL064W,LG+I+R4,0.0072,,"(0.2674,0.0625) (0.2527,0.4184) (0.3122,1.2809) (0.1605,2.9755)","LG+I{0.0072}+R4{0.2674,0.0625,0.2527,0.4184,0.3122,1.2809,0.1605,2.9755}"
YHR062C,LG+F+I+R4,0.0000,,"(0.1872,0.1855) (0.3961,0.6137) (0.2405,1.2673) (0.1761,2.3696)","LG+F+I{0.0000}+R4{0.1872,0.1855,0.3961,0.6137,0.2405,1.2673,0.1761,2.3696}"
YPL236C,LG+I+G4,0.0229,1.0624,,LG+I{0.0229}+G4{1.0624}
YNL177C,LG+I+R4,0.0000,,"(0.3036,0.2131) (0.4504,0.7721) (0.1644,1.7238) (0.0816,3.7287)","LG+I{0.0000}+R4{0.3036,0.2131,0.4504,0.7721,0.1644,1.7238,0.0816,3.7287}"
YPL155C,LG+I+G4,0.1439,0.8695,,LG+I{0.1439}+G4{0.8695}
YGR195W,LG+F+I+G4,0.0000,1.2077,,LG+F+I{0.0000}+G4{1.2077}
YDL159W,LG+I+G4,0.1455,0.8923,,LG+I{0.1455}+G4{0.8923}
YCL047C,LG+I+G4,0.0000,1.3947,,LG+I{0.0000}+G4{1.3947}
YNL181W,LG+I+G4,0.0899,0.9633,,LG+I{0.0899}+G4{0.9633}
YAL024C,LG+I+G4,0.0000,1.0514,,LG+I{0.0000}+G4{1.0514}
Q0130,JTT+F+G4,,11.5737,,JTT+F+G4{11.5737}
YOR037W,LG+I+G4,0.0241,1.1531,,LG+I{0.0241}+G4{1.1531}
YLR247C,LG+F+I+R4,0.0014,,"(0.1781,0.0739) (0.2794,0.3972) (0.3535,1.1274) (0.1876,2.5441)","LG+F+I{0.0014}+R4{0.1781,0.0739,0.2794,0.3972,0.3535,1.1274,0.1876,2.5441}"
YBR135W,LG+I+R3,0.0000,,"(0.7261,0.2208) (0.1215,1.3225) (0.1524,4.4549)","LG+I{0.0000}+R3{0.7261,0.2208,0.1215,1.3225,0.1524,4.4549}"
YDR341C,LG+I+G4,0.0372,1.2825,,LG+I{0.0372}+G4{1.2825}
YBL007C,LG+I+G4,0.0305,0.8397,,LG+I{0.0305}+G4{0.8397}
YKR084C,LG+I+G4,0.0000,4.7709,,LG+I{0.0000}+G4{4.7709}
YNL250W,LG+I+G4,0.0699,0.7652,,LG+I{0.0699}+G4{0.7652}
YLR300W,LG+F+I+G4,0.0640,0.8577,,LG+F+I{0.0640}+G4{0.8577}
YJL108C,LG+F+I+R4,0.0102,,"(0.1107,0.0467) (0.1059,0.2318) (0.2705,0.7250) (0.5028,1.5399)","LG+F+I{0.0102}+R4{0.1107,0.0467,0.1059,0.2318,0.2705,0.7250,0.5028,1.5399}"
YDR088C,LG+I+G4,0.0063,1.3095,,LG+I{0.0063}+G4{1.3095}
YGR043C,LG+F+I+G4,0.2104,0.7282,,LG+F+I{0.2104}+G4{0.7282}
YBR162C,LG+I+G4,0.0215,1.0138,,LG+I{0.0215}+G4{1.0138}
YOR296W,LG+I+R4,0.0000,,"(0.0522,0.1191) (0.2756,0.4860) (0.3433,0.8822) (0.3288,1.6937)","LG+I{0.0000}+R4{0.0522,0.1191,0.2756,0.4860,0.3433,0.8822,0.3288,1.6937}"
YFR014C,LG+I+G4,0.0000,0.9068,,LG+I{0.0000}+G4{0.9068}
YOL108C,LG+I+G4,0.1288,1.1490,,LG+I{0.1288}+G4{1.1490}
YDR397C,LG+I+G4,0.1752,1.4763,,LG+I{0.1752}+G4{1.4763}
YPL262W,LG+I+G4,0.2404,0.6547,,LG+I{0.2404}+G4{0.6547}
YGL245W,LG+I+R4,0.0368,,"(0.4640,0.0610) (0.2335,0.7111) (0.1513,1.9077) (0.1144,4.5195)","LG+I{0.0368}+R4{0.4640,0.0610,0.2335,0.7111,0.1513,1.9077,0.1144,4.5195}"
YKL059C,LG+I+G4,0.0238,0.8691,,LG+I{0.0238}+G4{0.8691}
YOL124C,LG+I+G4,0.0069,0.6678,,LG+I{0.0069}+G4{0.6678}
YML099C,LG+I+G4,0.0000,0.6118,,LG+I{0.0000}+G4{0.6118}
YGR201C,LG+I+G4,0.0000,1.3870,,LG+I{0.0000}+G4{1.3870}
YIL083C,LG+I+R2,0.0000,,"(0.8495,0.4697) (0.1505,3.9938)","LG+I{0.0000}+R2{0.8495,0.4697,0.1505,3.9938}"
YLL050C,LG+F+I+G4,0.0604,0.6010,,LG+F+I{0.0604}+G4{0.6010}
YKL071W,LG+F+I+G4,0.0000,1.2474,,LG+F+I{0.0000}+G4{1.2474}
YDR295C,LG+F+I+R4,0.0000,,"(0.0674,0.3915) (0.3810,0.7407) (0.3072,1.0433) (0.2443,1.5179)","LG+F+I{0.0000}+R4{0.0674,0.3915,0.3810,0.7407,0.3072,1.0433,0.2443,1.5179}"
YNL212W,LG+I+R4,0.0000,,"(0.1224,0.1155) (0.3051,0.3866) (0.3196,1.0484) (0.2529,2.1072)","LG+I{0.0000}+R4{0.1224,0.1155,0.3051,0.3866,0.3196,1.0484,0.2529,2.1072}"
YNL287W,LG+F+I+G4,0.0176,1.1796,,LG+F+I{0.0176}+G4{1.1796}
YMR278W,LG+I+R4,0.0000,,"(0.4168,0.0972) (0.2438,0.4840) (0.1973,1.4290) (0.1420,3.9390)","LG+I{0.0000}+R4{0.4168,0.0972,0.2438,0.4840,0.1973,1.4290,0.1420,3.9390}"
YFR024C-A,LG+I+G4,0.0402,0.6460,,LG+I{0.0402}+G4{0.6460}
YJR090C,LG+I+G4,0.0199,1.3945,,LG+I{0.0199}+G4{1.3945}
YMR049C,LG+I+R4,0.0009,,"(0.4707,0.1193) (0.2666,0.7752) (0.1398,1.8413) (0.1220,3.9332)","LG+I{0.0009}+R4{0.4707,0.1193,0.2666,0.7752,0.1398,1.8413,0.1220,3.9332}"
YHR179W,LG+I+R4,0.0000,,"(0.1951,0.1569) (0.2730,0.5509) (0.2948,1.0821) (0.2372,2.1082)","LG+I{0.0000}+R4{0.1951,0.1569,0.2730,0.5509,0.2948,1.0821,0.2372,2.1082}"
YDR125C,LG+I+R4,0.0000,,"(0.1824,0.1155) (0.3399,0.5121) (0.2418,1.0899) (0.2359,2.2952)","LG+I{0.0000}+R4{0.1824,0.1155,0.3399,0.5121,0.2418,1.0899,0.2359,2.2952}"
YKL183W,LG+F+I+G4,0.0000,2.1087,,LG+F+I{0.0000}+G4{2.1087}
YBR003W,LG+I+R4,0.0182,,"(0.5752,0.1838) (0.2308,0.9281) (0.1053,2.4303) (0.0704,6.0239)","LG+I{0.0182}+R4{0.5752,0.1838,0.2308,0.9281,0.1053,2.4303,0.0704,6.0239}"
YML012W,LG+I+R4,0.0022,,"(0.0737,0.0995) (0.3318,0.4852) (0.3442,0.9994) (0.2481,1.9653)","LG+I{0.0022}+R4{0.0737,0.0995,0.3318,0.4852,0.3442,0.9994,0.2481,1.9653}"
YIL043C,LG+I+G4,0.0000,1.1403,,LG+I{0.0000}+G4{1.1403}
YIL151C,LG+I+R4,0.0000,,"(0.2943,0.1610) (0.3907,0.5279) (0.1924,1.4125) (0.1226,3.8711)","LG+I{0.0000}+R4{0.2943,0.1610,0.3907,0.5279,0.1924,1.4125,0.1226,3.8711}"
YDR226W,LG+I+G4,0.4011,0.7549,,LG+I{0.4011}+G4{0.7549}
YIL148W,LG+F+I+G4,0.0000,5.7141,,LG+F+I{0.0000}+G4{5.7141}
YMR323W,LG+I+G4,0.2602,0.9049,,LG+I{0.2602}+G4{0.9049}
YDL060W,LG+I+G4,0.0091,0.7977,,LG+I{0.0091}+G4{0.7977}
YGR154C,LG+I+G4,0.0465,0.9076,,LG+I{0.0465}+G4{0.9076}
YGR048W,LG+I+G4,0.2049,0.9406,,LG+I{0.2049}+G4{0.9406}
YBR001C,LG+I+G4,0.0000,0.3095,,LG+I{0.0000}+G4{0.3095}
YEL034W,LG+I+R3,0.0049,,"(0.7002,0.1318) (0.1752,1.4144) (0.1198,5.5106)","LG+I{0.0049}+R3{0.7002,0.1318,0.1752,1.4144,0.1198,5.5106}"
YPL266W,LG+I+R4,0.0020,,"(0.5746,0.1789) (0.2520,0.9983) (0.1118,2.4666) (0.0596,6.2105)","LG+I{0.0020}+R4{0.5746,0.1789,0.2520,0.9983,0.1118,2.4666,0.0596,6.2105}"
YPR019W,LG+I+G4,0.0018,0.9235,,LG+I{0.0018}+G4{0.9235}
YLR319C,LG+I+G4,0.0808,1.1107,,LG+I{0.0808}+G4{1.1107}
YBR166C,LG+I+G4,0.0780,0.8309,,LG+I{0.0780}+G4{0.8309}
YGR097W,LG+I+R4,0.0000,,"(0.0986,0.1691) (0.3100,0.5736) (0.3070,1.0570) (0.2844,1.6914)","LG+I{0.0000}+R4{0.0986,0.1691,0.3100,0.5736,0.3070,1.0570,0.2844,1.6914}"
YGR080W,LG+F+I+G4,0.0000,1.1184,,LG+F+I{0.0000}+G4{1.1184}
YFR048W,JTT+F+R4,,,"(0.4310,0.1567) (0.3283,0.8148) (0.1461,1.7656) (0.0946,4.3040)","JTT+F+R4{0.4310,0.1567,0.3283,0.8148,0.1461,1.7656,0.0946,4.3040}"
YPR135W,LG+I+G4,0.0000,1.5033,,LG+I{0.0000}+G4{1.5033}
YJL045W,LG+I+G4,0.2264,0.8105,,LG+I{0.2264}+G4{0.8105}
YGR135W,LG+I+R4,0.0000,,"(0.4153,0.1221) (0.3286,0.7202) (0.1389,1.7354) (0.1173,4.0210)","LG+I{0.0000}+R4{0.4153,0.1221,0.3286,0.7202,0.1389,1.7354,0.1173,4.0210}"
YCL067C,LG+I+G4,0.0000,0.8534,,LG+I{0.0000}+G4{0.8534}
YDR502C,LG+I+G4,0.0524,0.3001,,LG+I{0.0524}+G4{0.3001}
YGR270W,LG+I+G4,0.5862,0.4719,,LG+I{0.5862}+G4{0.4719}
YJR055W,LG+I+G4,0.0000,0.7868,,LG+I{0.0000}+G4{0.7868}
YGR252W,LG+I+G4,0.0953,1.0710,,LG+I{0.0953}+G4{1.0710}
YBL019W,LG+I+G4,0.0164,0.8189,,LG+I{0.0164}+G4{0.8189}
YOL071W,LG+I+G4,0.1747,0.6988,,LG+I{0.1747}+G4{0.6988}
YJL200C,LG+I+G4,0.4518,0.6071,,LG+I{0.4518}+G4{0.6071}
YML014W,LG+I+G4,0.2096,0.7252,,LG+I{0.2096}+G4{0.7252}
YKL024C,LG+I+R4,0.0000,,"(0.5015,0.1338) (0.2169,0.6902) (0.1601,1.8925) (0.1216,3.9507)","LG+I{0.0000}+R4{0.5015,0.1338,0.2169,0.6902,0.1601,1.8925,0.1216,3.9507}"
YJR091C,JTT+G4,,2.8137,,JTT+G4{2.8137}
YBR114W,LG+I+G4,0.1599,0.8108,,LG+I{0.1599}+G4{0.8108}
YLL003W,LG+F+I+R3,0.0000,,"(0.2804,0.4610) (0.5669,0.8454) (0.1527,2.5636)","LG+F+I{0.0000}+R3{0.2804,0.4610,0.5669,0.8454,0.1527,2.5636}"
YNL076W,LG+I+G4,0.0000,1.3202,,LG+I{0.0000}+G4{1.3202}
YML060W,LG+I+G4,0.0896,0.7084,,LG+I{0.0896}+G4{0.7084}
YGR254W,LG+I,0.5892,,,LG+I{0.5892}
YBL091C,LG+I+R4,0.0000,,"(0.3935,0.0712) (0.2579,0.5911) (0.2438,1.6920) (0.1047,3.8866)","LG+I{0.0000}+R4{0.3935,0.0712,0.2579,0.5911,0.2438,1.6920,0.1047,3.8866}"
YAL051W,LG+I+R4,0.0000,,"(0.3401,0.1112) (0.2493,0.4585) (0.2268,1.5060) (0.1838,2.7552)","LG+I{0.0000}+R4{0.3401,0.1112,0.2493,0.4585,0.2268,1.5060,0.1838,2.7552}"
YIL104C,LG+I+G4,0.0678,1.1708,,LG+I{0.0678}+G4{1.1708}
YMR003W,LG+I+G4,0.0000,1.1553,,LG+I{0.0000}+G4{1.1553}
YIR032C,LG+I+G4,0.0000,1.3804,,LG+I{0.0000}+G4{1.3804}
YLR182W,LG+I+G4,0.0000,2.3645,,LG+I{0.0000}+G4{2.3645}
YGL135W,LG+I+G4,0.4763,0.8602,,LG+I{0.4763}+G4{0.8602}
YLL004W,LG+F+I+R4,0.0000,,"(0.1553,0.2202) (0.3566,0.5304) (0.2304,1.0753) (0.2577,2.0524)","LG+F+I{0.0000}+R4{0.1553,0.2202,0.3566,0.5304,0.2304,1.0753,0.2577,2.0524}"
YHR114W,LG+I+G4,0.0000,0.9790,,LG+I{0.0000}+G4{0.9790}
YDL230W,LG+F+I+R4,0.0059,,"(0.1839,0.0575) (0.1903,0.3697) (0.2604,0.9024) (0.3595,1.9029)","LG+F+I{0.0059}+R4{0.1839,0.0575,0.1903,0.3697,0.2604,0.9024,0.3595,1.9029}"
YLR361C,LG+F+I+G4,0.0173,1.1399,,LG+F+I{0.0173}+G4{1.1399}
YJL050W,LG+I+R4,0.0264,,"(0.4279,0.0078) (0.3178,0.4272) (0.1759,2.5896) (0.0520,7.7944)","LG+I{0.0264}+R4{0.4279,0.0078,0.3178,0.4272,0.1759,2.5896,0.0520,7.7944}"
YCL018W,LG+I+R4,0.0006,,"(0.4681,0.2045) (0.2813,0.7535) (0.1552,1.9183) (0.0948,4.1634)","LG+I{0.0006}+R4{0.4681,0.2045,0.2813,0.7535,0.1552,1.9183,0.0948,4.1634}"
YDR402C,LG+I+G4,0.0357,0.9103,,LG+I{0.0357}+G4{0.9103}
YKL062W,LG+I+R3,0.0000,,"(0.6727,0.1843) (0.2676,1.0151) (0.0597,10.1211)","LG+I{0.0000}+R3{0.6727,0.1843,0.2676,1.0151,0.0597,10.1211}"
YJL162C,LG+I+G4,0.0675,1.0446,,LG+I{0.0675}+G4{1.0446}
YLR304C,LG+I+R2,0.0000,,"(0.7401,0.3244) (0.2599,2.9243)","LG+I{0.0000}+R2{0.7401,0.3244,0.2599,2.9243}"
YGR244C,LG+I+G4,0.1388,0.7771,,LG+I{0.1388}+G4{0.7771}
YEL026W,LG+I+G4,0.3665,0.8579,,LG+I{0.3665}+G4{0.8579}
YDR454C,LG+I+G4,0.2557,0.7958,,LG+I{0.2557}+G4{0.7958}
YKR099W,LG+I+R4,0.0000,,"(0.4278,0.0995) (0.2973,0.5464) (0.1790,2.1626) (0.0960,4.2512)","LG+I{0.0000}+R4{0.4278,0.0995,0.2973,0.5464,0.1790,2.1626,0.0960,4.2512}"
YLR398C,LG+I+G4,0.0000,1.0523,,LG+I{0.0000}+G4{1.0523}
YKL009W,LG+I+G4,0.0244,0.9468,,LG+I{0.0244}+G4{0.9468}
YOL021C,LG+I+G4,0.0487,0.8476,,LG+I{0.0487}+G4{0.8476}
YNR051C,LG+F+I+G4,0.0158,1.1572,,LG+F+I{0.0158}+G4{1.1572}
YBR179C,LG+I+G4,0.0780,0.6553,,LG+I{0.0780}+G4{0.6553}
YAR008W,LG+I+G4,0.0094,0.8703,,LG+I{0.0094}+G4{0.8703}
YJL084C,LG+F+I+G4,0.0000,1.2878,,LG+F+I{0.0000}+G4{1.2878}
YDR330W,LG+I+G4,0.0226,1.0748,,LG+I{0.0226}+G4{1.0748}
YBR046C,LG+I+G4,0.0859,1.3159,,LG+I{0.0859}+G4{1.3159}
YML131W,LG+I+G4,0.0038,0.8599,,LG+I{0.0038}+G4{0.8599}
YMR276W,LG+I+G4,0.0000,1.0347,,LG+I{0.0000}+G4{1.0347}
YOL142W,LG+I+G4,0.0769,2.3461,,LG+I{0.0769}+G4{2.3461}
YCL059C,LG+I+G4,0.1964,0.8307,,LG+I{0.1964}+G4{0.8307}
YOR231W,LG+I+R4,0.0000,,"(0.3709,0.0675) (0.2679,0.5029) (0.2428,1.5605) (0.1185,3.8943)","LG+I{0.0000}+R4{0.3709,0.0675,0.2679,0.5029,0.2428,1.5605,0.1185,3.8943}"
YLR401C,LG+I+G4,0.1333,2.0225,,LG+I{0.1333}+G4{2.0225}
YDR354W,LG+I+G4,0.1125,0.8503,,LG+I{0.1125}+G4{0.8503}
YBR218C,LG+I+R4,0.0165,,"(0.4802,0.1346) (0.2688,0.5803) (0.1377,1.9784) (0.0969,5.2322)","LG+I{0.0165}+R4{0.4802,0.1346,0.2688,0.5803,0.1377,1.9784,0.0969,5.2322}"
YFL003C,LG+I+G4,0.0000,2.0579,,LG+I{0.0000}+G4{2.0579}
YPR108W,LG+I+G4,0.0632,0.6488,,LG+I{0.0632}+G4{0.6488}
YJL006C,LG+I+G4,0.0204,1.4499,,LG+I{0.0204}+G4{1.4499}
YMR243C,LG+I+G4,0.0852,1.1993,,LG+I{0.0852}+G4{1.1993}
YLL001W,LG+F+I+G4,0.2752,0.6245,,LG+F+I{0.2752}+G4{0.6245}
YPR165W,LG+I+R4,0.0196,,"(0.3771,0.1126) (0.2782,0.3813) (0.1705,1.2140) (0.1546,4.1673)","LG+I{0.0196}+R4{0.3771,0.1126,0.2782,0.3813,0.1705,1.2140,0.1546,4.1673}"
YBL045C,LG+F+I+G4,0.0167,1.4391,,LG+F+I{0.0167}+G4{1.4391}
YIL147C,LG+I+R4,0.0000,,"(0.6026,0.1524) (0.2209,0.6597) (0.1057,1.9140) (0.0709,7.9011)","LG+I{0.0000}+R4{0.6026,0.1524,0.2209,0.6597,0.1057,1.9140,0.0709,7.9011}"
YGR188C,LG+I+G4,0.0000,1.7153,,LG+I{0.0000}+G4{1.7153}
YBL028C,LG+I+G4,0.0447,0.8959,,LG+I{0.0447}+G4{0.8959}
YDR305C,LG+F+I+G4,0.0000,3.0791,,LG+F+I{0.0000}+G4{3.0791}
YLL036C,LG+I+G4,0.0008,0.9723,,LG+I{0.0008}+G4{0.9723}
YCR016W,LG+I+G4,0.0064,0.7158,,LG+I{0.0064}+G4{0.7158}
YLR026C,LG+I+R2,0.0000,,"(0.6151,0.3214) (0.3849,2.0844)","LG+I{0.0000}+R2{0.6151,0.3214,0.3849,2.0844}"
YJR139C,LG+F+I+R4,0.0000,,"(0.1687,0.0313) (0.2527,0.3029) (0.2996,1.0075) (0.2789,2.2098)","LG+F+I{0.0000}+R4{0.1687,0.0313,0.2527,0.3029,0.2996,1.0075,0.2789,2.2098}"
YOL075C,LG+I+G4,0.1667,0.7453,,LG+I{0.1667}+G4{0.7453}
YNL202W,LG+I+R4,0.0000,,"(0.3639,0.0873) (0.2271,0.4461) (0.2674,1.2658) (0.1417,3.7308)","LG+I{0.0000}+R4{0.3639,0.0873,0.2271,0.4461,0.2674,1.2658,0.1417,3.7308}"
YBR221C,LG+I+G4,0.3790,1.1158,,LG+I{0.3790}+G4{1.1158}
YGL202W,LG+I+G4,0.0642,1.0971,,LG+I{0.0642}+G4{1.0971}
YGR266W,LG+I+R4,0.0038,,"(0.2581,0.0768) (0.2444,0.4498) (0.2855,1.1623) (0.2081,2.5868)","LG+I{0.0038}+R4{0.2581,0.0768,0.2444,0.4498,0.2855,1.1623,0.2081,2.5868}"
YBL055C,LG+F+I+G4,0.0919,0.8473,,LG+F+I{0.0919}+G4{0.8473}
YER023W,LG+I+R4,0.0000,,"(0.1567,0.1025) (0.3788,0.5191) (0.3804,1.3060) (0.0841,3.4541)","LG+I{0.0000}+R4{0.1567,0.1025,0.3788,0.5191,0.3804,1.3060,0.0841,3.4541}"
YER172C,LG+I+R4,0.0000,,"(0.0792,0.1354) (0.3158,0.5394) (0.4841,1.1182) (0.1210,2.2950)","LG+I{0.0000}+R4{0.0792,0.1354,0.3158,0.5394,0.4841,1.1182,0.1210,2.2950}"
YLR045C,LG+I+G4,0.0000,2.3886,,LG+I{0.0000}+G4{2.3886}
YNL290W,LG+I+G4,0.0000,0.9679,,LG+I{0.0000}+G4{0.9679}
YOR246C,LG+I+G4,0.0000,0.6553,,LG+I{0.0000}+G4{0.6553}
YHR178W,LG+I+G4,0.0000,1.0310,,LG+I{0.0000}+G4{1.0310}
YGL153W,LG+I+G4,0.1065,1.3966,,LG+I{0.1065}+G4{1.3966}
YLL008W,LG+I+G4,0.1730,0.8277,,LG+I{0.1730}+G4{0.8277}
YPL122C,LG+I+G4,0.0894,1.0986,,LG+I{0.0894}+G4{1.0986}
YIL124W,LG+I+R4,0.0032,,"(0.1662,0.1112) (0.3788,0.5873) (0.2719,1.1438) (0.1799,2.4907)","LG+I{0.0032}+R4{0.1662,0.1112,0.3788,0.5873,0.2719,1.1438,0.1799,2.4907}"
YER170W,LG+I+G4,0.1563,0.9052,,LG+I{0.1563}+G4{0.9052}
YOL054W,LG+I+G4,0.0000,0.7954,,LG+I{0.0000}+G4{0.7954}
YCR066W,JTT+G4,,0.8788,,JTT+G4{0.8788}
YLR007W,LG+I+G4,0.0526,1.0944,,LG+I{0.0526}+G4{1.0944}
YLR427W,LG+I+G4,0.1164,0.7155,,LG+I{0.1164}+G4{0.7155}
YCL045C,LG+I+R4,0.0000,,"(0.2637,0.2172) (0.3416,0.6451) (0.2684,1.4287) (0.1263,2.6831)","LG+I{0.0000}+R4{0.2637,0.2172,0.3416,0.6451,0.2684,1.4287,0.1263,2.6831}"
YMR277W,LG+I+G4,0.0533,1.3450,,LG+I{0.0533}+G4{1.3450}
YGL022W,LG+F+I+R4,0.0000,,"(0.5263,0.0710) (0.2310,0.7181) (0.1602,2.2156) (0.0825,5.3549)","LG+F+I{0.0000}+R4{0.5263,0.0710,0.2310,0.7181,0.1602,2.2156,0.0825,5.3549}"
YGL227W,LG+F+I+R4,0.0000,,"(0.0729,0.0921) (0.1864,0.3786) (0.3537,0.7948) (0.3870,1.6580)","LG+F+I{0.0000}+R4{0.0729,0.0921,0.1864,0.3786,0.3537,0.7948,0.3870,1.6580}"
YIR002C,LG+I+G4,0.1254,0.5116,,LG+I{0.1254}+G4{0.5116}
YDL035C,LG+I+R4,0.0014,,"(0.1296,0.1366) (0.3030,0.4606) (0.2852,1.0286) (0.2809,1.9562)","LG+I{0.0014}+R4{0.1296,0.1366,0.3030,0.4606,0.2852,1.0286,0.2809,1.9562}"
YDR458C,LG+I+G4,0.0000,1.1742,,LG+I{0.0000}+G4{1.1742}
YGL027C,LG+I+G4,0.0182,1.2747,,LG+I{0.0182}+G4{1.2747}
YNL298W,LG+I+G4,0.0000,2.3876,,LG+I{0.0000}+G4{2.3876}
YER020W,LG+F+I+R4,0.0034,,"(0.3229,0.1023) (0.2704,0.4459) (0.2385,1.2060) (0.1649,3.3895)","LG+F+I{0.0034}+R4{0.3229,0.1023,0.2704,0.4459,0.2385,1.2060,0.1649,3.3895}"
YKL010C,LG+F+I+R4,0.0100,,"(0.2812,0.1011) (0.2288,0.4880) (0.2409,1.1796) (0.2391,2.4080)","LG+F+I{0.0100}+R4{0.2812,0.1011,0.2288,0.4880,0.2409,1.1796,0.2391,2.4080}"
YFR050C,LG+I+G4,0.0337,0.9321,,LG+I{0.0337}+G4{0.9321}
YHR040W,JTT+G4,,0.8032,,JTT+G4{0.8032}
YPL093W,LG+I+G4,0.3537,0.7282,,LG+I{0.3537}+G4{0.7282}
YAL029C,LG+F+I+G4,0.2297,0.6470,,LG+F+I{0.2297}+G4{0.6470}
YOR163W,LG+I+G4,0.1483,0.9512,,LG+I{0.1483}+G4{0.9512}
YIL107C,LG+F+I+R4,0.0030,,"(0.1399,0.0438) (0.2805,0.3562) (0.3849,0.9571) (0.1917,2.7422)","LG+F+I{0.0030}+R4{0.1399,0.0438,0.2805,0.3562,0.3849,0.9571,0.1917,2.7422}"
YKL220C,LG+F+I+R4,0.0000,,"(0.1406,0.0799) (0.3692,0.5561) (0.2988,1.1026) (0.1914,2.3720)","LG+F+I{0.0000}+R4{0.1406,0.0799,0.3692,0.5561,0.2988,1.1026,0.1914,2.3720}"
YKR079C,LG+I+R4,0.0000,,"(0.1297,0.0650) (0.2078,0.3696) (0.5324,1.0985) (0.1302,2.5351)","LG+I{0.0000}+R4{0.1297,0.0650,0.2078,0.3696,0.5324,1.0985,0.1302,2.5351}"
YCR020C-A,LG+I+G4,0.0000,1.0181,,LG+I{0.0000}+G4{1.0181}
YML008C,LG+I+G4,0.1102,0.2915,,LG+I{0.1102}+G4{0.2915}
YCR047C,LG+I+G4,0.2809,0.9481,,LG+I{0.2809}+G4{0.9481}
YMR024W,LG+I+G4,0.0000,0.8719,,LG+I{0.0000}+G4{0.8719}
YHL007C,LG+I+G4,0.0000,1.1880,,LG+I{0.0000}+G4{1.1880}
YDR375C,LG+I+G4,0.1401,0.8171,,LG+I{0.1401}+G4{0.8171}
YER029C,LG+I+G4,0.1011,3.0560,,LG+I{0.1011}+G4{3.0560}
YEL038W,LG+F+I+R4,0.0385,,"(0.1993,0.0331) (0.2232,0.3503) (0.2563,1.0393) (0.2827,2.2952)","LG+F+I{0.0385}+R4{0.1993,0.0331,0.2232,0.3503,0.2563,1.0393,0.2827,2.2952}"
YBR222C,LG+I+G4,0.0730,0.8564,,LG+I{0.0730}+G4{0.8564}
YPL083C,LG+I+G4,0.0547,1.0292,,LG+I{0.0547}+G4{1.0292}
YLR335W,LG+I+G4,0.0186,0.8110,,LG+I{0.0186}+G4{0.8110}
YHR208W,LG+I+G4,0.2303,0.9196,,LG+I{0.2303}+G4{0.9196}
YCL009C,LG+I+G4,0.2134,0.3980,,LG+I{0.2134}+G4{0.3980}
YNL124W,LG+I+G4,0.0000,1.0208,,LG+I{0.0000}+G4{1.0208}
YKL085W,LG+I+G4,0.2038,0.8700,,LG+I{0.2038}+G4{0.8700}
YOR060C,LG+F+I+G4,0.0000,2.5109,,LG+F+I{0.0000}+G4{2.5109}
YGL033W,LG+I+G4,0.0000,1.1285,,LG+I{0.0000}+G4{1.1285}
YGL073W,LG+I+R4,0.0065,,"(0.3936,0.0972) (0.2548,0.6055) (0.2424,1.6000) (0.1026,4.0897)","LG+I{0.0065}+R4{0.3936,0.0972,0.2548,0.6055,0.2424,1.6000,0.1026,4.0897}"
YDR007W,LG+I+G4,0.0949,0.9904,,LG+I{0.0949}+G4{0.9904}
YOR087W,LG+F+I+G4,0.0664,0.7961,,LG+F+I{0.0664}+G4{0.7961}
YNL126W,LG+F+I+R4,0.0000,,"(0.1554,0.1916) (0.3695,0.5439) (0.2681,1.1634) (0.2070,2.2096)","LG+F+I{0.0000}+R4{0.1554,0.1916,0.3695,0.5439,0.2681,1.1634,0.2070,2.2096}"
YIR021W,LG+F+I+R4,0.0000,,"(0.0737,0.1372) (0.1944,0.3893) (0.3453,0.8326) (0.3866,1.6209)","LG+F+I{0.0000}+R4{0.0737,0.1372,0.1944,0.3893,0.3453,0.8326,0.3866,1.6209}"
YNL106C,LG+F+I+R4,0.0000,,"(0.1130,0.0345) (0.2306,0.3536) (0.3164,0.8169) (0.3400,1.9295)","LG+F+I{0.0000}+R4{0.1130,0.0345,0.2306,0.3536,0.3164,0.8169,0.3400,1.9295}"
YDL093W,LG+I+G4,0.0356,0.6961,,LG+I{0.0356}+G4{0.6961}
YPL231W,LG+I+R4,0.0046,,"(0.4231,0.1229) (0.2676,0.7731) (0.2252,1.8637) (0.0796,4.0408)","LG+I{0.0046}+R4{0.4231,0.1229,0.2676,0.7731,0.2252,1.8637,0.0796,4.0408}"
YNL128W,LG+I+G4,0.0181,0.8142,,LG+I{0.0181}+G4{0.8142}
YNL005C,LG+F+I+G4,0.0000,0.6452,,LG+F+I{0.0000}+G4{0.6452}
YDL074C,JTT+G4,,76.5619,,JTT+G4{76.5619}
YER165W,LG+F+I+R4,0.0000,,"(0.2908,0.3698) (0.3046,0.6264) (0.2767,1.3379) (0.1278,2.5921)","LG+F+I{0.0000}+R4{0.2908,0.3698,0.3046,0.6264,0.2767,1.3379,0.1278,2.5921}"
YFL029C,LG+I+R4,0.0029,,"(0.4468,0.1070) (0.2638,0.6634) (0.1548,1.7810) (0.1317,3.8078)","LG+I{0.0029}+R4{0.4468,0.1070,0.2638,0.6634,0.1548,1.7810,0.1317,3.8078}"
YPL188W,LG+I+G4,0.0973,0.8200,,LG+I{0.0973}+G4{0.8200}
YER052C,LG+I+G4,0.2851,0.8832,,LG+I{0.2851}+G4{0.8832}
YLR298C,LG+I+G4,0.0667,1.1397,,LG+I{0.0667}+G4{1.1397}
YHR119W,LG+I+G4,0.0000,2.8369,,LG+I{0.0000}+G4{2.8369}
YJL063C,LG+I+G4,0.0000,1.4192,,LG+I{0.0000}+G4{1.4192}
YPL148C,LG+I+G4,0.0908,1.1377,,LG+I{0.0908}+G4{1.1377}
YBR084W,LG+F+I+G4,0.1092,0.8360,,LG+F+I{0.1092}+G4{0.8360}
YNL022C,LG+I+G4,0.0109,1.3229,,LG+I{0.0109}+G4{1.3229}
YFL005W,LG+I+G4,0.1842,0.8223,,LG+I{0.1842}+G4{0.8223}
YBR014C,JTT+G4,,0.7153,,JTT+G4{0.7153}
YBR236C,LG+I+G4,0.0190,0.9428,,LG+I{0.0190}+G4{0.9428}
YAL003W,LG+I+G4,0.0000,0.9291,,LG+I{0.0000}+G4{0.9291}
YDR424C,LG+I+G4,0.0000,0.9096,,LG+I{0.0000}+G4{0.9096}
YNL304W,LG+I+G4,0.1504,1.6423,,LG+I{0.1504}+G4{1.6423}
YNL040W,LG+I+G4,0.0000,1.2532,,LG+I{0.0000}+G4{1.2532}
YNL178W,LG+I+G4,0.0481,0.6501,,LG+I{0.0481}+G4{0.6501}
YKL116C,LG+I+R4,0.0239,,"(0.2151,0.0561) (0.3198,0.5379) (0.2236,1.1639) (0.2176,2.5541)","LG+I{0.0239}+R4{0.2151,0.0561,0.3198,0.5379,0.2236,1.1639,0.2176,2.5541}"
YMR042W,LG+I+G4,0.1373,1.2956,,LG+I{0.1373}+G4{1.2956}
YKL215C,LG+F+I+G4,0.0240,1.0229,,LG+F+I{0.0240}+G4{1.0229}
YHR116W,LG+I+G4,0.0000,0.9525,,LG+I{0.0000}+G4{0.9525}
YDR056C,LG+F+I+G4,0.0000,3.6116,,LG+F+I{0.0000}+G4{3.6116}
YMR113W,LG+I+G4,0.0295,1.0316,,LG+I{0.0295}+G4{1.0316}
YDR419W,LG+I+G4,0.0109,1.2917,,LG+I{0.0109}+G4{1.2917}
YBR098W,LG+F+I+R4,0.0000,,"(0.0673,0.1485) (0.2331,0.4004) (0.3452,0.8593) (0.3545,1.6929)","LG+F+I{0.0000}+R4{0.0673,0.1485,0.2331,0.4004,0.3452,0.8593,0.3545,1.6929}"
YDL085W,LG+I+G4,0.0994,1.0146,,LG+I{0.0994}+G4{1.0146}
YIL126W,LG+I+G4,0.3540,0.7085,,LG+I{0.3540}+G4{0.7085}
YDR498C,LG+I+G4,0.0000,1.6574,,LG+I{0.0000}+G4{1.6574}
YGR155W,LG+I+G4,0.1143,1.0322,,LG+I{0.1143}+G4{1.0322}
YGR156W,LG+I+G4,0.0000,1.8029,,LG+I{0.0000}+G4{1.8029}
YJR126C,LG+I+R4,0.0000,,"(0.3374,0.1656) (0.2902,0.6439) (0.2627,1.4461) (0.1097,3.4404)","LG+I{0.0000}+R4{0.3374,0.1656,0.2902,0.6439,0.2627,1.4461,0.1097,3.4404}"
YMR039C,LG+I+G4,0.0684,1.0618,,LG+I{0.0684}+G4{1.0618}
YMR296C,LG+F+I+G4,0.0560,1.0604,,LG+F+I{0.0560}+G4{1.0604}
YKL171W,LG+I+G4,0.0169,0.8423,,LG+I{0.0169}+G4{0.8423}
YDR219C,LG+I+G4,0.0000,1.7571,,LG+I{0.0000}+G4{1.7571}
YOR048C,LG+I+G4,0.0948,1.3490,,LG+I{0.0948}+G4{1.3490}
YER081W,LG+I+G4,0.2457,0.6607,,LG+I{0.2457}+G4{0.6607}
YBR240C,LG+I+G4,0.0000,0.9193,,LG+I{0.0000}+G4{0.9193}
YGR109W-A,LG+I+R3,0.0000,,"(0.2690,0.4343) (0.4901,0.7909) (0.2409,2.0575)","LG+I{0.0000}+R3{0.2690,0.4343,0.4901,0.7909,0.2409,2.0575}"
YPR104C,LG+I+G4,0.0000,1.1729,,LG+I{0.0000}+G4{1.1729}
YHL003C,LG+I+G4,0.1410,0.8135,,LG+I{0.1410}+G4{0.8135}
YGR005C,LG+I+G4,0.0957,1.3531,,LG+I{0.0957}+G4{1.3531}
YIL137C,LG+F+I+R4,0.0017,,"(0.1753,0.1640) (0.2762,0.5036) (0.2487,1.0561) (0.2980,1.9109)","LG+F+I{0.0017}+R4{0.1753,0.1640,0.2762,0.5036,0.2487,1.0561,0.2980,1.9109}"
YLL060C,JTT+R2,,,"(0.4251,0.4994) (0.5749,1.3702)","JTT+R2{0.4251,0.4994,0.5749,1.3702}"
YER093C,LG+F+I+G4,0.0079,1.8871,,LG+F+I{0.0079}+G4{1.8871}
YDL028C,LG+I+G4,0.1390,0.8504,,LG+I{0.1390}+G4{0.8504}
YDL160C,LG+I+R4,0.0204,,"(0.4406,0.0474) (0.2397,0.5652) (0.2352,1.9575) (0.0641,5.9742)","LG+I{0.0204}+R4{0.4406,0.0474,0.2397,0.5652,0.2352,1.9575,0.0641,5.9742}"
YPL153C,LG+I+R4,0.0000,,"(0.3251,0.0887) (0.3239,0.4839) (0.2261,1.5134) (0.1248,3.7825)","LG+I{0.0000}+R4{0.3251,0.0887,0.3239,0.4839,0.2261,1.5134,0.1248,3.7825}"
YHR120W,LG+I+G4,0.0000,1.1215,,LG+I{0.0000}+G4{1.1215}
YBL095W,LG+I+G4,0.0000,1.4865,,LG+I{0.0000}+G4{1.4865}
YOL040C,LG+I+G4,0.1426,0.9171,,LG+I{0.1426}+G4{0.9171}
YLR172C,LG+I+G4,0.2549,0.8413,,LG+I{0.2549}+G4{0.8413}
YLR017W,LG+I+G4,0.2943,0.8547,,LG+I{0.2943}+G4{0.8547}
YEL040W,LG+I+R4,0.0000,,"(0.2800,0.1332) (0.2779,0.6274) (0.2932,1.3961) (0.1489,2.5456)","LG+I{0.0000}+R4{0.2800,0.1332,0.2779,0.6274,0.2932,1.3961,0.1489,2.5456}"
YNL284C,LG+I+G4,0.0000,1.1752,,LG+I{0.0000}+G4{1.1752}
YDL174C,LG+I+G4,0.1466,0.9308,,LG+I{0.1466}+G4{0.9308}
YMR268C,LG+I+G4,0.0000,1.4981,,LG+I{0.0000}+G4{1.4981}
YDR062W,LG+I+G4,0.1565,0.8745,,LG+I{0.1565}+G4{0.8745}
YOL080C,LG+I+G4,0.0000,0.9803,,LG+I{0.0000}+G4{0.9803}
YBR080C,LG+I+G4,0.0000,1.5838,,LG+I{0.0000}+G4{1.5838}
YDL002C,LG+I+G4,0.0000,1.4589,,LG+I{0.0000}+G4{1.4589}
YDL001W,LG+I+R4,0.0100,,"(0.3732,0.0811) (0.3275,0.4878) (0.2110,1.9482) (0.0783,5.0932)","LG+I{0.0100}+R4{0.3732,0.0811,0.3275,0.4878,0.2110,1.9482,0.0783,5.0932}"
YPR010C,LG+I+G4,0.1911,0.8819,,LG+I{0.1911}+G4{0.8819}
YFR053C,LG+I+G4,0.1463,0.8992,,LG+I{0.1463}+G4{0.8992}
YMR314W,LG+I+G4,0.0802,0.7416,,LG+I{0.0802}+G4{0.7416}
YPL138C,LG+I+G4,0.0000,1.9151,,LG+I{0.0000}+G4{1.9151}
YJL149W,LG+I+G4,0.0213,2.3685,,LG+I{0.0213}+G4{2.3685}
YGR044C,JTT+G4,,0.8052,,JTT+G4{0.8052}
YDR253C,JTT+G4,,1.0084,,JTT+G4{1.0084}
YFL016C,LG+I+G4,0.1009,0.7392,,LG+I{0.1009}+G4{0.7392}
YGL232W,LG+I+G4,0.0182,1.6333,,LG+I{0.0182}+G4{1.6333}
YFR030W,LG+I+G4,0.1745,0.9621,,LG+I{0.1745}+G4{0.9621}
YBL071W-A,LG+I+G4,0.0646,0.5177,,LG+I{0.0646}+G4{0.5177}
YDR128W,LG+I,0.2930,,,LG+I{0.2930}
YNL115C,LG+F+I+G4,0.0211,1.4949,,LG+F+I{0.0211}+G4{1.4949}
YMR242C,LG+I+G4,0.2344,0.6175,,LG+I{0.2344}+G4{0.6175}
YKL028W,LG+I+G4,0.0466,2.0302,,LG+I{0.0466}+G4{2.0302}
YDR104C,LG+F+I+G4,0.0000,1.7764,,LG+F+I{0.0000}+G4{1.7764}
YGR282C,LG+F+I+G4,0.0000,1.2936,,LG+F+I{0.0000}+G4{1.2936}
YJR024C,LG+I+G4,0.0471,0.6582,,LG+I{0.0471}+G4{0.6582}
YJR063W,LG+I+G4,0.2304,0.8772,,LG+I{0.2304}+G4{0.8772}
YJR137C,LG+I+G4,0.0873,0.9146,,LG+I{0.0873}+G4{0.9146}
YLR275W,LG+I+G4,0.0000,1.0407,,LG+I{0.0000}+G4{1.0407}
YBR229C,LG+F+I+G4,0.0715,0.8863,,LG+F+I{0.0715}+G4{0.8863}
YOR251C,LG+I+G4,0.0813,0.9859,,LG+I{0.0813}+G4{0.9859}
YAL044C,LG+I+G4,0.0001,0.7904,,LG+I{0.0001}+G4{0.7904}
YMR189W,LG+F+I+G4,0.2028,0.8943,,LG+F+I{0.2028}+G4{0.8943}
YDR477W,LG+I+R4,0.0114,,"(0.4913,0.0893) (0.3106,0.7146) (0.1507,2.7860) (0.0360,8.7278)","LG+I{0.0114}+R4{0.4913,0.0893,0.3106,0.7146,0.1507,2.7860,0.0360,8.7278}"
YGL085W,LG+I+G4,0.0000,0.8855,,LG+I{0.0000}+G4{0.8855}
YJR072C,LG+I+G4,0.2594,0.5931,,LG+I{0.2594}+G4{0.5931}
YBR251W,LG+I+G4,0.0423,1.0779,,LG+I{0.0423}+G4{1.0779}
YDR258C,LG+I+R3,0.0117,,"(0.6358,0.2687) (0.2043,1.2300) (0.1481,3.9006)","LG+I{0.0117}+R3{0.6358,0.2687,0.2043,1.2300,0.1481,3.9006}"
YFR031C,LG+F+I+G4,0.1021,0.8148,,LG+F+I{0.1021}+G4{0.8148}
YGL112C,LG+I+G4,0.0316,0.9749,,LG+I{0.0316}+G4{0.9749}
YIL144W,LG+I+G4,0.0000,1.9652,,LG+I{0.0000}+G4{1.9652}
YBR115C,LG+I+G4,0.1413,0.9780,,LG+I{0.1413}+G4{0.9780}
YDR533C,LG+I+G4,0.0113,1.9079,,LG+I{0.0113}+G4{1.9079}
YIL105C,LG+I+R4,0.0031,,"(0.1913,0.1315) (0.3535,0.6171) (0.2636,1.2600) (0.1885,2.2520)","LG+I{0.0031}+R4{0.1913,0.1315,0.3535,0.6171,0.2636,1.2600,0.1885,2.2520}"
YJL127C,LG+I+G4,0.1506,0.9087,,LG+I{0.1506}+G4{0.9087}
YOR265W,LG+F+I+G4,0.0000,1.8282,,LG+F+I{0.0000}+G4{1.8282}
YGR166W,LG+F+I+R4,0.0000,,"(0.0328,0.1198) (0.1875,0.4022) (0.3229,0.7966) (0.4568,1.4522)","LG+F+I{0.0000}+R4{0.0328,0.1198,0.1875,0.4022,0.3229,0.7966,0.4568,1.4522}"
YDL236W,LG+I+G4,0.0218,0.6957,,LG+I{0.0218}+G4{0.6957}
YPL010W,LG+I+G4,0.0527,1.0533,,LG+I{0.0527}+G4{1.0533}
YDR082W,LG+I+G4,0.0108,1.4292,,LG+I{0.0108}+G4{1.4292}
YKL032C,LG+I+G4,0.0000,3.6845,,LG+I{0.0000}+G4{3.6845}
YKL034W,LG+F+I+G4,0.0096,1.0776,,LG+F+I{0.0096}+G4{1.0776}
YOR032C,LG+I+G4,0.0000,0.7333,,LG+I{0.0000}+G4{0.7333}
YDL092W,LG+F+I+G4,0.0190,1.0139,,LG+F+I{0.0190}+G4{1.0139}
YOR036W,LG+F+I+G4,0.0000,2.5093,,LG+F+I{0.0000}+G4{2.5093}
YDL064W,LG+I+G4,0.1379,0.6984,,LG+I{0.1379}+G4{0.6984}
YOL072W,LG+I+G4,0.0000,1.8641,,LG+I{0.0000}+G4{1.8641}
YLR243W,LG+I+G4,0.1717,1.0567,,LG+I{0.1717}+G4{1.0567}
YHR200W,LG+I+G4,0.0223,0.8079,,LG+I{0.0223}+G4{0.8079}
YBR023C,LG+I+R4,0.0082,,"(0.2058,0.1290) (0.3249,0.4696) (0.2506,1.1032) (0.2105,2.5862)","LG+I{0.0082}+R4{0.2058,0.1290,0.3249,0.4696,0.2506,1.1032,0.2105,2.5862}"
YDL225W,LG+I+G4,0.0351,1.0255,,LG+I{0.0351}+G4{1.0255}
YMR239C,LG+F+I+G4,0.0000,3.3332,,LG+F+I{0.0000}+G4{3.3332}
YMR290C,LG+I+R3,0.0320,,"(0.5435,0.1481) (0.2981,1.1209) (0.1264,4.6297)","LG+I{0.0320}+R3{0.5435,0.1481,0.2981,1.1209,0.1264,4.6297}"
YFR034C,LG+I+R4,0.0000,,"(0.4418,0.0946) (0.2429,0.5223) (0.1610,1.6254) (0.1543,3.6926)","LG+I{0.0000}+R4{0.4418,0.0946,0.2429,0.5223,0.1610,1.6254,0.1543,3.6926}"
YAL034C,LG+I+R4,0.0000,,"(0.4412,0.0917) (0.2739,0.5902) (0.1782,1.8680) (0.1067,4.3581)","LG+I{0.0000}+R4{0.4412,0.0917,0.2739,0.5902,0.1782,1.8680,0.1067,4.3581}"
YMR286W,LG+I+G4,0.0242,1.4849,,LG+I{0.0242}+G4{1.4849}
YDL037C,LG+F+I+G4,0.0000,3.9264,,LG+F+I{0.0000}+G4{3.9264}
YPL164C,LG+I+G4,0.0000,1.2180,,LG+I{0.0000}+G4{1.2180}
YDL084W,LG+I+G4,0.2878,0.7310,,LG+I{0.2878}+G4{0.7310}
YBR239C,LG+I+G4,0.0000,0.7515,,LG+I{0.0000}+G4{0.7515}
YOR057W,LG+I+G4,0.0716,2.0611,,LG+I{0.0716}+G4{2.0611}
YFR033C,LG+I+G4,0.0161,0.8746,,LG+I{0.0161}+G4{0.8746}
YGR271W,LG+I+G4,0.2998,0.6490,,LG+I{0.2998}+G4{0.6490}
YAL001C,LG+I+R4,0.0000,,"(0.0705,0.0857) (0.2872,0.4831) (0.2810,0.9406) (0.3613,1.6356)","LG+I{0.0000}+R4{0.0705,0.0857,0.2872,0.4831,0.2810,0.9406,0.3613,1.6356}"
YLR126C,LG+I+G4,0.0444,0.9550,,LG+I{0.0444}+G4{0.9550}
YMR186W,LG+I+G4,0.3534,0.7591,,LG+I{0.3534}+G4{0.7591}
YNL023C,LG+I+G4,0.0000,1.3909,,LG+I{0.0000}+G4{1.3909}
YPL270W,LG+I+G4,0.0000,1.4280,,LG+I{0.0000}+G4{1.4280}
YHR189W,LG+I+G4,0.0000,0.9924,,LG+I{0.0000}+G4{0.9924}
YFL007W,LG+I+G4,0.0121,1.2665,,LG+I{0.0121}+G4{1.2665}
YML088W,LG+I+G4,0.0000,1.2571,,LG+I{0.0000}+G4{1.2571}
YOL140W,LG+F+I+R4,0.0017,,"(0.3274,0.0802) (0.3512,0.6574) (0.2252,1.8120) (0.0945,3.5423)","LG+F+I{0.0017}+R4{0.3274,0.0802,0.3512,0.6574,0.2252,1.8120,0.0945,3.5423}"
Q0250,LG+I+G4,0.1212,0.7089,,LG+I{0.1212}+G4{0.7089}
YNL321W,LG+F+I+R4,0.0000,,"(0.1291,0.0499) (0.2353,0.5408) (0.2992,0.8987) (0.3364,1.7760)","LG+F+I{0.0000}+R4{0.1291,0.0499,0.2353,0.5408,0.2992,0.8987,0.3364,1.7760}"
YOR191W,LG+F+I+G4,0.0714,1.0278,,LG+F+I{0.0714}+G4{1.0278}
YJR101W,LG+I+G4,0.0000,1.4193,,LG+I{0.0000}+G4{1.4193}
YGL023C,LG+I+R4,0.0160,,"(0.2516,0.0434) (0.1368,0.3313) (0.3234,1.1083) (0.2721,2.1511)","LG+I{0.0160}+R4{0.2516,0.0434,0.1368,0.3313,0.3234,1.1083,0.2721,2.1511}"
YHR089C,LG+I+G4,0.1568,0.6042,,LG+I{0.1568}+G4{0.6042}
YMR073C,LG+I+G4,0.0000,0.7892,,LG+I{0.0000}+G4{0.7892}
YOR027W,LG+I+G4,0.0203,1.3089,,LG+I{0.0203}+G4{1.3089}
YKR006C,LG+F+I+G4,0.0000,1.5798,,LG+F+I{0.0000}+G4{1.5798}
YGL008C,LG+I+G4,0.3292,0.9799,,LG+I{0.3292}+G4{0.9799}
YOR261C,LG+I+G4,0.0452,0.6441,,LG+I{0.0452}+G4{0.6441}
YDR194C,LG+I+G4,0.0887,0.7992,,LG+I{0.0887}+G4{0.7992}
YKL067W,LG+I+G4,0.2334,0.6389,,LG+I{0.2334}+G4{0.6389}
YGR163W,LG+I+G4,0.0213,0.9524,,LG+I{0.0213}+G4{0.9524}
YDL056W,LG+I+R4,0.0000,,"(0.5321,0.1064) (0.3039,0.7631) (0.0864,2.8208) (0.0776,6.0259)","LG+I{0.0000}+R4{0.5321,0.1064,0.3039,0.7631,0.0864,2.8208,0.0776,6.0259}"
YDR400W,LG+I+R4,0.0096,,"(0.1021,0.0624) (0.3000,0.4001) (0.2729,0.9655) (0.3154,1.9342)","LG+I{0.0096}+R4{0.1021,0.0624,0.3000,0.4001,0.2729,0.9655,0.3154,1.9342}"
YKL029C,LG+I+G4,0.0854,0.6715,,LG+I{0.0854}+G4{0.6715}
YDL134C,LG+I+G4,0.3545,0.6954,,LG+I{0.3545}+G4{0.6954}
YMR291W,LG+I+G4,0.0681,1.0808,,LG+I{0.0681}+G4{1.0808}
YDR232W,LG+I+G4,0.2852,0.8356,,LG+I{0.2852}+G4{0.8356}
YML098W,LG+I+G4,0.0000,2.3769,,LG+I{0.0000}+G4{2.3769}
YLR433C,LG+I+G4,0.1291,0.6993,,LG+I{0.1291}+G4{0.6993}
YDR124W,LG+F+I+G4,0.0000,9.6496,,LG+F+I{0.0000}+G4{9.6496}
YBR208C,LG+I+G4,0.1434,0.8103,,LG+I{0.1434}+G4{0.8103}
YNL138W,LG+F+I+G4,0.0179,1.4050,,LG+F+I{0.0179}+G4{1.4050}
YKR001C,LG+I+G4,0.4036,0.4827,,LG+I{0.4036}+G4{0.4827}
YHR193C,LG+I+G4,0.0218,1.2568,,LG+I{0.0218}+G4{1.2568}
YJL173C,LG+I+G4,0.0215,1.6742,,LG+I{0.0215}+G4{1.6742}
YLR355C,LG+I+G4,0.2682,0.9336,,LG+I{0.2682}+G4{0.9336}
YLR205C,LG+I+G4,0.0868,1.0577,,LG+I{0.0868}+G4{1.0577}
YPR100W,LG+I+R3,0.0271,,"(0.1143,0.1102) (0.3303,0.5329) (0.5283,1.5359)","LG+I{0.0271}+R3{0.1143,0.1102,0.3303,0.5329,0.5283,1.5359}"
YKR088C,LG+F+I+G4,0.0283,0.9852,,LG+F+I{0.0283}+G4{0.9852}
YCL032W,LG+I+G4,0.0000,1.6104,,LG+I{0.0000}+G4{1.6104}
YML064C,LG+I+R4,0.0000,,"(0.3977,0.2379) (0.4305,0.8674) (0.1282,2.1796) (0.0436,5.7969)","LG+I{0.0000}+R4{0.3977,0.2379,0.4305,0.8674,0.1282,2.1796,0.0436,5.7969}"
YDR052C,LG+I+G4,0.0000,1.9874,,LG+I{0.0000}+G4{1.9874}
YOL034W,LG+F+I+R4,0.0110,,"(0.1376,0.0961) (0.2160,0.4198) (0.2550,0.9102) (0.3803,1.7458)","LG+F+I{0.0110}+R4{0.1376,0.0961,0.2160,0.4198,0.2550,0.9102,0.3803,1.7458}"
YMR167W,LG+I+G4,0.1761,0.6788,,LG+I{0.1761}+G4{0.6788}
YGL158W,LG+I+R4,0.0015,,"(0.3896,0.1248) (0.2467,0.4879) (0.1966,1.3509) (0.1657,3.4134)","LG+I{0.0015}+R4{0.3896,0.1248,0.2467,0.4879,0.1966,1.3509,0.1657,3.4134}"
YCR030C,LG+F+I+R4,0.0000,,"(0.1498,0.1101) (0.3181,0.4738) (0.2993,1.0573) (0.2328,2.2180)","LG+F+I{0.0000}+R4{0.1498,0.1101,0.3181,0.4738,0.2993,1.0573,0.2328,2.2180}"
YCR061W,LG+I+G4,0.0091,1.8053,,LG+I{0.0091}+G4{1.8053}
YPR183W,LG+I+R4,0.0000,,"(0.4328,0.1666) (0.2301,0.6323) (0.1960,1.4383) (0.1411,3.5486)","LG+I{0.0000}+R4{0.4328,0.1666,0.2301,0.6323,0.1960,1.4383,0.1411,3.5486}"
YMR015C,LG+I+G4,0.2137,0.8900,,LG+I{0.2137}+G4{0.8900}
YGR095C,LG+I+R4,0.0044,,"(0.1494,0.0767) (0.3487,0.5155) (0.3259,1.1253) (0.1718,2.5738)","LG+I{0.0044}+R4{0.1494,0.0767,0.3487,0.5155,0.3259,1.1253,0.1718,2.5738}"
YDL231C,LG+I+G4,0.0226,1.3976,,LG+I{0.0226}+G4{1.3976}
YGL055W,LG+I+G4,0.0588,1.0182,,LG+I{0.0588}+G4{1.0182}
YNR046W,LG+I+G4,0.0000,1.7075,,LG+I{0.0000}+G4{1.7075}
YJR004C,LG+I+R4,0.0000,,"(0.0815,0.1528) (0.1745,0.4996) (0.4308,0.9278) (0.3132,1.5986)","LG+I{0.0000}+R4{0.0815,0.1528,0.1745,0.4996,0.4308,0.9278,0.3132,1.5986}"
YKL194C,LG+I+R4,0.0562,,"(0.3069,0.0535) (0.1699,0.4451) (0.2052,1.2434) (0.2618,2.4935)","LG+I{0.0562}+R4{0.3069,0.0535,0.1699,0.4451,0.2052,1.2434,0.2618,2.4935}"
YPR033C,LG+I+R4,0.0000,,"(0.5990,0.1073) (0.2020,0.9515) (0.1474,2.7878) (0.0516,6.4482)","LG+I{0.0000}+R4{0.5990,0.1073,0.2020,0.9515,0.1474,2.7878,0.0516,6.4482}"
YIR007W,LG+I+G4,0.0931,0.8857,,LG+I{0.0931}+G4{0.8857}
YDR081C,LG+I+R4,0.0000,,"(0.1130,0.1306) (0.3505,0.4576) (0.4813,1.1801) (0.0551,4.6609)","LG+I{0.0000}+R4{0.1130,0.1306,0.3505,0.4576,0.4813,1.1801,0.0551,4.6609}"
YDR299W,LG+I+G4,0.0497,1.0409,,LG+I{0.0497}+G4{1.0409}
YKL182W,LG+F+I+G4,0.0510,1.0903,,LG+F+I{0.0510}+G4{1.0903}
YLR032W,LG+I+G4,0.0000,1.8315,,LG+I{0.0000}+G4{1.8315}
YAL049C,LG+I+G4,0.0626,1.0037,,LG+I{0.0626}+G4{1.0037}
YOL149W,LG+I+G4,0.0587,1.2983,,LG+I{0.0587}+G4{1.2983}
YCR033W,LG+I+G4,0.0000,0.9114,,LG+I{0.0000}+G4{0.9114}
YMR300C,LG+I+G4,0.2555,0.6309,,LG+I{0.2555}+G4{0.6309}
YNL245C,LG+I+G4,0.0000,1.1046,,LG+I{0.0000}+G4{1.1046}
YOR056C,LG+I+G4,0.0881,0.9039,,LG+I{0.0881}+G4{0.9039}
YAL048C,LG+I+R4,0.0000,,"(0.3987,0.2286) (0.2778,0.6414) (0.2170,1.4872) (0.1065,3.8298)","LG+I{0.0000}+R4{0.3987,0.2286,0.2778,0.6414,0.2170,1.4872,0.1065,3.8298}"
YGR021W,LG+I+G4,0.0055,1.0759,,LG+I{0.0055}+G4{1.0759}
YFL047W,LG+I+G4,0.0000,1.6912,,LG+I{0.0000}+G4{1.6912}
YMR161W,LG+I+G4,0.0996,0.8183,,LG+I{0.0996}+G4{0.8183}
YGL040C,LG+I+G4,0.1716,0.7462,,LG+I{0.1716}+G4{0.7462}
YNR064C,LG+I+G4,0.0957,1.0361,,LG+I{0.0957}+G4{1.0361}
YIL139C,LG+I+G4,0.0000,1.8577,,LG+I{0.0000}+G4{1.8577}
YNL244C,JTT+G4,,0.3125,,JTT+G4{0.3125}
YJL016W,LG+I+G4,0.0000,1.2738,,LG+I{0.0000}+G4{1.2738}
YDR031W,LG+I+G4,0.0000,1.5196,,LG+I{0.0000}+G4{1.5196}
YBR270C,LG+F+I+G4,0.0000,1.9305,,LG+F+I{0.0000}+G4{1.9305}
YLR310C,LG+I+G4,0.0000,1.3321,,LG+I{0.0000}+G4{1.3321}
YNL007C,LG+I+G4,0.1085,0.8878,,LG+I{0.1085}+G4{0.8878}
YGR181W,LG+I+G4,0.0261,0.6688,,LG+I{0.0261}+G4{0.6688}
YDR313C,LG+I+G4,0.0000,0.7599,,LG+I{0.0000}+G4{0.7599}
YJL020C,LG+I+G4,0.0971,0.8252,,LG+I{0.0971}+G4{0.8252}
YIL140W,LG+I+G4,0.0520,1.6031,,LG+I{0.0520}+G4{1.6031}
YOR020C,LG+I+G4,0.0124,0.8349,,LG+I{0.0124}+G4{0.8349}
YGR058W,LG+I+G4,0.0000,1.2635,,LG+I{0.0000}+G4{1.2635}
YIL131C,LG+I+R4,0.0000,,"(0.5627,0.1894) (0.1831,0.9312) (0.1464,1.8849) (0.1078,4.1465)","LG+I{0.0000}+R4{0.5627,0.1894,0.1831,0.9312,0.1464,1.8849,0.1078,4.1465}"
YGL244W,LG+I+G4,0.0208,1.7284,,LG+I{0.0208}+G4{1.7284}
YMR080C,LG+I+G4,0.1448,0.9428,,LG+I{0.1448}+G4{0.9428}
YKL154W,LG+F+I+R4,0.0002,,"(0.0870,0.0393) (0.2342,0.3396) (0.3038,0.8207) (0.3747,1.7817)","LG+F+I{0.0002}+R4{0.0870,0.0393,0.2342,0.3396,0.3038,0.8207,0.3747,1.7817}"
YDR351W,JTT+F+R4,,,"(0.0165,0.0717) (0.2322,0.4202) (0.4252,0.8841) (0.3261,1.6111)","JTT+F+R4{0.0165,0.0717,0.2322,0.4202,0.4252,0.8841,0.3261,1.6111}"
YER031C,LG+I+R4,0.0000,,"(0.4535,0.1296) (0.2950,0.6643) (0.1481,1.7277) (0.1034,4.7345)","LG+I{0.0000}+R4{0.4535,0.1296,0.2950,0.6643,0.1481,1.7277,0.1034,4.7345}"
YDR098C,LG+I+G4,0.0299,1.0600,,LG+I{0.0299}+G4{1.0600}
YNL152W,LG+I+G4,0.0000,2.0867,,LG+I{0.0000}+G4{2.0867}
YPL242C,LG+I+G4,0.0923,1.2659,,LG+I{0.0923}+G4{1.2659}
YJR010W,LG+I+G4,0.2040,0.9624,,LG+I{0.2040}+G4{0.9624}
YKL186C,LG+F+I+G4,0.0141,1.9693,,LG+F+I{0.0141}+G4{1.9693}
YNL218W,LG+I+G4,0.0000,0.8417,,LG+I{0.0000}+G4{0.8417}
YJR092W,LG+I+G4,0.0000,1.3604,,LG+I{0.0000}+G4{1.3604}
YER175C,LG+I+R4,0.0039,,"(0.3997,0.1146) (0.2150,0.4921) (0.1986,1.4837) (0.1829,3.0284)","LG+I{0.0039}+R4{0.3997,0.1146,0.2150,0.4921,0.1986,1.4837,0.1829,3.0284}"
YPR026W,LG+I+G4,0.0000,2.6108,,LG+I{0.0000}+G4{2.6108}
YCR105W,LG+I+G4,0.0598,0.8714,,LG+I{0.0598}+G4{0.8714}
YFL044C,LG+I+G4,0.0064,0.8093,,LG+I{0.0064}+G4{0.8093}
YLR231C,LG+I+G4,0.0649,0.7547,,LG+I{0.0649}+G4{0.7547}
YOL114C,LG+I+G4,0.0000,0.8180,,LG+I{0.0000}+G4{0.8180}
YKL057C,LG+F+I+G4,0.0000,3.7062,,LG+F+I{0.0000}+G4{3.7062}
YGL184C,LG+I+G4,0.1118,0.8547,,LG+I{0.1118}+G4{0.8547}
YLR286C,LG+I+R4,0.0106,,"(0.1752,0.0399) (0.2720,0.4372) (0.3285,1.1157) (0.2137,2.3756)","LG+I{0.0106}+R4{0.1752,0.0399,0.2720,0.4372,0.3285,1.1157,0.2137,2.3756}"
YNL210W,LG+I+G4,0.0002,0.8739,,LG+I{0.0002}+G4{0.8739}
YGL037C,LG+I+G4,0.1331,0.8802,,LG+I{0.1331}+G4{0.8802}
YIL007C,LG+I+G4,0.0035,0.8922,,LG+I{0.0035}+G4{0.8922}
YBL005W,LG+I,0.0000,,,LG+I{0.0000}
YLR011W,LG+I+G4,0.1039,1.5756,,LG+I{0.1039}+G4{1.5756}
YHR143W-A,LG+I+G4,0.2468,1.3349,,LG+I{0.2468}+G4{1.3349}
YGR028W,LG+I+G4,0.0689,1.2376,,LG+I{0.0689}+G4{1.2376}
YML059C,LG+I+G4,0.0000,0.9272,,LG+I{0.0000}+G4{0.9272}
YMR199W,LG+I+R4,0.0000,,"(0.1793,0.1390) (0.2454,0.5074) (0.3603,1.1000) (0.2150,2.1130)","LG+I{0.0000}+R4{0.1793,0.1390,0.2454,0.5074,0.3603,1.1000,0.2150,2.1130}"
YHR003C,LG+I+G4,0.0367,0.8292,,LG+I{0.0367}+G4{0.8292}
YHR151C,LG+F+I+G4,0.0055,1.8693,,LG+F+I{0.0055}+G4{1.8693}
YPL190C,LG+I+G4,0.0000,1.1905,,LG+I{0.0000}+G4{1.1905}
YLL041C,LG+I+G4,0.4176,0.7676,,LG+I{0.4176}+G4{0.7676}
YDL185W,LG+I+G4,0.2590,0.4357,,LG+I{0.2590}+G4{0.4357}
YDR168W,LG+I+G4,0.0000,0.6456,,LG+I{0.0000}+G4{0.6456}
YER090W,LG+I+G4,0.1316,1.0553,,LG+I{0.1316}+G4{1.0553}
YFR018C,LG+I+G4,0.0940,1.0946,,LG+I{0.0940}+G4{1.0946}
YGL234W,LG+I+G4,0.1447,0.9094,,LG+I{0.1447}+G4{0.9094}
YHL015W,LG+I+G4,0.1177,0.6706,,LG+I{0.1177}+G4{0.6706}
YBR215W,LG+I+G4,0.1738,0.8088,,LG+I{0.1738}+G4{0.8088}
YPL169C,LG+I+G4,0.0000,1.3993,,LG+I{0.0000}+G4{1.3993}
YNL063W,LG+I+G4,0.0000,0.8527,,LG+I{0.0000}+G4{0.8527}
YLR176C,LG+I+G4,0.0179,1.1640,,LG+I{0.0179}+G4{1.1640}
YPL133C,JTT+G4,,0.8041,,JTT+G4{0.8041}
YLR418C,LG+F+I+G4,0.0000,3.0209,,LG+F+I{0.0000}+G4{3.0209}
YCL008C,LG+I+G4,0.0064,1.4805,,LG+I{0.0064}+G4{1.4805}
YIL070C,LG+F+I+R4,0.0000,,"(0.0909,0.1307) (0.2714,0.4549) (0.3260,0.9711) (0.3118,1.7581)","LG+F+I{0.0000}+R4{0.0909,0.1307,0.2714,0.4549,0.3260,0.9711,0.3118,1.7581}"
YKL126W,LG+I+R4,0.0000,,"(0.6527,0.1612) (0.1478,1.0278) (0.1329,2.5929) (0.0666,5.9778)","LG+I{0.0000}+R4{0.6527,0.1612,0.1478,1.0278,0.1329,2.5929,0.0666,5.9778}"
YHR098C,LG+I+G4,0.2273,0.9167,,LG+I{0.2273}+G4{0.9167}
YCR095C,LG+I+G4,0.0299,1.2194,,LG+I{0.0299}+G4{1.2194}
YML021C,LG+I+R4,0.0000,,"(0.4523,0.1496) (0.2173,0.6999) (0.2134,1.6418) (0.1170,3.6752)","LG+I{0.0000}+R4{0.4523,0.1496,0.2173,0.6999,0.2134,1.6418,0.1170,3.6752}"
YLR359W,LG+I+G4,0.3944,0.7729,,LG+I{0.3944}+G4{0.7729}
YGR019W,LG+F+I+R4,0.0302,,"(0.2532,0.0769) (0.2836,0.5026) (0.2192,1.2487) (0.2138,2.6393)","LG+F+I{0.0302}+R4{0.2532,0.0769,0.2836,0.5026,0.2192,1.2487,0.2138,2.6393}"
YPL183W-A,LG+I+G4,0.0238,1.0577,,LG+I{0.0238}+G4{1.0577}
YGR125W,LG+I+G4,0.0451,0.8160,,LG+I{0.0451}+G4{0.8160}
YCL017C,LG+I+G4,0.3514,0.7297,,LG+I{0.3514}+G4{0.7297}
YMR158W,LG+I+G4,0.0337,0.8585,,LG+I{0.0337}+G4{0.8585}
YBR033W,LG+I+G4,0.2073,0.6031,,LG+I{0.2073}+G4{0.6031}
YLL035W,LG+I+G4,0.0066,1.1093,,LG+I{0.0066}+G4{1.1093}
YGL147C,LG+I+G4,0.2126,0.8530,,LG+I{0.2126}+G4{0.8530}
YIL143C,LG+I+G4,0.1113,0.5742,,LG+I{0.1113}+G4{0.5742}
YNL113W,LG+I+R4,0.0069,,"(0.4990,0.1127) (0.2170,0.7053) (0.2426,2.3728) (0.0346,6.2260)","LG+I{0.0069}+R4{0.4990,0.1127,0.2170,0.7053,0.2426,2.3728,0.0346,6.2260}"
YOL077C,LG+I+G4,0.0748,0.6783,,LG+I{0.0748}+G4{0.6783}
YNR036C,LG+I+G4,0.1267,0.6315,,LG+I{0.1267}+G4{0.6315}
YLR425W,LG+I+G4,0.0000,2.9129,,LG+I{0.0000}+G4{2.9129}
YLR107W,LG+I+R4,0.0071,,"(0.2370,0.0733) (0.3355,0.5683) (0.2572,1.3631) (0.1632,2.7038)","LG+I{0.0071}+R4{0.2370,0.0733,0.3355,0.5683,0.2572,1.3631,0.1632,2.7038}"
YDL086W,LG+I+R4,0.0103,,"(0.3485,0.0583) (0.3048,0.5733) (0.2569,1.7612) (0.0795,4.4358)","LG+I{0.0103}+R4{0.3485,0.0583,0.3048,0.5733,0.2569,1.7612,0.0795,4.4358}"
YNL111C,LG+I+G4,0.0046,0.9208,,LG+I{0.0046}+G4{0.9208}
YEL050C,LG+I+G4,0.2138,0.8292,,LG+I{0.2138}+G4{0.8292}
YEL002C,LG+F+I+R4,0.0010,,"(0.1546,0.1596) (0.3171,0.5449) (0.3040,1.1038) (0.2233,2.0910)","LG+F+I{0.0010}+R4{0.1546,0.1596,0.3171,0.5449,0.3040,1.1038,0.2233,2.0910}"
YBR155W,LG+F+I+R4,0.0000,,"(0.1275,0.3843) (0.3965,0.7617) (0.4036,1.2249) (0.0724,2.1352)","LG+F+I{0.0000}+R4{0.1275,0.3843,0.3965,0.7617,0.4036,1.2249,0.0724,2.1352}"
YDL017W,LG+F+I+G4,0.0641,0.8347,,LG+F+I{0.0641}+G4{0.8347}
YOL061W,LG+I+G4,0.0422,0.6004,,LG+I{0.0422}+G4{0.6004}
YDR170C,LG+I+G4,0.0932,0.8674,,LG+I{0.0932}+G4{0.8674}
YLR330W,LG+I+R3,0.0000,,"(0.5279,0.1531) (0.3451,0.9568) (0.1270,4.6366)","LG+I{0.0000}+R3{0.5279,0.1531,0.3451,0.9568,0.1270,4.6366}"
YOR258W,LG+I+G4,0.0678,1.8350,,LG+I{0.0678}+G4{1.8350}
YGR264C,LG+F+I+G4,0.0000,1.3095,,LG+F+I{0.0000}+G4{1.3095}
YDR248C,LG+I+R4,0.0058,,"(0.2048,0.0918) (0.2463,0.4563) (0.2344,1.0081) (0.3087,2.0490)","LG+I{0.0058}+R4{0.2048,0.0918,0.2463,0.4563,0.2344,1.0081,0.3087,2.0490}"
YNL099C,LG+I+G4,0.0012,0.7040,,LG+I{0.0012}+G4{0.7040}
YGR208W,LG+I+R4,0.0072,,"(0.2706,0.1600) (0.3086,0.5255) (0.2106,1.2936) (0.2029,2.5727)","LG+I{0.0072}+R4{0.2706,0.1600,0.3086,0.5255,0.2106,1.2936,0.2029,2.5727}"
YDL105W,LG+I+G4,0.0000,1.6080,,LG+I{0.0000}+G4{1.6080}
YKL160W,LG+I+G4,0.0512,1.1976,,LG+I{0.0512}+G4{1.1976}
YNR074C,LG+F+I+G4,0.0245,1.9273,,LG+F+I{0.0245}+G4{1.9273}
YDL048C,LG+I+G4,0.1619,0.6540,,LG+I{0.1619}+G4{0.6540}
YDR076W,LG+I+G4,0.0000,1.5160,,LG+I{0.0000}+G4{1.5160}
YHR012W,LG+I+G4,0.0003,1.0787,,LG+I{0.0003}+G4{1.0787}
YJL194W,LG+F+I+G4,0.0270,0.9714,,LG+F+I{0.0270}+G4{0.9714}
YBR034C,LG+I+G4,0.2765,0.9216,,LG+I{0.2765}+G4{0.9216}
YLR420W,LG+I+G4,0.2355,1.1308,,LG+I{0.2355}+G4{1.1308}
YDL209C,LG+I+G4,0.1523,1.3032,,LG+I{0.1523}+G4{1.3032}
YMR304W,LG+I+G4,0.0502,1.1347,,LG+I{0.0502}+G4{1.1347}
YDR430C,LG+I+G4,0.0243,1.0321,,LG+I{0.0243}+G4{1.0321}
YNL026W,LG+F+I+R4,0.0000,,"(0.1545,0.2012) (0.2913,0.5495) (0.3131,1.0527) (0.2411,1.9880)","LG+F+I{0.0000}+R4{0.1545,0.2012,0.2913,0.5495,0.3131,1.0527,0.2411,1.9880}"
YNL320W,LG+I+G4,0.0565,0.8984,,LG+I{0.0565}+G4{0.8984}
YDR399W,LG+I+G4,0.1016,0.4936,,LG+I{0.1016}+G4{0.4936}
YGL120C,LG+I+G4,0.4358,0.6436,,LG+I{0.4358}+G4{0.6436}
YLR078C,LG+I+G4,0.0271,1.2010,,LG+I{0.0271}+G4{1.2010}
YBL022C,LG+I+G4,0.2090,0.8524,,LG+I{0.2090}+G4{0.8524}
YJL030W,LG+I+G4,0.0034,0.8641,,LG+I{0.0034}+G4{0.8641}
YHR148W,LG+I+G4,0.0000,1.1066,,LG+I{0.0000}+G4{1.1066}
YJR127C,LG+F+I+R4,0.0000,,"(0.1148,0.1381) (0.3834,0.4746) (0.3473,1.0584) (0.1545,2.8126)","LG+F+I{0.0000}+R4{0.1148,0.1381,0.3834,0.4746,0.3473,1.0584,0.1545,2.8126}"
YOR113W,JTT+R3,,,"(0.6424,0.1753) (0.2334,1.3894) (0.1241,4.5360)","JTT+R3{0.6424,0.1753,0.2334,1.3894,0.1241,4.5360}"
YDR404C,LG+I+G4,0.1262,0.7793,,LG+I{0.1262}+G4{0.7793}
YGL093W,LG+F+I+G4,0.0000,3.9748,,LG+F+I{0.0000}+G4{3.9748}
YHR190W,LG+I+G4,0.1045,0.8534,,LG+I{0.1045}+G4{0.8534}
YOR346W,LG+I+G4,0.1779,1.4259,,LG+I{0.1779}+G4{1.4259}
YGL030W,LG+I+G4,0.1289,0.9527,,LG+I{0.1289}+G4{0.9527}
YBR143C,LG+I+G4,0.3492,0.8082,,LG+I{0.3492}+G4{0.8082}
YKL048C,LG+F+I+G4,0.0486,1.2353,,LG+F+I{0.0486}+G4{1.2353}
YJR130C,LG+I+G4,0.0112,0.7979,,LG+I{0.0112}+G4{0.7979}
YOL111C,LG+I+G4,0.0000,1.3809,,LG+I{0.0000}+G4{1.3809}
YOR223W,LG+I+G4,0.0009,0.8762,,LG+I{0.0009}+G4{0.8762}
YKL025C,JTT+R4,,,"(0.3114,0.0615) (0.3088,0.5161) (0.3125,1.2456) (0.0673,6.4203)","JTT+R4{0.3114,0.0615,0.3088,0.5161,0.3125,1.2456,0.0673,6.4203}"
YNL238W,LG+I+R4,0.0154,,"(0.3428,0.0640) (0.2314,0.4325) (0.2733,1.4201) (0.1371,3.5723)","LG+I{0.0154}+R4{0.3428,0.0640,0.2314,0.4325,0.2733,1.4201,0.1371,3.5723}"
YJR001W,LG+F+I+R4,0.0079,,"(0.2568,0.1099) (0.2886,0.3908) (0.2258,1.0982) (0.2209,2.7662)","LG+F+I{0.0079}+R4{0.2568,0.1099,0.2886,0.3908,0.2258,1.0982,0.2209,2.7662}"
YMR178W,LG+I+G4,0.0000,0.8283,,LG+I{0.0000}+G4{0.8283}
YJL208C,LG+I+G4,0.1541,0.7268,,LG+I{0.1541}+G4{0.7268}
YFL048C,LG+F+I+G4,0.0000,1.6663,,LG+F+I{0.0000}+G4{1.6663}
YLR274W,LG+I+G4,0.0425,1.3379,,LG+I{0.0425}+G4{1.3379}
YBR117C,LG+I+G4,0.0967,0.9459,,LG+I{0.0967}+G4{0.9459}
YER137C,LG+I+G4,0.0000,0.8073,,LG+I{0.0000}+G4{0.8073}
YIL002C,LG+I+G4,0.0942,1.2591,,LG+I{0.0942}+G4{1.2591}
YOL154W,LG+I+G4,0.0032,2.3817,,LG+I{0.0032}+G4{2.3817}
YKL089W,LG+I+G4,0.0018,1.0798,,LG+I{0.0018}+G4{1.0798}
YDR440W,LG+I+G4,0.0908,0.9184,,LG+I{0.0908}+G4{0.9184}
YDL101C,LG+F+I+R4,0.0000,,"(0.2460,0.3835) (0.3190,0.7183) (0.2941,1.2195) (0.1409,2.2554)","LG+F+I{0.0000}+R4{0.2460,0.3835,0.3190,0.7183,0.2941,1.2195,0.1409,2.2554}"
YJL083W,LG+I+G4,0.0188,0.6949,,LG+I{0.0188}+G4{0.6949}
YLL040C,LG+F+I+G4,0.0223,1.3375,,LG+F+I{0.0223}+G4{1.3375}
YML001W,LG+I+G4,0.0987,0.8733,,LG+I{0.0987}+G4{0.8733}
YOL022C,LG+I+G4,0.0475,0.8007,,LG+I{0.0475}+G4{0.8007}
YPR106W,LG+F+I+R4,0.0000,,"(0.1072,0.1269) (0.2956,0.4215) (0.4158,1.0612) (0.1814,2.3187)","LG+F+I{0.0000}+R4{0.1072,0.1269,0.2956,0.4215,0.4158,1.0612,0.1814,2.3187}"
YBL038W,LG+I+G4,0.1807,1.2918,,LG+I{0.1807}+G4{1.2918}
YHR047C,LG+F+I+G4,0.0040,0.9607,,LG+F+I{0.0040}+G4{0.9607}
YPR029C,LG+F+I+G4,0.0141,1.1071,,LG+F+I{0.0141}+G4{1.1071}
YDR238C,LG+I+G4,0.0925,0.7966,,LG+I{0.0925}+G4{0.7966}
YJL005W,LG+F+I+G4,0.0000,2.2435,,LG+F+I{0.0000}+G4{2.2435}
YHR042W,LG+I+G4,0.1366,1.0720,,LG+I{0.1366}+G4{1.0720}
YNL311C,LG+I+G4,0.0000,1.3101,,LG+I{0.0000}+G4{1.3101}
YIL082W-A,LG+I,0.0000,,,LG+I{0.0000}
YBR186W,LG+F+I+R3,0.0000,,"(0.4487,0.3327) (0.3614,0.9140) (0.1899,2.7406)","LG+F+I{0.0000}+R3{0.4487,0.3327,0.3614,0.9140,0.1899,2.7406}"
YBR118W,LG+I,0.8429,,,LG+I{0.8429}
YML051W,LG+I+G4,0.0079,2.5081,,LG+I{0.0079}+G4{2.5081}
YAR042W,LG+I+G4,0.1061,0.9156,,LG+I{0.1061}+G4{0.9156}
YKL124W,LG+I+G4,0.1299,1.0041,,LG+I{0.1299}+G4{1.0041}
YJL145W,LG+I+R4,0.0000,,"(0.1662,0.0345) (0.1779,0.3631) (0.4381,1.0201) (0.2177,2.2170)","LG+I{0.0000}+R4{0.1662,0.0345,0.1779,0.3631,0.4381,1.0201,0.2177,2.2170}"
YGL146C,LG+I+G4,0.0471,2.6341,,LG+I{0.0471}+G4{2.6341}
YLR022C,LG+I+G4,0.0712,0.7062,,LG+I{0.0712}+G4{0.7062}
YPL109C,LG+I+G4,0.0708,0.8671,,LG+I{0.0708}+G4{0.8671}
YNL073W,LG+I+G4,0.1544,0.9315,,LG+I{0.1544}+G4{0.9315}
YDR517W,LG+I+G4,0.0206,1.1508,,LG+I{0.0206}+G4{1.1508}
YDR116C,LG+I+G4,0.0000,1.4461,,LG+I{0.0000}+G4{1.4461}
YBL021C,LG+I+R4,0.0035,,"(0.4703,0.1009) (0.2961,0.4756) (0.1291,2.1773) (0.1009,5.2585)","LG+I{0.0035}+R4{0.4703,0.1009,0.2961,0.4756,0.1291,2.1773,0.1009,5.2585}"
YGL113W,LG+F+I+G4,0.0000,9.3449,,LG+F+I{0.0000}+G4{9.3449}
YNL223W,LG+I+R4,0.0123,,"(0.2178,0.0529) (0.2785,0.4219) (0.3139,1.2352) (0.1775,2.7227)","LG+I{0.0123}+R4{0.2178,0.0529,0.2785,0.4219,0.3139,1.2352,0.1775,2.7227}"
YOR093C,LG+I+G4,0.0000,1.0802,,LG+I{0.0000}+G4{1.0802}
YKL040C,LG+I+R4,0.0000,,"(0.1148,0.1984) (0.3682,0.5783) (0.3486,1.1705) (0.1684,2.1153)","LG+I{0.0000}+R4{0.1148,0.1984,0.3682,0.5783,0.3486,1.1705,0.1684,2.1153}"
Q0060,LG+F+I+G4,0.0000,6.5915,,LG+F+I{0.0000}+G4{6.5915}
YGL063W,LG+I+G4,0.1027,0.7068,,LG+I{0.1027}+G4{0.7068}
YMR179W,LG+F+I+G4,0.0234,1.1608,,LG+F+I{0.0234}+G4{1.1608}
YFR006W,LG+I+G4,0.0623,0.9421,,LG+I{0.0623}+G4{0.9421}
YDR489W,LG+I+G4,0.0000,0.8320,,LG+I{0.0000}+G4{0.8320}
YDL057W,LG+I+G4,0.0000,0.9516,,LG+I{0.0000}+G4{0.9516}
YBL041W,LG+I+G4,0.1402,0.9145,,LG+I{0.1402}+G4{0.9145}
YGR085C,LG+I+G4,0.2764,0.4296,,LG+I{0.2764}+G4{0.4296}
YNR011C,LG+I+G4,0.0969,0.5599,,LG+I{0.0969}+G4{0.5599}
YLR188W,LG+I+G4,0.0566,0.7195,,LG+I{0.0566}+G4{0.7195}
YOR272W,LG+I+G4,0.1084,1.2819,,LG+I{0.1084}+G4{1.2819}
YOL139C,LG+I+G4,0.0102,0.8820,,LG+I{0.0102}+G4{0.8820}
YBL023C,LG+I+G4,0.0797,1.3602,,LG+I{0.0797}+G4{1.3602}
YER013W,LG+I+G4,0.0000,1.1251,,LG+I{0.0000}+G4{1.1251}
YDR408C,LG+F+I+R4,0.0270,,"(0.2778,0.0335) (0.2410,0.3543) (0.2780,1.4017) (0.1762,2.9269)","LG+F+I{0.0270}+R4{0.2778,0.0335,0.2410,0.3543,0.2780,1.4017,0.1762,2.9269}"
YKR090W,LG+I+G4,0.0000,0.6485,,LG+I{0.0000}+G4{0.6485}
YNL275W,LG+I+G4,0.0273,0.7207,,LG+I{0.0273}+G4{0.7207}
YPL104W,LG+I+R4,0.0000,,"(0.1694,0.1027) (0.4292,0.6943) (0.3110,1.3539) (0.0905,2.9125)","LG+I{0.0000}+R4{0.1694,0.1027,0.4292,0.6943,0.3110,1.3539,0.0905,2.9125}"
YHR069C,LG+I+G4,0.1037,0.7009,,LG+I{0.1037}+G4{0.7009}
YBR028C,LG+I+R4,0.0143,,"(0.2497,0.0374) (0.4117,0.5263) (0.2455,1.8394) (0.0788,4.0928)","LG+I{0.0143}+R4{0.2497,0.0374,0.4117,0.5263,0.2455,1.8394,0.0788,4.0928}"
YBR196C,LG+F+I+G4,0.3454,0.8234,,LG+F+I{0.3454}+G4{0.8234}
YPL069C,LG+I+G4,0.0920,0.7595,,LG+I{0.0920}+G4{0.7595}
YPR152C,LG+I+G4,0.0000,1.4263,,LG+I{0.0000}+G4{1.4263}
YCL057C-A,LG+I+G4,0.0756,0.8057,,LG+I{0.0756}+G4{0.8057}
YBL013W,LG+I+G4,0.0681,0.8510,,LG+I{0.0681}+G4{0.8510}
YJR104C,LG+I+G4,0.1917,0.8596,,LG+I{0.1917}+G4{0.8596}
YPL084W,LG+F+I+R4,0.0027,,"(0.1489,0.1307) (0.2785,0.5276) (0.2607,1.0422) (0.3092,1.8172)","LG+F+I{0.0027}+R4{0.1489,0.1307,0.2785,0.5276,0.2607,1.0422,0.3092,1.8172}"
YHR198C,LG+I+G4,0.0000,1.0276,,LG+I{0.0000}+G4{1.0276}
YNL021W,LG+I+G4,0.1996,1.0976,,LG+I{0.1996}+G4{1.0976}
YOR355W,LG+I+G4,0.0139,0.5824,,LG+I{0.0139}+G4{0.5824}
YPR056W,LG+I+G4,0.0540,1.0667,,LG+I{0.0540}+G4{1.0667}
YDR457W,LG+I+R4,0.0000,,"(0.4866,0.1895) (0.3186,0.8896) (0.1056,2.1625) (0.0892,4.4385)","LG+I{0.0000}+R4{0.4866,0.1895,0.3186,0.8896,0.1056,2.1625,0.0892,4.4385}"
YBR020W,LG+I+G4,0.0000,1.6675,,LG+I{0.0000}+G4{1.6675}
YOR359W,LG+I+G4,0.0000,0.7394,,LG+I{0.0000}+G4{0.7394}
YMR087W,LG+I+R4,0.0013,,"(0.0423,0.1308) (0.3171,0.4808) (0.3283,0.9372) (0.3110,1.7181)","LG+I{0.0013}+R4{0.0423,0.1308,0.3171,0.4808,0.3283,0.9372,0.3110,1.7181}"
YJL078C,LG+I+R4,0.0000,,"(0.3542,0.1436) (0.2549,0.7005) (0.2366,1.5129) (0.1543,2.6746)","LG+I{0.0000}+R4{0.3542,0.1436,0.2549,0.7005,0.2366,1.5129,0.1543,2.6746}"
YBL068W,LG+I+G4,0.0629,0.7160,,LG+I{0.0629}+G4{0.7160}
YGR277C,LG+I+G4,0.0738,0.8497,,LG+I{0.0738}+G4{0.8497}
YOR285W,LG+I+G4,0.0471,0.8128,,LG+I{0.0471}+G4{0.8128}
YER143W,LG+I+G4,0.0206,1.0222,,LG+I{0.0206}+G4{1.0222}
YBL015W,LG+I+R4,0.0000,,"(0.3733,0.0955) (0.2634,0.6312) (0.2446,1.5465) (0.1187,3.5379)","LG+I{0.0000}+R4{0.3733,0.0955,0.2634,0.6312,0.2446,1.5465,0.1187,3.5379}"
YIL125W,LG+I+G4,0.2909,0.8749,,LG+I{0.2909}+G4{0.8749}
YMR119W,LG+I+G4,0.0000,0.7538,,LG+I{0.0000}+G4{0.7538}
YDR117C,LG+I+G4,0.0000,1.9131,,LG+I{0.0000}+G4{1.9131}
YGR068C,LG+I+R4,0.0000,,"(0.2002,0.2061) (0.3167,0.5719) (0.3165,1.2463) (0.1666,2.3003)","LG+I{0.0000}+R4{0.2002,0.2061,0.3167,0.5719,0.3165,1.2463,0.1666,2.3003}"
YIL078W,LG+I+G4,0.0258,0.9921,,LG+I{0.0258}+G4{0.9921}
YKL170W,LG+I+G4,0.0223,0.8707,,LG+I{0.0223}+G4{0.8707}
YGR285C,LG+I+G4,0.1713,1.1861,,LG+I{0.1713}+G4{1.1861}
YKL084W,LG+I+G4,0.0000,2.2567,,LG+I{0.0000}+G4{2.2567}
YOR119C,LG+I+G4,0.2493,0.8802,,LG+I{0.2493}+G4{0.8802}
YJL068C,LG+F+I+G4,0.0697,0.8434,,LG+F+I{0.0697}+G4{0.8434}
YGR231C,LG+I+G4,0.3590,0.6680,,LG+I{0.3590}+G4{0.6680}
YOL133W,JTT+R3,,,"(0.6329,0.2404) (0.2850,1.7178) (0.0821,4.3627)","JTT+R3{0.6329,0.2404,0.2850,1.7178,0.0821,4.3627}"
YNL231C,LG+I+G4,0.0537,0.7794,,LG+I{0.0537}+G4{0.7794}
YKR087C,LG+F+I+R4,0.0000,,"(0.2458,0.3550) (0.4012,0.6381) (0.2281,1.2951) (0.1249,2.8929)","LG+F+I{0.0000}+R4{0.2458,0.3550,0.4012,0.6381,0.2281,1.2951,0.1249,2.8929}"
YIL094C,LG+I+R4,0.0000,,"(0.6155,0.1213) (0.1397,0.8945) (0.1332,2.2316) (0.1117,4.5061)","LG+I{0.0000}+R4{0.6155,0.1213,0.1397,0.8945,0.1332,2.2316,0.1117,4.5061}"
YDL070W,LG+I+G4,0.1047,0.9311,,LG+I{0.1047}+G4{0.9311}
YHR182W,LG+I,0.1564,,,LG+I{0.1564}
YJL201W,LG+I+G4,0.0000,1.2927,,LG+I{0.0000}+G4{1.2927}
YHR006W,LG+I+G4,0.3061,0.6299,,LG+I{0.3061}+G4{0.6299}
YPL149W,LG+I+G4,0.0000,1.6497,,LG+I{0.0000}+G4{1.6497}
YKL055C,LG+I+G4,0.0000,1.3049,,LG+I{0.0000}+G4{1.3049}
YDL147W,LG+I+G4,0.0264,0.7556,,LG+I{0.0264}+G4{0.7556}
YGR103W,LG+I+G4,0.0899,1.0445,,LG+I{0.0899}+G4{1.0445}
YFL023W,LG+I+R4,0.0000,,"(0.0853,0.0988) (0.2676,0.4449) (0.3387,0.9649) (0.3084,1.7697)","LG+I{0.0000}+R4{0.0853,0.0988,0.2676,0.4449,0.3387,0.9649,0.3084,1.7697}"
YHL032C,LG+I+G4,0.0901,1.0439,,LG+I{0.0901}+G4{1.0439}
YJR154W,LG+I+R4,0.0024,,"(0.1941,0.1426) (0.3600,0.5320) (0.2894,1.2459) (0.1540,2.7279)","LG+I{0.0024}+R4{0.1941,0.1426,0.3600,0.5320,0.2894,1.2459,0.1540,2.7279}"
YDR337W,LG+I+R4,0.0000,,"(0.4357,0.1596) (0.2692,1.0286) (0.2028,1.6759) (0.0922,3.4010)","LG+I{0.0000}+R4{0.4357,0.1596,0.2692,1.0286,0.2028,1.6759,0.0922,3.4010}"
YKL090W,LG+I+G4,0.0000,2.3177,,LG+I{0.0000}+G4{2.3177}
YER048C,LG+I+G4,0.1188,0.8797,,LG+I{0.1188}+G4{0.8797}
YDR183W,LG+I+R4,0.0000,,"(0.0687,0.0744) (0.1603,0.4149) (0.4895,0.8393) (0.2815,1.8384)","LG+I{0.0000}+R4{0.0687,0.0744,0.1603,0.4149,0.4895,0.8393,0.2815,1.8384}"
YOR157C,LG+I+G4,0.3690,0.8385,,LG+I{0.3690}+G4{0.8385}
YDR103W,LG+F+I+R4,0.0000,,"(0.0388,0.2965) (0.4062,0.6215) (0.3622,1.0414) (0.1928,1.8613)","LG+F+I{0.0000}+R4{0.0388,0.2965,0.4062,0.6215,0.3622,1.0414,0.1928,1.8613}"
YOR340C,LG+I+G4,0.0000,3.2137,,LG+I{0.0000}+G4{3.2137}
YHR164C,LG+I+G4,0.0207,0.7876,,LG+I{0.0207}+G4{0.7876}
YOR341W,LG+I+G4,0.0996,0.8250,,LG+I{0.0996}+G4{0.8250}
YDR028C,JTT+R2,,,"(0.6096,0.5028) (0.3904,1.7763)","JTT+R2{0.6096,0.5028,0.3904,1.7763}"
YNL141W,LG+I+G4,0.1037,0.8111,,LG+I{0.1037}+G4{0.8111}
YKR054C,LG+F+I+R4,0.0005,,"(0.2642,0.0705) (0.3516,0.4671) (0.2425,1.3279) (0.1412,3.5060)","LG+F+I{0.0005}+R4{0.2642,0.0705,0.3516,0.4671,0.2425,1.3279,0.1412,3.5060}"
YPL131W,LG+I+G4,0.0399,1.2276,,LG+I{0.0399}+G4{1.2276}
YKL145W,LG+I+G4,0.3796,0.7637,,LG+I{0.3796}+G4{0.7637}
YAL053W,LG+I+G4,0.0441,1.3868,,LG+I{0.0441}+G4{1.3868}
YLR383W,LG+F+I+R4,0.0000,,"(0.1582,0.0604) (0.2993,0.4135) (0.3201,1.1017) (0.2225,2.3103)","LG+F+I{0.0000}+R4{0.1582,0.0604,0.2993,0.4135,0.3201,1.1017,0.2225,2.3103}"
YFL038C,LG+I+R3,0.0000,,"(0.6293,0.1962) (0.2419,1.3691) (0.1288,4.2334)","LG+I{0.0000}+R3{0.6293,0.1962,0.2419,1.3691,0.1288,4.2334}"
YDR323C,LG+I+R4,0.0101,,"(0.1827,0.0484) (0.1333,0.3751) (0.2885,0.8866) (0.3853,1.7787)","LG+I{0.0101}+R4{0.1827,0.0484,0.1333,0.3751,0.2885,0.8866,0.3853,1.7787}"
YFR004W,JTT+G4,,0.2435,,JTT+G4{0.2435}
YPR035W,LG+I+G4,0.3014,1.2104,,LG+I{0.3014}+G4{1.2104}
YLR175W,LG+I+G4,0.3754,0.8758,,LG+I{0.3754}+G4{0.8758}
YER030W,JTT+I+G4,0.0859,1.1932,,JTT+I{0.0859}+G4{1.1932}
YDR217C,LG+F+I+R4,0.0030,,"(0.2580,0.1508) (0.2126,0.4714) (0.2525,1.0564) (0.2739,2.1690)","LG+F+I{0.0030}+R4{0.2580,0.1508,0.2126,0.4714,0.2525,1.0564,0.2739,2.1690}"
YDR123C,LG+I+G4,0.0937,1.6884,,LG+I{0.0937}+G4{1.6884}
YGL256W,LG+I+G4,0.0122,1.0207,,LG+I{0.0122}+G4{1.0207}
YGR184C,LG+F+I+R4,0.0000,,"(0.1267,0.2257) (0.1979,0.5360) (0.3883,1.0180) (0.2872,1.6370)","LG+F+I{0.0000}+R4{0.1267,0.2257,0.1979,0.5360,0.3883,1.0180,0.2872,1.6370}"
YDR162C,LG+I+G4,0.1048,0.6929,,LG+I{0.1048}+G4{0.6929}
YHR022C,LG+F+I+G4,0.0093,1.6231,,LG+F+I{0.0093}+G4{1.6231}
YGL187C,LG+I+G4,0.0529,1.3176,,LG+I{0.0529}+G4{1.3176}
YHR169W,LG+I+G4,0.2130,0.8452,,LG+I{0.2130}+G4{0.8452}
YDR037W,LG+I+G4,0.2174,1.1834,,LG+I{0.2174}+G4{1.1834}
YMR197C,LG+I+G4,0.0226,1.9439,,LG+I{0.0226}+G4{1.9439}
YML022W,LG+I+R4,0.0077,,"(0.4547,0.1408) (0.2105,0.7579) (0.1654,1.4982) (0.1617,3.2698)","LG+I{0.0077}+R4{0.4547,0.1408,0.2105,0.7579,0.1654,1.4982,0.1617,3.2698}"
YIR031C,LG+I+G4,0.0619,1.1289,,LG+I{0.0619}+G4{1.1289}
YOR298C-A,LG+I+G4,0.0080,0.7029,,LG+I{0.0080}+G4{0.7029}
YKL069W,LG+I+G4,0.2258,0.6936,,LG+I{0.2258}+G4{0.6936}
YNL088W,LG+I+G4,0.4664,0.8963,,LG+I{0.4664}+G4{0.8963}
YPR103W,LG+I+G4,0.1965,0.4006,,LG+I{0.1965}+G4{0.4006}
YDR432W,LG+I+G4,0.0000,1.7360,,LG+I{0.0000}+G4{1.7360}
YIL109C,LG+I+G4,0.2098,1.0297,,LG+I{0.2098}+G4{1.0297}
YFR019W,JTT+I+G4,0.1794,0.7676,,JTT+I{0.1794}+G4{0.7676}
YKL210W,LG+F+I+G4,0.1180,1.0240,,LG+F+I{0.1180}+G4{1.0240}
YJL094C,LG+I+G4,0.0889,0.8447,,LG+I{0.0889}+G4{0.8447}
YLR018C,LG+F+I+R4,0.0000,,"(0.1979,0.1814) (0.2696,0.5742) (0.4178,1.2017) (0.1147,2.6793)","LG+F+I{0.0000}+R4{0.1979,0.1814,0.2696,0.5742,0.4178,1.2017,0.1147,2.6793}"
YDR376W,LG+I+G4,0.0023,0.8307,,LG+I{0.0023}+G4{0.8307}
YPL006W,LG+I+G4,0.1229,0.7536,,LG+I{0.1229}+G4{0.7536}
YML107C,LG+I+G4,0.0600,1.8579,,LG+I{0.0600}+G4{1.8579}
YGR101W,LG+F+I+G4,0.0301,1.1966,,LG+F+I{0.0301}+G4{1.1966}
YDR311W,LG+I+G4,0.0098,1.4234,,LG+I{0.0098}+G4{1.4234}
YDR182W-A,LG+I+G4,0.0018,0.7892,,LG+I{0.0018}+G4{0.7892}
YBL064C,LG+F+I+G4,0.1461,1.0016,,LG+F+I{0.1461}+G4{1.0016}
YLR075W,LG+I+G4,0.4773,0.8447,,LG+I{0.4773}+G4{0.8447}
YDL043C,LG+I+G4,0.1329,1.0512,,LG+I{0.1329}+G4{1.0512}
YPL008W,LG+I+G4,0.0184,0.8210,,LG+I{0.0184}+G4{0.8210}
YDL190C,LG+I+G4,0.2245,0.6647,,LG+I{0.2245}+G4{0.6647}
YPR110C,LG+I+G4,0.1228,0.9021,,LG+I{0.1228}+G4{0.9021}
YOL086W-A,LG+I+G4,0.0000,1.3563,,LG+I{0.0000}+G4{1.3563}
YIL021W,LG+I+G4,0.2251,0.9706,,LG+I{0.2251}+G4{0.9706}
YLL029W,LG+I+G4,0.0939,0.8921,,LG+I{0.0939}+G4{0.8921}
YLR380W,LG+I+G4,0.0216,1.0080,,LG+I{0.0216}+G4{1.0080}
YDL046W,LG+I+G4,0.0000,0.7004,,LG+I{0.0000}+G4{0.7004}
YDR506C,LG+I+G4,0.0451,0.6652,,LG+I{0.0451}+G4{0.6652}
YIR042C,LG+I+G4,0.0564,1.4005,,LG+I{0.0564}+G4{1.4005}
YGR140W,LG+I+G4,0.0000,2.2951,,LG+I{0.0000}+G4{2.2951}
YOL138C,LG+I+R4,0.0000,,"(0.2461,0.0418) (0.3683,0.7130) (0.2681,1.4452) (0.1175,2.8902)","LG+I{0.0000}+R4{0.2461,0.0418,0.3683,0.7130,0.2681,1.4452,0.1175,2.8902}"
YLR409C,LG+F+I+G4,0.0098,1.0987,,LG+F+I{0.0098}+G4{1.0987}
YPL033C,LG+I+G4,0.0052,1.2816,,LG+I{0.0052}+G4{1.2816}
YDR353W,LG+I+G4,0.3546,1.0018,,LG+I{0.3546}+G4{1.0018}
YPL009C,LG+I+G4,0.0000,1.1639,,LG+I{0.0000}+G4{1.1639}
YOL078W,LG+I,0.5201,,,LG+I{0.5201}
YGR206W,LG+I+G4,0.0164,2.9116,,LG+I{0.0164}+G4{2.9116}
YKL107W,LG+I+G4,0.0197,1.3226,,LG+I{0.0197}+G4{1.3226}
YJR116W,LG+I+G4,0.0325,0.9996,,LG+I{0.0325}+G4{0.9996}
YGL167C,LG+I+R4,0.0306,,"(0.2120,0.0536) (0.3202,0.4155) (0.2011,1.2613) (0.2361,2.5495)","LG+I{0.0306}+R4{0.2120,0.0536,0.3202,0.4155,0.2011,1.2613,0.2361,2.5495}"
YNL185C,LG+I+G4,0.1460,1.2395,,LG+I{0.1460}+G4{1.2395}
YBR276C,LG+I+G4,0.0428,0.7685,,LG+I{0.0428}+G4{0.7685}
YMR060C,LG+F+I+G4,0.0000,2.5382,,LG+F+I{0.0000}+G4{2.5382}
YLR301W,LG+F+I+R4,0.0000,,"(0.0811,0.2405) (0.3004,0.5895) (0.3606,0.9772) (0.2579,1.7490)","LG+F+I{0.0000}+R4{0.0811,0.2405,0.3004,0.5895,0.3606,0.9772,0.2579,1.7490}"
YER178W,LG+I+G4,0.3200,0.8917,,LG+I{0.3200}+G4{0.8917}
YEL046C,LG+I+R4,0.0084,,"(0.2891,0.0785) (0.2955,0.5059) (0.2250,1.2349) (0.1820,3.0218)","LG+I{0.0084}+R4{0.2891,0.0785,0.2955,0.5059,0.2250,1.2349,0.1820,3.0218}"
YML015C,LG+I+G4,0.0139,1.4472,,LG+I{0.0139}+G4{1.4472}
YHR147C,LG+I+G4,0.0682,0.9070,,LG+I{0.0682}+G4{0.9070}
YNL232W,LG+I+G4,0.0245,1.0723,,LG+I{0.0245}+G4{1.0723}
YLR422W,LG+F+I+G4,0.0077,1.5800,,LG+F+I{0.0077}+G4{1.5800}
YCR053W,LG+I+G4,0.1351,0.8720,,LG+I{0.1351}+G4{0.8720}
YGL236C,LG+I+R4,0.0000,,"(0.0652,0.0878) (0.2686,0.4283) (0.3702,0.9170) (0.2961,1.8232)","LG+I{0.0000}+R4{0.0652,0.0878,0.2686,0.4283,0.3702,0.9170,0.2961,1.8232}"
YIL160C,LG+F+I+G4,0.1384,0.9509,,LG+F+I{0.1384}+G4{0.9509}
YLR368W,LG+I+G4,0.0000,2.1483,,LG+I{0.0000}+G4{2.1483}
YGL044C,LG+I+R4,0.0000,,"(0.2415,0.2389) (0.4790,0.6832) (0.2244,1.5595) (0.0551,4.8112)","LG+I{0.0000}+R4{0.2415,0.2389,0.4790,0.6832,0.2244,1.5595,0.0551,4.8112}"
YHR144C,LG+I+G4,0.2163,0.6157,,LG+I{0.2163}+G4{0.6157}
YOR339C,LG+I+G4,0.1787,0.8221,,LG+I{0.1787}+G4{0.8221}
YDL215C,LG+I+G4,0.0000,0.8367,,LG+I{0.0000}+G4{0.8367}
YLR009W,LG+I+G4,0.4219,1.4341,,LG+I{0.4219}+G4{1.4341}
YNR050C,LG+F+I+R4,0.0000,,"(0.1100,0.2131) (0.5118,0.6217) (0.2705,1.2528) (0.1077,2.9663)","LG+F+I{0.0000}+R4{0.1100,0.2131,0.5118,0.6217,0.2705,1.2528,0.1077,2.9663}"
YPR112C,LG+I+G4,0.1242,1.7868,,LG+I{0.1242}+G4{1.7868}
YDR320C,LG+I+G4,0.0000,1.2954,,LG+I{0.0000}+G4{1.2954}
YGL031C,LG+I+G4,0.2979,0.8056,,LG+I{0.2979}+G4{0.8056}
YMR027W,LG+F+I+G4,0.0620,0.9047,,LG+F+I{0.0620}+G4{0.9047}
YBR132C,LG+F+I+R4,0.0045,,"(0.2446,0.1945) (0.2889,0.5893) (0.2444,1.1890) (0.2177,2.2580)","LG+F+I{0.0045}+R4{0.2446,0.1945,0.2889,0.5893,0.2444,1.1890,0.2177,2.2580}"
YNL234W,LG+I+G4,0.0000,1.6231,,LG+I{0.0000}+G4{1.6231}
YKL179C,LG+I+G4,0.0547,0.9117,,LG+I{0.0547}+G4{0.9117}
YDL131W,LG+I+G4,0.1984,0.6181,,LG+I{0.1984}+G4{0.6181}
YKR014C,LG+I+R4,0.0000,,"(0.5420,0.1611) (0.2045,0.8828) (0.2043,2.1335) (0.0492,6.0244)","LG+I{0.0000}+R4{0.5420,0.1611,0.2045,0.8828,0.2043,2.1335,0.0492,6.0244}"
YDR236C,LG+I+G4,0.0000,0.6771,,LG+I{0.0000}+G4{0.6771}
Q0275,LG+I+G4,0.0000,2.0628,,LG+I{0.0000}+G4{2.0628}
YLR376C,LG+I+G4,0.0217,1.1737,,LG+I{0.0217}+G4{1.1737}
YBL066C,LG+I+G4,0.0000,0.6436,,LG+I{0.0000}+G4{0.6436}
YLR316C,LG+I+G4,0.0000,1.1022,,LG+I{0.0000}+G4{1.1022}
YJR141W,LG+F+I+R4,0.0065,,"(0.0994,0.0896) (0.1968,0.4062) (0.2844,0.8009) (0.4129,1.6550)","LG+F+I{0.0065}+R4{0.0994,0.0896,0.1968,0.4062,0.2844,0.8009,0.4129,1.6550}"
YKR086W,LG+I+G4,0.2092,0.7331,,LG+I{0.2092}+G4{0.7331}
YEL020C,LG+I+G4,0.1960,0.9085,,LG+I{0.1960}+G4{0.9085}
YOL058W,LG+I+G4,0.3223,0.9289,,LG+I{0.3223}+G4{0.9289}
YNR033W,LG+I+G4,0.0913,0.8679,,LG+I{0.0913}+G4{0.8679}
YCR019W,LG+I+G4,0.0777,1.0406,,LG+I{0.0777}+G4{1.0406}
YDR282C,LG+I+G4,0.0135,0.9919,,LG+I{0.0135}+G4{0.9919}
YJR135W-A,LG+I+G4,0.0000,0.9867,,LG+I{0.0000}+G4{0.9867}
YPL082C,LG+I+G4,0.2747,0.7350,,LG+I{0.2747}+G4{0.7350}
YPL178W,LG+I+R4,0.0000,,"(0.4180,0.3316) (0.2669,0.6147) (0.2180,1.3896) (0.0971,4.0613)","LG+I{0.0000}+R4{0.4180,0.3316,0.2669,0.6147,0.2180,1.3896,0.0971,4.0613}"
YHL018W,LG+I+G4,0.0000,2.1502,,LG+I{0.0000}+G4{2.1502}
YDR415C,LG+I+G4,0.0628,0.9616,,LG+I{0.0628}+G4{0.9616}
YGL070C,LG+I+G4,0.0002,0.5537,,LG+I{0.0002}+G4{0.5537}
YAR023C,JTT+F+G4,,1.9517,,JTT+F+G4{1.9517}
YPR184W,LG+I+R4,0.0225,,"(0.2522,0.0672) (0.2573,0.4460) (0.2131,1.1117) (0.2549,2.4772)","LG+I{0.0225}+R4{0.2522,0.0672,0.2573,0.4460,0.2131,1.1117,0.2549,2.4772}"
YOR129C,LG+I+G4,0.0311,1.2370,,LG+I{0.0311}+G4{1.2370}
YLR222C,LG+I+G4,0.0330,1.1367,,LG+I{0.0330}+G4{1.1367}
YIL010W,LG+F+I+R4,0.0140,,"(0.1421,0.0363) (0.3074,0.3844) (0.3201,1.1340) (0.2164,2.3741)","LG+F+I{0.0140}+R4{0.1421,0.0363,0.3074,0.3844,0.3201,1.1340,0.2164,2.3741}"
YCR091W,JTT+R4,,,"(0.6049,0.1263) (0.2150,0.9773) (0.1351,2.9922) (0.0450,6.8681)","JTT+R4{0.6049,0.1263,0.2150,0.9773,0.1351,2.9922,0.0450,6.8681}"
YGR192C,LG+I+G4,0.1330,0.8634,,LG+I{0.1330}+G4{0.8634}
YLR421C,LG+I+G4,0.0387,1.2824,,LG+I{0.0387}+G4{1.2824}
YDR334W,LG+I+G4,0.3682,0.7078,,LG+I{0.3682}+G4{0.7078}
YOR262W,LG+I+G4,0.1511,1.0280,,LG+I{0.1511}+G4{1.0280}
YHL023C,LG+I+G4,0.0000,3.6651,,LG+I{0.0000}+G4{3.6651}
YMR149W,LG+F+I+R4,0.0000,,"(0.1743,0.1068) (0.1845,0.5012) (0.3593,0.9908) (0.2818,1.8909)","LG+F+I{0.0000}+R4{0.1743,0.1068,0.1845,0.5012,0.3593,0.9908,0.2818,1.8909}"
YPL022W,LG+I+G4,0.0000,0.8747,,LG+I{0.0000}+G4{0.8747}
YML069W,LG+I+G4,0.0464,1.0477,,LG+I{0.0464}+G4{1.0477}
YOL148C,LG+I,0.2038,,,LG+I{0.2038}
YPL181W,LG+I+G4,0.0000,0.6741,,LG+I{0.0000}+G4{0.6741}
YBL058W,LG+I+G4,0.0293,0.9108,,LG+I{0.0293}+G4{0.9108}
YBR299W,LG+I+G4,0.1224,1.0158,,LG+I{0.1224}+G4{1.0158}
YLL015W,LG+F+I+R4,0.0000,,"(0.0946,0.1919) (0.2102,0.4669) (0.3682,0.9175) (0.3269,1.6697)","LG+F+I{0.0000}+R4{0.0946,0.1919,0.2102,0.4669,0.3682,0.9175,0.3269,1.6697}"
YDR247W,LG+F+I+G4,0.0578,1.1802,,LG+F+I{0.0578}+G4{1.1802}
YMR067C,LG+I+G4,0.0363,1.7652,,LG+I{0.0363}+G4{1.7652}
YDL049C,LG+I+G4,0.0225,0.8138,,LG+I{0.0225}+G4{0.8138}
YGL203C,LG+I+R4,0.0100,,"(0.2162,0.0827) (0.2613,0.4449) (0.2486,1.0563) (0.2640,2.2856)","LG+I{0.0100}+R4{0.2162,0.0827,0.2613,0.4449,0.2486,1.0563,0.2640,2.2856}"
YGR124W,LG+I+G4,0.2178,0.6804,,LG+I{0.2178}+G4{0.6804}
YDR358W,LG+I+G4,0.0000,1.6119,,LG+I{0.0000}+G4{1.6119}
YKL122C,LG+I+G4,0.0000,2.0365,,LG+I{0.0000}+G4{2.0365}
YEL075C,LG+I,0.1442,,,LG+I{0.1442}
YPR190C,LG+F+I+G4,0.0130,1.4684,,LG+F+I{0.0130}+G4{1.4684}
YER003C,LG+I+G4,0.3025,0.7454,,LG+I{0.3025}+G4{0.7454}
YLR293C,LG+I,0.5835,,,LG+I{0.5835}
YDR460W,LG+I+G4,0.0864,0.7330,,LG+I{0.0864}+G4{0.7330}
YER129W,LG+I+R4,0.0018,,"(0.3995,0.1192) (0.2456,0.6028) (0.1972,1.5644) (0.1559,3.1801)","LG+I{0.0018}+R4{0.3995,0.1192,0.2456,0.6028,0.1972,1.5644,0.1559,3.1801}"
YEL031W,LG+I+G4,0.0000,0.9531,,LG+I{0.0000}+G4{0.9531}
YPR088C,LG+I+G4,0.1030,0.9783,,LG+I{0.1030}+G4{0.9783}
YOL143C,LG+I+R4,0.0014,,"(0.4371,0.1199) (0.2871,0.7865) (0.1939,2.0970) (0.0805,3.9146)","LG+I{0.0014}+R4{0.4371,0.1199,0.2871,0.7865,0.1939,2.0970,0.0805,3.9146}"
YER061C,LG+I+G4,0.0463,0.8229,,LG+I{0.0463}+G4{0.8229}
YMR301C,LG+I+G4,0.1662,0.7686,,LG+I{0.1662}+G4{0.7686}
YBL086C,LG+I+G4,0.0236,1.5741,,LG+I{0.0236}+G4{1.5741}
YKL144C,LG+I+G4,0.0308,1.4266,,LG+I{0.0308}+G4{1.4266}
YBL004W,LG+F+I+G4,0.0000,1.5151,,LG+F+I{0.0000}+G4{1.5151}
YPL166W,LG+I+G4,0.0000,1.0815,,LG+I{0.0000}+G4{1.0815}
YDL031W,LG+I+G4,0.2890,0.8753,,LG+I{0.2890}+G4{0.8753}
YKR023W,LG+I+G4,0.1650,0.7470,,LG+I{0.1650}+G4{0.7470}
YBR265W,LG+F+I+G4,0.0597,1.1046,,LG+F+I{0.0597}+G4{1.1046}
YPR031W,LG+I+G4,0.0142,0.8408,,LG+I{0.0142}+G4{0.8408}
YGR253C,LG+I+G4,0.1846,0.5619,,LG+I{0.1846}+G4{0.5619}
YMR284W,LG+F+I+R4,0.0000,,"(0.1694,0.2372) (0.3312,0.5567) (0.2980,1.1517) (0.2015,2.1455)","LG+F+I{0.0000}+R4{0.1694,0.2372,0.3312,0.5567,0.2980,1.1517,0.2015,2.1455}"
YHR059W,LG+F+I+G4,0.0416,1.5694,,LG+F+I{0.0416}+G4{1.5694}
YOR310C,LG+I+G4,0.0589,0.8999,,LG+I{0.0589}+G4{0.8999}
Q0050,LG+F+I+G4,0.0000,1.2380,,LG+F+I{0.0000}+G4{1.2380}
YEL063C,LG+F+I+R4,0.0067,,"(0.2550,0.1506) (0.3367,0.5429) (0.2206,1.2168) (0.1809,2.8205)","LG+F+I{0.0067}+R4{0.2550,0.1506,0.3367,0.5429,0.2206,1.2168,0.1809,2.8205}"
YDL189W,LG+I+G4,0.0106,0.8706,,LG+I{0.0106}+G4{0.8706}
YGR002C,LG+F+I+R4,0.0000,,"(0.1419,0.0849) (0.1814,0.3626) (0.1800,0.7505) (0.4968,1.5844)","LG+F+I{0.0000}+R4{0.1419,0.0849,0.1814,0.3626,0.1800,0.7505,0.4968,1.5844}"
YDL014W,LG+I+R4,0.0000,,"(0.7727,0.1975) (0.1376,1.7360) (0.0698,5.3633) (0.0198,11.8077)","LG+I{0.0000}+R4{0.7727,0.1975,0.1376,1.7360,0.0698,5.3633,0.0198,11.8077}"
YFR005C,LG+I+G4,0.0193,0.8904,,LG+I{0.0193}+G4{0.8904}
YDR303C,JTT+G4,,0.3936,,JTT+G4{0.3936}
YLR303W,LG+F+I+G4,0.0869,0.9613,,LG+F+I{0.0869}+G4{0.9613}
YDR045C,LG+I+G4,0.1430,1.0365,,LG+I{0.1430}+G4{1.0365}
YPL101W,LG+F+I+G4,0.0252,1.2007,,LG+F+I{0.0252}+G4{1.2007}
YIL132C,LG+I+G4,0.0197,1.5647,,LG+I{0.0197}+G4{1.5647}
YER062C,LG+I+R4,0.0347,,"(0.1447,0.0357) (0.2290,0.2914) (0.2281,0.8423) (0.3636,2.0244)","LG+I{0.0347}+R4{0.1447,0.0357,0.2290,0.2914,0.2281,0.8423,0.3636,2.0244}"
YLR240W,LG+I+R4,0.0000,,"(0.1300,0.2587) (0.3600,0.5906) (0.3297,1.0159) (0.1803,2.3232)","LG+I{0.0000}+R4{0.1300,0.2587,0.3600,0.5906,0.3297,1.0159,0.1803,2.3232}"
YJL217W,LG+I+G4,0.0230,2.0570,,LG+I{0.0230}+G4{2.0570}
YDR197W,LG+I+R4,0.0000,,"(0.2478,0.2829) (0.2579,0.5318) (0.2661,1.1378) (0.2283,2.1466)","LG+I{0.0000}+R4{0.2478,0.2829,0.2579,0.5318,0.2661,1.1378,0.2283,2.1466}"
YER184C,JTT+R2,,,"(0.4616,0.1401) (0.5384,1.7372)","JTT+R2{0.4616,0.1401,0.5384,1.7372}"
YGR173W,LG+I+G4,0.1262,0.8319,,LG+I{0.1262}+G4{0.8319}
YGR071C,JTT+G4,,0.7914,,JTT+G4{0.7914}
Q0075,LG+I+G4,0.0057,1.4229,,LG+I{0.0057}+G4{1.4229}
YKL128C,LG+I+R4,0.0036,,"(0.1539,0.2142) (0.2319,0.4862) (0.3710,1.0234) (0.2396,1.9806)","LG+I{0.0036}+R4{0.1539,0.2142,0.2319,0.4862,0.3710,1.0234,0.2396,1.9806}"
YLR417W,LG+I+G4,0.0000,0.9470,,LG+I{0.0000}+G4{0.9470}
YDR359C,LG+I+G4,0.1742,1.0211,,LG+I{0.1742}+G4{1.0211}
YAL012W,LG+F+I+G4,0.2157,0.7704,,LG+F+I{0.2157}+G4{0.7704}
YGR061C,LG+I+G4,0.1298,0.9552,,LG+I{0.1298}+G4{0.9552}
YFL036W,LG+F+I+R4,0.0028,,"(0.0992,0.1447) (0.3227,0.4831) (0.2806,0.9859) (0.2947,1.8765)","LG+F+I{0.0028}+R4{0.0992,0.1447,0.3227,0.4831,0.2806,0.9859,0.2947,1.8765}"
YLL018C,LG+I+G4,0.0146,1.0054,,LG+I{0.0146}+G4{1.0054}
YDR297W,LG+I+G4,0.2650,0.8422,,LG+I{0.2650}+G4{0.8422}
YLR118C,LG+I+G4,0.0028,1.1420,,LG+I{0.0028}+G4{1.1420}
YJR074W,LG+F+I+R4,0.0176,,"(0.1158,0.0626) (0.1626,0.2864) (0.2524,0.7243) (0.4516,1.6903)","LG+F+I{0.0176}+R4{0.1158,0.0626,0.1626,0.2864,0.2524,0.7243,0.4516,1.6903}"
YLR135W,LG+I+G4,0.0000,1.8200,,LG+I{0.0000}+G4{1.8200}
YDR069C,LG+F+I+G4,0.0000,1.6935,,LG+F+I{0.0000}+G4{1.6935}
YIL150C,LG+I+G4,0.0000,1.5833,,LG+I{0.0000}+G4{1.5833}
YNL216W,LG+F+I+G4,0.0000,2.2973,,LG+F+I{0.0000}+G4{2.2973}
YPR133C,LG+I+G4,0.0103,0.5489,,LG+I{0.0103}+G4{0.5489}
YPR004C,LG+F+I+G4,0.0187,1.0380,,LG+F+I{0.0187}+G4{1.0380}
YKR066C,LG+I+G4,0.0644,0.9051,,LG+I{0.0644}+G4{0.9051}
YLL063C,LG+I+G4,0.0048,1.1439,,LG+I{0.0048}+G4{1.1439}
YOR138C,LG+I+G4,0.0000,1.2037,,LG+I{0.0000}+G4{1.2037}
YOL164W,LG+I,0.0992,,,LG+I{0.0992}
YDR390C,LG+F+I+G4,0.0854,0.7932,,LG+F+I{0.0854}+G4{0.7932}
YMR253C,LG+F+I+G4,0.0129,0.8291,,LG+F+I{0.0129}+G4{0.8291}
YNR049C,LG+I+G4,0.0000,1.1348,,LG+I{0.0000}+G4{1.1348}
YBR077C,LG+I+G4,0.0020,1.1567,,LG+I{0.0020}+G4{1.1567}
YMR211W,LG+I+G4,0.0122,1.2141,,LG+I{0.0122}+G4{1.2141}
YMR164C,LG+I+G4,0.0000,1.2067,,LG+I{0.0000}+G4{1.2067}
YBR096W,LG+I+G4,0.0810,1.5597,,LG+I{0.0810}+G4{1.5597}
YOR074C,LG+I+G4,0.2826,0.7681,,LG+I{0.2826}+G4{0.7681}
YKL216W,LG+I+R2,0.0051,,"(0.7634,0.2894) (0.2315,3.3654)","LG+I{0.0051}+R2{0.7634,0.2894,0.2315,3.3654}"
YMR020W,LG+F+I+R4,0.0055,,"(0.1825,0.1375) (0.2659,0.4827) (0.2699,1.0407) (0.2761,2.0485)","LG+F+I{0.0055}+R4{0.1825,0.1375,0.2659,0.4827,0.2699,1.0407,0.2761,2.0485}"
YGL200C,LG+I+G4,0.1192,0.9171,,LG+I{0.1192}+G4{0.9171}
YOR250C,LG+I+G4,0.0311,1.3361,,LG+I{0.0311}+G4{1.3361}
YDR222W,LG+I+G4,0.1256,1.3176,,LG+I{0.1256}+G4{1.3176}
YCR032W,LG+I+G4,0.0000,1.1484,,LG+I{0.0000}+G4{1.1484}
YML118W,LG+I+G4,0.0397,0.7614,,LG+I{0.0397}+G4{0.7614}
YOR234C,LG+I+G4,0.1269,0.8606,,LG+I{0.1269}+G4{0.8606}
YDL045C,LG+I+G4,0.0798,0.8453,,LG+I{0.0798}+G4{0.8453}
YNR057C,LG+I+G4,0.1245,1.1353,,LG+I{0.1245}+G4{1.1353}
YNL084C,LG+I+G4,0.1370,0.9955,,LG+I{0.1370}+G4{0.9955}
YJL164C,LG+I+G4,0.0011,1.7905,,LG+I{0.0011}+G4{1.7905}
YEL044W,LG+I+G4,0.0000,0.9019,,LG+I{0.0000}+G4{0.9019}
YIL009C-A,LG+I+R3,0.0000,,"(0.2115,0.4204) (0.6100,0.4222) (0.1785,3.6620)","LG+I{0.0000}+R3{0.2115,0.4204,0.6100,0.4222,0.1785,3.6620}"
YKL214C,LG+I+G4,0.0559,3.3837,,LG+I{0.0559}+G4{3.3837}
YHR168W,LG+I+G4,0.2066,1.2723,,LG+I{0.2066}+G4{1.2723}
YDR452W,LG+I+G4,0.1143,0.7855,,LG+I{0.1143}+G4{0.7855}
YDR394W,LG+I+G4,0.1856,0.4212,,LG+I{0.1856}+G4{0.4212}
YPR018W,LG+I+G4,0.0000,1.1863,,LG+I{0.0000}+G4{1.1863}
YBR087W,LG+F+I+G4,0.0875,0.8352,,LG+F+I{0.0875}+G4{0.8352}
YLL027W,LG+I+G4,0.0972,0.6574,,LG+I{0.0972}+G4{0.6574}
YGL207W,LG+F+I+G4,0.0094,1.0732,,LG+F+I{0.0094}+G4{1.0732}
YER007W,LG+I+R4,0.0000,,"(0.2589,0.0808) (0.2323,0.5223) (0.3975,1.3421) (0.1114,2.9114)","LG+I{0.0000}+R4{0.2589,0.0808,0.2323,0.5223,0.3975,1.3421,0.1114,2.9114}"
YKL167C,LG+I+G4,0.0263,1.2940,,LG+I{0.0263}+G4{1.2940}
YLL021W,JTT+F+R4,,,"(0.3802,0.1607) (0.2548,0.4907) (0.2436,1.4006) (0.1214,3.8937)","JTT+F+R4{0.3802,0.1607,0.2548,0.4907,0.2436,1.4006,0.1214,3.8937}"
YFR027W,LG+I+G4,0.0667,0.8111,,LG+I{0.0667}+G4{0.8111}
YJL103C,LG+I+G4,0.0000,1.1548,,LG+I{0.0000}+G4{1.1548}
YFR041C,LG+I+G4,0.0740,1.1955,,LG+I{0.0740}+G4{1.1955}
YBR019C,LG+I+G4,0.2056,0.5426,,LG+I{0.2056}+G4{0.5426}
YCR042C,LG+I+G4,0.0209,0.7560,,LG+I{0.0209}+G4{0.7560}
YGR042W,LG+I+G4,0.0000,1.3886,,LG+I{0.0000}+G4{1.3886}
YNL221C,LG+I+G4,0.0737,1.0994,,LG+I{0.0737}+G4{1.0994}
YBL001C,LG+I+G4,0.0680,0.8863,,LG+I{0.0680}+G4{0.8863}
YOL023W,LG+I+G4,0.0000,1.4936,,LG+I{0.0000}+G4{1.4936}
YLR127C,LG+I+G4,0.0000,1.2339,,LG+I{0.0000}+G4{1.2339}
YMR194C-B,LG+I+G4,0.1488,0.6942,,LG+I{0.1488}+G4{0.6942}
YMR265C,LG+I+R4,0.0000,,"(0.1184,0.1356) (0.2600,0.5290) (0.3676,1.0343) (0.2541,1.8349)","LG+I{0.0000}+R4{0.1184,0.1356,0.2600,0.5290,0.3676,1.0343,0.2541,1.8349}"
YOR091W,LG+I+G4,0.0247,1.2088,,LG+I{0.0247}+G4{1.2088}
YBR273C,LG+I+G4,0.0000,1.8145,,LG+I{0.0000}+G4{1.8145}
YDR374C,LG+I+G4,0.0000,1.2773,,LG+I{0.0000}+G4{1.2773}
YBR074W,LG+I+G4,0.0304,0.9060,,LG+I{0.0304}+G4{0.9060}
YPL123C,LG+I+G4,0.0798,1.1069,,LG+I{0.0798}+G4{1.1069}
YGR070W,LG+I+G4,0.0135,0.9543,,LG+I{0.0135}+G4{0.9543}
YHR074W,LG+I+G4,0.2895,0.7314,,LG+I{0.2895}+G4{0.7314}
YGL047W,LG+I+G4,0.0373,0.8642,,LG+I{0.0373}+G4{0.8642}
YDR283C,LG+I+G4,0.0459,1.4958,,LG+I{0.0459}+G4{1.4958}
YOR369C,LG+I+G4,0.0833,0.7762,,LG+I{0.0833}+G4{0.7762}
YJR097W,JTT+G4,,6.6548,,JTT+G4{6.6548}
YDL227C,LG+F+I+R4,0.0000,,"(0.0617,0.1268) (0.2072,0.4380) (0.3718,0.8960) (0.3593,1.5817)","LG+F+I{0.0000}+R4{0.0617,0.1268,0.2072,0.4380,0.3718,0.8960,0.3593,1.5817}"
YER063W,LG+I+G4,0.0077,0.8858,,LG+I{0.0077}+G4{0.8858}
YBL036C,LG+F+I+R4,0.0129,,"(0.3782,0.0784) (0.1917,0.5108) (0.2036,1.3650) (0.2136,2.7831)","LG+F+I{0.0129}+R4{0.3782,0.0784,0.1917,0.5108,0.2036,1.3650,0.2136,2.7831}"
YNL168C,LG+I+G4,0.1136,0.7544,,LG+I{0.1136}+G4{0.7544}
YGR276C,LG+I+R4,0.0000,,"(0.2049,0.0366) (0.2329,0.3995) (0.3451,1.0782) (0.2171,2.4290)","LG+I{0.0000}+R4{0.2049,0.0366,0.2329,0.3995,0.3451,1.0782,0.2171,2.4290}"
YER123W,LG+I+G4,0.2562,0.6829,,LG+I{0.2562}+G4{0.6829}
YCL027W,LG+I+G4,0.0000,1.3913,,LG+I{0.0000}+G4{1.3913}
YNR015W,LG+I+G4,0.1029,0.9408,,LG+I{0.1029}+G4{0.9408}
YBR129C,LG+I+G4,0.0000,1.6778,,LG+I{0.0000}+G4{1.6778}
YOR131C,LG+I+G4,0.0342,0.8486,,LG+I{0.0342}+G4{0.8486}
YDR118W,LG+F+I+G4,0.0000,2.3433,,LG+F+I{0.0000}+G4{2.3433}
YKR060W,LG+I+G4,0.0000,3.2770,,LG+I{0.0000}+G4{3.2770}
YJL024C,LG+I+G4,0.1020,0.7692,,LG+I{0.1020}+G4{0.7692}
YDL033C,LG+I+R4,0.0011,,"(0.2674,0.0800) (0.2863,0.4876) (0.2379,1.1511) (0.2073,2.7264)","LG+I{0.0011}+R4{0.2674,0.0800,0.2863,0.4876,0.2379,1.1511,0.2073,2.7264}"
YPR023C,LG+I+G4,0.0375,0.6147,,LG+I{0.0375}+G4{0.6147}
YEL070W,LG+I,0.3290,,,LG+I{0.3290}
YGL087C,LG+I+G4,0.1196,0.7233,,LG+I{0.1196}+G4{0.7233}
YJL035C,LG+I+G4,0.0729,0.7357,,LG+I{0.0729}+G4{0.7357}
YJL121C,LG+I+G4,0.1768,0.7003,,LG+I{0.1768}+G4{0.7003}
YDL120W,LG+I+G4,0.1160,0.9382,,LG+I{0.1160}+G4{0.9382}
YGR147C,LG+I+G4,0.0384,0.7930,,LG+I{0.0384}+G4{0.7930}
YPL028W,LG+F+I+G4,0.1215,1.2786,,LG+F+I{0.1215}+G4{1.2786}
YBL014C,LG+F+I+R4,0.0000,,"(0.0748,0.2009) (0.2171,0.5001) (0.3683,0.9727) (0.3399,1.5246)","LG+F+I{0.0000}+R4{0.0748,0.2009,0.2171,0.5001,0.3683,0.9727,0.3399,1.5246}"
YDR196C,LG+I+G4,0.1173,1.0981,,LG+I{0.1173}+G4{1.0981}
YAL017W,LG+I+R3,0.0103,,"(0.6341,0.2659) (0.2814,1.3843) (0.0743,5.9494)","LG+I{0.0103}+R3{0.6341,0.2659,0.2814,1.3843,0.0743,5.9494}"
YJR089W,LG+I+G4,0.0000,1.1110,,LG+I{0.0000}+G4{1.1110}
YKL012W,LG+I+G4,0.1708,1.4747,,LG+I{0.1708}+G4{1.4747}
YLR390W-A,LG+I+G4,0.0000,1.0746,,LG+I{0.0000}+G4{1.0746}
YOR217W,LG+I+G4,0.1099,1.0576,,LG+I{0.1099}+G4{1.0576}
YGR132C,LG+I+G4,0.1554,0.4850,,LG+I{0.1554}+G4{0.4850}
YNL107W,LG+I+G4,0.0992,0.7609,,LG+I{0.0992}+G4{0.7609}
YDL140C,LG+I+R4,0.0230,,"(0.3927,0.0608) (0.3647,0.5491) (0.1382,1.8532) (0.0814,6.3852)","LG+I{0.0230}+R4{0.3927,0.0608,0.3647,0.5491,0.1382,1.8532,0.0814,6.3852}"
YBR228W,LG+I+G4,0.0004,0.5701,,LG+I{0.0004}+G4{0.5701}
YEL022W,LG+I+R4,0.0000,,"(0.2669,0.1187) (0.3633,0.5291) (0.2300,1.4818) (0.1398,3.1122)","LG+I{0.0000}+R4{0.2669,0.1187,0.3633,0.5291,0.2300,1.4818,0.1398,3.1122}"
YMR090W,LG+I+G4,0.0000,2.1224,,LG+I{0.0000}+G4{2.1224}
YPL226W,LG+I+R4,0.0000,,"(0.0996,0.1180) (0.1553,0.3727) (0.3229,0.7814) (0.4223,1.6057)","LG+I{0.0000}+R4{0.0996,0.1180,0.1553,0.3727,0.3229,0.7814,0.4223,1.6057}"
YER086W,LG+I+G4,0.1845,0.8010,,LG+I{0.1845}+G4{0.8010}
YPL059W,LG+I+R3,0.0000,,"(0.7718,0.2419) (0.1842,2.2885) (0.0440,8.8957)","LG+I{0.0000}+R3{0.7718,0.2419,0.1842,2.2885,0.0440,8.8957}"
YLR241W,LG+I+R4,0.0028,,"(0.3196,0.1376) (0.2792,0.5879) (0.2002,1.3173) (0.1982,2.6649)","LG+I{0.0028}+R4{0.3196,0.1376,0.2792,0.5879,0.2002,1.3173,0.1982,2.6649}"
YLR197W,LG+I+G4,0.1104,0.9924,,LG+I{0.1104}+G4{0.9924}
YIL155C,LG+I+G4,0.1991,1.0597,,LG+I{0.1991}+G4{1.0597}
YDL141W,LG+I+G4,0.0243,0.8785,,LG+I{0.0243}+G4{0.8785}
YNL129W,LG+I+G4,0.0000,0.6958,,LG+I{0.0000}+G4{0.6958}
YMR012W,LG+I+G4,0.0215,1.2933,,LG+I{0.0215}+G4{1.2933}
YOL027C,LG+I+G4,0.1017,1.0397,,LG+I{0.1017}+G4{1.0397}
YLR239C,LG+I+G4,0.0906,1.0077,,LG+I{0.0906}+G4{1.0077}
YGR131W,LG+F+I+G4,0.0240,1.3539,,LG+F+I{0.0240}+G4{1.3539}
YNL061W,LG+I+R4,0.0218,,"(0.4695,0.1098) (0.3131,0.7530) (0.1190,2.7056) (0.0767,5.0938)","LG+I{0.0218}+R4{0.4695,0.1098,0.3131,0.7530,0.1190,2.7056,0.0767,5.0938}"
YGR159C,LG+I+G4,0.0643,0.8522,,LG+I{0.0643}+G4{0.8522}
YBR103W,LG+I+G4,0.0000,0.6996,,LG+I{0.0000}+G4{0.6996}
YGR240C,LG+I+R4,0.0000,,"(0.1184,0.2108) (0.3629,0.6659) (0.3294,1.1337) (0.1893,1.9014)","LG+I{0.0000}+R4{0.1184,0.2108,0.3629,0.6659,0.3294,1.1337,0.1893,1.9014}"
YIL008W,LG+I+G4,0.2045,1.0517,,LG+I{0.2045}+G4{1.0517}
YAL035W,LG+I+G4,0.4028,0.7062,,LG+I{0.4028}+G4{0.7062}
YEL019C,LG+F+I+G4,0.0000,12.3894,,LG+F+I{0.0000}+G4{12.3894}
YIL062C,LG+F+I+R4,0.0000,,"(0.0614,0.0824) (0.3873,0.4795) (0.3796,1.1440) (0.1716,2.1844)","LG+F+I{0.0000}+R4{0.0614,0.0824,0.3873,0.4795,0.3796,1.1440,0.1716,2.1844}"
YBR213W,LG+I+G4,0.0313,0.9811,,LG+I{0.0313}+G4{0.9811}
YGR109W-B,JTT+G4,,11.0948,,JTT+G4{11.0948}
YNL075W,LG+I+R4,0.0227,,"(0.3426,0.0466) (0.2606,0.6183) (0.2885,1.6968) (0.0855,3.8970)","LG+I{0.0227}+R4{0.3426,0.0466,0.2606,0.6183,0.2885,1.6968,0.0855,3.8970}"
YER055C,LG+I+G4,0.0032,0.5338,,LG+I{0.0032}+G4{0.5338}
YEL039C,LG+I+R4,0.0045,,"(0.5390,0.1132) (0.1586,0.8141) (0.2500,2.0267) (0.0479,6.3292)","LG+I{0.0045}+R4{0.5390,0.1132,0.1586,0.8141,0.2500,2.0267,0.0479,6.3292}"
YDR135C,LG+F+I+R4,0.0000,,"(0.1167,0.1673) (0.3265,0.5295) (0.2751,1.0419) (0.2818,1.8492)","LG+F+I{0.0000}+R4{0.1167,0.1673,0.3265,0.5295,0.2751,1.0419,0.2818,1.8492}"
YEL011W,LG+I+G4,0.0000,0.9573,,LG+I{0.0000}+G4{0.9573}
YOR128C,LG+I+G4,0.1695,0.7176,,LG+I{0.1695}+G4{0.7176}
YGR286C,LG+I+G4,0.2497,0.8331,,LG+I{0.2497}+G4{0.8331}
YNL027W,LG+I+R3,0.0000,,"(0.6856,0.1532) (0.1624,1.4648) (0.1520,4.3229)","LG+I{0.0000}+R3{0.6856,0.1532,0.1624,1.4648,0.1520,4.3229}"
YMR188C,LG+I+G4,0.0347,0.8094,,LG+I{0.0347}+G4{0.8094}
YLR419W,LG+I+G4,0.0318,0.9331,,LG+I{0.0318}+G4{0.9331}
YNL083W,LG+I+G4,0.0000,1.8869,,LG+I{0.0000}+G4{1.8869}
YML097C,LG+I+G4,0.0186,1.1205,,LG+I{0.0186}+G4{1.1205}
YLR340W,LG+I+G4,0.3189,0.5737,,LG+I{0.3189}+G4{0.5737}
YLL042C,LG+F+I+G4,0.0000,1.6245,,LG+F+I{0.0000}+G4{1.6245}
YGR274C,LG+I+G4,0.0097,0.6325,,LG+I{0.0097}+G4{0.6325}
YMR270C,LG+I+G4,0.0000,1.0998,,LG+I{0.0000}+G4{1.0998}
YGR090W,LG+I+G4,0.0332,1.0575,,LG+I{0.0332}+G4{1.0575}
YNL261W,LG+F+I+G4,0.0000,1.8681,,LG+F+I{0.0000}+G4{1.8681}
YLR438W,LG+I+R4,0.0268,,"(0.4317,0.0585) (0.2887,0.6484) (0.1679,2.0764) (0.0850,5.1667)","LG+I{0.0268}+R4{0.4317,0.0585,0.2887,0.6484,0.1679,2.0764,0.0850,5.1667}"
YLR438C-A,LG+I+G4,0.1180,0.6406,,LG+I{0.1180}+G4{0.6406}
YBL027W,LG+I+G4,0.0180,1.2234,,LG+I{0.0180}+G4{1.2234}
YOR360C,LG+F+I+R4,0.0156,,"(0.1361,0.0295) (0.2479,0.2637) (0.2927,0.8469) (0.3077,2.2189)","LG+F+I{0.0156}+R4{0.1361,0.0295,0.2479,0.2637,0.2927,0.8469,0.3077,2.2189}"
YMR133W,LG+I+G4,0.0000,1.1053,,LG+I{0.0000}+G4{1.1053}
YJR025C,LG+I+G4,0.1659,0.7657,,LG+I{0.1659}+G4{0.7657}
YOL006C,LG+I+G4,0.1875,0.7125,,LG+I{0.1875}+G4{0.7125}
YGR193C,LG+I+G4,0.1551,1.1266,,LG+I{0.1551}+G4{1.1266}
YKL184W,LG+I+G4,0.1199,0.9564,,LG+I{0.1199}+G4{0.9564}
YGL175C,LG+I+G4,0.0000,1.7544,,LG+I{0.0000}+G4{1.7544}
YML086C,LG+I+G4,0.0991,0.7664,,LG+I{0.0991}+G4{0.7664}
YGR256W,LG+I+G4,0.3974,0.5892,,LG+I{0.3974}+G4{0.5892}
YHR088W,LG+I+G4,0.1617,1.0445,,LG+I{0.1617}+G4{1.0445}
YNR029C,LG+I+G4,0.1588,0.7799,,LG+I{0.1588}+G4{0.7799}
YDR386W,LG+I+G4,0.0000,2.3822,,LG+I{0.0000}+G4{2.3822}
YGL212W,LG+I+G4,0.0506,1.3505,,LG+I{0.0506}+G4{1.3505}
YBL087C,LG+I+R3,0.0000,,"(0.8030,0.2079) (0.1513,3.0249) (0.0458,8.2010)","LG+I{0.0000}+R3{0.8030,0.2079,0.1513,3.0249,0.0458,8.2010}"
YDR294C,LG+I+G4,0.1453,0.7400,,LG+I{0.1453}+G4{0.7400}
YGR037C,LG+F+I+G4,0.0600,1.0236,,LG+F+I{0.0600}+G4{1.0236}
YKL181W,JTT+G4,,0.8162,,JTT+G4{0.8162}
YPL252C,LG+I+G4,0.2403,0.9020,,LG+I{0.2403}+G4{0.9020}
YBR172C,LG+I+G4,0.0000,0.8260,,LG+I{0.0000}+G4{0.8260}
YBR142W,LG+I+G4,0.0000,1.3501,,LG+I{0.0000}+G4{1.3501}
YMR108W,LG+I+G4,0.4088,0.7663,,LG+I{0.4088}+G4{0.7663}
YKR085C,LG+F+I+G4,0.0075,1.4428,,LG+F+I{0.0075}+G4{1.4428}
YDL165W,LG+I+G4,0.0619,0.8694,,LG+I{0.0619}+G4{0.8694}
YDR538W,LG+I+G4,0.0057,0.6605,,LG+I{0.0057}+G4{0.6605}
YNL137C,LG+I+G4,0.1611,1.1140,,LG+I{0.1611}+G4{1.1140}
YFL041W,LG+I+R2,0.0234,,"(0.8382,0.3206) (0.1383,5.2865)","LG+I{0.0234}+R2{0.8382,0.3206,0.1383,5.2865}"
YFR009W,LG+I+G4,0.2480,0.8025,,LG+I{0.2480}+G4{0.8025}
YMR220W,LG+I+G4,0.1961,0.7323,,LG+I{0.1961}+G4{0.7323}
YEL061C,LG+F+I,0.0000,,,LG+F+I{0.0000}
YCR088W,LG+I+R4,0.0000,,"(0.2098,0.1894) (0.3348,0.4996) (0.3269,1.3775) (0.1285,2.6662)","LG+I{0.0000}+R4{0.2098,0.1894,0.3348,0.4996,0.3269,1.3775,0.1285,2.6662}"
YDL100C,LG+I+R4,0.0000,,"(0.3908,0.2795) (0.2865,0.7045) (0.2103,1.5653) (0.1124,3.2018)","LG+I{0.0000}+R4{0.3908,0.2795,0.2865,0.7045,0.2103,1.5653,0.1124,3.2018}"
YNL286W,LG+I+G4,0.0209,1.0322,,LG+I{0.0209}+G4{1.0322}
YHR137W,LG+F+I+R4,0.0000,,"(0.1628,0.2794) (0.4271,0.6434) (0.2967,1.2450) (0.1135,2.7351)","LG+F+I{0.0000}+R4{0.1628,0.2794,0.4271,0.6434,0.2967,1.2450,0.1135,2.7351}"
YGR211W,LG+I+G4,0.1766,1.0133,,LG+I{0.1766}+G4{1.0133}
YJR099W,LG+I+G4,0.0751,1.0485,,LG+I{0.0751}+G4{1.0485}
YKL195W,LG+I+G4,0.0000,0.6259,,LG+I{0.0000}+G4{0.6259}
YPR067W,LG+I+G4,0.1526,0.9858,,LG+I{0.1526}+G4{0.9858}
YPL091W,LG+F+I+G4,0.0000,1.3245,,LG+F+I{0.0000}+G4{1.3245}
YBL074C,LG+I+G4,0.0084,1.3239,,LG+I{0.0084}+G4{1.3239}
YOR367W,LG+I+G4,0.0720,0.8992,,LG+I{0.0720}+G4{0.8992}
YML036W,LG+F+I+G4,0.0000,1.3550,,LG+F+I{0.0000}+G4{1.3550}
YIL030C,LG+I+G4,0.0000,0.8532,,LG+I{0.0000}+G4{0.8532}
YOR151C,LG+I+G4,0.1789,0.6984,,LG+I{0.1789}+G4{0.6984}
YLR209C,LG+I+R4,0.0000,,"(0.4054,0.1019) (0.2701,0.6989) (0.1775,1.6042) (0.1470,3.3001)","LG+I{0.0000}+R4{0.4054,0.1019,0.2701,0.6989,0.1775,1.6042,0.1470,3.3001}"
YBR039W,LG+I+G4,0.0000,1.1846,,LG+I{0.0000}+G4{1.1846}
YER091C,LG+F+I+G4,0.2861,1.0724,,LG+F+I{0.2861}+G4{1.0724}
YKR009C,LG+I+G4,0.1606,0.8255,,LG+I{0.1606}+G4{0.8255}
YAL036C,LG+I+G4,0.1141,0.5035,,LG+I{0.1141}+G4{0.5035}
YGL078C,LG+I+G4,0.2347,0.8046,,LG+I{0.2347}+G4{0.8046}
YOR361C,LG+I+G4,0.0000,5.2462,,LG+I{0.0000}+G4{5.2462}
YFL028C,LG+I+G4,0.1278,0.9138,,LG+I{0.1278}+G4{0.9138}
YHR075C,LG+I+G4,0.0795,0.8117,,LG+I{0.0795}+G4{0.8117}
YNL220W,LG+I+R4,0.0058,,"(0.4748,0.1279) (0.1901,0.5197) (0.1575,1.4888) (0.1718,3.5270)","LG+I{0.0058}+R4{0.4748,0.1279,0.1901,0.5197,0.1575,1.4888,0.1718,3.5270}"
YML126C,LG+I+G4,0.0978,0.7610,,LG+I{0.0978}+G4{0.7610}
YIL149C,LG+I+G4,0.0104,1.1615,,LG+I{0.0104}+G4{1.1615}
YER043C,LG+I+G4,0.3953,0.5527,,LG+I{0.3953}+G4{0.5527}
YKL196C,LG+I+G4,0.0360,0.7515,,LG+I{0.0360}+G4{0.7515}
YMR006C,LG+I+R4,0.0000,,"(0.2690,0.1676) (0.3512,0.6110) (0.2782,1.4600) (0.1016,3.2883)","LG+I{0.0000}+R4{0.2690,0.1676,0.3512,0.6110,0.2782,1.4600,0.1016,3.2883}"
YKL078W,LG+I+R4,0.0000,,"(0.1346,0.1022) (0.3195,0.4928) (0.3568,1.1310) (0.1890,2.2493)","LG+I{0.0000}+R4{0.1346,0.1022,0.3195,0.4928,0.3568,1.1310,0.1890,2.2493}"
YOR168W,LG+I+G4,0.2720,0.6151,,LG+I{0.2720}+G4{0.6151}
YBR049C,LG+I+G4,0.0512,1.2810,,LG+I{0.0512}+G4{1.2810}
YBL105C,LG+I+G4,0.0558,2.3491,,LG+I{0.0558}+G4{2.3491}
YPL245W,LG+I+G4,0.1203,0.7269,,LG+I{0.1203}+G4{0.7269}
YKL151C,LG+I+G4,0.0571,0.8467,,LG+I{0.0571}+G4{0.8467}
YML114C,LG+I+G4,0.0000,1.1456,,LG+I{0.0000}+G4{1.1456}
YNR058W,LG+I+G4,0.0293,1.3871,,LG+I{0.0293}+G4{1.3871}
YKL192C,LG+I+G4,0.1001,1.1585,,LG+I{0.1001}+G4{1.1585}
YDL007W,LG+I+G4,0.1395,1.0921,,LG+I{0.1395}+G4{1.0921}
YHL021C,LG+I+G4,0.0127,0.9459,,LG+I{0.0127}+G4{0.9459}
YPR070W,LG+I+R4,0.0000,,"(0.5526,0.0957) (0.3086,0.9705) (0.1124,2.8798) (0.0264,12.2733)","LG+I{0.0000}+R4{0.5526,0.0957,0.3086,0.9705,0.1124,2.8798,0.0264,12.2733}"
YIL031W,LG+I+R4,0.0089,,"(0.1524,0.1160) (0.1566,0.3125) (0.2326,0.6525) (0.4496,1.7385)","LG+I{0.0089}+R4{0.1524,0.1160,0.1566,0.3125,0.2326,0.6525,0.4496,1.7385}"
YDR111C,LG+I+G4,0.1654,0.9019,,LG+I{0.1654}+G4{0.9019}
YBR054W,LG+F+I+R4,0.0104,,"(0.1201,0.0771) (0.2530,0.3863) (0.3153,0.9525) (0.3012,1.9680)","LG+F+I{0.0104}+R4{0.1201,0.0771,0.2530,0.3863,0.3153,0.9525,0.3012,1.9680}"
YER142C,LG+I+G4,0.0722,1.1701,,LG+I{0.0722}+G4{1.1701}
YLR423C,LG+F+I+R4,0.0031,,"(0.1091,0.1182) (0.1263,0.3464) (0.2961,0.7882) (0.4655,1.5253)","LG+F+I{0.0031}+R4{0.1091,0.1182,0.1263,0.3464,0.2961,0.7882,0.4655,1.5253}"
YBR274W,LG+I+G4,0.0946,0.9859,,LG+I{0.0946}+G4{0.9859}
YOR330C,LG+I+G4,0.0716,1.0405,,LG+I{0.0716}+G4{1.0405}
YHR073W,LG+I+G4,0.0916,1.1266,,LG+I{0.0916}+G4{1.1266}
YLR069C,LG+I+G4,0.4397,0.7593,,LG+I{0.4397}+G4{0.7593}
YGR203W,LG+I+R4,0.0110,,"(0.1006,0.0805) (0.2839,0.3962) (0.3194,1.0291) (0.2852,1.9312)","LG+I{0.0110}+R4{0.1006,0.0805,0.2839,0.3962,0.3194,1.0291,0.2852,1.9312}"
YDR020C,LG+I+R4,0.0079,,"(0.1260,0.1060) (0.4209,0.4635) (0.1196,1.2336) (0.3256,1.9780)","LG+I{0.0079}+R4{0.1260,0.1060,0.4209,0.4635,0.1196,1.2336,0.3256,1.9780}"
YER155C,LG+I+R4,0.0000,,"(0.2030,0.1438) (0.3687,0.3934) (0.2433,1.0706) (0.1850,3.0553)","LG+I{0.0000}+R4{0.2030,0.1438,0.3687,0.3934,0.2433,1.0706,0.1850,3.0553}"
YLR106C,LG+I+G4,0.1572,1.1236,,LG+I{0.1572}+G4{1.1236}
YGL018C,LG+I+G4,0.1247,0.6517,,LG+I{0.1247}+G4{0.6517}
YER087W,LG+I+G4,0.1117,1.1191,,LG+I{0.1117}+G4{1.1191}
YGR281W,LG+I+G4,0.0743,0.8341,,LG+I{0.0743}+G4{0.8341}
YJL012C,LG+I+R4,0.0006,,"(0.7299,0.1726) (0.1768,1.7819) (0.0695,4.6413) (0.0232,10.1832)","LG+I{0.0006}+R4{0.7299,0.1726,0.1768,1.7819,0.0695,4.6413,0.0232,10.1832}"
YPR172W,LG+I+G4,0.0966,1.0663,,LG+I{0.0966}+G4{1.0663}
YNL247W,LG+F+I+G4,0.2055,0.7123,,LG+F+I{0.2055}+G4{0.7123}
YFR028C,LG+I+G4,0.1612,0.6636,,LG+I{0.1612}+G4{0.6636}
YDR047W,LG+I+G4,0.1726,0.7322,,LG+I{0.1726}+G4{0.7322}
YGR030C,LG+I+G4,0.0000,2.0376,,LG+I{0.0000}+G4{2.0376}
YBL018C,LG+I+G4,0.0000,1.6279,,LG+I{0.0000}+G4{1.6279}
YBL078C,LG+I+R4,0.0000,,"(0.3534,0.1157) (0.4079,0.5224) (0.1570,1.6838) (0.0817,5.8951)","LG+I{0.0000}+R4{0.3534,0.1157,0.4079,0.5224,0.1570,1.6838,0.0817,5.8951}"
YMR213W,LG+I+G4,0.1954,1.1305,,LG+I{0.1954}+G4{1.1305}
YCR059C,LG+I+G4,0.0000,1.2841,,LG+I{0.0000}+G4{1.2841}
YLR191W,LG+I+G4,0.0585,1.3184,,LG+I{0.0585}+G4{1.3184}
YBR031W,LG+I+G4,0.0883,1.1329,,LG+I{0.0883}+G4{1.1329}
YDR312W,LG+I+R4,0.0163,,"(0.2910,0.1073) (0.2877,0.5521) (0.2377,1.3701) (0.1673,2.8940)","LG+I{0.0163}+R4{0.2910,0.1073,0.2877,0.5521,0.2377,1.3701,0.1673,2.8940}"
YDR371W,LG+I+G4,0.0052,1.3590,,LG+I{0.0052}+G4{1.3590}
YJR046W,LG+I+R4,0.0000,,"(0.1028,0.1495) (0.3003,0.5276) (0.4556,1.0726) (0.1414,2.3878)","LG+I{0.0000}+R4{0.1028,0.1495,0.3003,0.5276,0.4556,1.0726,0.1414,2.3878}"
YOR239W,LG+I+G4,0.1617,0.9160,,LG+I{0.1617}+G4{0.9160}
YIR027C,LG+I+G4,0.1755,0.8090,,LG+I{0.1755}+G4{0.8090}
YDR321W,LG+I+G4,0.0000,1.1636,,LG+I{0.0000}+G4{1.1636}
YKL003C,LG+I+G4,0.0435,1.0840,,LG+I{0.0435}+G4{1.0840}
YMR162C,LG+I+G4,0.1808,0.7576,,LG+I{0.1808}+G4{0.7576}
YJL092W,LG+F+I+R4,0.0000,,"(0.1705,0.0965) (0.2637,0.3918) (0.2773,1.0053) (0.2886,2.0844)","LG+F+I{0.0000}+R4{0.1705,0.0965,0.2637,0.3918,0.2773,1.0053,0.2886,2.0844}"
YGL079W,LG+F+I+G4,0.0000,0.7932,,LG+F+I{0.0000}+G4{0.7932}
YOR274W,LG+I+G4,0.0859,0.9017,,LG+I{0.0859}+G4{0.9017}
YER176W,LG+I+G4,0.0000,0.9814,,LG+I{0.0000}+G4{0.9814}
YDR453C,LG+I+R4,0.0000,,"(0.5196,0.1347) (0.2226,0.7288) (0.2037,2.3770) (0.0541,5.2403)","LG+I{0.0000}+R4{0.5196,0.1347,0.2226,0.7288,0.2037,2.3770,0.0541,5.2403}"
YBR185C,LG+F+I+R4,0.0000,,"(0.1303,0.1353) (0.2205,0.4268) (0.4146,1.0681) (0.2346,1.8986)","LG+F+I{0.0000}+R4{0.1303,0.1353,0.2205,0.4268,0.4146,1.0681,0.2346,1.8986}"
YOR211C,LG+I+R4,0.0000,,"(0.5196,0.0646) (0.1633,0.6551) (0.2649,1.9910) (0.0523,6.3534)","LG+I{0.0000}+R4{0.5196,0.0646,0.1633,0.6551,0.2649,1.9910,0.0523,6.3534}"
YDR237W,LG+I+G4,0.0000,1.2600,,LG+I{0.0000}+G4{1.2600}
YDR023W,LG+I+G4,0.1203,0.9986,,LG+I{0.1203}+G4{0.9986}
YLR059C,LG+I+G4,0.0468,0.7085,,LG+I{0.0468}+G4{0.7085}
YER068W,LG+I+G4,0.0855,0.5827,,LG+I{0.0855}+G4{0.5827}
YNL155W,LG+I+R3,0.0000,,"(0.6083,0.0848) (0.1220,1.0224) (0.2698,3.0532)","LG+I{0.0000}+R3{0.6083,0.0848,0.1220,1.0224,0.2698,3.0532}"
YMR230W,LG+I+G4,0.2431,1.3342,,LG+I{0.2431}+G4{1.3342}
YCR063W,LG+I+G4,0.0312,1.0958,,LG+I{0.0312}+G4{1.0958}
YLR249W,LG+I+G4,0.0438,1.1638,,LG+I{0.0438}+G4{1.1638}
YDR481C,LG+I+G4,0.0554,0.8016,,LG+I{0.0554}+G4{0.8016}
YLR299W,LG+I+R4,0.0006,,"(0.2059,0.1325) (0.3402,0.5372) (0.2798,1.3559) (0.1737,2.3647)","LG+I{0.0006}+R4{0.2059,0.1325,0.3402,0.5372,0.2798,1.3559,0.1737,2.3647}"
YMR198W,LG+F+I+G4,0.0000,1.6707,,LG+F+I{0.0000}+G4{1.6707}
YIL116W,LG+F+I+G4,0.0651,0.7202,,LG+F+I{0.0651}+G4{0.7202}
YBR194W,LG+I+G4,0.1034,2.0610,,LG+I{0.1034}+G4{2.0610}
YOL098C,LG+F+I+R4,0.0046,,"(0.1364,0.0889) (0.3323,0.4315) (0.2731,1.0616) (0.2536,2.1869)","LG+F+I{0.0046}+R4{0.1364,0.0889,0.3323,0.4315,0.2731,1.0616,0.2536,2.1869}"
YDL218W,LG+F+I+G4,0.0124,1.6490,,LG+F+I{0.0124}+G4{1.6490}
YML010W,LG+I+G4,0.0570,1.0895,,LG+I{0.0570}+G4{1.0895}
YKL005C,LG+I+R3,0.0000,,"(0.4986,0.1148) (0.2972,0.9404) (0.2042,3.2476)","LG+I{0.0000}+R3{0.4986,0.1148,0.2972,0.9404,0.2042,3.2476}"
YJL105W,LG+I+G4,0.2342,1.1218,,LG+I{0.2342}+G4{1.1218}
YNR037C,LG+I+G4,0.0467,0.9877,,LG+I{0.0467}+G4{0.9877}
YIL091C,LG+I+G4,0.0639,1.2274,,LG+I{0.0639}+G4{1.2274}
YGL011C,LG+I+G4,0.0904,1.0540,,LG+I{0.0904}+G4{1.0540}
YDL097C,LG+I+G4,0.0000,0.4728,,LG+I{0.0000}+G4{0.4728}
Q0085,JTT+F+G4,,1.8169,,JTT+F+G4{1.8169}
YDR067C,LG+I+G4,0.0128,1.1890,,LG+I{0.0128}+G4{1.1890}
YMR183C,LG+F+I+G4,0.0000,1.6231,,LG+F+I{0.0000}+G4{1.6231}
YLR318W,LG+F+I+G4,0.0000,1.4409,,LG+F+I{0.0000}+G4{1.4409}
YBR018C,LG+I+R4,0.0012,,"(0.5201,0.1260) (0.1477,0.8038) (0.2672,1.7867) (0.0638,5.3056)","LG+I{0.0012}+R4{0.5201,0.1260,0.1477,0.8038,0.2672,1.7867,0.0638,5.3056}"
YLR271W,LG+I+G4,0.0960,1.1730,,LG+I{0.0960}+G4{1.1730}
YBR076W,LG+I+G4,0.0147,1.2002,,LG+I{0.0147}+G4{1.2002}
YHR186C,LG+I+G4,0.1566,0.8680,,LG+I{0.1566}+G4{0.8680}
YGR191W,LG+I+R3,0.0000,,"(0.7845,0.3305) (0.1893,2.6549) (0.0262,9.0845)","LG+I{0.0000}+R3{0.7845,0.3305,0.1893,2.6549,0.0262,9.0845}"
YDL164C,LG+I+G4,0.2096,0.8104,,LG+I{0.2096}+G4{0.8104}
YBR133C,LG+I+R4,0.0000,,"(0.0835,0.2426) (0.4890,0.5675) (0.2797,1.1061) (0.1478,2.6578)","LG+I{0.0000}+R4{0.0835,0.2426,0.4890,0.5675,0.2797,1.1061,0.1478,2.6578}"
YPR095C,LG+I+G4,0.0657,1.0548,,LG+I{0.0657}+G4{1.0548}
YDL004W,LG+I+G4,0.0989,1.1963,,LG+I{0.0989}+G4{1.1963}
YCL052C,LG+F+I+R4,0.0085,,"(0.0860,0.0345) (0.1355,0.2299) (0.4202,0.7728) (0.3498,1.8329)","LG+F+I{0.0085}+R4{0.0860,0.0345,0.1355,0.2299,0.4202,0.7728,0.3498,1.8329}"
YOL005C,LG+I+G4,0.1873,1.0386,,LG+I{0.1873}+G4{1.0386}
YDR286C,LG+I+G4,0.0000,0.9408,,LG+I{0.0000}+G4{0.9408}
YGR128C,LG+F+I+R4,0.0000,,"(0.0584,0.1000) (0.3048,0.4223) (0.2955,0.8955) (0.3414,1.7601)","LG+F+I{0.0000}+R4{0.0584,0.1000,0.3048,0.4223,0.2955,0.8955,0.3414,1.7601}"
YKL146W,LG+F+I+G4,0.0742,0.7798,,LG+F+I{0.0742}+G4{0.7798}
YNL118C,LG+I+G4,0.0586,0.8755,,LG+I{0.0586}+G4{0.8755}
YNL206C,LG+I+G4,0.0000,2.7461,,LG+I{0.0000}+G4{2.7461}
YOR188W,LG+F+I+R4,0.0005,,"(0.2236,0.2064) (0.3062,0.5578) (0.2737,1.1784) (0.1960,2.3500)","LG+F+I{0.0005}+R4{0.2236,0.2064,0.3062,0.5578,0.2737,1.1784,0.1960,2.3500}"
YBL089W,LG+F+I+G4,0.0462,0.8707,,LG+F+I{0.0462}+G4{0.8707}
YDL066W,LG+I+G4,0.2433,0.6116,,LG+I{0.2433}+G4{0.6116}
YBR035C,LG+I+G4,0.0028,0.7242,,LG+I{0.0028}+G4{0.7242}
YER078C,LG+I+G4,0.0925,1.1960,,LG+I{0.0925}+G4{1.1960}
YNL082W,LG+I+G4,0.1463,0.8959,,LG+I{0.1463}+G4{0.8959}
YMR283C,LG+F+I+G4,0.0889,0.8441,,LG+F+I{0.0889}+G4{0.8441}
YPL209C,LG+I+G4,0.0100,1.0831,,LG+I{0.0100}+G4{1.0831}
YMR176W,JTT+R2,,,"(0.7191,0.2372) (0.2809,2.9527)","JTT+R2{0.7191,0.2372,0.2809,2.9527}"
YOR148C,LG+I+G4,0.0600,0.7391,,LG+I{0.0600}+G4{0.7391}
YER161C,JTT+I+G4,0.0434,1.6703,,JTT+I{0.0434}+G4{1.6703}
YKL092C,LG+I+G4,0.0000,1.1113,,LG+I{0.0000}+G4{1.1113}
YHR026W,LG+I+G4,0.0710,0.5250,,LG+I{0.0710}+G4{0.5250}
YCR073C,LG+I+G4,0.1513,0.8201,,LG+I{0.1513}+G4{0.8201}
YPL217C,LG+I+G4,0.1711,1.3187,,LG+I{0.1711}+G4{1.3187}
YDL208W,LG+I+G4,0.1482,0.4208,,LG+I{0.1482}+G4{0.4208}
YNL241C,LG+I+G4,0.1709,0.9035,,LG+I{0.1709}+G4{0.9035}
YDR272W,LG+I+G4,0.0293,1.0269,,LG+I{0.0293}+G4{1.0269}
YEL012W,LG+I+R4,0.0031,,"(0.4936,0.1025) (0.2522,0.6955) (0.1694,2.1683) (0.0817,4.9773)","LG+I{0.0031}+R4{0.4936,0.1025,0.2522,0.6955,0.1694,2.1683,0.0817,4.9773}"
YLL057C,LG+I+R4,0.0010,,"(0.1818,0.1160) (0.2541,0.4662) (0.3107,1.0106) (0.2524,2.1649)","LG+I{0.0010}+R4{0.1818,0.1160,0.2541,0.4662,0.3107,1.0106,0.2524,2.1649}"
YBL054W,LG+I+G4,0.0000,0.7303,,LG+I{0.0000}+G4{0.7303}
YPL086C,LG+I+G4,0.1533,0.6834,,LG+I{0.1533}+G4{0.6834}
YER042W,LG+I+R4,0.0000,,"(0.3144,0.1057) (0.3562,0.6635) (0.2438,1.6627) (0.0855,3.8000)","LG+I{0.0000}+R4{0.3144,0.1057,0.3562,0.6635,0.2438,1.6627,0.0855,3.8000}"
YPL210C,LG+I+G4,0.1239,1.0128,,LG+I{0.1239}+G4{1.0128}
YPR049C,LG+F+I+R4,0.0010,,"(0.1002,0.2141) (0.2961,0.5676) (0.2917,0.9615) (0.3110,1.7040)","LG+F+I{0.0010}+R4{0.1002,0.2141,0.2961,0.5676,0.2917,0.9615,0.3110,1.7040}"
YOL146W,LG+I+G4,0.0000,1.0825,,LG+I{0.0000}+G4{1.0825}
YDR096W,LG+I+G4,0.0536,0.6029,,LG+I{0.0536}+G4{0.6029}
YAL019W,LG+I+G4,0.2156,0.6483,,LG+I{0.2156}+G4{0.6483}
YPL203W,LG+I+R4,0.0000,,"(0.5167,0.1161) (0.2442,0.6235) (0.1758,2.0062) (0.0632,6.8817)","LG+I{0.0000}+R4{0.5167,0.1161,0.2442,0.6235,0.1758,2.0062,0.0632,6.8817}"
YHR025W,LG+I+G4,0.1382,0.6602,,LG+I{0.1382}+G4{0.6602}
YGL009C,LG+I+G4,0.1199,0.8003,,LG+I{0.1199}+G4{0.8003}
YOR145C,LG+I+G4,0.0671,0.7387,,LG+I{0.0671}+G4{0.7387}
YPL007C,LG+I+G4,0.0000,1.3280,,LG+I{0.0000}+G4{1.3280}
YNL262W,LG+I+G4,0.1029,0.5889,,LG+I{0.1029}+G4{0.5889}
YIL042C,LG+I+G4,0.0823,1.1243,,LG+I{0.0823}+G4{1.1243}
YNL032W,LG+I+G4,0.2008,0.8097,,LG+I{0.2008}+G4{0.8097}
YDR288W,LG+I+G4,0.0000,1.7496,,LG+I{0.0000}+G4{1.7496}
YNR032C-A,LG+I+G4,0.0005,0.8431,,LG+I{0.0005}+G4{0.8431}
YHR205W,LG+I+G4,0.0384,1.1224,,LG+I{0.0384}+G4{1.1224}
YOR380W,LG+I+G4,0.0000,0.6634,,LG+I{0.0000}+G4{0.6634}
YCR081W,LG+I+G4,0.0000,0.9382,,LG+I{0.0000}+G4{0.9382}
YMR036C,LG+I+R4,0.0006,,"(0.4077,0.0899) (0.2367,0.5689) (0.1875,1.4595) (0.1674,3.3146)","LG+I{0.0006}+R4{0.4077,0.0899,0.2367,0.5689,0.1875,1.4595,0.1674,3.3146}"
YMR132C,LG+I+R4,0.0066,,"(0.2544,0.1157) (0.3533,0.5923) (0.3037,1.5112) (0.0821,3.6841)","LG+I{0.0066}+R4{0.2544,0.1157,0.3533,0.5923,0.3037,1.5112,0.0821,3.6841}"
YGR024C,LG+I+G4,0.1958,0.8365,,LG+I{0.1958}+G4{0.8365}
YDL146W,LG+I+G4,0.0649,1.0309,,LG+I{0.0649}+G4{1.0309}
YJR113C,LG+I+G4,0.0000,1.0447,,LG+I{0.0000}+G4{1.0447}
YPR091C,LG+F+I+G4,0.0000,2.2634,,LG+F+I{0.0000}+G4{2.2634}
YML109W,LG+I+R3,0.0000,,"(0.5971,0.1536) (0.3216,1.6038) (0.0813,4.8273)","LG+I{0.0000}+R3{0.5971,0.1536,0.3216,1.6038,0.0813,4.8273}"
YHR121W,LG+I+G4,0.0000,1.7075,,LG+I{0.0000}+G4{1.7075}
YMR222C,LG+I+R4,0.0078,,"(0.1445,0.1374) (0.2931,0.5162) (0.2606,1.0370) (0.2940,1.8997)","LG+I{0.0078}+R4{0.1445,0.1374,0.2931,0.5162,0.2606,1.0370,0.2940,1.8997}"
YKR092C,LG+I+G4,0.1757,0.6290,,LG+I{0.1757}+G4{0.6290}
YDR214W,LG+F+I+G4,0.0000,1.0428,,LG+F+I{0.0000}+G4{1.0428}
YKL091C,LG+I+G4,0.4110,1.0688,,LG+I{0.4110}+G4{1.0688}
YER173W,LG+I+G4,0.0000,1.2642,,LG+I{0.0000}+G4{1.2642}
YKR002W,LG+I+G4,0.0790,0.8309,,LG+I{0.0790}+G4{0.8309}
YMR009W,LG+I+G4,0.1170,1.1311,,LG+I{0.1170}+G4{1.1311}
YNL036W,LG+I+G4,0.0536,1.0767,,LG+I{0.0536}+G4{1.0767}
YPL204W,LG+I+G4,0.2827,0.9089,,LG+I{0.2827}+G4{0.9089}
YFL055W,LG+I+R4,0.0000,,"(0.1707,0.2217) (0.2277,0.5868) (0.3993,1.1001) (0.2022,1.9245)","LG+I{0.0000}+R4{0.1707,0.2217,0.2277,0.5868,0.3993,1.1001,0.2022,1.9245}"
YHR038W,LG+I+G4,0.0000,1.6914,,LG+I{0.0000}+G4{1.6914}
YBL003C,LG+I+R2,0.0000,,"(0.6793,0.2161) (0.3207,2.6603)","LG+I{0.0000}+R2{0.6793,0.2161,0.3207,2.6603}"
YOL012C,LG+I+G4,0.1257,0.6296,,LG+I{0.1257}+G4{0.6296}
YHR007C,LG+I+R4,0.0010,,"(0.4016,0.1877) (0.3042,0.7187) (0.1572,1.6169) (0.1360,3.3229)","LG+I{0.0010}+R4{0.4016,0.1877,0.3042,0.7187,0.1572,1.6169,0.1360,3.3229}"
YKL174C,LG+F+I+R4,0.0010,,"(0.1891,0.1848) (0.3264,0.5098) (0.2851,1.0937) (0.1984,2.4539)","LG+F+I{0.0010}+R4{0.1891,0.1848,0.3264,0.5098,0.2851,1.0937,0.1984,2.4539}"
YCR017C,LG+F+I+G4,0.0000,1.3565,,LG+F+I{0.0000}+G4{1.3565}
YJR119C,LG+I+G4,0.0000,1.3038,,LG+I{0.0000}+G4{1.3038}
YKR039W,LG+F+I+G4,0.0832,0.8342,,LG+F+I{0.0832}+G4{0.8342}
YIL015W,LG+F+I+R4,0.0000,,"(0.0914,0.1138) (0.2297,0.3964) (0.3329,0.8850) (0.3460,1.7455)","LG+F+I{0.0000}+R4{0.0914,0.1138,0.2297,0.3964,0.3329,0.8850,0.3460,1.7455}"
YOR348C,LG+F+I+R4,0.0004,,"(0.1622,0.1692) (0.3274,0.5114) (0.3156,1.0521) (0.1943,2.4346)","LG+F+I{0.0004}+R4{0.1622,0.1692,0.3274,0.5114,0.3156,1.0521,0.1943,2.4346}"
YBR068C,LG+F+I+G4,0.0062,1.1432,,LG+F+I{0.0062}+G4{1.1432}
YDR160W,LG+F+I+R4,0.0024,,"(0.2461,0.2198) (0.3128,0.5731) (0.2475,1.0878) (0.1912,2.6014)","LG+F+I{0.0024}+R4{0.2461,0.2198,0.3128,0.5731,0.2475,1.0878,0.1912,2.6014}"
YLL061W,LG+F+I+R4,0.0172,,"(0.2037,0.0787) (0.4023,0.4847) (0.2544,1.3619) (0.1226,3.6113)","LG+F+I{0.0172}+R4{0.2037,0.0787,0.4023,0.4847,0.2544,1.3619,0.1226,3.6113}"
YHR052W,LG+F+I+G4,0.0000,3.4343,,LG+F+I{0.0000}+G4{3.4343}
YBR159W,LG+I+G4,0.0000,0.6726,,LG+I{0.0000}+G4{0.6726}
